step,wall_time,tau_rnea_Rotation,tau_rnea_Pitch,tau_rnea_Elbow,tau_rnea_Wrist_Pitch,tau_rnea_Wrist_Roll,tau_rnea_Jaw,load_Rotation,load_Pitch,load_Elbow,load_Wrist_Pitch,load_Wrist_Roll,load_Jaw,current_Rotation,current_Pitch,current_Elbow,current_Wrist_Pitch,current_Wrist_Roll,current_Jaw
0,1785849399.6523,-0.00075,0.04973,-0.36766,-0.03156,0.00067,-0.00052,-52.0,-20.0,0.0,-96.0,0.0,24.0,1.0,0.0,0.0,4.0,0.0,0.0
1,1785849401.2377,-0.00087,0.05005,-0.36629,-0.03062,0.00062,-0.00053,0.0,0.0,0.0,0.0,0.0,0.0,0.0,0.0,0.0,0.0,0.0,0.0
2,1785849401.5405,-0.00100,0.05019,-0.36513,-0.02987,0.00057,-0.00053,0.0,0.0,0.0,20.0,0.0,0.0,0.0,0.0,0.0,0.0,0.0,0.0
3,1785849401.5738,-0.00113,0.05032,-0.36400,-0.02913,0.00053,-0.00054,-80.0,24.0,-96.0,116.0,-96.0,40.0,2.0,0.0,3.0,3.0,3.0,0.0
4,1785849401.6073,-0.00128,0.05017,-0.36314,-0.02839,0.00048,-0.00054,-80.0,64.0,-92.0,128.0,-116.0,28.0,1.0,0.0,2.0,3.0,2.0,0.0
5,1785849401.6406,-0.00143,0.04921,-0.36309,-0.02838,0.00045,-0.00053,72.0,-72.0,32.0,136.0,52.0,36.0,3.0,1.0,1.0,2.0,1.0,0.0
6,1785849401.6741,-0.00117,0.04823,-0.36507,-0.02936,0.00046,-0.00053,172.0,-24.0,88.0,-72.0,68.0,40.0,4.0,0.0,1.0,2.0,0.0,1.0
7,1785849401.7074,-0.00009,0.04838,-0.36549,-0.02928,0.00043,-0.00052,-64.0,-80.0,-36.0,104.0,-56.0,36.0,2.0,2.0,1.0,4.0,0.0,1.0
8,1785849401.7407,0.00065,0.04668,-0.36627,-0.02958,0.00043,-0.00050,36.0,56.0,-120.0,76.0,72.0,0.0,0.0,1.0,3.0,1.0,2.0,0.0
9,1785849401.7743,0.00098,0.04601,-0.36533,-0.02983,0.00045,-0.00050,40.0,-44.0,32.0,-32.0,108.0,52.0,0.0,1.0,0.0,1.0,1.0,0.0
10,1785849401.8075,0.00167,0.04667,-0.36426,-0.03008,0.00046,-0.00050,-92.0,-124.0,112.0,0.0,-84.0,0.0,3.0,2.0,1.0,0.0,2.0,0.0
11,1785849401.8409,0.00126,0.04707,-0.36434,-0.02976,0.00046,-0.00050,-32.0,48.0,64.0,-44.0,-32.0,32.0,0.0,1.0,1.0,0.0,0.0,0.0
12,1785849401.8743,-0.00024,0.04798,-0.36321,-0.02907,0.00047,-0.00053,80.0,144.0,-32.0,60.0,76.0,-20.0,3.0,4.0,1.0,1.0,1.0,0.0
13,1785849401.9077,-0.00045,0.04695,-0.36301,-0.03180,0.00051,-0.00052,24.0,-100.0,-40.0,44.0,-40.0,-20.0,0.0,4.0,0.0,0.0,0.0,0.0
14,1785849401.9411,-0.00038,0.04633,-0.36118,-0.03180,0.00047,-0.00052,-64.0,-112.0,100.0,-60.0,-48.0,-20.0,0.0,2.0,4.0,1.0,0.0,0.0
15,1785849401.9744,-0.00067,0.04737,-0.36028,-0.02959,0.00042,-0.00053,44.0,-36.0,68.0,60.0,20.0,-32.0,1.0,0.0,0.0,1.0,0.0,0.0
16,1785849402.0078,-0.00111,0.04728,-0.36430,-0.03029,0.00046,-0.00055,-36.0,-48.0,-44.0,28.0,92.0,24.0,0.0,0.0,1.0,1.0,1.0,0.0
17,1785849402.0413,-0.00208,0.04724,-0.37135,-0.03125,0.00053,-0.00058,20.0,20.0,-24.0,32.0,80.0,0.0,0.0,0.0,1.0,1.0,1.0,0.0
18,1785849402.0746,-0.00335,0.04662,-0.38119,-0.03254,0.00061,-0.00062,0.0,116.0,-108.0,32.0,96.0,44.0,0.0,2.0,3.0,1.0,1.0,1.0
19,1785849402.1081,-0.00310,0.04716,-0.38945,-0.03478,0.00071,-0.00064,60.0,-92.0,72.0,-48.0,104.0,-32.0,1.0,3.0,3.0,0.0,1.0,1.0
20,1785849402.1414,-0.00021,0.04928,-0.39336,-0.03496,0.00074,-0.00061,132.0,-108.0,188.0,40.0,-76.0,32.0,3.0,3.0,8.0,1.0,3.0,0.0
21,1785849402.1747,0.00224,0.04923,-0.39422,-0.03539,0.00077,-0.00057,104.0,-232.0,352.0,80.0,-48.0,40.0,1.0,8.0,24.0,2.0,0.0,1.0
22,1785849402.2082,0.00344,0.04836,-0.39007,-0.03531,0.00080,-0.00054,116.0,-332.0,392.0,44.0,32.0,-32.0,1.0,5.0,26.0,1.0,1.0,0.0
23,1785849402.2414,0.00558,0.04572,-0.38307,-0.03620,0.00078,-0.00048,-64.0,-340.0,328.0,200.0,-204.0,24.0,2.0,8.0,13.0,8.0,9.0,0.0
24,1785849402.2749,0.00744,0.03980,-0.37629,-0.03717,0.00072,-0.00040,-164.0,-288.0,324.0,160.0,-340.0,-32.0,4.0,3.0,16.0,2.0,11.0,0.0
25,1785849402.3083,0.00644,0.03402,-0.36993,-0.03660,0.00066,-0.00036,-56.0,-284.0,348.0,-60.0,-336.0,0.0,0.0,3.0,18.0,2.0,5.0,0.0
26,1785849402.3416,0.00344,0.03055,-0.36434,-0.03391,0.00059,-0.00037,-68.0,-328.0,348.0,-40.0,-296.0,0.0,1.0,7.0,16.0,0.0,2.0,0.0
27,1785849402.3751,0.00155,0.02635,-0.36031,-0.03060,0.00048,-0.00038,-172.0,-296.0,324.0,108.0,-264.0,-28.0,6.0,4.0,16.0,3.0,2.0,0.0
28,1785849402.4085,0.00023,0.01893,-0.36005,-0.02973,0.00042,-0.00038,-88.0,-280.0,344.0,164.0,-324.0,-40.0,0.0,2.0,19.0,3.0,7.0,1.0
29,1785849402.4418,-0.00106,0.00988,-0.36206,-0.03190,0.00046,-0.00034,60.0,-312.0,352.0,20.0,-196.0,24.0,2.0,5.0,20.0,0.0,0.0,0.0
30,1785849402.4753,-0.00267,0.00154,-0.36327,-0.03286,0.00046,-0.00033,-108.0,-300.0,320.0,-160.0,-112.0,-28.0,3.0,4.0,12.0,5.0,0.0,0.0
31,1785849402.5086,-0.00660,-0.00477,-0.36126,-0.03028,0.00046,-0.00039,-140.0,-300.0,320.0,-236.0,-276.0,24.0,2.0,3.0,12.0,4.0,9.0,0.0
32,1785849402.5421,-0.00911,-0.01065,-0.35579,-0.02605,0.00041,-0.00044,-40.0,-280.0,356.0,-80.0,-336.0,0.0,0.0,3.0,21.0,0.0,6.0,0.0
33,1785849402.5754,-0.00724,-0.02007,-0.34746,-0.02321,0.00022,-0.00039,52.0,-304.0,352.0,80.0,-204.0,-24.0,1.0,5.0,23.0,2.0,0.0,0.0
34,1785849402.6088,-0.00475,-0.03473,-0.33808,-0.02084,0.00003,-0.00035,200.0,-300.0,336.0,56.0,24.0,-36.0,7.0,3.0,16.0,0.0,1.0,0.0
35,1785849402.6423,-0.00409,-0.05347,-0.33233,-0.01711,-0.00009,-0.00039,232.0,-292.0,336.0,52.0,-60.0,24.0,4.0,2.0,14.0,2.0,1.0,0.0
36,1785849402.6755,-0.00044,-0.07382,-0.33396,-0.01385,-0.00015,-0.00038,24.0,-168.0,224.0,-20.0,20.0,0.0,0.0,0.0,6.0,0.0,0.0,0.0
37,1785849402.7089,0.00512,-0.08649,-0.34284,-0.01403,-0.00009,-0.00032,-140.0,36.0,28.0,-100.0,244.0,40.0,5.0,2.0,0.0,3.0,11.0,1.0
38,1785849402.7424,0.00851,-0.08126,-0.35376,-0.01650,0.00011,-0.00027,-48.0,228.0,-124.0,-116.0,248.0,-20.0,0.0,9.0,2.0,0.0,1.0,0.0
39,1785849402.7757,0.00989,-0.06330,-0.36261,-0.01864,0.00031,-0.00026,104.0,248.0,28.0,116.0,132.0,20.0,3.0,4.0,1.0,4.0,0.0,0.0
40,1785849402.8091,0.00998,-0.04881,-0.37597,-0.02567,0.00053,-0.00020,-24.0,136.0,148.0,92.0,-68.0,28.0,1.0,1.0,10.0,1.0,2.0,0.0
41,1785849402.8424,0.00749,-0.03895,-0.38483,-0.03245,0.00075,-0.00015,-56.0,-104.0,328.0,60.0,-252.0,24.0,1.0,3.0,26.0,1.0,11.0,0.0
42,1785849402.8758,0.00569,-0.03709,-0.38281,-0.03575,0.00082,-0.00010,-216.0,-296.0,364.0,20.0,-388.0,-20.0,9.0,12.0,17.0,0.0,10.0,0.0
43,1785849402.9092,0.00628,-0.04493,-0.36971,-0.03476,0.00069,-0.00007,-240.0,-336.0,320.0,-92.0,-296.0,0.0,5.0,5.0,11.0,2.0,3.0,0.0
44,1785849402.9426,0.00673,-0.05666,-0.35405,-0.02972,0.00046,-0.00011,-88.0,-284.0,328.0,-52.0,-292.0,0.0,0.0,2.0,17.0,0.0,4.0,0.0
45,1785849402.9762,0.00561,-0.07546,-0.34689,-0.02599,0.00031,-0.00015,76.0,-288.0,356.0,-40.0,-312.0,-24.0,2.0,1.0,20.0,0.0,5.0,0.0
46,1785849403.0094,0.00486,-0.09693,-0.34637,-0.02346,0.00022,-0.00017,-84.0,-304.0,324.0,-28.0,-284.0,-24.0,2.0,3.0,14.0,0.0,2.0,0.0
47,1785849403.0428,0.00568,-0.11331,-0.35208,-0.02407,0.00020,-0.00013,-168.0,-292.0,332.0,-32.0,-288.0,28.0,7.0,2.0,15.0,0.0,3.0,0.0
48,1785849403.0762,0.00731,-0.12992,-0.34893,-0.02246,0.00012,-0.00012,-284.0,-292.0,352.0,-68.0,-312.0,-20.0,11.0,1.0,14.0,1.0,7.0,0.0
49,1785849403.1096,0.00830,-0.14911,-0.34182,-0.01808,0.00001,-0.00019,-192.0,-292.0,320.0,-44.0,-308.0,-44.0,0.0,1.0,12.0,0.0,3.0,1.0
50,1785849403.1429,0.00669,-0.17025,-0.33813,-0.01381,-0.00002,-0.00030,-60.0,-276.0,344.0,-24.0,-296.0,-28.0,0.0,1.0,18.0,1.0,3.0,0.0
51,1785849403.1764,0.00217,-0.19154,-0.33703,-0.01039,0.00001,-0.00043,-40.0,-288.0,352.0,-24.0,-184.0,-32.0,0.0,1.0,18.0,0.0,0.0,0.0
52,1785849403.2913,-0.00021,-0.23333,-0.33367,-0.00513,0.00002,-0.00059,28.0,-40.0,160.0,0.0,-40.0,-28.0,0.0,0.0,10.0,0.0,0.0,0.0
53,1785849403.3245,0.00361,-0.23700,-0.33427,-0.00481,0.00001,-0.00059,-128.0,-128.0,220.0,-104.0,-128.0,28.0,6.0,3.0,14.0,3.0,3.0,0.0
54,1785849403.3579,0.01140,-0.24322,-0.33520,-0.00408,-0.00003,-0.00057,-260.0,-288.0,380.0,-288.0,-300.0,0.0,9.0,7.0,28.0,10.0,12.0,0.0
55,1785849403.3913,0.01773,-0.25362,-0.33217,-0.00096,-0.00009,-0.00063,-192.0,-320.0,336.0,-280.0,-328.0,0.0,5.0,1.0,9.0,1.0,6.0,0.0
56,1785849403.4247,0.01894,-0.26309,-0.32561,0.00294,-0.00009,-0.00072,-128.0,-268.0,304.0,-220.0,-300.0,-60.0,0.0,0.0,11.0,0.0,3.0,1.0
57,1785849403.4580,0.01765,-0.26836,-0.31735,0.00559,-0.00006,-0.00077,-188.0,-256.0,364.0,-148.0,-308.0,-52.0,4.0,0.0,22.0,0.0,6.0,0.0
58,1785849403.4914,0.00859,-0.29177,-0.31443,0.00923,-0.00004,-0.00084,-252.0,-288.0,348.0,-156.0,-292.0,0.0,5.0,0.0,16.0,2.0,3.0,0.0
59,1785849403.5248,-0.00047,-0.31397,-0.31344,0.01205,0.00001,-0.00091,-220.0,-284.0,312.0,-116.0,-280.0,20.0,7.0,0.0,10.0,0.0,3.0,0.0
60,1785849403.5582,-0.00355,-0.33178,-0.31050,0.01492,0.00002,-0.00098,-112.0,-288.0,332.0,-176.0,-320.0,0.0,0.0,0.0,17.0,3.0,6.0,0.0
61,1785849403.5916,-0.00420,-0.34685,-0.30551,0.01769,-0.00002,-0.00104,-80.0,-264.0,360.0,64.0,-300.0,0.0,0.0,0.0,23.0,3.0,4.0,0.0
62,1785849403.6250,-0.00544,-0.36380,-0.30214,0.01879,-0.00005,-0.00105,-160.0,-272.0,340.0,60.0,-280.0,-36.0,1.0,0.0,14.0,0.0,2.0,0.0
63,1785849403.6584,-0.00647,-0.38556,-0.30231,0.01909,-0.00008,-0.00107,-64.0,-272.0,320.0,36.0,-300.0,-52.0,0.0,0.0,11.0,0.0,5.0,1.0
64,1785849403.6918,-0.00316,-0.41131,-0.30167,0.02263,-0.00014,-0.00119,-96.0,-268.0,344.0,276.0,-228.0,24.0,2.0,0.0,16.0,19.0,0.0,0.0
65,1785849403.7252,-0.00012,-0.44452,-0.30425,0.02460,-0.00019,-0.00131,-160.0,-272.0,336.0,312.0,-124.0,-32.0,2.0,0.0,16.0,7.0,0.0,0.0
66,1785849403.7585,-0.00273,-0.48467,-0.31184,0.02401,-0.00017,-0.00134,-116.0,-264.0,328.0,180.0,-160.0,36.0,2.0,0.0,13.0,0.0,0.0,0.0
67,1785849403.7919,-0.00947,-0.52441,-0.32201,0.02385,-0.00012,-0.00137,-36.0,-212.0,328.0,136.0,-80.0,-20.0,0.0,0.0,13.0,2.0,0.0,0.0
68,1785849403.8254,-0.01584,-0.56089,-0.33428,0.02258,-0.00007,-0.00135,-68.0,-176.0,340.0,36.0,-68.0,-24.0,1.0,0.0,16.0,0.0,0.0,0.0
69,1785849403.8587,-0.01734,-0.58504,-0.34005,0.02246,-0.00004,-0.00136,36.0,-92.0,332.0,-56.0,36.0,24.0,2.0,0.0,14.0,1.0,1.0,0.0
70,1785849403.8921,-0.01434,-0.59136,-0.34011,0.02069,-0.00004,-0.00130,0.0,24.0,348.0,112.0,-28.0,-20.0,0.0,1.0,20.0,3.0,0.0,0.0
71,1785849403.9254,-0.01865,-0.58275,-0.33533,0.01586,0.00001,-0.00116,-144.0,-56.0,344.0,80.0,52.0,0.0,3.0,0.0,20.0,0.0,1.0,0.0
72,1785849403.9589,-0.03013,-0.56541,-0.32514,0.01135,0.00012,-0.00104,-76.0,-28.0,324.0,104.0,116.0,-24.0,1.0,0.0,12.0,1.0,2.0,0.0
73,1785849403.9923,-0.03873,-0.54438,-0.31365,0.00695,0.00021,-0.00093,20.0,-40.0,344.0,-100.0,44.0,20.0,1.0,0.0,16.0,3.0,0.0,0.0
74,1785849404.0257,-0.03950,-0.53419,-0.30489,0.00578,0.00025,-0.00089,96.0,-164.0,296.0,40.0,76.0,0.0,3.0,0.0,9.0,1.0,1.0,0.0
75,1785849404.0591,-0.03046,-0.54509,-0.30567,0.00483,0.00021,-0.00084,204.0,-148.0,216.0,-64.0,84.0,-40.0,12.0,0.0,5.0,1.0,0.0,1.0
76,1785849404.0924,-0.01446,-0.56980,-0.31301,0.00470,0.00013,-0.00080,120.0,-184.0,288.0,-168.0,-36.0,-44.0,2.0,0.0,12.0,4.0,0.0,0.0
77,1785849404.1258,0.00806,-0.59570,-0.32126,0.00617,0.00003,-0.00081,-40.0,-92.0,208.0,-80.0,-28.0,20.0,1.0,0.0,8.0,1.0,0.0,0.0
78,1785849404.1592,0.02491,-0.61665,-0.32890,0.00626,-0.00005,-0.00079,-96.0,24.0,244.0,40.0,-48.0,-20.0,4.0,1.0,12.0,0.0,1.0,0.0
79,1785849404.1926,0.03005,-0.62858,-0.33473,0.00475,-0.00009,-0.00075,48.0,64.0,60.0,192.0,36.0,-52.0,0.0,1.0,2.0,6.0,0.0,1.0
80,1785849404.2260,0.02365,-0.62688,-0.33428,0.00289,-0.00007,-0.00072,64.0,-20.0,60.0,160.0,-20.0,-28.0,2.0,0.0,2.0,1.0,0.0,0.0
81,1785849404.2593,0.00745,-0.61908,-0.32987,0.00128,0.00001,-0.00070,-32.0,-44.0,136.0,84.0,-148.0,0.0,0.0,0.0,7.0,0.0,4.0,0.0
82,1785849404.2927,-0.00485,-0.61308,-0.32425,0.00160,0.00007,-0.00072,-32.0,-48.0,108.0,84.0,-32.0,-20.0,0.0,0.0,3.0,1.0,0.0,0.0
83,1785849404.3262,-0.00039,-0.61786,-0.32463,0.00108,0.00006,-0.00071,80.0,72.0,-24.0,28.0,0.0,-20.0,1.0,3.0,0.0,0.0,0.0,0.0
84,1785849404.3595,0.00800,-0.62810,-0.33102,0.00042,0.00002,-0.00068,0.0,-24.0,-104.0,32.0,-84.0,-48.0,0.0,0.0,0.0,0.0,3.0,1.0
85,1785849404.3929,0.01325,-0.63381,-0.33375,0.00162,-0.00004,-0.00070,-88.0,24.0,-48.0,120.0,-104.0,32.0,0.0,1.0,0.0,4.0,0.0,0.0
86,1785849404.4263,0.00507,-0.63598,-0.33451,0.00111,-0.00004,-0.00068,-80.0,20.0,76.0,120.0,-48.0,-56.0,2.0,0.0,4.0,0.0,0.0,0.0
87,1785849404.4597,-0.00355,-0.63429,-0.33103,0.00109,-0.00002,-0.00069,-28.0,72.0,28.0,76.0,-188.0,0.0,0.0,3.0,0.0,1.0,4.0,0.0
88,1785849404.4932,-0.01279,-0.63152,-0.32760,0.00177,-0.00001,-0.00071,20.0,-40.0,108.0,100.0,-60.0,-24.0,0.0,0.0,5.0,1.0,0.0,0.0
89,1785849404.5265,-0.01726,-0.63649,-0.32796,0.00155,-0.00004,-0.00070,56.0,-112.0,76.0,36.0,36.0,28.0,2.0,0.0,1.0,0.0,1.0,0.0
90,1785849404.5598,-0.01172,-0.64090,-0.32590,0.00281,-0.00006,-0.00074,88.0,80.0,-104.0,-32.0,68.0,-20.0,2.0,3.0,4.0,0.0,1.0,0.0
91,1785849404.5932,-0.00285,-0.64198,-0.32455,0.00469,-0.00005,-0.00079,-100.0,180.0,-128.0,-40.0,-44.0,0.0,4.0,18.0,0.0,1.0,0.0,0.0
92,1785849404.6267,0.00781,-0.64118,-0.32243,0.00782,-0.00005,-0.00087,-24.0,136.0,-36.0,68.0,64.0,-60.0,0.0,8.0,0.0,2.0,1.0,2.0
93,1785849404.6601,0.01764,-0.64694,-0.32679,0.00742,-0.00004,-0.00083,84.0,92.0,-32.0,152.0,152.0,-160.0,1.0,4.0,0.0,4.0,3.0,3.0
94,1785849404.6934,0.01978,-0.65165,-0.33312,0.00364,-0.00002,-0.00064,-80.0,136.0,-104.0,56.0,-76.0,48.0,2.0,7.0,0.0,0.0,3.0,2.0
95,1785849404.7269,0.01675,-0.64728,-0.33064,0.00437,0.00002,-0.00063,40.0,120.0,-52.0,80.0,-148.0,36.0,1.0,5.0,1.0,2.0,4.0,0.0
96,1785849404.7602,0.00845,-0.64654,-0.32731,0.00659,0.00006,-0.00071,-60.0,228.0,-116.0,-40.0,56.0,-72.0,0.0,20.0,1.0,1.0,2.0,1.0
97,1785849404.7936,-0.01410,-0.64426,-0.32486,0.00836,0.00015,-0.00069,-68.0,156.0,32.0,56.0,-76.0,-196.0,0.0,8.0,1.0,1.0,2.0,5.0
98,1785849404.8270,-0.02652,-0.64445,-0.32636,0.00742,0.00017,-0.00058,-24.0,168.0,-76.0,72.0,-140.0,-192.0,1.0,16.0,3.0,0.0,2.0,4.0
99,1785849404.8604,-0.02768,-0.64213,-0.32769,0.00528,0.00012,-0.00045,-56.0,200.0,-184.0,68.0,-68.0,-284.0,1.0,11.0,4.0,1.0,1.0,6.0
100,1785849404.8938,-0.02245,-0.62820,-0.32256,0.00584,0.00009,-0.00040,-32.0,192.0,-52.0,-40.0,-20.0,-372.0,0.0,8.0,0.0,1.0,0.0,8.0
101,1785849404.9272,-0.01673,-0.61847,-0.32085,0.00594,0.00007,-0.00030,152.0,132.0,124.0,-44.0,80.0,-360.0,5.0,5.0,5.0,0.0,1.0,5.0
102,1785849405.0462,-0.01007,-0.61821,-0.32265,0.00406,0.00004,0.00008,20.0,152.0,80.0,40.0,0.0,-76.0,0.0,10.0,3.0,1.0,0.0,0.0
103,1785849405.0795,-0.00015,-0.61645,-0.32133,0.00426,-0.00000,0.00009,28.0,76.0,160.0,-104.0,100.0,64.0,0.0,3.0,11.0,4.0,3.0,2.0
104,1785849405.1128,0.01106,-0.61006,-0.31533,0.00535,-0.00006,0.00004,92.0,-88.0,264.0,-120.0,-52.0,116.0,2.0,0.0,14.0,1.0,1.0,1.0
105,1785849405.1463,0.02318,-0.60442,-0.30598,0.00791,-0.00012,-0.00007,24.0,72.0,208.0,-40.0,-88.0,-36.0,0.0,4.0,8.0,1.0,1.0,1.0
106,1785849405.1796,0.02486,-0.60778,-0.30607,0.00772,-0.00015,-0.00000,36.0,128.0,192.0,-120.0,-72.0,-208.0,0.0,8.0,8.0,1.0,1.0,7.0
107,1785849405.2131,0.01234,-0.61115,-0.30749,0.00828,-0.00008,0.00012,24.0,40.0,92.0,44.0,96.0,-92.0,0.0,0.0,3.0,1.0,3.0,0.0
108,1785849405.2464,0.01131,-0.61576,-0.30810,0.00897,-0.00007,0.00012,-56.0,-124.0,128.0,-52.0,-32.0,-40.0,2.0,1.0,3.0,1.0,1.0,0.0
109,1785849405.2798,0.00754,-0.62331,-0.30765,0.01053,-0.00006,0.00008,-148.0,-60.0,-68.0,48.0,60.0,-212.0,5.0,0.0,2.0,1.0,1.0,6.0
110,1785849405.3132,0.00018,-0.62867,-0.30694,0.01283,0.00000,0.00007,64.0,76.0,40.0,116.0,80.0,-244.0,1.0,2.0,1.0,1.0,0.0,2.0
111,1785849405.3465,-0.00819,-0.64054,-0.31420,0.01103,0.00009,0.00023,32.0,44.0,44.0,-112.0,-40.0,-144.0,0.0,1.0,0.0,4.0,1.0,0.0
112,1785849405.3801,-0.01281,-0.64695,-0.31735,0.01178,0.00017,0.00028,-36.0,68.0,36.0,-180.0,-36.0,0.0,1.0,2.0,0.0,4.0,0.0,0.0
113,1785849405.4134,-0.01053,-0.64329,-0.31551,0.01367,0.00016,0.00023,20.0,84.0,-40.0,-88.0,64.0,48.0,0.0,3.0,1.0,0.0,1.0,0.0
114,1785849405.4468,-0.00420,-0.63272,-0.31089,0.01402,0.00011,0.00022,52.0,136.0,-124.0,96.0,56.0,68.0,0.0,8.0,2.0,2.0,0.0,1.0
115,1785849405.4802,0.00502,-0.62137,-0.30738,0.01283,0.00003,0.00024,-40.0,144.0,-80.0,-40.0,-104.0,48.0,1.0,3.0,0.0,1.0,3.0,0.0
116,1785849405.5135,0.00713,-0.61816,-0.30845,0.01215,-0.00000,0.00028,-20.0,116.0,-76.0,-64.0,-60.0,-24.0,0.0,4.0,1.0,1.0,0.0,0.0
117,1785849405.5469,0.00377,-0.61580,-0.30780,0.01326,0.00002,0.00026,20.0,68.0,20.0,60.0,-20.0,52.0,0.0,2.0,1.0,1.0,0.0,1.0
118,1785849405.5803,-0.00156,-0.61495,-0.30656,0.01398,0.00004,0.00023,24.0,20.0,-64.0,24.0,-20.0,88.0,1.0,0.0,1.0,0.0,0.0,2.0
119,1785849405.6137,-0.00772,-0.61363,-0.30509,0.01436,0.00008,0.00019,-28.0,-60.0,-68.0,-32.0,24.0,148.0,0.0,0.0,1.0,1.0,0.0,2.0
120,1785849405.6472,-0.01030,-0.61399,-0.30368,0.01492,0.00011,0.00013,60.0,56.0,28.0,24.0,80.0,-64.0,1.0,1.0,1.0,0.0,2.0,2.0
121,1785849405.6804,-0.00856,-0.61385,-0.30407,0.01485,0.00012,0.00014,40.0,96.0,-104.0,0.0,-20.0,-120.0,0.0,3.0,2.0,0.0,1.0,2.0
122,1785849405.7139,-0.00662,-0.61150,-0.30253,0.01565,0.00011,0.00014,-48.0,84.0,-92.0,88.0,48.0,56.0,1.0,1.0,1.0,3.0,1.0,2.0
123,1785849405.7472,-0.00308,-0.60393,-0.29788,0.01666,0.00009,0.00008,96.0,-56.0,-72.0,144.0,-56.0,28.0,3.0,1.0,0.0,2.0,1.0,0.0
124,1785849405.7806,0.00154,-0.59839,-0.29440,0.01666,0.00005,0.00004,44.0,-56.0,96.0,-68.0,-92.0,-32.0,1.0,1.0,3.0,2.0,1.0,0.0
125,1785849405.8140,0.00678,-0.60172,-0.29436,0.01697,0.00001,0.00002,52.0,-96.0,80.0,68.0,48.0,-40.0,1.0,0.0,0.0,3.0,1.0,1.0
126,1785849405.8474,0.00946,-0.61188,-0.29829,0.01696,-0.00003,0.00004,72.0,28.0,-124.0,44.0,0.0,-20.0,1.0,0.0,6.0,0.0,0.0,0.0
127,1785849405.8808,0.01260,-0.61621,-0.30000,0.01750,-0.00006,0.00005,-40.0,-92.0,-68.0,-140.0,-72.0,-44.0,0.0,2.0,0.0,4.0,1.0,1.0
128,1785849405.9142,0.01253,-0.61919,-0.29824,0.02037,-0.00005,-0.00002,32.0,-164.0,-20.0,-56.0,32.0,36.0,0.0,3.0,0.0,0.0,0.0,0.0
129,1785849405.9476,0.00725,-0.62435,-0.29944,0.02100,-0.00001,-0.00002,-40.0,0.0,-112.0,48.0,-44.0,0.0,1.0,0.0,5.0,0.0,0.0,0.0
130,1785849405.9810,0.00266,-0.62599,-0.30306,0.01935,0.00001,0.00004,-52.0,64.0,-48.0,-76.0,80.0,32.0,1.0,0.0,0.0,2.0,2.0,0.0
131,1785849406.0144,-0.00147,-0.62495,-0.30407,0.01852,0.00001,0.00009,-96.0,-136.0,60.0,-48.0,-36.0,32.0,2.0,6.0,0.0,1.0,0.0,0.0
132,1785849406.0478,-0.00891,-0.62587,-0.30228,0.01935,0.00008,0.00007,24.0,-92.0,28.0,-52.0,36.0,104.0,0.0,1.0,0.0,1.0,0.0,4.0
133,1785849406.0812,-0.01087,-0.61886,-0.29667,0.02029,0.00012,-0.00000,28.0,-36.0,-28.0,-44.0,72.0,192.0,0.0,1.0,1.0,1.0,1.0,5.0
134,1785849406.1146,-0.01130,-0.61106,-0.29111,0.02119,0.00013,-0.00011,24.0,-120.0,40.0,44.0,56.0,-32.0,0.0,5.0,1.0,0.0,1.0,1.0
135,1785849406.1481,-0.00958,-0.61366,-0.29032,0.02171,0.00012,-0.00014,64.0,-72.0,0.0,88.0,68.0,-124.0,2.0,0.0,0.0,0.0,0.0,2.0
136,1785849406.1814,-0.00497,-0.61986,-0.29245,0.02119,0.00010,-0.00009,68.0,28.0,68.0,-52.0,-40.0,-88.0,0.0,0.0,1.0,1.0,0.0,1.0
137,1785849406.2148,-0.00047,-0.62253,-0.29480,0.02041,0.00011,-0.00006,-44.0,-104.0,60.0,32.0,-84.0,-64.0,1.0,4.0,0.0,0.0,1.0,0.0
138,1785849406.2482,0.00063,-0.62752,-0.29617,0.02091,0.00012,-0.00009,60.0,-164.0,-124.0,60.0,116.0,20.0,1.0,5.0,8.0,1.0,4.0,0.0
139,1785849406.2815,-0.00072,-0.63197,-0.29810,0.02112,0.00012,-0.00011,52.0,-60.0,-88.0,-32.0,36.0,36.0,1.0,2.0,3.0,0.0,0.0,0.0
140,1785849406.3150,-0.00133,-0.63222,-0.30012,0.02025,0.00010,-0.00008,0.0,72.0,-52.0,-108.0,-120.0,144.0,0.0,0.0,2.0,2.0,4.0,4.0
141,1785849406.3484,-0.00149,-0.63064,-0.30106,0.01958,0.00008,-0.00009,80.0,-28.0,-48.0,64.0,-144.0,300.0,2.0,0.0,0.0,1.0,2.0,12.0
142,1785849406.3817,-0.00124,-0.62764,-0.29880,0.01953,0.00007,-0.00018,52.0,-24.0,48.0,0.0,52.0,336.0,1.0,0.0,1.0,0.0,1.0,8.0
143,1785849406.4152,0.00241,-0.62148,-0.29594,0.01879,0.00002,-0.00027,36.0,24.0,112.0,-80.0,-64.0,340.0,0.0,0.0,1.0,2.0,1.0,7.0
144,1785849406.4485,0.00481,-0.61953,-0.29563,0.01794,-0.00003,-0.00037,64.0,60.0,-56.0,56.0,-36.0,280.0,2.0,1.0,1.0,0.0,0.0,1.0
145,1785849406.4819,0.00619,-0.61943,-0.29526,0.01778,-0.00005,-0.00047,40.0,64.0,-168.0,84.0,24.0,100.0,1.0,1.0,6.0,1.0,0.0,0.0
146,1785849406.5153,0.00852,-0.61865,-0.29540,0.01795,-0.00005,-0.00054,0.0,32.0,-104.0,28.0,-28.0,40.0,0.0,0.0,3.0,0.0,0.0,0.0
147,1785849406.5487,0.00630,-0.61747,-0.29513,0.01804,-0.00003,-0.00057,32.0,-44.0,0.0,64.0,28.0,-24.0,1.0,1.0,0.0,1.0,0.0,0.0
148,1785849406.5822,0.00386,-0.62153,-0.29909,0.01647,-0.00002,-0.00054,56.0,40.0,52.0,40.0,48.0,128.0,1.0,1.0,0.0,0.0,1.0,3.0
149,1785849406.6154,0.00035,-0.62391,-0.30246,0.01494,0.00001,-0.00055,-32.0,60.0,-116.0,-48.0,24.0,92.0,0.0,1.0,5.0,1.0,0.0,1.0
150,1785849406.6489,-0.00436,-0.62070,-0.30256,0.01470,0.00005,-0.00059,-60.0,28.0,-60.0,-88.0,36.0,284.0,1.0,0.0,1.0,3.0,0.0,13.0
151,1785849406.6822,-0.00778,-0.62648,-0.30826,0.01362,0.00008,-0.00061,36.0,36.0,40.0,28.0,96.0,352.0,0.0,1.0,1.0,0.0,3.0,24.0
152,1785849406.8013,-0.00805,-0.63459,-0.31579,0.01154,0.00007,-0.00058,32.0,28.0,-44.0,0.0,28.0,296.0,1.0,0.0,1.0,0.0,0.0,38.0
153,1785849406.8346,-0.00602,-0.63802,-0.31808,0.01094,0.00007,-0.00054,56.0,-72.0,84.0,-100.0,0.0,376.0,1.0,1.0,2.0,3.0,0.0,62.0
154,1785849406.8681,-0.00203,-0.63484,-0.31207,0.01312,0.00006,-0.00063,112.0,-160.0,268.0,-168.0,-28.0,388.0,4.0,3.0,10.0,4.0,0.0,64.0
155,1785849406.9014,0.00203,-0.63162,-0.30398,0.01578,0.00005,-0.00074,104.0,68.0,320.0,-32.0,60.0,348.0,2.0,2.0,5.0,0.0,1.0,60.0
156,1785849406.9347,0.00442,-0.63459,-0.30577,0.01387,0.00004,-0.00071,-52.0,0.0,224.0,-40.0,56.0,332.0,0.0,0.0,0.0,0.0,0.0,52.0
157,1785849406.9682,0.00103,-0.63965,-0.30941,0.01210,0.00004,-0.00067,20.0,60.0,68.0,64.0,-40.0,400.0,0.0,1.0,0.0,1.0,1.0,77.0
158,1785849407.0015,-0.00787,-0.64401,-0.31135,0.01194,0.00008,-0.00068,0.0,-44.0,-72.0,84.0,0.0,368.0,0.0,0.0,0.0,0.0,0.0,71.0
159,1785849407.0350,-0.02068,-0.65105,-0.31410,0.01254,0.00013,-0.00071,60.0,-100.0,108.0,-80.0,-36.0,356.0,2.0,0.0,5.0,2.0,0.0,61.0
160,1785849407.0683,-0.03125,-0.66497,-0.32140,0.01291,0.00016,-0.00072,52.0,0.0,228.0,-116.0,-60.0,348.0,1.0,0.0,7.0,1.0,2.0,54.0
161,1785849407.1017,-0.03621,-0.68815,-0.33567,0.01076,0.00015,-0.00064,84.0,68.0,228.0,-104.0,52.0,340.0,3.0,1.0,6.0,2.0,1.0,51.0
162,1785849407.1351,-0.03180,-0.70333,-0.34328,0.01035,0.00010,-0.00062,192.0,200.0,260.0,-192.0,84.0,348.0,9.0,19.0,12.0,4.0,1.0,65.0
163,1785849407.1685,-0.02215,-0.70276,-0.34118,0.01144,0.00004,-0.00065,64.0,172.0,324.0,-216.0,76.0,372.0,1.0,14.0,21.0,4.0,1.0,61.0
164,1785849407.2019,-0.01328,-0.69462,-0.33519,0.01308,0.00002,-0.00070,56.0,88.0,316.0,-116.0,108.0,328.0,0.0,3.0,16.0,0.0,0.0,48.0
165,1785849407.2352,-0.01154,-0.69020,-0.33255,0.01271,0.00005,-0.00069,76.0,248.0,220.0,-80.0,92.0,364.0,1.0,28.0,9.0,1.0,1.0,67.0
166,1785849407.2686,-0.01851,-0.69083,-0.33554,0.01041,0.00013,-0.00062,120.0,260.0,196.0,-252.0,112.0,336.0,1.0,26.0,7.0,8.0,2.0,53.0
167,1785849407.3021,-0.03445,-0.69047,-0.33838,0.00978,0.00023,-0.00058,140.0,244.0,236.0,-128.0,104.0,312.0,4.0,22.0,9.0,0.0,1.0,51.0
168,1785849407.3354,-0.05408,-0.69207,-0.34192,0.00830,0.00033,-0.00053,144.0,328.0,92.0,-28.0,52.0,344.0,4.0,31.0,4.0,0.0,0.0,57.0
169,1785849407.3688,-0.06098,-0.69055,-0.34562,0.00557,0.00035,-0.00045,248.0,428.0,28.0,-128.0,-28.0,320.0,10.0,52.0,1.0,4.0,0.0,48.0
170,1785849407.4023,-0.05462,-0.68093,-0.34512,0.00507,0.00028,-0.00042,240.0,396.0,140.0,-108.0,88.0,332.0,11.0,39.0,9.0,0.0,3.0,54.0
171,1785849407.4356,-0.04448,-0.67145,-0.34402,0.00406,0.00023,-0.00040,256.0,372.0,244.0,28.0,136.0,324.0,8.0,39.0,18.0,1.0,2.0,48.0
172,1785849407.4691,-0.03089,-0.66098,-0.34427,-0.00066,0.00019,-0.00027,216.0,392.0,112.0,-88.0,88.0,308.0,2.0,33.0,4.0,2.0,1.0,41.0
173,1785849407.5024,-0.02333,-0.64287,-0.34163,-0.00515,0.00020,-0.00014,136.0,356.0,164.0,-20.0,188.0,336.0,0.0,25.0,8.0,0.0,5.0,49.0
174,1785849407.5357,-0.02084,-0.62213,-0.33670,-0.00896,0.00024,-0.00003,248.0,376.0,144.0,76.0,144.0,316.0,5.0,33.0,7.0,2.0,0.0,46.0
175,1785849407.5692,-0.01597,-0.60297,-0.33302,-0.01437,0.00024,0.00012,312.0,388.0,104.0,-20.0,-40.0,276.0,8.0,32.0,5.0,0.0,1.0,38.0
176,1785849407.6026,-0.00398,-0.57971,-0.32589,-0.01647,0.00018,0.00016,332.0,360.0,148.0,112.0,-60.0,324.0,16.0,28.0,8.0,4.0,1.0,42.0
177,1785849407.6360,0.01490,-0.55654,-0.31995,-0.02089,0.00005,0.00029,316.0,372.0,76.0,124.0,-28.0,308.0,12.0,28.0,3.0,1.0,0.0,46.0
178,1785849407.6693,0.03827,-0.53361,-0.31485,-0.02651,-0.00015,0.00046,240.0,260.0,168.0,92.0,68.0,296.0,1.0,12.0,15.0,0.0,2.0,38.0
179,1785849407.7027,0.06248,-0.51458,-0.31059,-0.03185,-0.00037,0.00063,224.0,204.0,192.0,120.0,124.0,296.0,1.0,19.0,8.0,2.0,2.0,43.0
180,1785849407.7361,0.07346,-0.50669,-0.31177,-0.03837,-0.00044,0.00086,140.0,216.0,-52.0,48.0,-84.0,320.0,0.0,12.0,1.0,1.0,3.0,46.0
181,1785849407.7695,0.06926,-0.51109,-0.31711,-0.04014,-0.00038,0.00092,24.0,56.0,-36.0,180.0,24.0,304.0,0.0,1.0,0.0,6.0,1.0,43.0
182,1785849407.8030,0.06005,-0.53370,-0.33064,-0.04187,-0.00027,0.00098,180.0,156.0,36.0,124.0,136.0,292.0,5.0,9.0,1.0,2.0,2.0,41.0
183,1785849407.8363,0.04566,-0.56067,-0.34606,-0.04392,-0.00013,0.00104,80.0,124.0,-24.0,148.0,52.0,292.0,0.0,6.0,0.0,3.0,0.0,39.0
184,1785849407.8697,0.03568,-0.58326,-0.35913,-0.04520,-0.00006,0.00107,140.0,92.0,0.0,100.0,-112.0,292.0,5.0,3.0,0.0,1.0,4.0,44.0
185,1785849407.9031,0.03211,-0.59318,-0.36527,-0.04654,-0.00008,0.00110,140.0,184.0,-40.0,192.0,0.0,300.0,2.0,13.0,0.0,5.0,0.0,40.0
186,1785849407.9364,0.03381,-0.59059,-0.36557,-0.04810,-0.00007,0.00114,-92.0,244.0,32.0,88.0,-108.0,296.0,4.0,22.0,1.0,0.0,4.0,38.0
187,1785849407.9698,0.03586,-0.58337,-0.36395,-0.05001,-0.00010,0.00121,-40.0,88.0,156.0,24.0,-80.0,288.0,1.0,3.0,9.0,0.0,0.0,43.0
188,1785849408.0033,0.03872,-0.57933,-0.36227,-0.05043,-0.00015,0.00123,52.0,56.0,104.0,-36.0,112.0,268.0,0.0,2.0,4.0,0.0,4.0,38.0
189,1785849408.0366,0.04060,-0.57064,-0.35804,-0.05042,-0.00015,0.00123,64.0,-56.0,-84.0,88.0,-28.0,284.0,2.0,0.0,1.0,3.0,1.0,39.0
190,1785849408.0701,0.04003,-0.56527,-0.35580,-0.04996,-0.00011,0.00121,24.0,112.0,56.0,80.0,-148.0,292.0,0.0,5.0,3.0,2.0,4.0,36.0
191,1785849408.1034,0.03397,-0.55959,-0.35255,-0.04995,-0.00009,0.00121,-52.0,76.0,212.0,76.0,28.0,280.0,2.0,3.0,16.0,1.0,0.0,33.0
192,1785849408.1368,0.02534,-0.56249,-0.35282,-0.05030,-0.00003,0.00121,-148.0,-28.0,168.0,-52.0,-88.0,288.0,3.0,0.0,11.0,1.0,2.0,41.0
193,1785849408.1702,0.01186,-0.57209,-0.35555,-0.04904,0.00000,0.00115,-104.0,-164.0,108.0,-48.0,-92.0,296.0,3.0,2.0,5.0,0.0,2.0,43.0
194,1785849408.2036,-0.00365,-0.58947,-0.35942,-0.04672,0.00002,0.00107,-176.0,-92.0,96.0,-48.0,-88.0,276.0,5.0,0.0,1.0,0.0,0.0,42.0
195,1785849408.2370,-0.01704,-0.60704,-0.36484,-0.04593,0.00005,0.00106,52.0,-44.0,-56.0,28.0,20.0,276.0,2.0,0.0,1.0,0.0,0.0,38.0
196,1785849408.2703,-0.02515,-0.62292,-0.37163,-0.04518,0.00010,0.00106,136.0,96.0,72.0,-100.0,-88.0,296.0,5.0,4.0,3.0,1.0,1.0,37.0
197,1785849408.3037,-0.00793,-0.61708,-0.36840,-0.04468,-0.00002,0.00108,-24.0,148.0,-52.0,20.0,124.0,304.0,0.0,11.0,1.0,0.0,3.0,46.0
198,1785849408.3371,0.00627,-0.61358,-0.36790,-0.04440,-0.00007,0.00109,-64.0,-20.0,-104.0,88.0,96.0,288.0,1.0,0.0,0.0,1.0,1.0,39.0
199,1785849408.3705,0.01214,-0.60824,-0.36654,-0.04399,-0.00004,0.00107,-144.0,-52.0,68.0,108.0,48.0,308.0,4.0,0.0,3.0,4.0,0.0,42.0
200,1785849408.4039,0.00203,-0.60931,-0.36723,-0.04428,0.00010,0.00105,-104.0,76.0,100.0,188.0,72.0,292.0,4.0,2.0,4.0,7.0,1.0,36.0
201,1785849408.4373,-0.02168,-0.61399,-0.36823,-0.04437,0.00031,0.00101,-128.0,-40.0,48.0,148.0,56.0,280.0,3.0,0.0,1.0,1.0,1.0,34.0
202,1785849408.5588,-0.04817,-0.62870,-0.37314,-0.04174,0.00051,0.00088,-24.0,52.0,0.0,44.0,20.0,288.0,0.0,1.0,0.0,0.0,0.0,40.0
203,1785849408.5921,-0.06614,-0.63946,-0.37942,-0.04229,0.00060,0.00088,92.0,-72.0,112.0,-76.0,-108.0,244.0,2.0,1.0,5.0,1.0,4.0,24.0
204,1785849408.6255,-0.06783,-0.64935,-0.38298,-0.04189,0.00056,0.00087,252.0,-48.0,176.0,-80.0,-160.0,220.0,10.0,0.0,6.0,0.0,3.0,27.0
205,1785849408.6589,-0.05451,-0.65818,-0.38571,-0.04206,0.00041,0.00091,144.0,48.0,76.0,20.0,-96.0,200.0,5.0,0.0,1.0,0.0,1.0,17.0
206,1785849408.6923,-0.02854,-0.65675,-0.38332,-0.04156,0.00016,0.00093,28.0,-60.0,140.0,-92.0,-92.0,200.0,0.0,0.0,8.0,1.0,1.0,22.0
207,1785849408.7257,0.00868,-0.64496,-0.37346,-0.03960,-0.00013,0.00091,56.0,-28.0,252.0,-48.0,-64.0,200.0,0.0,0.0,16.0,0.0,0.0,18.0
208,1785849408.7591,0.01909,-0.65135,-0.37403,-0.04007,-0.00021,0.00093,92.0,24.0,148.0,-20.0,36.0,200.0,1.0,0.0,4.0,0.0,0.0,19.0
209,1785849408.7925,0.02382,-0.65288,-0.37307,-0.04008,-0.00021,0.00092,188.0,132.0,180.0,-88.0,60.0,200.0,5.0,6.0,11.0,2.0,1.0,23.0
210,1785849408.8259,0.02168,-0.65128,-0.37124,-0.03920,-0.00015,0.00089,52.0,52.0,128.0,52.0,132.0,200.0,2.0,1.0,5.0,1.0,2.0,22.0
211,1785849408.8593,0.02389,-0.64834,-0.36906,-0.03961,-0.00011,0.00090,-60.0,-36.0,28.0,56.0,0.0,200.0,1.0,0.0,1.0,1.0,0.0,23.0
212,1785849408.8926,0.02716,-0.64718,-0.36820,-0.03990,-0.00011,0.00091,108.0,88.0,100.0,-48.0,-36.0,180.0,2.0,3.0,4.0,1.0,1.0,13.0
213,1785849408.9261,0.02756,-0.64567,-0.36886,-0.04089,-0.00010,0.00096,-28.0,144.0,132.0,-52.0,-28.0,172.0,1.0,10.0,7.0,0.0,0.0,17.0
214,1785849408.9594,0.03204,-0.64492,-0.36864,-0.04077,-0.00013,0.00099,-92.0,188.0,60.0,64.0,-44.0,240.0,2.0,16.0,2.0,2.0,0.0,28.0
215,1785849408.9928,0.02923,-0.64711,-0.36927,-0.04075,-0.00014,0.00101,36.0,120.0,36.0,-32.0,56.0,224.0,0.0,6.0,1.0,0.0,1.0,22.0
216,1785849409.0263,0.02538,-0.64256,-0.36509,-0.03939,-0.00014,0.00098,32.0,60.0,116.0,72.0,96.0,180.0,0.0,2.0,5.0,1.0,1.0,13.0
217,1785849409.0596,0.01883,-0.63940,-0.36213,-0.03910,-0.00008,0.00096,-44.0,-64.0,168.0,132.0,-20.0,-88.0,1.0,0.0,8.0,3.0,0.0,0.0
218,1785849409.0931,0.00654,-0.64565,-0.36356,-0.03969,0.00002,0.00098,-164.0,144.0,40.0,20.0,-24.0,-340.0,5.0,7.0,1.0,0.0,0.0,12.0
219,1785849409.1264,-0.00232,-0.64711,-0.36424,-0.03912,0.00010,0.00101,36.0,284.0,-172.0,88.0,60.0,-452.0,0.0,26.0,4.0,3.0,1.0,12.0
220,1785849409.1598,-0.00826,-0.64517,-0.36620,-0.03873,0.00016,0.00111,56.0,216.0,-152.0,-24.0,64.0,-316.0,1.0,12.0,0.0,1.0,0.0,0.0
221,1785849409.1932,-0.01291,-0.64350,-0.36774,-0.03714,0.00021,0.00116,-72.0,120.0,-36.0,-64.0,-68.0,-164.0,1.0,6.0,0.0,1.0,2.0,0.0
222,1785849409.2266,-0.01504,-0.64544,-0.37127,-0.03820,0.00023,0.00126,-20.0,196.0,96.0,-80.0,-96.0,48.0,0.0,11.0,4.0,2.0,1.0,2.0
223,1785849409.2599,-0.01717,-0.64383,-0.37236,-0.03903,0.00025,0.00129,32.0,68.0,-48.0,-68.0,28.0,116.0,0.0,2.0,0.0,1.0,0.0,2.0
224,1785849409.2933,-0.01380,-0.64256,-0.37169,-0.03758,0.00021,0.00124,-36.0,40.0,-84.0,-76.0,-20.0,116.0,1.0,0.0,0.0,1.0,0.0,0.0
225,1785849409.3268,-0.01317,-0.64088,-0.36992,-0.03609,0.00017,0.00121,0.0,132.0,52.0,-36.0,-68.0,72.0,0.0,7.0,1.0,0.0,2.0,0.0
226,1785849409.3601,-0.00921,-0.63854,-0.36826,-0.03560,0.00009,0.00121,48.0,196.0,-64.0,-52.0,-104.0,76.0,1.0,14.0,1.0,0.0,2.0,1.0
227,1785849409.3935,-0.00357,-0.63753,-0.36915,-0.03554,0.00001,0.00124,100.0,76.0,-48.0,-68.0,-44.0,84.0,3.0,3.0,0.0,0.0,0.0,0.0
228,1785849409.4269,-0.00395,-0.64117,-0.37066,-0.03383,-0.00002,0.00116,0.0,60.0,56.0,-72.0,20.0,28.0,0.0,2.0,2.0,2.0,0.0,0.0
229,1785849409.4602,-0.00603,-0.64410,-0.37195,-0.03332,-0.00003,0.00113,-24.0,192.0,28.0,-88.0,0.0,-36.0,1.0,13.0,0.0,1.0,0.0,0.0
230,1785849409.4937,-0.00877,-0.64842,-0.37426,-0.03203,-0.00004,0.00108,-56.0,116.0,92.0,104.0,92.0,-216.0,1.0,5.0,4.0,3.0,3.0,9.0
231,1785849409.5271,-0.00838,-0.65564,-0.37922,-0.03334,-0.00006,0.00116,52.0,176.0,60.0,-72.0,76.0,-180.0,0.0,13.0,2.0,2.0,0.0,2.0
232,1785849409.5604,-0.00358,-0.65846,-0.38035,-0.03269,-0.00009,0.00119,132.0,264.0,116.0,-52.0,36.0,-108.0,3.0,21.0,6.0,0.0,0.0,0.0
233,1785849409.5938,-0.00088,-0.65552,-0.37876,-0.03142,-0.00010,0.00117,-20.0,172.0,164.0,-56.0,96.0,20.0,0.0,16.0,12.0,1.0,2.0,0.0
234,1785849409.6272,0.00008,-0.65352,-0.37603,-0.03062,-0.00008,0.00115,72.0,152.0,276.0,-240.0,168.0,64.0,2.0,13.0,20.0,9.0,4.0,1.0
235,1785849409.6606,-0.00190,-0.64666,-0.36995,-0.02957,0.00002,0.00109,-52.0,204.0,268.0,-136.0,288.0,48.0,2.0,17.0,13.0,0.0,8.0,0.0
236,1785849409.6941,-0.00330,-0.64095,-0.36472,-0.02877,0.00014,0.00102,-84.0,232.0,176.0,-40.0,192.0,-52.0,3.0,24.0,6.0,0.0,0.0,0.0
237,1785849409.7273,-0.00769,-0.63827,-0.36376,-0.02967,0.00026,0.00104,112.0,252.0,84.0,-116.0,120.0,32.0,3.0,17.0,4.0,3.0,1.0,0.0
238,1785849409.7608,-0.01533,-0.63683,-0.36536,-0.03026,0.00033,0.00103,116.0,316.0,104.0,-96.0,200.0,72.0,3.0,33.0,5.0,0.0,4.0,1.0
239,1785849409.7941,-0.01973,-0.63677,-0.36805,-0.03048,0.00034,0.00101,48.0,260.0,68.0,-32.0,-36.0,180.0,1.0,21.0,3.0,0.0,2.0,4.0
240,1785849409.8275,-0.01931,-0.63923,-0.37208,-0.03159,0.00026,0.00099,48.0,256.0,-40.0,-200.0,0.0,380.0,1.0,23.0,0.0,5.0,0.0,22.0
241,1785849409.8609,-0.00754,-0.62462,-0.36674,-0.03020,0.00009,0.00083,92.0,400.0,152.0,0.0,156.0,404.0,2.0,35.0,11.0,0.0,5.0,6.0
242,1785849409.8943,0.00835,-0.59588,-0.35575,-0.03241,0.00002,0.00079,156.0,408.0,164.0,-40.0,320.0,388.0,3.0,40.0,9.0,0.0,10.0,7.0
243,1785849409.9277,0.02459,-0.54882,-0.33583,-0.03526,0.00007,0.00077,108.0,372.0,156.0,-184.0,252.0,268.0,2.0,33.0,7.0,4.0,0.0,0.0
244,1785849409.9611,0.03051,-0.48773,-0.30996,-0.03817,0.00022,0.00076,36.0,352.0,52.0,-20.0,228.0,100.0,0.0,20.0,1.0,0.0,2.0,0.0
245,1785849409.9945,0.02903,-0.43691,-0.29157,-0.04260,0.00042,0.00081,-76.0,320.0,-112.0,-20.0,184.0,-48.0,1.0,14.0,2.0,0.0,0.0,1.0
246,1785849410.0281,0.02495,-0.41050,-0.28454,-0.04427,0.00053,0.00080,36.0,172.0,-88.0,40.0,-52.0,-28.0,0.0,3.0,0.0,0.0,3.0,0.0
247,1785849410.0614,0.02554,-0.45135,-0.30854,-0.04440,0.00033,0.00077,-48.0,-92.0,68.0,132.0,-224.0,-28.0,0.0,4.0,2.0,3.0,10.0,0.0
248,1785849410.0947,0.02182,-0.50222,-0.33338,-0.04422,0.00013,0.00074,60.0,-56.0,-20.0,-40.0,-300.0,0.0,2.0,0.0,0.0,1.0,6.0,0.0
249,1785849410.1281,0.01243,-0.54127,-0.35084,-0.04122,0.00001,0.00062,-28.0,84.0,28.0,-204.0,-140.0,92.0,0.0,5.0,0.0,6.0,0.0,4.0
250,1785849410.1615,0.00212,-0.54639,-0.35283,-0.03794,0.00002,0.00049,0.0,304.0,-28.0,-128.0,32.0,72.0,0.0,42.0,0.0,0.0,1.0,1.0
251,1785849410.1949,-0.00345,-0.51960,-0.34129,-0.03708,0.00013,0.00046,-72.0,408.0,-124.0,56.0,232.0,-44.0,2.0,53.0,1.0,3.0,9.0,0.0
252,1785849410.3112,-0.00169,-0.43476,-0.32036,-0.04896,0.00044,0.00077,32.0,152.0,-20.0,0.0,56.0,0.0,1.0,4.0,0.0,0.0,1.0,0.0
253,1785849410.3444,0.00542,-0.37998,-0.29861,-0.05411,0.00064,0.00095,-28.0,56.0,92.0,-112.0,-68.0,124.0,0.0,1.0,3.0,3.0,2.0,3.0
254,1785849410.3777,0.00857,-0.34848,-0.28004,-0.05315,0.00074,0.00091,-92.0,-192.0,328.0,-100.0,-264.0,72.0,2.0,5.0,26.0,0.0,11.0,0.0
255,1785849410.4111,0.00702,-0.35788,-0.27026,-0.04686,0.00071,0.00072,-32.0,-300.0,324.0,40.0,-332.0,-28.0,0.0,3.0,10.0,0.0,6.0,0.0
256,1785849410.4445,-0.00048,-0.41294,-0.27960,-0.03895,0.00058,0.00047,-84.0,-276.0,304.0,48.0,-316.0,-28.0,3.0,0.0,6.0,1.0,5.0,0.0
257,1785849410.4779,-0.00957,-0.51021,-0.31440,-0.03305,0.00035,0.00027,-148.0,-180.0,168.0,104.0,-304.0,-28.0,3.0,0.0,3.0,2.0,4.0,0.0
258,1785849410.5113,-0.02368,-0.57077,-0.33697,-0.02963,0.00025,0.00014,44.0,40.0,-24.0,-20.0,-292.0,24.0,1.0,3.0,0.0,0.0,3.0,0.0
259,1785849410.5446,-0.02720,-0.60683,-0.35337,-0.02684,0.00012,0.00006,128.0,68.0,-128.0,-36.0,-312.0,-40.0,4.0,3.0,1.0,0.0,5.0,1.0
260,1785849410.5781,-0.01658,-0.61660,-0.36115,-0.02526,-0.00004,0.00005,192.0,252.0,-292.0,-44.0,-284.0,28.0,14.0,26.0,6.0,0.0,3.0,0.0
261,1785849410.6115,-0.00190,-0.59923,-0.36054,-0.02536,-0.00018,0.00012,-20.0,328.0,-288.0,172.0,-196.0,0.0,0.0,21.0,0.0,7.0,0.0,0.0
262,1785849410.6449,0.01105,-0.57081,-0.35668,-0.02759,-0.00028,0.00022,-88.0,320.0,-204.0,180.0,-120.0,0.0,4.0,22.0,0.0,3.0,1.0,0.0
263,1785849410.6782,0.01595,-0.54431,-0.35130,-0.02945,-0.00031,0.00028,-80.0,312.0,-136.0,120.0,-92.0,-20.0,3.0,24.0,0.0,2.0,0.0,0.0
264,1785849410.7116,0.01423,-0.52187,-0.34582,-0.03044,-0.00026,0.00029,-64.0,280.0,-164.0,208.0,-44.0,-20.0,0.0,13.0,0.0,7.0,0.0,0.0
265,1785849410.7451,0.00840,-0.50368,-0.34180,-0.03179,-0.00017,0.00033,20.0,208.0,-112.0,228.0,-128.0,-20.0,1.0,12.0,0.0,5.0,4.0,0.0
266,1785849410.7784,0.00067,-0.49275,-0.34008,-0.03369,-0.00008,0.00039,48.0,312.0,-276.0,88.0,-100.0,20.0,1.0,25.0,6.0,0.0,0.0,0.0
267,1785849410.8118,-0.00380,-0.48062,-0.33876,-0.03265,-0.00003,0.00036,-52.0,304.0,-276.0,60.0,24.0,-28.0,1.0,25.0,0.0,2.0,0.0,0.0
268,1785849410.8452,-0.00459,-0.46903,-0.33923,-0.03130,-0.00002,0.00034,-88.0,300.0,-276.0,204.0,-100.0,-20.0,3.0,17.0,0.0,9.0,3.0,0.0
269,1785849410.8786,-0.00200,-0.46250,-0.34441,-0.03270,-0.00006,0.00039,-76.0,264.0,-268.0,320.0,-52.0,-28.0,2.0,15.0,0.0,11.0,1.0,0.0
270,1785849410.9121,0.00052,-0.45551,-0.35035,-0.03601,-0.00007,0.00050,20.0,300.0,-288.0,316.0,36.0,24.0,0.0,17.0,1.0,3.0,1.0,0.0
271,1785849410.9454,0.00325,-0.44807,-0.35574,-0.03865,-0.00009,0.00057,44.0,312.0,-260.0,284.0,-76.0,-24.0,0.0,21.0,0.0,3.0,1.0,0.0
272,1785849410.9787,0.00414,-0.43982,-0.35823,-0.03886,-0.00010,0.00054,-24.0,228.0,-268.0,304.0,-20.0,-28.0,0.0,11.0,0.0,6.0,0.0,0.0
273,1785849411.0121,0.00412,-0.43815,-0.36308,-0.03914,-0.00009,0.00050,-84.0,200.0,-288.0,320.0,44.0,24.0,3.0,6.0,1.0,7.0,0.0,0.0
274,1785849411.0455,0.00582,-0.44154,-0.37285,-0.04094,-0.00008,0.00054,-72.0,240.0,-276.0,304.0,-24.0,-40.0,1.0,13.0,0.0,6.0,0.0,0.0
275,1785849411.0791,0.00771,-0.44895,-0.38719,-0.04427,-0.00011,0.00064,-60.0,148.0,-172.0,208.0,68.0,32.0,2.0,4.0,0.0,0.0,2.0,0.0
276,1785849411.1123,0.00563,-0.45592,-0.39755,-0.04664,-0.00009,0.00072,-64.0,72.0,-108.0,28.0,32.0,-24.0,2.0,3.0,0.0,0.0,0.0,0.0
277,1785849411.1457,-0.00033,-0.45664,-0.39932,-0.04607,-0.00002,0.00071,-36.0,232.0,-124.0,28.0,-32.0,32.0,0.0,22.0,0.0,0.0,0.0,0.0
278,1785849411.1791,-0.00680,-0.45073,-0.39607,-0.04437,0.00006,0.00067,-64.0,156.0,128.0,68.0,32.0,0.0,1.0,8.0,7.0,2.0,0.0,0.0
279,1785849411.2125,-0.00836,-0.44678,-0.39138,-0.04409,0.00009,0.00068,44.0,0.0,172.0,60.0,80.0,-20.0,0.0,0.0,13.0,1.0,1.0,0.0
280,1785849411.2459,-0.00449,-0.44137,-0.38464,-0.04428,0.00007,0.00070,-28.0,20.0,56.0,92.0,44.0,0.0,0.0,0.0,1.0,3.0,0.0,0.0
281,1785849411.2793,0.00407,-0.43547,-0.37663,-0.04353,-0.00001,0.00069,-60.0,136.0,-108.0,144.0,-156.0,24.0,1.0,5.0,2.0,3.0,6.0,1.0
282,1785849411.3127,0.00690,-0.42929,-0.37046,-0.04179,-0.00006,0.00063,0.0,80.0,32.0,-52.0,-68.0,40.0,0.0,4.0,2.0,2.0,0.0,1.0
283,1785849411.3461,0.00553,-0.42990,-0.37011,-0.04040,-0.00009,0.00059,-96.0,48.0,48.0,-32.0,48.0,0.0,4.0,1.0,1.0,0.0,0.0,0.0
284,1785849411.3795,0.00076,-0.43512,-0.37546,-0.04123,-0.00010,0.00062,-80.0,120.0,-120.0,112.0,-52.0,36.0,1.0,6.0,2.0,3.0,1.0,0.0
285,1785849411.4130,-0.00259,-0.43468,-0.37950,-0.04269,-0.00012,0.00066,-64.0,148.0,-156.0,196.0,-24.0,20.0,1.0,4.0,0.0,4.0,0.0,0.0
286,1785849411.4463,-0.00540,-0.42641,-0.38019,-0.04423,-0.00010,0.00070,60.0,52.0,48.0,52.0,60.0,-24.0,2.0,1.0,2.0,0.0,1.0,0.0
287,1785849411.4797,-0.00811,-0.42183,-0.37921,-0.04491,-0.00002,0.00071,32.0,60.0,44.0,76.0,100.0,20.0,0.0,2.0,1.0,0.0,0.0,0.0
288,1785849411.5131,-0.00931,-0.42362,-0.38257,-0.04634,0.00004,0.00074,-68.0,80.0,-52.0,96.0,52.0,-20.0,1.0,3.0,1.0,2.0,0.0,0.0
289,1785849411.5464,-0.00744,-0.42883,-0.38614,-0.04702,0.00005,0.00076,-60.0,28.0,-48.0,-36.0,152.0,32.0,1.0,1.0,0.0,1.0,3.0,0.0
290,1785849411.5800,-0.00385,-0.43222,-0.38576,-0.04502,0.00006,0.00070,32.0,-208.0,144.0,-20.0,-44.0,28.0,1.0,6.0,8.0,0.0,2.0,0.0
291,1785849411.6133,-0.00249,-0.44640,-0.38576,-0.04401,0.00005,0.00068,-24.0,-176.0,212.0,-160.0,-32.0,-24.0,0.0,0.0,5.0,4.0,0.0,0.0
292,1785849411.6467,-0.00434,-0.46299,-0.38584,-0.04193,0.00006,0.00061,20.0,32.0,44.0,64.0,0.0,0.0,0.0,2.0,0.0,2.0,0.0,0.0
293,1785849411.6801,-0.00441,-0.47026,-0.38776,-0.04245,0.00004,0.00063,40.0,48.0,24.0,44.0,108.0,-64.0,0.0,0.0,0.0,0.0,2.0,1.0
294,1785849411.7135,-0.00216,-0.46975,-0.38407,-0.04143,0.00003,0.00062,72.0,-160.0,224.0,-64.0,44.0,20.0,1.0,5.0,12.0,1.0,0.0,0.0
295,1785849411.7469,0.00342,-0.47161,-0.37623,-0.03945,-0.00001,0.00056,-32.0,-48.0,152.0,-108.0,80.0,0.0,1.0,0.0,0.0,2.0,2.0,0.0
296,1785849411.7802,0.00572,-0.47009,-0.37159,-0.03908,-0.00000,0.00056,36.0,56.0,96.0,-40.0,-28.0,28.0,1.0,0.0,1.0,1.0,0.0,0.0
297,1785849411.8136,0.00495,-0.46923,-0.37180,-0.03925,0.00002,0.00057,-52.0,-116.0,160.0,20.0,68.0,44.0,0.0,2.0,5.0,0.0,1.0,0.0
298,1785849411.8471,0.00305,-0.47830,-0.37398,-0.03963,0.00004,0.00058,-44.0,48.0,-36.0,56.0,-44.0,-32.0,0.0,2.0,1.0,1.0,1.0,0.0
299,1785849411.8804,-0.00151,-0.48213,-0.37665,-0.04071,0.00008,0.00061,44.0,24.0,-96.0,112.0,60.0,60.0,1.0,0.0,1.0,1.0,2.0,1.0
300,1785849411.9139,-0.00749,-0.48150,-0.38039,-0.04227,0.00017,0.00063,-20.0,-44.0,84.0,24.0,68.0,-28.0,0.0,0.0,3.0,0.0,1.0,0.0
301,1785849411.9472,-0.01196,-0.48144,-0.38142,-0.04336,0.00024,0.00065,-28.0,20.0,140.0,56.0,-32.0,24.0,0.0,0.0,5.0,1.0,0.0,0.0
302,1785849412.0630,-0.00980,-0.48398,-0.38227,-0.04496,0.00023,0.00069,-24.0,20.0,76.0,20.0,0.0,24.0,0.0,0.0,3.0,0.0,0.0,0.0
303,1785849412.0963,-0.00118,-0.48160,-0.37932,-0.04450,0.00012,0.00069,112.0,-64.0,164.0,-28.0,-120.0,116.0,4.0,0.0,9.0,0.0,5.0,5.0
304,1785849412.1296,0.00965,-0.48313,-0.37411,-0.04319,-0.00003,0.00064,112.0,-52.0,260.0,-44.0,-272.0,20.0,2.0,0.0,11.0,0.0,8.0,0.0
305,1785849412.1630,0.01649,-0.48838,-0.37100,-0.04289,-0.00017,0.00065,-52.0,-64.0,100.0,48.0,-172.0,56.0,0.0,0.0,1.0,1.0,0.0,1.0
306,1785849412.1964,0.01584,-0.49483,-0.37056,-0.04239,-0.00024,0.00063,-80.0,-68.0,132.0,-28.0,56.0,48.0,2.0,0.0,7.0,0.0,2.0,0.0
307,1785849412.2299,0.01180,-0.50448,-0.37488,-0.04345,-0.00023,0.00067,-80.0,64.0,44.0,44.0,96.0,0.0,1.0,2.0,1.0,0.0,2.0,0.0
308,1785849412.2632,0.00587,-0.50921,-0.37740,-0.04376,-0.00019,0.00066,-44.0,88.0,-84.0,120.0,116.0,20.0,0.0,3.0,0.0,2.0,0.0,0.0
309,1785849412.2966,-0.00360,-0.51169,-0.38064,-0.04476,-0.00009,0.00067,-68.0,0.0,-44.0,80.0,-36.0,0.0,3.0,0.0,0.0,0.0,1.0,0.0
310,1785849412.3300,-0.01216,-0.51347,-0.38220,-0.04588,0.00003,0.00070,0.0,-72.0,56.0,136.0,60.0,44.0,0.0,1.0,1.0,3.0,1.0,1.0
311,1785849412.3634,-0.01552,-0.51431,-0.38114,-0.04655,0.00010,0.00071,-52.0,32.0,76.0,-52.0,24.0,0.0,0.0,0.0,1.0,3.0,0.0,0.0
312,1785849412.3969,-0.01237,-0.51505,-0.38230,-0.04742,0.00008,0.00074,48.0,-36.0,52.0,-28.0,104.0,-24.0,1.0,0.0,2.0,1.0,4.0,0.0
313,1785849412.4302,-0.00597,-0.51348,-0.38296,-0.04792,0.00004,0.00077,76.0,48.0,-32.0,76.0,140.0,0.0,0.0,1.0,1.0,3.0,2.0,0.0
314,1785849412.4635,-0.00087,-0.51355,-0.38444,-0.04942,0.00003,0.00082,-40.0,0.0,-108.0,112.0,-40.0,24.0,1.0,0.0,1.0,1.0,2.0,0.0
315,1785849412.4970,0.00186,-0.51531,-0.38579,-0.04971,0.00003,0.00082,44.0,40.0,-56.0,0.0,84.0,20.0,1.0,1.0,0.0,0.0,3.0,0.0
316,1785849412.5304,0.00174,-0.51683,-0.38738,-0.04967,0.00005,0.00082,40.0,-36.0,44.0,92.0,80.0,28.0,1.0,0.0,1.0,2.0,1.0,0.0
317,1785849412.5637,0.00215,-0.52472,-0.39165,-0.05104,0.00006,0.00085,-28.0,-136.0,160.0,132.0,-28.0,40.0,0.0,2.0,6.0,1.0,0.0,0.0
318,1785849412.5971,0.00311,-0.53575,-0.39366,-0.05245,0.00004,0.00089,0.0,72.0,60.0,-84.0,64.0,36.0,0.0,4.0,0.0,4.0,2.0,0.0
319,1785849412.6305,0.00219,-0.53537,-0.39176,-0.05179,0.00003,0.00087,0.0,72.0,24.0,-100.0,72.0,20.0,0.0,1.0,0.0,3.0,1.0,0.0
320,1785849412.6640,0.00003,-0.52841,-0.38730,-0.05022,0.00004,0.00082,32.0,-40.0,108.0,36.0,-40.0,40.0,1.0,1.0,4.0,0.0,1.0,1.0
321,1785849412.6973,-0.00241,-0.52820,-0.38517,-0.05036,0.00004,0.00082,60.0,-32.0,160.0,-36.0,20.0,32.0,1.0,0.0,5.0,0.0,0.0,0.0
322,1785849412.7307,-0.00243,-0.52647,-0.38163,-0.05054,0.00004,0.00084,-20.0,56.0,88.0,-68.0,68.0,48.0,0.0,1.0,2.0,2.0,2.0,1.0
323,1785849412.7641,-0.00035,-0.52129,-0.37589,-0.04923,0.00004,0.00081,-24.0,-104.0,144.0,-32.0,84.0,32.0,0.0,1.0,5.0,0.0,1.0,0.0
324,1785849412.7974,0.00216,-0.52326,-0.37195,-0.04777,0.00004,0.00077,56.0,-76.0,192.0,-84.0,84.0,28.0,1.0,0.0,6.0,3.0,1.0,0.0
325,1785849412.8309,0.00455,-0.53389,-0.37415,-0.04783,0.00005,0.00077,104.0,-24.0,84.0,-32.0,48.0,52.0,3.0,0.0,1.0,0.0,0.0,1.0
326,1785849412.8642,0.00490,-0.54461,-0.38004,-0.04912,0.00007,0.00082,48.0,32.0,-124.0,40.0,60.0,-24.0,2.0,0.0,4.0,0.0,1.0,0.0
327,1785849412.8976,0.00511,-0.55345,-0.38579,-0.04920,0.00009,0.00081,-36.0,-52.0,-120.0,-20.0,28.0,40.0,0.0,0.0,0.0,1.0,0.0,1.0
328,1785849412.9310,0.00406,-0.56123,-0.38965,-0.04873,0.00010,0.00079,-20.0,-88.0,-36.0,48.0,72.0,32.0,0.0,2.0,0.0,1.0,2.0,0.0
329,1785849412.9644,0.00198,-0.56825,-0.39280,-0.04944,0.00011,0.00080,-32.0,-56.0,132.0,56.0,-24.0,-20.0,0.0,0.0,3.0,0.0,0.0,0.0
330,1785849412.9978,-0.00040,-0.57462,-0.39723,-0.05152,0.00011,0.00086,-32.0,100.0,40.0,20.0,-36.0,20.0,0.0,3.0,0.0,0.0,0.0,0.0
331,1785849413.0312,-0.00286,-0.57538,-0.39840,-0.05223,0.00012,0.00087,24.0,52.0,-32.0,-48.0,-68.0,36.0,0.0,1.0,0.0,1.0,2.0,1.0
332,1785849413.0645,-0.00242,-0.56725,-0.39243,-0.05081,0.00010,0.00083,-20.0,36.0,60.0,-40.0,32.0,20.0,0.0,1.0,0.0,0.0,0.0,0.0
333,1785849413.0980,0.00110,-0.55929,-0.38691,-0.05014,0.00007,0.00081,-48.0,88.0,0.0,32.0,64.0,28.0,1.0,3.0,0.0,0.0,1.0,0.0
334,1785849413.1315,0.00391,-0.55354,-0.38462,-0.05051,0.00005,0.00083,32.0,20.0,88.0,-124.0,-20.0,32.0,0.0,0.0,2.0,6.0,1.0,0.0
335,1785849413.1648,0.00461,-0.55159,-0.38494,-0.05109,0.00007,0.00085,-24.0,56.0,140.0,20.0,-88.0,-20.0,1.0,1.0,3.0,1.0,2.0,0.0
336,1785849413.1982,0.00357,-0.54693,-0.38240,-0.05156,0.00007,0.00087,-72.0,104.0,0.0,0.0,64.0,24.0,1.0,5.0,0.0,0.0,2.0,0.0
337,1785849413.2315,0.00383,-0.54090,-0.37746,-0.05075,0.00007,0.00085,-60.0,64.0,80.0,-84.0,-24.0,32.0,0.0,2.0,2.0,2.0,1.0,1.0
338,1785849413.2650,0.00299,-0.54057,-0.37616,-0.05009,0.00007,0.00083,-40.0,-32.0,184.0,-116.0,-40.0,0.0,0.0,0.0,8.0,2.0,1.0,0.0
339,1785849413.2983,0.00232,-0.55033,-0.38019,-0.05033,0.00005,0.00084,0.0,40.0,116.0,-32.0,-80.0,-20.0,0.0,1.0,3.0,0.0,1.0,0.0
340,1785849413.3317,0.00065,-0.56043,-0.38421,-0.05068,0.00004,0.00085,-64.0,-96.0,44.0,44.0,60.0,0.0,2.0,0.0,1.0,1.0,2.0,0.0
341,1785849413.3651,-0.00053,-0.56668,-0.38350,-0.04957,0.00004,0.00081,-108.0,-64.0,-56.0,-48.0,68.0,-20.0,4.0,0.0,0.0,2.0,0.0,0.0
342,1785849413.3985,-0.00149,-0.56798,-0.38052,-0.04808,0.00004,0.00077,-28.0,44.0,84.0,-20.0,-24.0,48.0,0.0,0.0,3.0,0.0,0.0,0.0
343,1785849413.4319,-0.00275,-0.56870,-0.38139,-0.04854,0.00005,0.00079,-68.0,140.0,104.0,-100.0,60.0,-28.0,2.0,5.0,3.0,4.0,1.0,0.0
344,1785849413.4652,-0.00699,-0.56911,-0.38382,-0.04955,0.00008,0.00081,0.0,92.0,-32.0,-60.0,-24.0,28.0,0.0,4.0,0.0,0.0,0.0,0.0
345,1785849413.4986,-0.01076,-0.56705,-0.38272,-0.04893,0.00010,0.00079,-76.0,76.0,-188.0,136.0,64.0,-24.0,2.0,3.0,6.0,2.0,1.0,1.0
346,1785849413.5321,-0.01091,-0.56223,-0.38170,-0.04927,0.00011,0.00079,24.0,92.0,-116.0,112.0,32.0,0.0,0.0,3.0,0.0,0.0,0.0,0.0
347,1785849413.5654,-0.00503,-0.56213,-0.38411,-0.05073,0.00009,0.00084,-24.0,52.0,-40.0,-32.0,72.0,0.0,1.0,1.0,0.0,1.0,1.0,0.0
348,1785849413.5988,-0.00134,-0.56753,-0.38935,-0.05182,0.00010,0.00086,40.0,116.0,-120.0,52.0,104.0,-64.0,1.0,6.0,3.0,1.0,1.0,2.0
349,1785849413.6322,0.00064,-0.56912,-0.39470,-0.05320,0.00015,0.00092,20.0,80.0,-52.0,0.0,100.0,-56.0,0.0,2.0,0.0,0.0,2.0,0.0
350,1785849413.6656,-0.00116,-0.56592,-0.39667,-0.05426,0.00025,0.00096,-44.0,24.0,68.0,44.0,68.0,104.0,1.0,1.0,2.0,0.0,0.0,3.0
351,1785849413.6990,-0.00371,-0.56610,-0.39989,-0.05661,0.00034,0.00102,-64.0,-40.0,-24.0,24.0,24.0,48.0,2.0,0.0,0.0,0.0,0.0,0.0
352,1785849413.8166,-0.00545,-0.56987,-0.40281,-0.05762,0.00039,0.00104,-32.0,28.0,0.0,0.0,32.0,48.0,0.0,0.0,0.0,0.0,1.0,1.0
353,1785849413.8499,-0.00556,-0.57538,-0.40469,-0.05719,0.00036,0.00101,44.0,20.0,96.0,32.0,-96.0,64.0,1.0,0.0,4.0,0.0,3.0,2.0
354,1785849413.8832,-0.00438,-0.58388,-0.40534,-0.05654,0.00028,0.00099,72.0,-108.0,308.0,-28.0,-228.0,40.0,0.0,1.0,14.0,0.0,6.0,1.0
355,1785849413.9166,0.00097,-0.58946,-0.40098,-0.05563,0.00014,0.00098,40.0,-56.0,352.0,-48.0,-176.0,64.0,0.0,0.0,13.0,0.0,1.0,1.0
356,1785849413.9501,0.00701,-0.58345,-0.39035,-0.05429,0.00000,0.00096,-36.0,56.0,280.0,-108.0,-60.0,20.0,0.0,2.0,10.0,1.0,0.0,0.0
357,1785849413.9835,0.01219,-0.56734,-0.37708,-0.05198,-0.00009,0.00091,24.0,104.0,232.0,-100.0,32.0,-20.0,0.0,4.0,12.0,0.0,0.0,0.0
358,1785849414.0168,0.01168,-0.55656,-0.36849,-0.05062,-0.00010,0.00087,44.0,-48.0,276.0,-152.0,-80.0,44.0,1.0,1.0,16.0,2.0,1.0,1.0
359,1785849414.0502,0.01033,-0.55638,-0.36675,-0.05078,-0.00007,0.00088,-32.0,-28.0,76.0,60.0,52.0,0.0,0.0,0.0,0.0,2.0,1.0,0.0
360,1785849414.0836,0.00919,-0.56389,-0.37004,-0.05177,0.00001,0.00091,-36.0,-124.0,108.0,68.0,56.0,0.0,0.0,0.0,4.0,0.0,0.0,0.0
361,1785849414.1170,0.00922,-0.58067,-0.37511,-0.05122,0.00006,0.00087,-40.0,-36.0,108.0,-72.0,-104.0,44.0,1.0,0.0,5.0,2.0,2.0,0.0
362,1785849414.1504,0.01027,-0.60190,-0.38472,-0.05205,0.00005,0.00088,-44.0,96.0,-24.0,-20.0,-28.0,-44.0,1.0,4.0,0.0,0.0,0.0,1.0
363,1785849414.1838,0.00561,-0.61545,-0.39537,-0.05334,0.00003,0.00092,-92.0,192.0,-76.0,76.0,-60.0,0.0,3.0,12.0,0.0,1.0,1.0,0.0
364,1785849414.2172,-0.00240,-0.61857,-0.40165,-0.05564,0.00005,0.00099,-88.0,36.0,80.0,-120.0,-172.0,40.0,2.0,1.0,3.0,3.0,4.0,0.0
365,1785849414.2506,-0.00937,-0.61204,-0.39958,-0.05557,0.00003,0.00099,-60.0,100.0,-28.0,-156.0,-32.0,32.0,1.0,4.0,0.0,3.0,0.0,0.0
366,1785849414.2840,-0.01473,-0.60213,-0.39568,-0.05385,0.00002,0.00095,48.0,108.0,76.0,20.0,84.0,20.0,1.0,5.0,3.0,0.0,2.0,0.0
367,1785849414.3174,-0.01450,-0.59823,-0.39473,-0.05438,0.00003,0.00096,60.0,128.0,164.0,-24.0,60.0,32.0,0.0,6.0,6.0,0.0,0.0,1.0
368,1785849414.3508,-0.01167,-0.59946,-0.39355,-0.05427,0.00006,0.00096,-20.0,44.0,44.0,-28.0,-40.0,-32.0,0.0,1.0,1.0,0.0,0.0,0.0
369,1785849414.3841,-0.00698,-0.59415,-0.38719,-0.05233,0.00007,0.00092,-24.0,-40.0,128.0,-72.0,108.0,32.0,0.0,0.0,7.0,1.0,3.0,1.0
370,1785849414.4176,-0.00413,-0.58914,-0.38153,-0.05079,0.00010,0.00087,0.0,164.0,260.0,-72.0,120.0,-28.0,0.0,10.0,14.0,1.0,2.0,0.0
371,1785849414.4510,-0.00369,-0.58972,-0.38092,-0.05059,0.00012,0.00086,36.0,136.0,124.0,-132.0,-92.0,-32.0,1.0,8.0,3.0,1.0,3.0,1.0
372,1785849414.4843,-0.00473,-0.59052,-0.38021,-0.04936,0.00011,0.00082,64.0,140.0,-64.0,72.0,-28.0,24.0,2.0,7.0,1.0,3.0,0.0,0.0
373,1785849414.5177,-0.00599,-0.58688,-0.37973,-0.04932,0.00011,0.00082,104.0,116.0,-136.0,148.0,32.0,-20.0,3.0,4.0,1.0,3.0,0.0,0.0
374,1785849414.5510,-0.00467,-0.58653,-0.38094,-0.04975,0.00010,0.00083,28.0,112.0,44.0,28.0,0.0,0.0,0.0,5.0,2.0,0.0,0.0,0.0
375,1785849414.5845,-0.00027,-0.59308,-0.38739,-0.05142,0.00004,0.00088,60.0,160.0,80.0,48.0,-24.0,0.0,1.0,12.0,2.0,1.0,0.0,0.0
376,1785849414.6180,0.00522,-0.60182,-0.39692,-0.05390,-0.00000,0.00096,20.0,228.0,-84.0,48.0,-64.0,0.0,0.0,21.0,1.0,1.0,2.0,0.0
377,1785849414.6512,0.01179,-0.60002,-0.39887,-0.05404,-0.00003,0.00096,-28.0,48.0,-48.0,-32.0,-28.0,24.0,0.0,0.0,0.0,0.0,0.0,0.0
378,1785849414.6847,0.01319,-0.59327,-0.39482,-0.05279,-0.00003,0.00093,36.0,40.0,116.0,-72.0,-32.0,24.0,1.0,1.0,6.0,2.0,0.0,0.0
379,1785849414.7180,0.01068,-0.58497,-0.38866,-0.05242,-0.00001,0.00093,-36.0,120.0,168.0,56.0,40.0,-20.0,1.0,6.0,5.0,2.0,0.0,0.0
380,1785849414.7514,0.00686,-0.58242,-0.38617,-0.05218,0.00001,0.00092,-32.0,172.0,148.0,120.0,-36.0,0.0,0.0,9.0,8.0,2.0,1.0,0.0
381,1785849414.7848,0.00395,-0.58407,-0.38664,-0.05309,0.00002,0.00094,-56.0,-44.0,216.0,-80.0,-92.0,0.0,0.0,0.0,12.0,2.0,2.0,0.0
382,1785849414.8182,0.00188,-0.58580,-0.38380,-0.05170,0.00003,0.00089,40.0,-48.0,64.0,48.0,-32.0,-20.0,1.0,0.0,1.0,2.0,1.0,0.0
383,1785849414.8516,0.00031,-0.58679,-0.38173,-0.05051,0.00004,0.00086,-56.0,128.0,0.0,116.0,-36.0,20.0,1.0,7.0,0.0,3.0,0.0,1.0
384,1785849414.8850,-0.00212,-0.59107,-0.38398,-0.05120,0.00005,0.00088,-20.0,108.0,136.0,-72.0,-96.0,0.0,0.0,5.0,9.0,2.0,3.0,0.0
385,1785849414.9183,-0.00400,-0.59483,-0.38729,-0.05181,0.00004,0.00091,28.0,68.0,68.0,48.0,-48.0,-24.0,0.0,2.0,3.0,2.0,0.0,0.0
386,1785849414.9518,-0.00311,-0.59513,-0.38985,-0.05335,0.00002,0.00096,-32.0,76.0,136.0,0.0,-20.0,-52.0,0.0,3.0,7.0,0.0,0.0,1.0
387,1785849414.9851,0.00175,-0.59092,-0.38821,-0.05364,-0.00000,0.00098,40.0,48.0,64.0,48.0,-76.0,-96.0,1.0,1.0,3.0,1.0,0.0,2.0
388,1785849415.0186,0.00682,-0.58670,-0.38437,-0.05250,-0.00005,0.00096,-40.0,100.0,-36.0,96.0,28.0,-156.0,1.0,4.0,0.0,3.0,0.0,3.0
389,1785849415.0521,0.01150,-0.58440,-0.38191,-0.05193,-0.00008,0.00098,36.0,36.0,168.0,72.0,-64.0,44.0,1.0,1.0,9.0,1.0,1.0,2.0
390,1785849415.0853,0.01081,-0.59065,-0.38414,-0.05266,-0.00007,0.00100,-36.0,-56.0,116.0,76.0,36.0,96.0,1.0,0.0,3.0,1.0,0.0,1.0
391,1785849415.1188,0.00375,-0.60063,-0.38757,-0.05323,-0.00004,0.00100,-112.0,72.0,-20.0,-56.0,-36.0,-28.0,3.0,2.0,0.0,2.0,0.0,0.0
392,1785849415.1521,-0.00706,-0.60686,-0.39037,-0.05303,0.00000,0.00102,-76.0,100.0,-20.0,-88.0,40.0,24.0,2.0,4.0,0.0,1.0,1.0,0.0
393,1785849415.1855,-0.01526,-0.60584,-0.38933,-0.05175,0.00003,0.00102,24.0,20.0,-72.0,128.0,-68.0,36.0,0.0,0.0,0.0,5.0,2.0,0.0
394,1785849415.2190,-0.01908,-0.60615,-0.38987,-0.05233,0.00003,0.00107,48.0,36.0,80.0,20.0,-76.0,-36.0,0.0,1.0,3.0,0.0,1.0,0.0
395,1785849415.2523,-0.02055,-0.60808,-0.39214,-0.05409,0.00004,0.00114,48.0,96.0,92.0,-80.0,116.0,-256.0,1.0,4.0,3.0,1.0,3.0,12.0
396,1785849415.2857,-0.01848,-0.60820,-0.39227,-0.05355,0.00005,0.00119,72.0,20.0,64.0,48.0,92.0,-400.0,1.0,0.0,1.0,1.0,1.0,16.0
397,1785849415.3191,-0.01612,-0.60250,-0.38762,-0.05256,0.00006,0.00128,-24.0,68.0,-84.0,20.0,72.0,-396.0,0.0,2.0,2.0,0.0,1.0,5.0
398,1785849415.3524,-0.00888,-0.59839,-0.38385,-0.05121,0.00007,0.00135,44.0,-40.0,0.0,64.0,84.0,-360.0,1.0,0.0,0.0,1.0,1.0,3.0
399,1785849415.3859,-0.00176,-0.59491,-0.38242,-0.05123,0.00009,0.00144,112.0,-24.0,76.0,-40.0,-24.0,-264.0,4.0,0.0,3.0,1.0,0.0,0.0
400,1785849415.4192,0.00132,-0.59513,-0.38479,-0.05265,0.00012,0.00156,128.0,80.0,112.0,-140.0,64.0,-84.0,4.0,3.0,2.0,3.0,2.0,0.0
401,1785849415.4526,0.00348,-0.59920,-0.38866,-0.05290,0.00012,0.00160,56.0,52.0,-40.0,52.0,80.0,-36.0,1.0,1.0,1.0,2.0,2.0,0.0
402,1785849415.5716,0.00751,-0.60833,-0.39281,-0.05211,0.00010,0.00166,68.0,0.0,-36.0,-20.0,40.0,-24.0,2.0,0.0,0.0,0.0,0.0,0.0
403,1785849415.6050,0.01336,-0.61593,-0.39530,-0.05180,0.00005,0.00168,120.0,-92.0,96.0,-108.0,-76.0,28.0,6.0,3.0,2.0,4.0,2.0,0.0
404,1785849415.6383,0.01638,-0.62626,-0.39689,-0.05059,0.00000,0.00166,76.0,-176.0,248.0,-204.0,-48.0,48.0,2.0,3.0,8.0,6.0,0.0,1.0
405,1785849415.6718,0.01405,-0.63912,-0.39654,-0.04823,-0.00001,0.00158,28.0,44.0,140.0,-84.0,52.0,56.0,1.0,2.0,0.0,0.0,0.0,0.0
406,1785849415.7051,0.00851,-0.64259,-0.39623,-0.04750,0.00001,0.00154,0.0,168.0,-32.0,36.0,48.0,96.0,0.0,7.0,1.0,0.0,0.0,3.0
407,1785849415.7384,0.00369,-0.62861,-0.38979,-0.04710,0.00004,0.00153,-32.0,116.0,-32.0,-56.0,-48.0,260.0,0.0,2.0,0.0,1.0,0.0,9.0
408,1785849415.7720,0.00715,-0.61637,-0.38304,-0.04565,-0.00001,0.00140,44.0,108.0,68.0,-96.0,-32.0,332.0,2.0,4.0,2.0,3.0,0.0,6.0
409,1785849415.8053,0.01085,-0.60456,-0.37590,-0.04407,-0.00007,0.00126,44.0,140.0,112.0,-220.0,56.0,236.0,0.0,7.0,5.0,8.0,1.0,0.0
410,1785849415.8386,0.01024,-0.59662,-0.37209,-0.04197,-0.00009,0.00113,-20.0,52.0,192.0,-104.0,-60.0,44.0,0.0,1.0,7.0,0.0,2.0,0.0
411,1785849415.8720,0.00750,-0.59823,-0.37404,-0.04282,-0.00008,0.00115,-108.0,188.0,24.0,44.0,-88.0,-160.0,3.0,13.0,0.0,0.0,1.0,5.0
412,1785849415.9054,0.00084,-0.59881,-0.37586,-0.04351,-0.00006,0.00121,-64.0,224.0,-136.0,-84.0,120.0,-232.0,0.0,14.0,3.0,1.0,4.0,3.0
413,1785849415.9388,-0.00700,-0.59412,-0.37662,-0.04282,0.00002,0.00125,-64.0,184.0,-140.0,-120.0,156.0,-108.0,0.0,9.0,1.0,1.0,2.0,0.0
414,1785849415.9722,-0.01254,-0.59316,-0.38080,-0.04203,0.00010,0.00125,44.0,184.0,-36.0,32.0,40.0,-20.0,1.0,5.0,0.0,1.0,0.0,0.0
415,1785849416.0056,-0.01335,-0.59927,-0.38965,-0.04401,0.00014,0.00131,64.0,184.0,80.0,-64.0,68.0,-76.0,1.0,9.0,2.0,1.0,1.0,0.0
416,1785849416.0390,-0.01151,-0.61002,-0.39916,-0.04508,0.00013,0.00137,20.0,116.0,112.0,-144.0,132.0,-64.0,0.0,5.0,4.0,2.0,2.0,0.0
417,1785849416.0723,-0.00777,-0.61371,-0.40063,-0.04304,0.00007,0.00134,0.0,204.0,88.0,88.0,68.0,-68.0,0.0,20.0,3.0,3.0,1.0,0.0
418,1785849416.1058,-0.00511,-0.61069,-0.39822,-0.04263,0.00002,0.00134,-40.0,344.0,-24.0,104.0,92.0,-52.0,1.0,38.0,0.0,1.0,1.0,0.0
419,1785849416.1391,-0.00419,-0.59828,-0.39380,-0.04295,0.00003,0.00134,-44.0,300.0,192.0,-88.0,120.0,-52.0,0.0,26.0,19.0,3.0,2.0,0.0
420,1785849416.1726,-0.00464,-0.58441,-0.38619,-0.04176,0.00014,0.00128,52.0,240.0,320.0,-256.0,260.0,-64.0,1.0,21.0,24.0,9.0,8.0,1.0
421,1785849416.2060,-0.00383,-0.56514,-0.37561,-0.04052,0.00027,0.00122,72.0,184.0,160.0,-168.0,304.0,-72.0,1.0,7.0,3.0,0.0,4.0,1.0
422,1785849416.2393,-0.00581,-0.54702,-0.36695,-0.03971,0.00037,0.00119,-36.0,152.0,136.0,-84.0,184.0,48.0,0.0,7.0,8.0,0.0,0.0,1.0
423,1785849416.2728,-0.00599,-0.53600,-0.36194,-0.04053,0.00045,0.00123,32.0,200.0,228.0,-120.0,48.0,-40.0,0.0,12.0,13.0,2.0,0.0,0.0
424,1785849416.3062,-0.00267,-0.53268,-0.36082,-0.04145,0.00046,0.00129,-32.0,296.0,88.0,-220.0,-116.0,48.0,0.0,32.0,2.0,4.0,3.0,1.0
425,1785849416.3395,0.00315,-0.53110,-0.36224,-0.04039,0.00035,0.00130,92.0,240.0,40.0,-124.0,56.0,88.0,4.0,20.0,1.0,0.0,2.0,2.0
426,1785849416.3730,0.01122,-0.53596,-0.36713,-0.04003,0.00016,0.00129,120.0,232.0,44.0,44.0,180.0,140.0,3.0,23.0,1.0,2.0,5.0,2.0
427,1785849416.4063,0.01625,-0.54000,-0.37224,-0.04115,0.00001,0.00127,-56.0,276.0,-108.0,72.0,52.0,-64.0,1.0,16.0,1.0,1.0,0.0,1.0
428,1785849416.4398,0.01409,-0.53844,-0.37608,-0.04164,-0.00005,0.00126,20.0,264.0,-36.0,-48.0,28.0,0.0,0.0,20.0,0.0,0.0,0.0,0.0
429,1785849416.4731,0.00968,-0.52900,-0.37469,-0.04138,-0.00004,0.00121,-20.0,332.0,44.0,60.0,192.0,100.0,0.0,26.0,1.0,2.0,6.0,1.0
430,1785849416.5064,0.00404,-0.51227,-0.37179,-0.04325,0.00006,0.00118,-68.0,412.0,-176.0,-48.0,280.0,92.0,2.0,38.0,4.0,1.0,6.0,1.0
431,1785849416.5399,-0.00287,-0.48667,-0.36858,-0.04498,0.00018,0.00115,-20.0,360.0,-88.0,-136.0,288.0,268.0,0.0,21.0,0.0,3.0,2.0,11.0
432,1785849416.5732,-0.00584,-0.45948,-0.36517,-0.04696,0.00029,0.00108,100.0,304.0,-28.0,40.0,268.0,416.0,2.0,13.0,0.0,1.0,3.0,13.0
433,1785849416.6066,-0.00717,-0.43303,-0.35958,-0.04955,0.00041,0.00099,-28.0,272.0,-148.0,56.0,312.0,404.0,0.0,11.0,1.0,1.0,4.0,7.0
434,1785849416.6400,-0.00792,-0.41408,-0.35576,-0.04976,0.00049,0.00081,-32.0,208.0,36.0,92.0,312.0,244.0,0.0,6.0,2.0,2.0,5.0,0.0
435,1785849416.6733,-0.00671,-0.40399,-0.35359,-0.05085,0.00059,0.00073,28.0,212.0,96.0,-36.0,312.0,108.0,0.0,14.0,4.0,1.0,4.0,0.0
436,1785849416.7068,-0.00015,-0.39717,-0.35047,-0.05068,0.00065,0.00069,20.0,324.0,-76.0,-20.0,292.0,0.0,0.0,25.0,1.0,0.0,4.0,0.0
437,1785849416.7402,0.00783,-0.39020,-0.35028,-0.05101,0.00070,0.00068,96.0,204.0,-160.0,-28.0,296.0,112.0,4.0,8.0,1.0,0.0,4.0,2.0
438,1785849416.7735,0.01291,-0.38098,-0.35025,-0.05097,0.00073,0.00063,68.0,184.0,-108.0,-60.0,172.0,52.0,1.0,4.0,0.0,1.0,0.0,0.0
439,1785849416.8070,0.01738,-0.37057,-0.34792,-0.04997,0.00066,0.00057,-32.0,264.0,-60.0,-76.0,0.0,40.0,0.0,16.0,0.0,0.0,0.0,1.0
440,1785849416.8403,0.01754,-0.36892,-0.35108,-0.04941,0.00053,0.00055,-116.0,236.0,-240.0,124.0,36.0,20.0,3.0,20.0,5.0,4.0,0.0,0.0
441,1785849416.8738,0.01444,-0.37003,-0.35900,-0.05040,0.00043,0.00055,-80.0,228.0,-216.0,244.0,-64.0,68.0,4.0,6.0,0.0,8.0,1.0,2.0
442,1785849416.9071,0.00934,-0.37374,-0.36762,-0.05164,0.00035,0.00054,-80.0,188.0,-132.0,108.0,64.0,52.0,1.0,7.0,0.0,0.0,1.0,1.0
443,1785849416.9405,-0.00050,-0.37558,-0.37163,-0.05057,0.00033,0.00043,-124.0,304.0,-304.0,152.0,264.0,52.0,1.0,22.0,6.0,5.0,11.0,0.0
444,1785849416.9740,-0.00963,-0.36602,-0.37372,-0.04929,0.00037,0.00028,-20.0,376.0,-272.0,268.0,320.0,48.0,0.0,21.0,0.0,9.0,4.0,0.0
445,1785849417.0072,-0.01403,-0.35032,-0.37558,-0.05040,0.00051,0.00018,24.0,340.0,-244.0,264.0,252.0,44.0,0.0,17.0,0.0,6.0,0.0,1.0
446,1785849417.0406,-0.01438,-0.33291,-0.37585,-0.05223,0.00066,0.00015,-92.0,328.0,-276.0,156.0,196.0,64.0,2.0,13.0,0.0,0.0,1.0,2.0
447,1785849417.0740,-0.01051,-0.31646,-0.37157,-0.05074,0.00072,0.00010,0.0,332.0,-284.0,96.0,320.0,56.0,0.0,12.0,0.0,1.0,8.0,1.0
448,1785849417.1074,-0.00630,-0.29041,-0.36884,-0.05162,0.00081,0.00009,0.0,320.0,-256.0,160.0,280.0,44.0,0.0,11.0,0.0,3.0,0.0,1.0
449,1785849417.1408,-0.00164,-0.26657,-0.37281,-0.05586,0.00092,0.00014,24.0,332.0,-268.0,-52.0,176.0,48.0,0.0,13.0,0.0,2.0,0.0,1.0
450,1785849417.1741,0.00645,-0.23950,-0.38409,-0.06277,0.00107,0.00029,84.0,332.0,-276.0,-64.0,120.0,68.0,3.0,11.0,0.0,1.0,2.0,2.0
451,1785849417.2075,0.01424,-0.21503,-0.39932,-0.06973,0.00122,0.00044,0.0,316.0,-264.0,-160.0,208.0,28.0,0.0,10.0,0.0,3.0,4.0,0.0
452,1785849417.3238,0.01809,-0.17785,-0.41298,-0.07171,0.00130,0.00041,24.0,112.0,-20.0,32.0,44.0,32.0,1.0,4.0,0.0,1.0,1.0,0.0
453,1785849417.3571,0.02025,-0.17576,-0.41428,-0.07180,0.00131,0.00042,-96.0,-20.0,112.0,144.0,-92.0,52.0,4.0,0.0,5.0,7.0,3.0,1.0
454,1785849417.3904,0.02146,-0.18062,-0.40586,-0.06901,0.00125,0.00044,-276.0,-232.0,304.0,272.0,-288.0,24.0,14.0,8.0,26.0,12.0,13.0,0.0
455,1785849417.4239,0.02015,-0.19969,-0.39079,-0.06367,0.00113,0.00043,-220.0,-252.0,268.0,180.0,-348.0,60.0,5.0,3.0,10.0,0.0,8.0,1.0
456,1785849417.4573,0.01205,-0.22336,-0.37385,-0.05592,0.00097,0.00030,-156.0,-52.0,68.0,144.0,-300.0,-40.0,1.0,0.0,0.0,2.0,2.0,1.0
457,1785849417.4906,-0.00310,-0.24361,-0.36021,-0.04677,0.00078,0.00005,-112.0,68.0,-112.0,120.0,-308.0,0.0,0.0,1.0,2.0,1.0,5.0,0.0
458,1785849417.5240,-0.01713,-0.25032,-0.36080,-0.04429,0.00073,-0.00009,-196.0,108.0,-156.0,-36.0,-304.0,0.0,3.0,4.0,0.0,1.0,3.0,0.0
459,1785849417.5574,-0.02160,-0.25023,-0.36949,-0.04554,0.00070,-0.00005,-124.0,68.0,-124.0,128.0,-280.0,0.0,1.0,2.0,0.0,6.0,3.0,0.0
460,1785849417.5909,-0.01487,-0.24910,-0.38562,-0.05080,0.00068,0.00016,0.0,152.0,-136.0,156.0,-316.0,0.0,0.0,7.0,0.0,3.0,8.0,0.0
461,1785849417.6242,-0.00762,-0.24652,-0.40277,-0.05623,0.00067,0.00039,-24.0,124.0,-92.0,-60.0,-248.0,24.0,0.0,6.0,0.0,1.0,0.0,0.0
462,1785849417.6576,-0.00444,-0.24377,-0.41230,-0.05797,0.00064,0.00050,-80.0,188.0,-180.0,108.0,-168.0,36.0,1.0,7.0,0.0,4.0,1.0,0.0
463,1785849417.6910,-0.00478,-0.24067,-0.41425,-0.05749,0.00063,0.00054,-188.0,-36.0,52.0,104.0,-304.0,32.0,7.0,0.0,3.0,1.0,11.0,0.0
464,1785849417.7244,-0.00537,-0.24449,-0.40579,-0.05350,0.00056,0.00050,-88.0,-40.0,200.0,-96.0,-336.0,-24.0,2.0,0.0,14.0,2.0,5.0,0.0
465,1785849417.7579,-0.00490,-0.24765,-0.38998,-0.04691,0.00044,0.00039,-40.0,-100.0,224.0,24.0,-296.0,0.0,0.0,1.0,19.0,1.0,2.0,0.0
466,1785849417.7911,-0.00652,-0.25183,-0.37458,-0.04206,0.00038,0.00031,20.0,80.0,52.0,56.0,-276.0,-32.0,1.0,3.0,0.0,1.0,3.0,0.0
467,1785849417.8245,-0.00999,-0.24802,-0.36284,-0.03973,0.00035,0.00027,32.0,288.0,-136.0,136.0,-208.0,-44.0,0.0,24.0,3.0,3.0,0.0,1.0
468,1785849417.8579,-0.00856,-0.23315,-0.35677,-0.04087,0.00027,0.00036,-28.0,408.0,-320.0,-88.0,-156.0,36.0,0.0,26.0,8.0,4.0,0.0,0.0
469,1785849417.8913,-0.00269,-0.20518,-0.35456,-0.04174,0.00012,0.00045,-56.0,320.0,-280.0,-148.0,-212.0,-48.0,0.0,5.0,0.0,2.0,4.0,1.0
470,1785849417.9248,0.00117,-0.18050,-0.36050,-0.04426,-0.00002,0.00058,84.0,304.0,-244.0,44.0,-296.0,-40.0,3.0,7.0,0.0,1.0,6.0,0.0
471,1785849417.9581,-0.00041,-0.16370,-0.37364,-0.04948,-0.00006,0.00077,28.0,352.0,-260.0,200.0,-164.0,36.0,0.0,16.0,0.0,8.0,0.0,0.0
472,1785849417.9915,-0.00233,-0.15057,-0.38783,-0.05527,-0.00003,0.00094,-112.0,320.0,-288.0,192.0,76.0,-24.0,2.0,8.0,0.0,5.0,3.0,0.0
473,1785849418.0249,-0.00141,-0.13623,-0.39946,-0.06016,0.00006,0.00105,64.0,300.0,-272.0,204.0,192.0,24.0,1.0,4.0,0.0,4.0,6.0,0.0
474,1785849418.0582,0.00031,-0.12155,-0.40551,-0.06201,0.00018,0.00104,36.0,328.0,-260.0,336.0,200.0,36.0,1.0,10.0,0.0,11.0,3.0,0.0
475,1785849418.0919,0.00103,-0.10957,-0.41213,-0.06494,0.00036,0.00105,80.0,316.0,-272.0,320.0,200.0,20.0,3.0,9.0,0.0,5.0,0.0,0.0
476,1785849418.1251,-0.00073,-0.09759,-0.41696,-0.06787,0.00056,0.00107,-64.0,212.0,-188.0,212.0,88.0,40.0,1.0,0.0,0.0,0.0,0.0,0.0
477,1785849418.1584,-0.00203,-0.09021,-0.41804,-0.06884,0.00063,0.00107,-48.0,-36.0,44.0,36.0,-116.0,-28.0,0.0,1.0,3.0,0.0,4.0,0.0
478,1785849418.1919,-0.00115,-0.09314,-0.41386,-0.06651,0.00054,0.00102,-24.0,-132.0,112.0,112.0,-84.0,0.0,0.0,2.0,5.0,4.0,0.0,0.0
479,1785849418.2252,-0.00129,-0.09917,-0.40768,-0.06424,0.00044,0.00097,60.0,-52.0,40.0,40.0,44.0,-24.0,1.0,0.0,0.0,0.0,1.0,0.0
480,1785849418.2585,-0.00247,-0.10445,-0.40179,-0.06209,0.00038,0.00092,44.0,-164.0,-28.0,116.0,104.0,24.0,1.0,3.0,0.0,6.0,2.0,0.0
481,1785849418.2921,-0.00368,-0.11130,-0.39144,-0.05848,0.00034,0.00083,20.0,32.0,-36.0,52.0,160.0,0.0,0.0,1.0,0.0,0.0,2.0,0.0
482,1785849418.3254,-0.00222,-0.11480,-0.38378,-0.05562,0.00032,0.00076,52.0,148.0,-44.0,-132.0,152.0,0.0,2.0,6.0,0.0,4.0,2.0,0.0
483,1785849418.3587,-0.00069,-0.11299,-0.38468,-0.05461,0.00033,0.00073,112.0,-64.0,148.0,-140.0,108.0,0.0,4.0,1.0,8.0,1.0,0.0,0.0
484,1785849418.3921,-0.00095,-0.11485,-0.38879,-0.05435,0.00035,0.00071,-20.0,-44.0,20.0,60.0,52.0,60.0,0.0,0.0,0.0,3.0,0.0,2.0
485,1785849418.4254,-0.00159,-0.11428,-0.39171,-0.05512,0.00035,0.00072,56.0,116.0,-172.0,24.0,208.0,0.0,0.0,3.0,3.0,0.0,6.0,0.0
486,1785849418.4589,-0.00123,-0.10235,-0.39023,-0.05457,0.00032,0.00068,48.0,268.0,-108.0,-132.0,176.0,0.0,0.0,9.0,0.0,3.0,1.0,0.0
487,1785849418.4922,-0.00073,-0.08829,-0.39081,-0.05401,0.00031,0.00064,84.0,140.0,100.0,-148.0,176.0,-24.0,2.0,0.0,5.0,0.0,3.0,0.0
488,1785849418.5256,0.00176,-0.08036,-0.39418,-0.05500,0.00031,0.00066,48.0,64.0,84.0,-68.0,296.0,28.0,1.0,1.0,3.0,0.0,10.0,0.0
489,1785849418.5590,0.00424,-0.07319,-0.39418,-0.05593,0.00040,0.00066,52.0,-32.0,48.0,24.0,340.0,-24.0,1.0,1.0,1.0,0.0,5.0,0.0
490,1785849418.5924,0.00483,-0.06960,-0.38685,-0.05391,0.00053,0.00057,76.0,-128.0,140.0,-92.0,296.0,0.0,2.0,3.0,9.0,2.0,2.0,0.0
491,1785849418.6259,0.00376,-0.07177,-0.37655,-0.04883,0.00063,0.00039,72.0,-116.0,180.0,44.0,296.0,32.0,1.0,1.0,12.0,1.0,5.0,0.0
492,1785849418.6592,0.00327,-0.08172,-0.37320,-0.04597,0.00070,0.00029,-156.0,-256.0,168.0,168.0,228.0,0.0,6.0,5.0,10.0,6.0,0.0,0.0
493,1785849418.6926,0.00097,-0.09923,-0.37477,-0.04522,0.00073,0.00023,-84.0,-156.0,-32.0,88.0,32.0,-20.0,1.0,0.0,0.0,0.0,0.0,0.0
494,1785849418.7260,-0.00268,-0.11204,-0.37709,-0.04422,0.00072,0.00016,112.0,-84.0,124.0,-56.0,-28.0,0.0,5.0,0.0,9.0,1.0,0.0,0.0
495,1785849418.7594,-0.00413,-0.11927,-0.37891,-0.04220,0.00063,0.00010,56.0,-120.0,240.0,0.0,28.0,-20.0,0.0,0.0,27.0,0.0,1.0,0.0
496,1785849418.7928,-0.00284,-0.12587,-0.38071,-0.04140,0.00049,0.00009,-36.0,96.0,64.0,104.0,108.0,28.0,1.0,4.0,2.0,2.0,4.0,0.0
497,1785849418.8261,-0.00145,-0.12410,-0.38128,-0.04213,0.00031,0.00008,132.0,160.0,-28.0,116.0,236.0,-36.0,3.0,3.0,0.0,4.0,7.0,0.0
498,1785849418.8595,0.00183,-0.11502,-0.37814,-0.04273,0.00025,0.00009,80.0,56.0,140.0,156.0,160.0,28.0,1.0,0.0,8.0,3.0,0.0,0.0
499,1785849418.8931,0.00375,-0.11109,-0.37289,-0.04360,0.00034,0.00011,-64.0,-40.0,280.0,-80.0,128.0,36.0,1.0,0.0,20.0,2.0,1.0,1.0
500,1785849418.9263,0.00442,-0.11148,-0.37397,-0.04562,0.00055,0.00014,0.0,164.0,136.0,-184.0,228.0,-20.0,0.0,9.0,2.0,4.0,6.0,0.0
501,1785849418.9597,0.00624,-0.10803,-0.38110,-0.04823,0.00078,0.00019,44.0,116.0,72.0,-112.0,196.0,-20.0,1.0,2.0,3.0,0.0,2.0,0.0
502,1785849419.0771,0.00839,-0.10486,-0.38423,-0.04824,0.00096,0.00010,40.0,32.0,124.0,0.0,56.0,20.0,0.0,0.0,9.0,0.0,0.0,0.0
503,1785849419.1102,0.00762,-0.10481,-0.38510,-0.04864,0.00108,0.00009,-68.0,112.0,136.0,88.0,-72.0,24.0,2.0,4.0,8.0,2.0,2.0,0.0
504,1785849419.1438,0.00522,-0.10590,-0.38419,-0.04878,0.00116,0.00008,-120.0,64.0,244.0,280.0,-268.0,-24.0,5.0,0.0,25.0,13.0,16.0,0.0
505,1785849419.1770,0.00383,-0.11186,-0.38245,-0.05045,0.00115,0.00013,-164.0,-68.0,216.0,256.0,-364.0,0.0,3.0,1.0,17.0,3.0,8.0,0.0
506,1785849419.2104,0.00057,-0.12102,-0.37577,-0.05047,0.00102,0.00014,-52.0,-192.0,304.0,72.0,-300.0,0.0,0.0,5.0,18.0,0.0,2.0,0.0
507,1785849419.2439,-0.00577,-0.13187,-0.36338,-0.04635,0.00082,0.00004,-68.0,28.0,136.0,-116.0,-312.0,-24.0,1.0,1.0,1.0,4.0,8.0,0.0
508,1785849419.2772,-0.00882,-0.13184,-0.35664,-0.04349,0.00068,-0.00000,-76.0,156.0,-64.0,-148.0,-300.0,20.0,0.0,6.0,1.0,3.0,3.0,0.0
509,1785849419.3106,-0.00533,-0.12311,-0.35733,-0.04371,0.00054,0.00009,68.0,272.0,-100.0,56.0,-272.0,-24.0,2.0,9.0,0.0,2.0,2.0,0.0
510,1785849419.3440,-0.00008,-0.11375,-0.36760,-0.04849,0.00044,0.00030,100.0,272.0,-88.0,-24.0,-308.0,0.0,2.0,10.0,0.0,0.0,3.0,0.0
511,1785849419.3774,0.00151,-0.10636,-0.38086,-0.05432,0.00041,0.00051,-48.0,264.0,-148.0,-156.0,-256.0,0.0,1.0,4.0,0.0,5.0,1.0,0.0
512,1785849419.4107,-0.00151,-0.09352,-0.38685,-0.05608,0.00045,0.00058,-128.0,100.0,68.0,-148.0,-140.0,0.0,4.0,0.0,4.0,0.0,0.0,0.0
513,1785849419.4442,-0.00401,-0.08890,-0.38496,-0.05492,0.00048,0.00057,-140.0,52.0,124.0,-108.0,-220.0,-24.0,3.0,1.0,7.0,1.0,3.0,0.0
514,1785849419.4775,-0.00537,-0.08649,-0.37817,-0.05301,0.00045,0.00057,-40.0,220.0,0.0,-124.0,-64.0,20.0,0.0,13.0,0.0,0.0,0.0,0.0
515,1785849419.5109,-0.00857,-0.07880,-0.37101,-0.05253,0.00046,0.00057,132.0,352.0,-196.0,76.0,-120.0,0.0,6.0,17.0,3.0,2.0,3.0,0.0
516,1785849419.5443,-0.00960,-0.06715,-0.36821,-0.05389,0.00044,0.00062,168.0,316.0,-192.0,48.0,-264.0,-40.0,3.0,3.0,0.0,0.0,8.0,0.0
517,1785849419.5777,-0.00558,-0.05447,-0.36570,-0.05372,0.00029,0.00067,-48.0,292.0,-156.0,152.0,-160.0,-28.0,1.0,5.0,0.0,6.0,0.0,0.0
518,1785849419.6111,-0.00045,-0.04517,-0.37279,-0.05646,0.00016,0.00078,92.0,328.0,-308.0,260.0,60.0,-44.0,3.0,9.0,4.0,9.0,2.0,1.0
519,1785849419.6445,0.00377,-0.03816,-0.38536,-0.06141,0.00013,0.00092,180.0,284.0,-288.0,212.0,196.0,44.0,5.0,2.0,0.0,0.0,6.0,0.0
520,1785849419.6779,0.00538,-0.03180,-0.39185,-0.06353,0.00015,0.00095,-36.0,328.0,-264.0,36.0,228.0,-20.0,1.0,7.0,0.0,0.0,5.0,0.0
521,1785849419.7113,0.00451,-0.02341,-0.39457,-0.06398,0.00026,0.00090,-40.0,320.0,-220.0,-100.0,196.0,48.0,0.0,5.0,0.0,2.0,2.0,1.0
522,1785849419.7447,0.00145,-0.01636,-0.40211,-0.06444,0.00045,0.00082,112.0,292.0,-116.0,40.0,192.0,-24.0,6.0,4.0,0.0,1.0,2.0,0.0
523,1785849419.7781,0.00051,-0.01355,-0.41636,-0.06828,0.00058,0.00085,28.0,320.0,-268.0,100.0,252.0,-20.0,0.0,7.0,3.0,3.0,4.0,0.0
524,1785849419.8115,0.00036,-0.00854,-0.42648,-0.07226,0.00067,0.00088,-24.0,280.0,-296.0,-40.0,248.0,56.0,0.0,3.0,1.0,1.0,1.0,2.0
525,1785849419.8449,-0.00062,0.00070,-0.42503,-0.06972,0.00070,0.00073,104.0,284.0,-116.0,-204.0,224.0,32.0,4.0,2.0,0.0,7.0,3.0,0.0
526,1785849419.8782,-0.00039,0.00716,-0.42333,-0.06590,0.00069,0.00059,112.0,276.0,84.0,-216.0,256.0,56.0,3.0,5.0,6.0,3.0,5.0,1.0
527,1785849419.9116,-0.00007,0.00828,-0.42479,-0.06629,0.00073,0.00055,-24.0,28.0,180.0,-328.0,348.0,36.0,1.0,0.0,13.0,6.0,7.0,0.0
528,1785849419.9450,-0.00033,0.01065,-0.42073,-0.06527,0.00081,0.00047,-24.0,-140.0,56.0,-276.0,300.0,-24.0,0.0,5.0,0.0,1.0,3.0,0.0
529,1785849419.9784,0.00022,0.01660,-0.40701,-0.05980,0.00079,0.00032,52.0,72.0,48.0,-256.0,284.0,48.0,0.0,2.0,2.0,3.0,4.0,1.0
530,1785849420.0119,0.00044,0.02351,-0.39162,-0.05272,0.00074,0.00016,108.0,212.0,128.0,-100.0,316.0,-28.0,3.0,9.0,9.0,0.0,5.0,0.0
531,1785849420.0453,0.00056,0.02263,-0.38987,-0.05414,0.00079,0.00014,36.0,124.0,-36.0,-76.0,252.0,52.0,0.0,0.0,0.0,0.0,0.0,1.0
532,1785849420.0786,0.00087,0.02005,-0.39334,-0.05689,0.00082,0.00013,-32.0,-136.0,108.0,-164.0,180.0,36.0,1.0,5.0,4.0,2.0,2.0,0.0
533,1785849420.1120,0.00206,0.02329,-0.39009,-0.05290,0.00074,0.00005,80.0,-168.0,140.0,-44.0,248.0,-20.0,2.0,1.0,7.0,0.0,5.0,0.0
534,1785849420.1454,0.00288,0.02626,-0.38338,-0.04709,0.00068,-0.00008,40.0,20.0,96.0,44.0,280.0,24.0,0.0,0.0,4.0,1.0,3.0,1.0
535,1785849420.1787,0.00213,0.02574,-0.37893,-0.04545,0.00077,-0.00016,-60.0,100.0,92.0,92.0,264.0,36.0,2.0,2.0,4.0,2.0,6.0,1.0
536,1785849420.2121,0.00102,0.02327,-0.37898,-0.04710,0.00092,-0.00021,-48.0,-104.0,-48.0,104.0,328.0,20.0,1.0,4.0,1.0,3.0,6.0,1.0
537,1785849420.2455,0.00098,0.02275,-0.37764,-0.04624,0.00099,-0.00029,-40.0,-88.0,108.0,164.0,164.0,-24.0,0.0,1.0,5.0,4.0,0.0,0.0
538,1785849420.2790,0.00050,0.02251,-0.37675,-0.04496,0.00101,-0.00034,68.0,108.0,72.0,-40.0,-44.0,24.0,1.0,4.0,2.0,1.0,2.0,0.0
539,1785849420.3123,-0.00110,0.02232,-0.37881,-0.04627,0.00102,-0.00036,48.0,104.0,-84.0,-144.0,-156.0,-20.0,0.0,1.0,1.0,3.0,5.0,0.0
540,1785849420.3457,-0.00212,0.02204,-0.38100,-0.04693,0.00095,-0.00035,-80.0,-60.0,-20.0,-72.0,-108.0,-44.0,1.0,2.0,0.0,0.0,1.0,1.0
541,1785849420.3791,-0.00079,0.02339,-0.37989,-0.04424,0.00073,-0.00033,-68.0,60.0,-28.0,128.0,-64.0,20.0,1.0,2.0,0.0,5.0,1.0,0.0
542,1785849420.4124,0.00038,0.02499,-0.38022,-0.04370,0.00054,-0.00032,80.0,112.0,-28.0,188.0,32.0,-56.0,2.0,4.0,0.0,6.0,0.0,1.0
543,1785849420.4459,0.00020,0.02378,-0.38509,-0.04691,0.00052,-0.00029,104.0,160.0,-64.0,196.0,0.0,44.0,1.0,4.0,1.0,3.0,0.0,1.0
544,1785849420.4793,-0.00057,0.02194,-0.38864,-0.04915,0.00053,-0.00029,-68.0,152.0,-176.0,-32.0,72.0,64.0,1.0,1.0,4.0,2.0,2.0,1.0
545,1785849420.5127,-0.00082,0.02394,-0.38702,-0.04863,0.00054,-0.00032,-76.0,56.0,-100.0,-164.0,248.0,-20.0,1.0,0.0,1.0,4.0,9.0,0.0
546,1785849420.5461,0.00025,0.03030,-0.38180,-0.04504,0.00051,-0.00037,44.0,92.0,0.0,-168.0,180.0,32.0,0.0,2.0,0.0,2.0,0.0,1.0
547,1785849420.5795,0.00035,0.03357,-0.38110,-0.04305,0.00056,-0.00042,80.0,132.0,-24.0,-164.0,152.0,28.0,2.0,4.0,1.0,2.0,3.0,0.0
548,1785849420.6129,-0.00060,0.03352,-0.38322,-0.04452,0.00071,-0.00045,68.0,164.0,-60.0,-132.0,308.0,-24.0,0.0,2.0,1.0,0.0,10.0,1.0
549,1785849420.6462,-0.00096,0.03326,-0.38358,-0.04607,0.00087,-0.00050,-48.0,-40.0,-24.0,-36.0,268.0,40.0,1.0,1.0,1.0,0.0,1.0,0.0
550,1785849420.6798,0.00039,0.03444,-0.38139,-0.04595,0.00093,-0.00053,52.0,-136.0,-92.0,-100.0,92.0,-36.0,1.0,4.0,4.0,2.0,0.0,0.0
551,1785849420.7130,0.00177,0.03804,-0.37729,-0.04214,0.00086,-0.00055,80.0,-56.0,72.0,-128.0,-36.0,-40.0,2.0,0.0,1.0,0.0,0.0,0.0
552,1785849420.8302,0.00166,0.03823,-0.37828,-0.04093,0.00086,-0.00056,48.0,44.0,20.0,-24.0,24.0,0.0,1.0,1.0,1.0,0.0,0.0,0.0
553,1785849420.8636,0.00086,0.03524,-0.38094,-0.04168,0.00086,-0.00058,-68.0,-80.0,-20.0,92.0,-76.0,80.0,1.0,3.0,0.0,3.0,1.0,2.0
554,1785849420.8970,0.00035,0.03183,-0.38216,-0.04304,0.00081,-0.00058,-20.0,-172.0,68.0,56.0,52.0,40.0,0.0,3.0,3.0,0.0,2.0,0.0
555,1785849420.9303,-0.00001,0.03278,-0.37845,-0.04013,0.00069,-0.00060,40.0,24.0,60.0,-52.0,-24.0,20.0,0.0,1.0,1.0,0.0,0.0,0.0
556,1785849420.9637,-0.00094,0.03713,-0.37185,-0.03634,0.00062,-0.00062,-20.0,88.0,96.0,64.0,-128.0,24.0,0.0,1.0,2.0,2.0,3.0,0.0
557,1785849420.9971,-0.00157,0.03678,-0.37029,-0.03821,0.00067,-0.00060,20.0,52.0,92.0,24.0,60.0,56.0,0.0,0.0,1.0,0.0,1.0,1.0
558,1785849421.0305,-0.00086,0.03766,-0.36586,-0.03805,0.00064,-0.00058,24.0,140.0,-20.0,-36.0,-44.0,36.0,0.0,3.0,0.0,0.0,0.0,0.0
559,1785849421.0639,-0.00030,0.03916,-0.36369,-0.03805,0.00062,-0.00057,76.0,-80.0,32.0,36.0,36.0,20.0,2.0,3.0,1.0,1.0,0.0,0.0
560,1785849421.0973,0.00026,0.04025,-0.36388,-0.03794,0.00059,-0.00056,32.0,-136.0,-36.0,-36.0,-88.0,-28.0,0.0,1.0,1.0,0.0,3.0,0.0
561,1785849421.1307,0.00040,0.04049,-0.36611,-0.03561,0.00053,-0.00056,-80.0,60.0,-88.0,32.0,-160.0,32.0,1.0,1.0,2.0,0.0,3.0,0.0
562,1785849421.1641,0.00029,0.03724,-0.37487,-0.03744,0.00054,-0.00055,24.0,-28.0,-152.0,32.0,64.0,52.0,0.0,0.0,3.0,0.0,2.0,1.0
563,1785849421.1975,0.00001,0.03599,-0.38011,-0.03861,0.00056,-0.00057,40.0,36.0,40.0,32.0,68.0,-40.0,1.0,0.0,1.0,1.0,0.0,0.0
564,1785849421.2309,-0.00013,0.03643,-0.38063,-0.03784,0.00056,-0.00059,72.0,40.0,40.0,20.0,-48.0,32.0,2.0,0.0,1.0,0.0,0.0,1.0
565,1785849421.2642,-0.00058,0.03866,-0.37764,-0.03671,0.00058,-0.00059,28.0,-36.0,76.0,-48.0,80.0,44.0,0.0,1.0,1.0,1.0,2.0,0.0
566,1785849421.2977,-0.00088,0.04187,-0.37153,-0.03495,0.00059,-0.00060,52.0,-88.0,108.0,28.0,112.0,28.0,0.0,2.0,3.0,0.0,0.0,0.0
567,1785849421.3310,0.00004,0.03913,-0.37088,-0.03625,0.00061,-0.00059,-48.0,-40.0,56.0,-20.0,-56.0,24.0,2.0,0.0,0.0,0.0,1.0,0.0
568,1785849421.3645,0.00069,0.03677,-0.37082,-0.03649,0.00059,-0.00057,-28.0,-64.0,-44.0,64.0,-88.0,64.0,0.0,1.0,1.0,2.0,1.0,2.0
569,1785849421.3979,0.00023,0.03748,-0.36960,-0.03529,0.00058,-0.00057,80.0,-168.0,-44.0,-24.0,20.0,-28.0,1.0,4.0,1.0,0.0,1.0,0.0
570,1785849421.4312,-0.00010,0.03943,-0.36642,-0.03230,0.00054,-0.00058,-40.0,44.0,-72.0,-68.0,52.0,32.0,1.0,2.0,0.0,0.0,0.0,0.0
571,1785849421.4647,0.00008,0.04091,-0.36344,-0.02991,0.00047,-0.00059,20.0,204.0,92.0,100.0,44.0,32.0,0.0,8.0,2.0,3.0,0.0,0.0
572,1785849421.4980,0.00076,0.03797,-0.36837,-0.03504,0.00052,-0.00057,60.0,20.0,108.0,-20.0,-48.0,36.0,1.0,0.0,1.0,0.0,1.0,1.0
573,1785849421.5314,0.00109,0.03848,-0.36847,-0.03625,0.00054,-0.00056,-44.0,-136.0,68.0,40.0,-28.0,60.0,1.0,4.0,3.0,0.0,0.0,1.0
574,1785849421.5648,0.00077,0.04202,-0.36419,-0.03242,0.00049,-0.00057,-24.0,-64.0,20.0,-40.0,68.0,24.0,0.0,0.0,1.0,0.0,1.0,0.0
575,1785849421.5981,0.00033,0.04415,-0.36223,-0.03039,0.00046,-0.00058,-64.0,56.0,-156.0,-52.0,44.0,40.0,1.0,0.0,4.0,1.0,0.0,1.0
576,1785849421.6315,0.00027,0.04343,-0.36637,-0.03134,0.00047,-0.00059,-28.0,-36.0,-48.0,128.0,-40.0,36.0,0.0,0.0,0.0,3.0,1.0,0.0
577,1785849421.6649,0.00056,0.03887,-0.37462,-0.03428,0.00053,-0.00059,28.0,-92.0,72.0,-64.0,32.0,44.0,0.0,1.0,1.0,3.0,0.0,1.0
578,1785849421.6983,0.00034,0.03933,-0.37526,-0.03309,0.00053,-0.00061,52.0,52.0,0.0,-44.0,64.0,44.0,1.0,0.0,0.0,0.0,1.0,1.0
579,1785849421.7318,-0.00015,0.04242,-0.37047,-0.03090,0.00052,-0.00063,-48.0,-48.0,36.0,36.0,40.0,32.0,1.0,1.0,0.0,0.0,0.0,0.0
580,1785849421.7650,-0.00059,0.04205,-0.36786,-0.03092,0.00053,-0.00064,24.0,-64.0,80.0,84.0,-44.0,64.0,0.0,1.0,2.0,3.0,1.0,1.0
581,1785849421.7984,-0.00053,0.03978,-0.36892,-0.03208,0.00054,-0.00063,-28.0,40.0,72.0,24.0,-48.0,-24.0,0.0,1.0,1.0,0.0,0.0,0.0
582,1785849421.8319,0.00021,0.04064,-0.36845,-0.03181,0.00051,-0.00061,-56.0,-68.0,-44.0,-48.0,48.0,40.0,1.0,1.0,1.0,0.0,0.0,0.0
583,1785849421.8652,0.00024,0.04141,-0.36738,-0.03057,0.00049,-0.00062,52.0,-48.0,-96.0,80.0,-32.0,-20.0,1.0,0.0,4.0,1.0,0.0,0.0
584,1785849421.8987,-0.00042,0.04090,-0.36672,-0.02943,0.00049,-0.00063,56.0,80.0,36.0,68.0,56.0,-20.0,1.0,1.0,1.0,2.0,0.0,0.0
585,1785849421.9320,-0.00040,0.03924,-0.36915,-0.03165,0.00053,-0.00064,-56.0,-88.0,184.0,-36.0,20.0,0.0,1.0,2.0,6.0,1.0,0.0,0.0
586,1785849421.9654,0.00029,0.03804,-0.37049,-0.03281,0.00053,-0.00062,-56.0,-84.0,64.0,-60.0,-32.0,60.0,1.0,0.0,0.0,1.0,0.0,1.0
587,1785849421.9989,0.00020,0.04052,-0.36472,-0.02920,0.00047,-0.00063,52.0,128.0,0.0,-24.0,-88.0,-20.0,1.0,5.0,0.0,0.0,1.0,0.0
588,1785849422.0322,-0.00060,0.04111,-0.36246,-0.02968,0.00048,-0.00063,0.0,52.0,76.0,60.0,40.0,20.0,0.0,0.0,3.0,2.0,1.0,0.0
589,1785849422.0656,-0.00103,0.04060,-0.36261,-0.03129,0.00050,-0.00063,-68.0,-88.0,48.0,140.0,24.0,32.0,2.0,2.0,1.0,3.0,0.0,0.0
590,1785849422.0990,-0.00094,0.03942,-0.36409,-0.03160,0.00050,-0.00063,20.0,-60.0,-20.0,-48.0,44.0,28.0,0.0,1.0,0.0,2.0,1.0,0.0
591,1785849422.1324,0.00000,0.04043,-0.36620,-0.03113,0.00050,-0.00063,72.0,24.0,-56.0,-40.0,64.0,20.0,2.0,0.0,0.0,0.0,2.0,0.0
592,1785849422.1659,0.00113,0.04178,-0.36588,-0.03001,0.00047,-0.00061,24.0,64.0,48.0,-32.0,60.0,32.0,0.0,1.0,2.0,0.0,0.0,0.0
593,1785849422.1991,0.00132,0.03940,-0.36866,-0.03147,0.00048,-0.00062,-20.0,20.0,108.0,-24.0,-36.0,28.0,1.0,0.0,3.0,1.0,1.0,0.0
594,1785849422.2325,0.00038,0.03852,-0.36991,-0.03241,0.00052,-0.00063,-32.0,-40.0,-32.0,-68.0,-60.0,20.0,1.0,0.0,0.0,1.0,1.0,0.0
595,1785849422.2659,-0.00016,0.03999,-0.36829,-0.03129,0.00052,-0.00064,-72.0,-48.0,100.0,60.0,-104.0,-20.0,1.0,0.0,3.0,2.0,1.0,0.0
596,1785849422.2993,0.00010,0.03989,-0.36692,-0.03060,0.00049,-0.00062,-44.0,84.0,60.0,-20.0,116.0,44.0,0.0,2.0,2.0,0.0,3.0,0.0
597,1785849422.3327,-0.00043,0.03833,-0.36781,-0.03161,0.00054,-0.00064,76.0,96.0,20.0,-68.0,52.0,-32.0,2.0,0.0,1.0,0.0,0.0,0.0
598,1785849422.3660,-0.00039,0.03811,-0.36878,-0.03237,0.00056,-0.00065,76.0,-92.0,80.0,56.0,-60.0,24.0,0.0,3.0,1.0,1.0,1.0,0.0
599,1785849422.3994,0.00009,0.03901,-0.36816,-0.03156,0.00054,-0.00064,-48.0,84.0,28.0,-56.0,-44.0,20.0,1.0,3.0,0.0,1.0,0.0,0.0
600,1785849422.4329,0.00064,0.04237,-0.36645,-0.03079,0.00051,-0.00062,-56.0,72.0,-28.0,0.0,24.0,32.0,1.0,0.0,0.0,0.0,0.0,0.0
601,1785849422.4662,0.00156,0.04554,-0.36498,-0.03077,0.00047,-0.00061,-20.0,-20.0,-76.0,-52.0,-112.0,28.0,0.0,0.0,0.0,0.0,2.0,0.0
602,1785849422.5863,0.00170,0.04634,-0.36522,-0.03177,0.00043,-0.00058,-24.0,28.0,72.0,0.0,20.0,32.0,0.0,0.0,3.0,0.0,0.0,0.0
603,1785849422.6197,0.00092,0.04573,-0.36494,-0.03121,0.00043,-0.00060,24.0,-64.0,64.0,108.0,56.0,40.0,0.0,1.0,2.0,4.0,1.0,1.0
604,1785849422.6530,-0.00033,0.04362,-0.36658,-0.03243,0.00050,-0.00063,-60.0,-272.0,100.0,108.0,-40.0,-28.0,2.0,18.0,4.0,0.0,1.0,0.0
605,1785849422.6864,-0.00056,0.04103,-0.36635,-0.03115,0.00050,-0.00063,-60.0,-192.0,108.0,-60.0,108.0,28.0,0.0,1.0,4.0,1.0,4.0,0.0
606,1785849422.7198,0.00106,0.04022,-0.36427,-0.02783,0.00042,-0.00063,40.0,40.0,60.0,0.0,88.0,52.0,0.0,2.0,2.0,0.0,0.0,1.0
607,1785849422.7532,0.00103,0.03834,-0.36481,-0.02835,0.00045,-0.00063,-32.0,40.0,52.0,44.0,-96.0,32.0,0.0,0.0,1.0,1.0,3.0,0.0
608,1785849422.7867,-0.00011,0.03824,-0.36431,-0.02936,0.00049,-0.00063,20.0,-64.0,128.0,-32.0,44.0,40.0,0.0,2.0,9.0,0.0,1.0,0.0
609,1785849422.8200,-0.00090,0.03890,-0.36416,-0.02923,0.00050,-0.00065,-92.0,32.0,104.0,-20.0,28.0,48.0,3.0,1.0,4.0,0.0,0.0,1.0
610,1785849422.8534,-0.00113,0.04120,-0.36386,-0.02837,0.00048,-0.00065,-160.0,-28.0,156.0,0.0,56.0,52.0,4.0,0.0,10.0,0.0,1.0,1.0
611,1785849422.8868,-0.00094,0.04239,-0.36396,-0.02807,0.00046,-0.00065,96.0,-64.0,-56.0,-32.0,-44.0,32.0,4.0,2.0,1.0,0.0,1.0,1.0
612,1785849422.9202,-0.00114,0.04248,-0.36511,-0.02737,0.00046,-0.00066,60.0,-72.0,-40.0,32.0,24.0,48.0,0.0,0.0,0.0,1.0,0.0,1.0
613,1785849422.9536,-0.00132,0.04154,-0.36641,-0.02717,0.00048,-0.00067,0.0,-72.0,84.0,-60.0,-20.0,44.0,0.0,2.0,2.0,1.0,0.0,1.0
614,1785849422.9870,-0.00174,0.03983,-0.36811,-0.02812,0.00050,-0.00068,32.0,-24.0,120.0,-28.0,-44.0,56.0,0.0,0.0,4.0,0.0,1.0,2.0
615,1785849423.0203,-0.00157,0.03879,-0.36768,-0.02811,0.00048,-0.00067,-36.0,-72.0,100.0,68.0,-36.0,44.0,1.0,1.0,4.0,1.0,0.0,1.0
616,1785849423.0538,0.00036,0.03842,-0.36581,-0.02779,0.00042,-0.00063,20.0,-56.0,180.0,0.0,-32.0,32.0,0.0,0.0,10.0,0.0,1.0,1.0
617,1785849423.0871,0.00075,0.03994,-0.36096,-0.02648,0.00038,-0.00062,48.0,64.0,44.0,-36.0,24.0,32.0,1.0,1.0,1.0,0.0,0.0,0.0
618,1785849423.1205,-0.00006,0.04112,-0.35891,-0.02660,0.00041,-0.00063,120.0,128.0,32.0,-24.0,56.0,24.0,4.0,2.0,1.0,0.0,1.0,0.0
619,1785849423.1539,0.00023,0.04132,-0.35975,-0.02752,0.00042,-0.00063,-32.0,64.0,96.0,-52.0,40.0,28.0,1.0,0.0,4.0,1.0,0.0,0.0
620,1785849423.1873,0.00093,0.04197,-0.36072,-0.02832,0.00043,-0.00061,-160.0,-36.0,56.0,0.0,-40.0,40.0,6.0,1.0,2.0,0.0,0.0,0.0
621,1785849423.2206,0.00111,0.04339,-0.36053,-0.02789,0.00043,-0.00061,0.0,-36.0,-20.0,60.0,-20.0,20.0,0.0,0.0,0.0,2.0,0.0,0.0
622,1785849423.2540,0.00060,0.04443,-0.36152,-0.02725,0.00044,-0.00063,68.0,28.0,0.0,52.0,32.0,48.0,2.0,0.0,0.0,0.0,0.0,2.0
623,1785849423.2874,-0.00034,0.04299,-0.36648,-0.02903,0.00047,-0.00065,36.0,60.0,84.0,-56.0,28.0,36.0,0.0,0.0,4.0,0.0,0.0,1.0
624,1785849423.3208,-0.00160,0.04133,-0.37055,-0.03049,0.00050,-0.00068,-48.0,36.0,-24.0,-44.0,-44.0,24.0,1.0,0.0,0.0,0.0,1.0,0.0
625,1785849423.3543,-0.00185,0.04097,-0.37051,-0.03064,0.00052,-0.00068,44.0,-52.0,68.0,52.0,-32.0,64.0,1.0,1.0,2.0,1.0,0.0,1.0
626,1785849423.3877,-0.00015,0.04257,-0.36629,-0.02868,0.00046,-0.00065,36.0,-120.0,132.0,40.0,36.0,0.0,0.0,2.0,7.0,1.0,1.0,0.0
627,1785849423.4210,0.00045,0.04300,-0.36134,-0.02680,0.00042,-0.00064,60.0,40.0,204.0,76.0,124.0,32.0,2.0,1.0,14.0,3.0,3.0,0.0
628,1785849423.4544,-0.00058,0.04119,-0.35833,-0.02729,0.00049,-0.00066,84.0,24.0,84.0,192.0,56.0,40.0,0.0,0.0,3.0,7.0,0.0,1.0
629,1785849423.4878,0.00015,0.03867,-0.35919,-0.02973,0.00054,-0.00065,-40.0,-112.0,-48.0,28.0,-112.0,28.0,0.0,4.0,1.0,0.0,3.0,0.0
630,1785849423.5212,0.00124,0.03867,-0.35933,-0.02878,0.00051,-0.00062,-68.0,20.0,56.0,-144.0,52.0,0.0,2.0,1.0,2.0,2.0,1.0,0.0
631,1785849423.5546,0.00115,0.04117,-0.35846,-0.02561,0.00045,-0.00063,64.0,72.0,20.0,-24.0,-60.0,20.0,2.0,2.0,0.0,0.0,1.0,0.0
632,1785849423.5880,0.00048,0.04058,-0.36345,-0.02746,0.00047,-0.00065,24.0,-68.0,-112.0,36.0,-112.0,24.0,0.0,2.0,1.0,0.0,1.0,0.0
633,1785849423.6214,0.00003,0.03980,-0.36757,-0.02822,0.00045,-0.00065,-84.0,-80.0,68.0,-68.0,-80.0,44.0,2.0,0.0,3.0,1.0,1.0,1.0
634,1785849423.6548,-0.00030,0.03914,-0.36896,-0.02838,0.00043,-0.00065,52.0,20.0,160.0,-112.0,-40.0,60.0,1.0,0.0,5.0,1.0,0.0,1.0
635,1785849423.6881,-0.00031,0.04037,-0.36752,-0.02756,0.00041,-0.00065,28.0,68.0,-20.0,136.0,20.0,-28.0,0.0,1.0,0.0,5.0,0.0,0.0
636,1785849423.7215,0.00019,0.03974,-0.36744,-0.02836,0.00039,-0.00064,-24.0,-56.0,-24.0,144.0,-24.0,20.0,0.0,1.0,0.0,2.0,0.0,0.0
637,1785849423.7549,0.00009,0.03914,-0.36561,-0.02852,0.00041,-0.00063,20.0,-28.0,108.0,-76.0,28.0,32.0,0.0,0.0,4.0,2.0,0.0,0.0
638,1785849423.7883,-0.00039,0.04115,-0.36104,-0.02666,0.00042,-0.00064,0.0,28.0,108.0,-20.0,32.0,-20.0,0.0,1.0,4.0,0.0,1.0,0.0
639,1785849423.8216,-0.00060,0.04144,-0.35965,-0.02596,0.00041,-0.00064,40.0,48.0,140.0,108.0,44.0,44.0,0.0,0.0,8.0,3.0,1.0,1.0
640,1785849423.8550,-0.00085,0.03974,-0.36242,-0.02775,0.00046,-0.00065,-32.0,60.0,68.0,-44.0,40.0,-20.0,1.0,1.0,2.0,1.0,1.0,0.0
641,1785849423.8884,-0.00066,0.03985,-0.36458,-0.02884,0.00048,-0.00064,-44.0,-36.0,-48.0,-20.0,-32.0,28.0,1.0,1.0,0.0,0.0,0.0,0.0
642,1785849423.9219,-0.00041,0.04080,-0.36508,-0.02841,0.00048,-0.00064,48.0,68.0,-20.0,-28.0,48.0,44.0,0.0,1.0,0.0,0.0,1.0,1.0
643,1785849423.9552,-0.00011,0.04189,-0.36493,-0.02798,0.00046,-0.00064,92.0,96.0,-68.0,-52.0,40.0,-24.0,1.0,0.0,0.0,0.0,0.0,0.0
644,1785849423.9887,0.00054,0.04335,-0.36490,-0.02843,0.00044,-0.00063,-48.0,-84.0,80.0,96.0,-32.0,48.0,0.0,2.0,3.0,2.0,0.0,1.0
645,1785849424.0220,0.00102,0.04238,-0.36510,-0.02897,0.00043,-0.00062,0.0,-36.0,180.0,-48.0,-52.0,24.0,0.0,0.0,7.0,1.0,1.0,0.0
646,1785849424.0554,0.00121,0.04171,-0.36326,-0.02816,0.00042,-0.00061,-20.0,-32.0,84.0,32.0,-64.0,20.0,0.0,0.0,3.0,1.0,1.0,0.0
647,1785849424.0888,0.00085,0.04036,-0.36312,-0.02911,0.00045,-0.00061,-60.0,-40.0,-52.0,44.0,60.0,0.0,2.0,0.0,0.0,1.0,1.0,0.0
648,1785849424.1222,0.00024,0.03932,-0.36297,-0.02946,0.00046,-0.00062,44.0,-100.0,104.0,-56.0,56.0,32.0,1.0,2.0,4.0,1.0,0.0,0.0
649,1785849424.1556,-0.00043,0.04033,-0.35974,-0.02723,0.00046,-0.00064,32.0,28.0,0.0,-60.0,-52.0,-24.0,0.0,0.0,0.0,0.0,1.0,0.0
650,1785849424.1890,-0.00014,0.04128,-0.36068,-0.02756,0.00050,-0.00064,-36.0,96.0,-28.0,60.0,-56.0,52.0,1.0,2.0,0.0,1.0,1.0,1.0
651,1785849424.2223,0.00021,0.04157,-0.36318,-0.02855,0.00053,-0.00063,48.0,60.0,24.0,-28.0,52.0,28.0,1.0,0.0,1.0,0.0,1.0,0.0
652,1785849424.3418,0.00015,0.04136,-0.36633,-0.02986,0.00054,-0.00063,20.0,28.0,32.0,20.0,0.0,36.0,0.0,0.0,0.0,0.0,0.0,0.0
653,1785849424.3750,0.00012,0.04188,-0.36736,-0.02958,0.00051,-0.00064,-56.0,-84.0,-96.0,104.0,-80.0,32.0,1.0,2.0,4.0,5.0,2.0,1.0
654,1785849424.4084,-0.00005,0.04211,-0.36619,-0.02856,0.00047,-0.00063,40.0,40.0,-116.0,112.0,-212.0,64.0,1.0,1.0,2.0,1.0,5.0,2.0
655,1785849424.4418,-0.00035,0.04020,-0.36630,-0.02908,0.00048,-0.00061,-60.0,-36.0,76.0,-28.0,28.0,-20.0,1.0,0.0,2.0,1.0,1.0,0.0
656,1785849424.4751,0.00045,0.04010,-0.36489,-0.02869,0.00045,-0.00059,-56.0,-108.0,100.0,-20.0,116.0,-20.0,0.0,3.0,3.0,0.0,2.0,0.0
657,1785849424.5085,0.00053,0.04000,-0.36470,-0.02780,0.00042,-0.00060,68.0,72.0,116.0,-32.0,-72.0,48.0,2.0,2.0,2.0,0.0,1.0,0.0
658,1785849424.5419,0.00044,0.04007,-0.36572,-0.02848,0.00042,-0.00060,56.0,76.0,-80.0,-44.0,-104.0,36.0,1.0,1.0,2.0,1.0,1.0,0.0
659,1785849424.5753,0.00091,0.04157,-0.36502,-0.02907,0.00042,-0.00058,-44.0,52.0,-96.0,40.0,-52.0,24.0,1.0,0.0,0.0,1.0,0.0,0.0
660,1785849424.6086,0.00115,0.04184,-0.36523,-0.02945,0.00043,-0.00056,-116.0,-136.0,40.0,-20.0,-48.0,44.0,2.0,5.0,1.0,0.0,0.0,1.0
661,1785849424.6420,0.00139,0.04217,-0.36413,-0.02795,0.00039,-0.00056,84.0,-32.0,108.0,32.0,-32.0,40.0,3.0,0.0,2.0,0.0,0.0,1.0
662,1785849424.6754,0.00157,0.04175,-0.36319,-0.02745,0.00035,-0.00056,20.0,-60.0,60.0,52.0,-44.0,28.0,0.0,1.0,0.0,1.0,0.0,0.0
663,1785849424.7088,0.00082,0.04028,-0.36267,-0.02774,0.00038,-0.00056,-108.0,-92.0,52.0,-36.0,-36.0,48.0,2.0,1.0,0.0,0.0,0.0,1.0
664,1785849424.7422,-0.00052,0.03861,-0.36305,-0.02751,0.00040,-0.00059,-52.0,44.0,80.0,24.0,-36.0,-24.0,0.0,0.0,3.0,0.0,1.0,0.0
665,1785849424.7757,-0.00114,0.03725,-0.36489,-0.02840,0.00044,-0.00060,-76.0,52.0,-32.0,24.0,-40.0,24.0,1.0,0.0,1.0,0.0,0.0,0.0
666,1785849424.8090,-0.00099,0.03719,-0.36590,-0.02913,0.00047,-0.00059,-48.0,-60.0,-96.0,-44.0,-40.0,32.0,0.0,1.0,2.0,0.0,1.0,0.0
667,1785849424.8424,-0.00167,0.03983,-0.36430,-0.02715,0.00047,-0.00061,64.0,-28.0,44.0,20.0,44.0,-28.0,1.0,0.0,0.0,1.0,0.0,0.0
668,1785849424.8758,-0.00238,0.04081,-0.36327,-0.02644,0.00046,-0.00062,36.0,56.0,192.0,24.0,120.0,28.0,0.0,0.0,7.0,0.0,2.0,0.0
669,1785849424.9091,-0.00217,0.04013,-0.36385,-0.02801,0.00048,-0.00063,-48.0,128.0,56.0,68.0,-64.0,24.0,1.0,2.0,0.0,2.0,1.0,0.0
670,1785849424.9426,-0.00133,0.04027,-0.36384,-0.02913,0.00048,-0.00060,-32.0,-36.0,-60.0,-36.0,-120.0,28.0,0.0,0.0,1.0,0.0,2.0,0.0
671,1785849424.9759,0.00006,0.04181,-0.36338,-0.02887,0.00047,-0.00057,56.0,-48.0,0.0,-28.0,64.0,-24.0,1.0,1.0,0.0,0.0,3.0,0.0
672,1785849425.0093,0.00120,0.04343,-0.36126,-0.02726,0.00043,-0.00055,72.0,40.0,0.0,-32.0,160.0,36.0,1.0,1.0,0.0,0.0,3.0,1.0
673,1785849425.0428,0.00142,0.04263,-0.36308,-0.02824,0.00043,-0.00056,-20.0,-56.0,0.0,-48.0,-32.0,-20.0,0.0,1.0,0.0,0.0,0.0,0.0
674,1785849425.0761,0.00078,0.04116,-0.36527,-0.02872,0.00042,-0.00058,-68.0,-96.0,68.0,-60.0,-40.0,32.0,1.0,3.0,2.0,1.0,0.0,0.0
675,1785849425.1096,0.00064,0.04039,-0.36517,-0.02799,0.00043,-0.00058,-64.0,-100.0,144.0,40.0,-128.0,-24.0,0.0,1.0,5.0,1.0,2.0,0.0
676,1785849425.1429,0.00090,0.03921,-0.36628,-0.02818,0.00043,-0.00057,-56.0,32.0,52.0,52.0,52.0,0.0,1.0,0.0,2.0,0.0,2.0,0.0
677,1785849425.1763,-0.00012,0.03848,-0.36776,-0.02933,0.00047,-0.00058,56.0,48.0,20.0,24.0,68.0,48.0,0.0,0.0,0.0,0.0,0.0,0.0
678,1785849425.2098,-0.00138,0.03962,-0.36392,-0.02824,0.00046,-0.00060,92.0,72.0,0.0,-32.0,112.0,32.0,1.0,0.0,0.0,0.0,2.0,1.0
679,1785849425.2431,-0.00126,0.04109,-0.35992,-0.02700,0.00044,-0.00061,-100.0,-44.0,136.0,-52.0,-64.0,-28.0,3.0,1.0,8.0,0.0,1.0,0.0
680,1785849425.2765,-0.00047,0.04172,-0.35860,-0.02674,0.00043,-0.00059,48.0,-92.0,220.0,64.0,-36.0,0.0,2.0,4.0,13.0,1.0,0.0,0.0
681,1785849425.3098,-0.00009,0.04045,-0.35982,-0.02747,0.00045,-0.00058,88.0,-48.0,44.0,72.0,-28.0,40.0,2.0,0.0,1.0,1.0,0.0,1.0
682,1785849425.3433,0.00034,0.03912,-0.36077,-0.02869,0.00046,-0.00057,-36.0,32.0,-116.0,-44.0,88.0,-28.0,1.0,0.0,2.0,0.0,2.0,0.0
683,1785849425.3766,0.00035,0.04109,-0.35909,-0.02693,0.00041,-0.00058,-64.0,84.0,-28.0,-28.0,-36.0,36.0,2.0,1.0,0.0,0.0,0.0,0.0
684,1785849425.4100,-0.00004,0.04155,-0.36086,-0.02701,0.00042,-0.00059,28.0,-52.0,84.0,20.0,-32.0,-24.0,0.0,0.0,4.0,0.0,0.0,0.0
685,1785849425.4434,0.00026,0.04142,-0.36454,-0.02723,0.00044,-0.00059,52.0,-56.0,80.0,72.0,56.0,0.0,0.0,1.0,2.0,2.0,1.0,0.0
686,1785849425.4768,0.00034,0.04068,-0.36819,-0.02837,0.00046,-0.00060,-20.0,44.0,-32.0,0.0,32.0,0.0,0.0,0.0,0.0,0.0,0.0,0.0
687,1785849425.5102,-0.00044,0.04087,-0.36786,-0.02827,0.00048,-0.00061,-40.0,-36.0,28.0,56.0,20.0,20.0,1.0,0.0,1.0,2.0,0.0,0.0
688,1785849425.5437,-0.00028,0.04142,-0.36500,-0.02768,0.00046,-0.00061,-24.0,-24.0,48.0,-36.0,-40.0,20.0,0.0,0.0,1.0,0.0,1.0,0.0
689,1785849425.5770,0.00034,0.04142,-0.36311,-0.02713,0.00043,-0.00060,0.0,-84.0,104.0,24.0,-84.0,-20.0,0.0,2.0,3.0,1.0,2.0,0.0
690,1785849425.6104,0.00025,0.04129,-0.36226,-0.02674,0.00043,-0.00059,-80.0,-20.0,-20.0,-32.0,-60.0,0.0,3.0,0.0,0.0,0.0,0.0,0.0
691,1785849425.6439,-0.00001,0.04096,-0.36306,-0.02699,0.00043,-0.00060,-32.0,44.0,80.0,-36.0,52.0,24.0,0.0,0.0,2.0,0.0,1.0,0.0
692,1785849425.6772,0.00009,0.04123,-0.36326,-0.02698,0.00042,-0.00060,-24.0,-68.0,132.0,36.0,-20.0,-20.0,0.0,1.0,5.0,0.0,0.0,0.0
693,1785849425.7106,-0.00002,0.04127,-0.36297,-0.02672,0.00041,-0.00060,60.0,96.0,-68.0,52.0,-68.0,32.0,1.0,4.0,2.0,0.0,1.0,0.0
694,1785849425.7440,-0.00004,0.04163,-0.36321,-0.02713,0.00042,-0.00060,20.0,-24.0,40.0,-32.0,0.0,-24.0,0.0,0.0,1.0,1.0,0.0,0.0
695,1785849425.7773,-0.00008,0.04193,-0.36186,-0.02673,0.00043,-0.00059,-24.0,-52.0,160.0,0.0,64.0,0.0,1.0,1.0,6.0,0.0,2.0,0.0
696,1785849425.8108,-0.00008,0.04092,-0.36045,-0.02680,0.00042,-0.00060,40.0,-76.0,72.0,-44.0,32.0,0.0,0.0,0.0,1.0,0.0,0.0,0.0
697,1785849425.8441,-0.00005,0.04044,-0.36105,-0.02669,0.00041,-0.00060,-24.0,52.0,20.0,24.0,24.0,0.0,0.0,0.0,1.0,0.0,0.0,0.0
698,1785849425.8775,0.00003,0.04047,-0.36176,-0.02692,0.00042,-0.00060,20.0,0.0,24.0,-40.0,-60.0,-24.0,1.0,0.0,1.0,0.0,1.0,0.0
699,1785849425.9109,0.00002,0.04065,-0.36087,-0.02678,0.00043,-0.00060,24.0,64.0,-48.0,48.0,44.0,-48.0,0.0,0.0,1.0,1.0,2.0,1.0
700,1785849425.9442,-0.00010,0.04243,-0.36012,-0.02667,0.00045,-0.00059,-20.0,100.0,-64.0,36.0,124.0,36.0,1.0,0.0,0.0,0.0,3.0,0.0
701,1785849425.9777,0.00016,0.04408,-0.36199,-0.02705,0.00044,-0.00060,32.0,-48.0,100.0,72.0,-68.0,-24.0,0.0,1.0,3.0,2.0,2.0,0.0
702,1785849426.0951,-0.00010,0.04323,-0.36598,-0.02799,0.00046,-0.00060,28.0,-32.0,76.0,40.0,0.0,0.0,0.0,1.0,3.0,1.0,0.0,0.0
703,1785849426.1284,-0.00073,0.04264,-0.36885,-0.02829,0.00047,-0.00062,-28.0,-44.0,-56.0,72.0,-68.0,32.0,0.0,1.0,1.0,1.0,2.0,0.0
704,1785849426.1618,-0.00054,0.04095,-0.36953,-0.02868,0.00046,-0.00061,-60.0,-120.0,-68.0,108.0,32.0,0.0,1.0,3.0,0.0,2.0,0.0,0.0
705,1785849426.1951,0.00013,0.04103,-0.36337,-0.02687,0.00041,-0.00060,-56.0,-148.0,76.0,-68.0,0.0,-20.0,0.0,4.0,2.0,1.0,0.0,0.0
706,1785849426.2286,0.00046,0.04035,-0.35848,-0.02557,0.00037,-0.00059,136.0,-100.0,220.0,-32.0,-28.0,28.0,4.0,2.0,9.0,0.0,0.0,0.0
707,1785849426.2620,0.00062,0.03824,-0.35839,-0.02584,0.00038,-0.00058,-44.0,52.0,136.0,28.0,132.0,32.0,1.0,2.0,3.0,1.0,3.0,0.0
708,1785849426.2954,0.00038,0.03683,-0.35873,-0.02633,0.00042,-0.00059,-64.0,92.0,-20.0,-28.0,28.0,-32.0,1.0,2.0,0.0,0.0,0.0,0.0
709,1785849426.3288,0.00035,0.03691,-0.35991,-0.02773,0.00045,-0.00059,-28.0,-96.0,-124.0,56.0,-80.0,-24.0,0.0,3.0,1.0,1.0,2.0,0.0
710,1785849426.3622,0.00034,0.03935,-0.35811,-0.02599,0.00042,-0.00060,-24.0,20.0,-48.0,-48.0,28.0,28.0,0.0,0.0,0.0,1.0,1.0,0.0
711,1785849426.3956,0.00021,0.04059,-0.36041,-0.02560,0.00041,-0.00061,40.0,52.0,48.0,-84.0,-48.0,-20.0,0.0,1.0,1.0,2.0,1.0,0.0
712,1785849426.4289,-0.00044,0.04049,-0.36456,-0.02656,0.00044,-0.00062,-24.0,-20.0,128.0,56.0,56.0,0.0,0.0,0.0,3.0,1.0,2.0,0.0
713,1785849426.4623,-0.00068,0.03954,-0.36584,-0.02741,0.00045,-0.00062,20.0,-40.0,0.0,84.0,48.0,0.0,0.0,0.0,0.0,1.0,0.0,0.0
714,1785849426.4958,-0.00016,0.03831,-0.36564,-0.02838,0.00046,-0.00061,36.0,28.0,48.0,-36.0,60.0,24.0,0.0,0.0,2.0,1.0,1.0,0.0
715,1785849426.5291,0.00021,0.03996,-0.36170,-0.02737,0.00046,-0.00061,-28.0,0.0,0.0,0.0,-64.0,-20.0,0.0,0.0,0.0,0.0,2.0,0.0
716,1785849426.5625,0.00001,0.04092,-0.35911,-0.02623,0.00045,-0.00061,-20.0,-60.0,-56.0,92.0,-24.0,-24.0,0.0,2.0,2.0,3.0,0.0,0.0
717,1785849426.5959,-0.00012,0.04062,-0.35973,-0.02636,0.00044,-0.00061,-28.0,52.0,-60.0,76.0,48.0,24.0,0.0,1.0,0.0,1.0,0.0,0.0
718,1785849426.6292,-0.00031,0.03995,-0.36231,-0.02720,0.00045,-0.00062,28.0,40.0,104.0,68.0,-60.0,0.0,0.0,0.0,3.0,2.0,1.0,0.0
719,1785849426.6627,-0.00009,0.03839,-0.36499,-0.02870,0.00046,-0.00061,32.0,-80.0,0.0,-56.0,-148.0,0.0,0.0,1.0,0.0,1.0,3.0,0.0
720,1785849426.6960,0.00018,0.03884,-0.36428,-0.02785,0.00043,-0.00059,28.0,60.0,-72.0,-44.0,88.0,0.0,0.0,0.0,1.0,0.0,2.0,0.0
721,1785849426.7294,0.00057,0.04005,-0.36274,-0.02708,0.00041,-0.00059,-44.0,-56.0,24.0,48.0,88.0,0.0,0.0,1.0,0.0,0.0,0.0,0.0
722,1785849426.7628,0.00068,0.04000,-0.36185,-0.02694,0.00042,-0.00060,-20.0,-56.0,76.0,-64.0,-88.0,24.0,0.0,0.0,1.0,1.0,2.0,0.0
723,1785849426.7962,0.00041,0.03970,-0.36274,-0.02727,0.00045,-0.00060,32.0,20.0,48.0,40.0,-36.0,-20.0,0.0,0.0,1.0,0.0,0.0,0.0
724,1785849426.8296,0.00012,0.03993,-0.36398,-0.02781,0.00047,-0.00060,-64.0,-44.0,-32.0,24.0,60.0,0.0,1.0,1.0,1.0,0.0,1.0,0.0
725,1785849426.8630,-0.00017,0.04097,-0.36195,-0.02695,0.00045,-0.00061,-68.0,-72.0,0.0,0.0,-48.0,-28.0,2.0,2.0,0.0,0.0,0.0,0.0
726,1785849426.8963,-0.00025,0.04103,-0.35961,-0.02623,0.00041,-0.00060,56.0,-52.0,44.0,-20.0,-96.0,0.0,1.0,1.0,0.0,0.0,1.0,0.0
727,1785849426.9298,-0.00007,0.04000,-0.36092,-0.02648,0.00039,-0.00059,40.0,-84.0,72.0,56.0,-64.0,40.0,1.0,3.0,2.0,0.0,1.0,0.0
728,1785849426.9631,-0.00002,0.03804,-0.36305,-0.02693,0.00040,-0.00059,28.0,-180.0,36.0,-24.0,40.0,0.0,0.0,5.0,1.0,0.0,0.0,0.0
729,1785849426.9966,0.00012,0.03707,-0.36256,-0.02617,0.00039,-0.00059,-40.0,28.0,-60.0,-96.0,116.0,-20.0,1.0,0.0,0.0,2.0,2.0,0.0
730,1785849427.0299,0.00033,0.03796,-0.36154,-0.02542,0.00037,-0.00060,-52.0,72.0,-96.0,24.0,-68.0,-40.0,1.0,0.0,2.0,0.0,2.0,1.0
731,1785849427.0633,0.00054,0.03861,-0.36104,-0.02577,0.00039,-0.00059,-44.0,-60.0,100.0,-28.0,-56.0,0.0,0.0,1.0,2.0,0.0,1.0,0.0
732,1785849427.0967,0.00023,0.03838,-0.36144,-0.02627,0.00044,-0.00059,-24.0,32.0,48.0,36.0,-56.0,-20.0,0.0,1.0,0.0,0.0,1.0,0.0
733,1785849427.1301,-0.00013,0.03897,-0.36188,-0.02642,0.00045,-0.00059,-52.0,0.0,0.0,28.0,64.0,-20.0,1.0,0.0,0.0,0.0,1.0,0.0
734,1785849427.1635,-0.00016,0.04001,-0.36074,-0.02606,0.00043,-0.00059,28.0,0.0,68.0,72.0,100.0,28.0,0.0,0.0,3.0,1.0,2.0,0.0
735,1785849427.1969,-0.00004,0.03989,-0.35972,-0.02588,0.00042,-0.00059,-64.0,32.0,-48.0,-52.0,-96.0,32.0,2.0,1.0,1.0,2.0,3.0,0.0
736,1785849427.2302,0.00026,0.04014,-0.35938,-0.02566,0.00041,-0.00058,28.0,-24.0,56.0,-72.0,28.0,-20.0,0.0,0.0,2.0,1.0,1.0,0.0
737,1785849427.2637,0.00027,0.04020,-0.36052,-0.02584,0.00041,-0.00058,-40.0,-32.0,72.0,52.0,-32.0,20.0,0.0,0.0,1.0,1.0,1.0,0.0
738,1785849427.2970,-0.00003,0.03929,-0.36143,-0.02629,0.00043,-0.00059,-40.0,-48.0,52.0,-44.0,36.0,-20.0,1.0,1.0,1.0,1.0,0.0,0.0
739,1785849427.3304,-0.00018,0.03896,-0.36142,-0.02646,0.00042,-0.00059,-48.0,36.0,20.0,-76.0,-52.0,32.0,1.0,1.0,1.0,1.0,1.0,1.0
740,1785849427.3638,-0.00038,0.03937,-0.36139,-0.02623,0.00042,-0.00059,-44.0,-96.0,76.0,48.0,36.0,-20.0,0.0,3.0,2.0,0.0,0.0,0.0
741,1785849427.3972,-0.00022,0.03914,-0.36116,-0.02582,0.00042,-0.00059,36.0,-92.0,-20.0,-24.0,20.0,0.0,0.0,2.0,0.0,0.0,0.0,0.0
742,1785849427.4307,0.00001,0.03909,-0.36107,-0.02557,0.00041,-0.00059,36.0,92.0,0.0,-48.0,-24.0,0.0,1.0,3.0,0.0,1.0,0.0,0.0
743,1785849427.4640,-0.00016,0.03898,-0.36214,-0.02639,0.00042,-0.00059,-32.0,-56.0,44.0,32.0,-28.0,0.0,0.0,2.0,1.0,0.0,0.0,0.0
744,1785849427.4973,-0.00021,0.03906,-0.36172,-0.02631,0.00042,-0.00059,-40.0,-112.0,108.0,-64.0,-48.0,32.0,1.0,3.0,5.0,1.0,1.0,0.0
745,1785849427.5308,-0.00017,0.03935,-0.36053,-0.02552,0.00041,-0.00058,-84.0,56.0,108.0,24.0,-20.0,0.0,3.0,2.0,3.0,0.0,0.0,0.0
746,1785849427.5642,-0.00014,0.03965,-0.36072,-0.02583,0.00042,-0.00058,28.0,0.0,-24.0,28.0,40.0,-20.0,0.0,0.0,0.0,0.0,0.0,0.0
747,1785849427.5977,-0.00024,0.03904,-0.35995,-0.02582,0.00042,-0.00058,68.0,24.0,32.0,28.0,-32.0,24.0,0.0,0.0,1.0,0.0,0.0,0.0
748,1785849427.6310,-0.00024,0.03803,-0.36015,-0.02620,0.00043,-0.00058,-64.0,44.0,84.0,-28.0,-28.0,36.0,1.0,1.0,3.0,0.0,0.0,0.0
749,1785849427.6643,-0.00008,0.03833,-0.35923,-0.02624,0.00042,-0.00058,-24.0,-44.0,96.0,-48.0,20.0,-20.0,0.0,1.0,4.0,0.0,0.0,0.0
750,1785849427.6978,0.00020,0.03888,-0.35968,-0.02640,0.00043,-0.00057,28.0,-68.0,36.0,64.0,-44.0,-20.0,0.0,2.0,0.0,3.0,0.0,1.0
751,1785849427.7311,0.00064,0.03813,-0.36083,-0.02705,0.00044,-0.00056,-60.0,40.0,-24.0,32.0,0.0,0.0,1.0,1.0,1.0,0.0,0.0,0.0
752,1785849427.8495,0.00057,0.03943,-0.36267,-0.02800,0.00046,-0.00056,0.0,24.0,24.0,0.0,0.0,0.0,0.0,0.0,0.0,0.0,0.0,0.0
753,1785849427.8827,-0.00008,0.04103,-0.36520,-0.02774,0.00047,-0.00057,-60.0,-32.0,-56.0,96.0,-32.0,-20.0,2.0,0.0,1.0,4.0,1.0,0.0
754,1785849427.9161,-0.00035,0.04145,-0.36830,-0.02809,0.00048,-0.00058,40.0,0.0,68.0,180.0,-68.0,24.0,0.0,0.0,3.0,4.0,1.0,0.0
755,1785849427.9496,-0.00013,0.03873,-0.37086,-0.02996,0.00049,-0.00057,-32.0,-20.0,76.0,-28.0,-100.0,-32.0,0.0,0.0,2.0,1.0,1.0,0.0
756,1785849427.9829,0.00022,0.03862,-0.36899,-0.02968,0.00046,-0.00055,28.0,-96.0,112.0,-68.0,52.0,36.0,0.0,3.0,5.0,1.0,2.0,0.0
757,1785849428.0162,-0.00003,0.03826,-0.36381,-0.02788,0.00042,-0.00056,-20.0,-196.0,252.0,20.0,-36.0,24.0,0.0,5.0,21.0,0.0,0.0,0.0
758,1785849428.0497,-0.00051,0.03682,-0.35768,-0.02592,0.00038,-0.00056,-60.0,-80.0,188.0,60.0,-48.0,0.0,2.0,0.0,7.0,2.0,0.0,0.0
759,1785849428.0830,-0.00025,0.03537,-0.35460,-0.02602,0.00037,-0.00055,-64.0,72.0,-28.0,-32.0,20.0,24.0,1.0,0.0,0.0,0.0,0.0,0.0
760,1785849428.1164,0.00030,0.03418,-0.35598,-0.02771,0.00041,-0.00053,44.0,-112.0,64.0,-120.0,40.0,32.0,1.0,4.0,2.0,3.0,1.0,0.0
761,1785849428.1498,0.00062,0.03489,-0.35462,-0.02554,0.00039,-0.00054,40.0,0.0,-48.0,60.0,-32.0,20.0,0.0,0.0,0.0,2.0,1.0,0.0
762,1785849428.1832,0.00047,0.03454,-0.35760,-0.02589,0.00041,-0.00054,-20.0,-72.0,-76.0,-32.0,40.0,28.0,0.0,1.0,0.0,0.0,0.0,0.0
763,1785849428.2166,0.00025,0.03593,-0.36090,-0.02547,0.00041,-0.00056,-76.0,-76.0,-28.0,-36.0,-52.0,20.0,3.0,0.0,0.0,0.0,1.0,0.0
764,1785849428.2500,0.00020,0.03573,-0.36261,-0.02543,0.00042,-0.00056,-52.0,68.0,24.0,44.0,-60.0,0.0,0.0,1.0,0.0,1.0,0.0,0.0
765,1785849428.2833,0.00015,0.03572,-0.36221,-0.02582,0.00042,-0.00055,-44.0,40.0,68.0,36.0,-56.0,48.0,1.0,0.0,2.0,0.0,1.0,1.0
766,1785849428.3168,-0.00007,0.03675,-0.36142,-0.02589,0.00041,-0.00055,40.0,52.0,56.0,-28.0,32.0,24.0,0.0,0.0,2.0,0.0,0.0,0.0
767,1785849428.3501,-0.00038,0.03740,-0.36164,-0.02596,0.00041,-0.00055,-36.0,-76.0,72.0,-28.0,28.0,44.0,1.0,2.0,3.0,0.0,0.0,1.0
768,1785849428.3836,-0.00012,0.03840,-0.35972,-0.02472,0.00038,-0.00056,20.0,-96.0,-20.0,24.0,-60.0,28.0,0.0,2.0,0.0,0.0,2.0,0.0
769,1785849428.4169,0.00021,0.03910,-0.35900,-0.02416,0.00037,-0.00055,24.0,48.0,-76.0,68.0,-64.0,52.0,0.0,0.0,1.0,2.0,1.0,1.0
770,1785849428.4504,-0.00014,0.03928,-0.35989,-0.02439,0.00037,-0.00055,-56.0,0.0,68.0,84.0,-28.0,36.0,2.0,0.0,3.0,0.0,0.0,0.0
771,1785849428.4838,-0.00055,0.03656,-0.36204,-0.02629,0.00039,-0.00055,-60.0,-44.0,148.0,-120.0,44.0,44.0,1.0,1.0,6.0,4.0,0.0,0.0
772,1785849428.5172,-0.00092,0.03642,-0.36176,-0.02557,0.00040,-0.00056,-32.0,-68.0,20.0,-40.0,32.0,24.0,0.0,1.0,0.0,0.0,0.0,0.0
773,1785849428.5505,-0.00105,0.03730,-0.36166,-0.02476,0.00040,-0.00057,68.0,-108.0,44.0,44.0,-48.0,36.0,2.0,4.0,1.0,0.0,0.0,0.0
774,1785849428.5839,-0.00127,0.03673,-0.36162,-0.02484,0.00043,-0.00057,56.0,-92.0,116.0,-28.0,136.0,24.0,0.0,2.0,3.0,0.0,4.0,0.0
775,1785849428.6173,-0.00150,0.03642,-0.36035,-0.02484,0.00044,-0.00058,-24.0,100.0,-60.0,36.0,-36.0,48.0,1.0,2.0,1.0,1.0,1.0,1.0
776,1785849428.6507,-0.00084,0.03749,-0.36122,-0.02504,0.00043,-0.00057,-28.0,-40.0,108.0,0.0,-92.0,24.0,0.0,1.0,5.0,0.0,2.0,0.0
777,1785849428.6841,0.00018,0.03803,-0.36196,-0.02486,0.00040,-0.00056,0.0,-88.0,200.0,0.0,-48.0,36.0,0.0,2.0,10.0,0.0,0.0,0.0
778,1785849428.7175,0.00034,0.03722,-0.35952,-0.02449,0.00040,-0.00055,56.0,-28.0,140.0,64.0,36.0,24.0,1.0,0.0,6.0,2.0,0.0,0.0
779,1785849428.7509,0.00057,0.03655,-0.35600,-0.02494,0.00039,-0.00053,-24.0,-108.0,68.0,-48.0,60.0,20.0,0.0,2.0,3.0,1.0,1.0,0.0
780,1785849428.7842,0.00107,0.03629,-0.35239,-0.02359,0.00034,-0.00053,-60.0,-76.0,148.0,-56.0,44.0,-24.0,2.0,2.0,9.0,0.0,0.0,0.0
781,1785849428.8177,0.00142,0.03531,-0.35009,-0.02234,0.00031,-0.00053,60.0,-120.0,204.0,36.0,-92.0,52.0,2.0,1.0,12.0,1.0,2.0,1.0
782,1785849428.8511,0.00139,0.03322,-0.35097,-0.02237,0.00032,-0.00053,36.0,96.0,-32.0,-20.0,36.0,-32.0,0.0,3.0,0.0,0.0,1.0,0.0
783,1785849428.8844,0.00100,0.03366,-0.35455,-0.02347,0.00035,-0.00053,-104.0,-44.0,-120.0,52.0,-44.0,24.0,3.0,1.0,1.0,0.0,0.0,0.0
784,1785849428.9178,0.00025,0.03542,-0.35540,-0.02308,0.00034,-0.00054,28.0,52.0,36.0,-28.0,-28.0,36.0,0.0,0.0,1.0,0.0,0.0,0.0
785,1785849428.9512,-0.00025,0.03645,-0.35822,-0.02388,0.00035,-0.00055,-20.0,32.0,48.0,-20.0,24.0,24.0,0.0,0.0,1.0,0.0,0.0,0.0
786,1785849428.9847,-0.00042,0.03732,-0.36234,-0.02440,0.00037,-0.00056,32.0,52.0,0.0,-72.0,-20.0,-28.0,0.0,1.0,0.0,2.0,0.0,0.0
787,1785849429.0179,-0.00072,0.03834,-0.36345,-0.02433,0.00039,-0.00057,-20.0,-36.0,-20.0,-76.0,40.0,36.0,0.0,0.0,0.0,0.0,1.0,1.0
788,1785849429.0514,-0.00099,0.03888,-0.35997,-0.02380,0.00039,-0.00057,28.0,-76.0,-32.0,64.0,68.0,-24.0,0.0,2.0,1.0,1.0,1.0,0.0
789,1785849429.0848,-0.00032,0.03907,-0.35608,-0.02300,0.00037,-0.00056,-36.0,-96.0,72.0,72.0,-32.0,48.0,1.0,3.0,2.0,2.0,1.0,1.0
790,1785849429.1182,-0.00008,0.03640,-0.35723,-0.02387,0.00037,-0.00055,32.0,-72.0,160.0,0.0,-76.0,24.0,0.0,1.0,7.0,0.0,1.0,0.0
791,1785849429.1517,-0.00045,0.03415,-0.35911,-0.02462,0.00039,-0.00055,44.0,-64.0,-24.0,64.0,60.0,20.0,1.0,1.0,0.0,2.0,1.0,0.0
792,1785849429.1849,-0.00053,0.03387,-0.35844,-0.02420,0.00038,-0.00056,-48.0,-100.0,-72.0,52.0,56.0,-24.0,0.0,2.0,0.0,0.0,0.0,0.0
793,1785849429.2183,-0.00036,0.03445,-0.35627,-0.02305,0.00036,-0.00057,32.0,60.0,36.0,28.0,-36.0,72.0,1.0,1.0,1.0,0.0,0.0,2.0
794,1785849429.2519,0.00019,0.03468,-0.35685,-0.02332,0.00036,-0.00056,56.0,100.0,84.0,80.0,72.0,-24.0,1.0,1.0,3.0,3.0,1.0,0.0
795,1785849429.2852,0.00100,0.03392,-0.36047,-0.02537,0.00040,-0.00054,-36.0,-48.0,140.0,64.0,72.0,-20.0,0.0,1.0,5.0,0.0,1.0,0.0
796,1785849429.3185,0.00101,0.03325,-0.36146,-0.02586,0.00043,-0.00054,-52.0,-28.0,0.0,-64.0,-40.0,0.0,1.0,0.0,0.0,2.0,1.0,0.0
797,1785849429.3519,0.00078,0.03565,-0.35906,-0.02492,0.00042,-0.00055,-28.0,20.0,-24.0,0.0,-24.0,36.0,0.0,0.0,0.0,0.0,0.0,1.0
798,1785849429.3853,0.00054,0.03704,-0.35753,-0.02467,0.00040,-0.00055,-72.0,28.0,116.0,-72.0,-44.0,20.0,2.0,0.0,5.0,1.0,1.0,0.0
799,1785849429.4187,0.00032,0.03739,-0.35804,-0.02497,0.00042,-0.00055,-28.0,-52.0,112.0,32.0,-80.0,60.0,0.0,0.0,5.0,1.0,0.0,1.0
800,1785849429.4521,0.00119,0.03711,-0.36024,-0.02594,0.00043,-0.00053,68.0,36.0,68.0,-24.0,0.0,28.0,0.0,1.0,2.0,1.0,0.0,0.0
801,1785849429.4855,0.00205,0.03740,-0.36209,-0.02651,0.00041,-0.00051,20.0,-76.0,-24.0,44.0,-28.0,24.0,0.0,2.0,0.0,0.0,0.0,0.0
802,1785849429.6022,0.00148,0.03716,-0.36142,-0.02656,0.00041,-0.00052,36.0,-40.0,44.0,28.0,0.0,32.0,0.0,1.0,1.0,1.0,0.0,0.0
803,1785849429.6356,0.00057,0.03644,-0.36130,-0.02690,0.00043,-0.00053,-92.0,-152.0,32.0,128.0,-124.0,48.0,3.0,6.0,1.0,5.0,5.0,1.0
804,1785849429.6688,-0.00013,0.03423,-0.35937,-0.02618,0.00041,-0.00053,-220.0,-232.0,96.0,104.0,-192.0,44.0,6.0,7.0,4.0,2.0,4.0,1.0
805,1785849429.7022,-0.00170,0.03021,-0.35708,-0.02552,0.00042,-0.00054,-32.0,-56.0,128.0,96.0,-20.0,36.0,0.0,0.0,3.0,1.0,0.0,0.0
806,1785849429.7357,-0.00316,0.02692,-0.35570,-0.02499,0.00042,-0.00057,92.0,-120.0,56.0,224.0,44.0,-32.0,2.0,3.0,2.0,7.0,0.0,0.0
807,1785849429.7690,-0.00333,0.02279,-0.35569,-0.02579,0.00042,-0.00057,24.0,-72.0,32.0,156.0,-72.0,-20.0,0.0,0.0,1.0,1.0,1.0,0.0
808,1785849429.8025,-0.00289,0.02109,-0.35609,-0.02636,0.00042,-0.00056,64.0,56.0,-48.0,-52.0,60.0,72.0,1.0,1.0,0.0,2.0,2.0,2.0
809,1785849429.8358,-0.00161,0.02499,-0.35533,-0.02535,0.00040,-0.00055,68.0,108.0,0.0,-32.0,-48.0,-32.0,1.0,1.0,0.0,0.0,1.0,1.0
810,1785849429.8692,0.00051,0.02770,-0.35938,-0.02625,0.00041,-0.00052,-36.0,100.0,108.0,-48.0,-76.0,48.0,0.0,2.0,4.0,1.0,1.0,1.0
811,1785849429.9027,0.00109,0.02859,-0.36625,-0.02726,0.00041,-0.00051,0.0,124.0,32.0,-72.0,32.0,0.0,0.0,1.0,0.0,0.0,0.0,0.0
812,1785849429.9360,-0.00120,0.02648,-0.37850,-0.03043,0.00050,-0.00054,0.0,-116.0,96.0,-24.0,-36.0,28.0,0.0,3.0,4.0,0.0,0.0,0.0
813,1785849429.9694,-0.00250,0.02281,-0.38736,-0.03270,0.00057,-0.00056,56.0,-92.0,120.0,-140.0,-40.0,36.0,1.0,0.0,5.0,4.0,0.0,1.0
814,1785849430.0027,-0.00136,0.02291,-0.38294,-0.03043,0.00048,-0.00054,20.0,-24.0,172.0,-84.0,-68.0,24.0,0.0,0.0,17.0,0.0,0.0,0.0
815,1785849430.0364,-0.00001,0.02440,-0.37218,-0.02811,0.00041,-0.00051,88.0,48.0,332.0,-168.0,32.0,32.0,3.0,1.0,25.0,3.0,1.0,1.0
816,1785849430.0697,0.00057,0.02695,-0.35965,-0.02514,0.00037,-0.00050,200.0,100.0,404.0,-208.0,84.0,60.0,5.0,2.0,35.0,2.0,1.0,2.0
817,1785849430.1029,-0.00009,0.02649,-0.35400,-0.02722,0.00042,-0.00049,56.0,-24.0,244.0,-64.0,20.0,48.0,0.0,0.0,5.0,0.0,0.0,1.0
818,1785849430.1364,-0.00114,0.02500,-0.35038,-0.03006,0.00048,-0.00047,-152.0,-24.0,60.0,124.0,52.0,-36.0,6.0,0.0,0.0,4.0,1.0,0.0
819,1785849430.1697,-0.00026,0.02562,-0.34545,-0.02995,0.00045,-0.00046,-36.0,-64.0,-84.0,164.0,-28.0,20.0,0.0,1.0,1.0,4.0,0.0,0.0
820,1785849430.2031,0.00147,0.02785,-0.33860,-0.02662,0.00035,-0.00045,156.0,-164.0,112.0,96.0,-156.0,44.0,8.0,4.0,6.0,1.0,4.0,0.0
821,1785849430.2366,0.00208,0.02757,-0.33628,-0.02362,0.00028,-0.00045,200.0,84.0,168.0,120.0,84.0,-32.0,3.0,2.0,11.0,3.0,3.0,0.0
822,1785849430.2699,0.00134,0.02282,-0.34800,-0.02712,0.00036,-0.00046,28.0,120.0,44.0,64.0,100.0,0.0,0.0,2.0,1.0,0.0,1.0,0.0
823,1785849430.3033,0.00175,0.01822,-0.36211,-0.03239,0.00044,-0.00044,-100.0,-84.0,-28.0,-76.0,48.0,32.0,3.0,3.0,0.0,1.0,0.0,1.0
824,1785849430.3367,0.00331,0.01744,-0.36603,-0.03239,0.00042,-0.00043,-92.0,-136.0,-168.0,72.0,-48.0,36.0,0.0,4.0,4.0,2.0,1.0,0.0
825,1785849430.3700,0.00328,0.01984,-0.36355,-0.02892,0.00039,-0.00046,-24.0,-100.0,-76.0,-44.0,32.0,-20.0,0.0,0.0,0.0,1.0,1.0,0.0
826,1785849430.4035,0.00073,0.02069,-0.36240,-0.02614,0.00043,-0.00053,28.0,116.0,84.0,-56.0,24.0,40.0,0.0,4.0,4.0,1.0,0.0,1.0
827,1785849430.4368,-0.00153,0.01936,-0.36620,-0.02786,0.00050,-0.00055,-36.0,76.0,100.0,-68.0,80.0,-28.0,0.0,1.0,4.0,0.0,2.0,0.0
828,1785849430.4703,-0.00177,0.01844,-0.36967,-0.03008,0.00051,-0.00054,-84.0,-60.0,104.0,-88.0,-44.0,32.0,2.0,1.0,4.0,0.0,0.0,0.0
829,1785849430.5037,-0.00005,0.02137,-0.36599,-0.02776,0.00042,-0.00052,24.0,88.0,-20.0,116.0,-40.0,-20.0,0.0,3.0,0.0,4.0,0.0,0.0
830,1785849430.5370,0.00100,0.02498,-0.36027,-0.02663,0.00040,-0.00050,20.0,184.0,-104.0,36.0,-24.0,0.0,1.0,6.0,1.0,0.0,0.0,0.0
831,1785849430.5705,0.00095,0.02848,-0.35975,-0.02753,0.00041,-0.00050,-36.0,-88.0,0.0,-140.0,64.0,0.0,1.0,3.0,0.0,5.0,1.0,0.0
832,1785849430.6038,0.00052,0.02995,-0.35978,-0.02455,0.00036,-0.00053,36.0,-36.0,88.0,20.0,68.0,32.0,0.0,0.0,3.0,0.0,1.0,1.0
833,1785849430.6372,0.00003,0.02887,-0.36246,-0.02420,0.00035,-0.00055,-44.0,68.0,32.0,52.0,-68.0,-24.0,0.0,0.0,0.0,0.0,1.0,0.0
834,1785849430.6707,-0.00014,0.02823,-0.36523,-0.02606,0.00039,-0.00054,-44.0,-48.0,-36.0,36.0,-60.0,0.0,0.0,1.0,1.0,1.0,0.0,0.0
835,1785849430.7040,0.00061,0.02899,-0.36335,-0.02598,0.00037,-0.00051,-68.0,92.0,36.0,-20.0,108.0,32.0,2.0,2.0,2.0,0.0,3.0,0.0
836,1785849430.7375,0.00035,0.03037,-0.35959,-0.02442,0.00035,-0.00053,0.0,48.0,112.0,-20.0,64.0,-24.0,0.0,1.0,7.0,0.0,0.0,0.0
837,1785849430.7708,-0.00056,0.03136,-0.35809,-0.02432,0.00037,-0.00055,48.0,-40.0,80.0,28.0,20.0,-32.0,1.0,0.0,3.0,0.0,0.0,1.0
838,1785849430.8042,-0.00034,0.03186,-0.35695,-0.02392,0.00035,-0.00055,-52.0,-76.0,68.0,80.0,-24.0,24.0,1.0,1.0,2.0,2.0,0.0,0.0
839,1785849430.8377,0.00019,0.03085,-0.35598,-0.02312,0.00035,-0.00055,-116.0,-72.0,0.0,84.0,60.0,40.0,3.0,1.0,0.0,3.0,1.0,0.0
840,1785849430.8710,0.00022,0.02973,-0.35552,-0.02327,0.00037,-0.00055,64.0,-20.0,36.0,36.0,44.0,-28.0,1.0,0.0,1.0,0.0,0.0,0.0
841,1785849430.9044,-0.00002,0.02896,-0.35596,-0.02350,0.00038,-0.00056,-36.0,88.0,-28.0,-88.0,32.0,0.0,1.0,1.0,0.0,2.0,0.0,0.0
842,1785849430.9378,-0.00005,0.02960,-0.35754,-0.02361,0.00039,-0.00056,-40.0,-76.0,60.0,-20.0,80.0,0.0,0.0,1.0,2.0,0.0,2.0,0.0
843,1785849430.9711,-0.00013,0.03056,-0.35660,-0.02246,0.00037,-0.00057,-36.0,-28.0,128.0,-40.0,-52.0,0.0,0.0,0.0,6.0,1.0,1.0,0.0
844,1785849431.0046,-0.00087,0.03091,-0.35584,-0.02212,0.00039,-0.00059,-52.0,56.0,32.0,44.0,-32.0,0.0,0.0,1.0,1.0,1.0,0.0,0.0
845,1785849431.0379,-0.00090,0.03090,-0.35692,-0.02308,0.00041,-0.00058,-24.0,-68.0,68.0,-32.0,-32.0,0.0,0.0,2.0,3.0,0.0,0.0,0.0
846,1785849431.0714,-0.00098,0.03117,-0.35688,-0.02301,0.00039,-0.00058,-64.0,-36.0,112.0,-72.0,-20.0,0.0,0.0,0.0,5.0,0.0,0.0,0.0
847,1785849431.1048,-0.00128,0.03254,-0.35395,-0.02122,0.00035,-0.00059,56.0,68.0,96.0,48.0,56.0,0.0,1.0,1.0,3.0,2.0,1.0,0.0
848,1785849431.1382,-0.00159,0.03311,-0.35311,-0.02118,0.00034,-0.00060,80.0,52.0,-24.0,-32.0,-40.0,24.0,2.0,0.0,0.0,0.0,0.0,0.0
849,1785849431.1716,-0.00189,0.03459,-0.35243,-0.02116,0.00033,-0.00060,-36.0,-92.0,136.0,-24.0,44.0,-20.0,1.0,3.0,7.0,0.0,0.0,0.0
850,1785849431.2049,-0.00218,0.03529,-0.34997,-0.01989,0.00030,-0.00061,-60.0,-64.0,96.0,28.0,28.0,20.0,1.0,0.0,4.0,0.0,0.0,0.0
851,1785849431.2387,-0.00247,0.03577,-0.34816,-0.01913,0.00028,-0.00062,36.0,64.0,164.0,-28.0,-44.0,-20.0,0.0,2.0,10.0,0.0,1.0,0.0
