R,fracE_bw,p99_v,p99_a,min_invk,seam_v
1.42775249922925,0.41195239944006234,0.6112871494937101,5.523672545267867,0.008030893215768569,0.3835888640400038
0.9097368822148327,0.5337074401159675,1.4398384694571154,9.666371545904056,0.008030956764359661,0.0
0.4926865787718418,0.2414625803172168,2.4396246692418013,11.047298202255545,0.019322248422700198,0.6904591336972121
0.6020171686361712,0.22017499486893075,1.015897052720246,12.428274293535377,0.008264340598140003,0.1380922262136064
0.738053884316706,0.27447587139941804,0.8382196733006322,6.904711179221179,0.006861433680969973,0.1534355294913934
0.9039765496429782,0.33290472063042215,0.9499290402451609,8.061633667924113,0.0072553742105397195,0.07671768152191172
0.8885195878377296,0.1658664850609369,0.9082773988279438,9.405231870868363,0.0060194386275724465,0.015343802620492175
0.2943142696758263,0.17224624108440123,1.663547116922245,13.809130542566027,1.1459016957831149e-05,0.26872110441262725
0.6682202567545668,0.1497245265179354,1.2428281783675992,10.025505210487738,7.784649504345561e-05,0.29152825504770385
1.011936133932039,0.18969846747495103,1.0126740652084711,6.904591336971855,0.00018995206636784035,0.3068707260876502
1.4586218240804119,0.45795384949180357,0.23337524311604463,5.523768943376983,0.004825759441578356,0.030687105898278555
1.024130751874057,0.3076688818285069,0.7613762203627398,5.703283644290716,0.00478095749037099,0.06137421179655725
1.214987768023016,0.31850819267170344,0.7825182343104419,16.570955093129957,0.00023456174984630415,0.03068760524098213
0.5053742255629751,0.14645029146019933,3.0872770553873763,18.31105436279655,7.785055702142419e-05,0.2761839530845081
0.40061575277965394,0.2322580925496307,1.496776492531031,13.610750145888447,0.016046860402969005,0.16877916566431672
0.6615127799987504,0.2896325469436691,1.47620328166768,12.428308148970782,0.009258916628823872,0.1841229682848078
1.335507199381256,0.637166417462998,0.49252779500259136,11.765372585402488,0.008031052341747004,0.4296184838904926
0.7464202234193106,0.2945223064401455,1.6239635416391798,11.226930067693146,0.007953293284770525,0.0
0.3931920306508983,0.14722948221242368,2.031794105440492,11.047313781748278,0.03620089515421308,0.7211467389381965
0.6302967883426013,0.1899410693863378,1.3176291426860773,12.2671168029347,0.0343794074913751,0.16877908244053266
0.305424185026655,0.10598208666887826,1.6821878387789948,20.226844476359958,0.027975375252487278,0.015343802620491065
0.4260166479641039,0.22372007337186509,2.0317933164790203,9.845982719828026,0.019139126419188888,0.4756498917519669
0.9244870726793316,0.37888979374358045,0.5177358864771417,9.439201186627638,0.034909167262534645,0.13809156042333348
0.23278228190367858,0.09444269742488183,3.7284841156549167,27.494112529562745,0.03168246536375689,0.44786855312747953
0.6990465364037034,0.3160715762242811,1.2920813653315035,12.787269839927033,0.007877072681947943,0.41427601285054516
1.8229166666666667,0.4756526581162224,0.04603065884741804,1.3809197654225411,0.007877072681947941,0.015343552949139347
1.3611111111111132,0.43431998709033215,0.0032221461193189345,1.3809197654225358,0.007877072681947941,0.0
0.45659850828982523,0.24537031318240488,2.5349096835150537,13.809185108239815,0.00787707268194795,0.0
0.37421472786203713,0.16760822962636104,1.347777371473067,7.084214195515468,0.043570900489212805,0.5216812996134434
0.7984747054780102,0.23446978104495578,1.388392369136726,13.61069655016465,0.045709305746680313,0.1380915604233346
0.2898233618097961,0.10120717265999916,1.9150382967533888,19.159797785686422,0.040149962245414075,0.015343802620491065
0.47822776148361507,0.24117788162747478,2.301532443028194,11.226876719167016,0.04014769622247518,0.38358882372848346
0.8183636185893374,0.36816208461123673,0.4603060891314753,5.523709022252421,0.04183134604500525,0.07671801441704873
0.38451359536777074,0.1850142408907006,2.219138010603039,12.092433302643443,0.042316503300768256,0.0
0.31326475559969946,0.24491128092425785,3.185781526819484,16.75057405679988,0.011406275940564621,0.9052697072230055
1.7013888888888893,0.5038371215346251,0.0032221461193189635,1.3809226865773618,0.009029171546005478,0.015343802620491065
0.28520572223210067,0.17569939576334095,2.4428468677921074,13.988702617956239,0.009029171546005478,0.0
0.4614138517001997,0.11082918443565654,1.522234549713196,11.047313781748203,0.04425158792099357,0.490993694372458
0.6314951908337271,0.30650572085661465,1.295303843513721,9.846086982584763,0.044998105480034564,0.4603074207120206
0.6913934163982306,0.13012053184358094,1.3561456773168183,12.136116282182865,0.04673413656849002,0.09206148414240722
0.7001063869473695,0.26671829231388444,1.7529574032405715,13.664068103390461,0.043501029866920934,0.23015304456573737
0.5482049739019935,0.36116846547800857,1.8113039414159426,12.787397471922363,0.04323667420947194,0.07671768152191394
0.5436465994280986,0.1443844042118565,1.6603267759268034,15.190128804661596,0.043952496544955366,0.6290852547957915
0.6417243898790411,0.3967426517894421,0.7921883353471348,12.607770718505947,0.038946187770593825,0.15343552949139333
0.63820134772838,0.287955864840897,1.7491655355445799,12.428326275110884,0.03945083508340829,0.2301530445657396
1.2931354712797363,0.4054922791143439,0.5523679061690157,7.084113827631882,0.03823395202614277,0.07671801441704873
0.7558076193725487,0.2008960092063591,1.257166816607832,13.484559400206173,0.03829932879865363,0.030687105898278555
0.6024175109967339,0.29511883847978676,0.8317744697615586,8.431095144170127,0.029834149245751774,0.4030817710516929
0.3908119022907087,0.09292779379106866,0.6936831898023796,7.08411418341355,0.029597224471303897,0.030687105898278833
0.4867218735994185,0.1312696535262901,3.4578223136434194,26.41694560270416,0.008994024581782565,0.1380922262136064
0.3278406665643939,0.35074993999300413,2.1763288711998436,12.607747349267493,0.009558855563331225,0.9052697072230048
0.526990356583715,0.30886655019470544,1.0619283207657622,9.66643671012687,0.0075641874450343505,0.33755833132863455
1.0205389713090143,0.6334524944912412,1.3178586741020066,12.966804502065555,0.007567937497625278,0.0
0.3103552681433124,0.25665602979839425,2.8110921385714467,13.80921263450655,0.023509225915197034,0.613742783755844
0.5438387269408228,0.24304370102791484,1.8935884930933908,12.559312954084792,0.037636380744954984,0.4329395647380829
0.2848037889010133,0.1747893969176998,2.6301925606015306,20.713781800662645,0.03784252788613769,0.7613763938427923
1.0797388045686127,0.18973976645222082,0.5095596256352745,6.90459328440861,0.03593666004679883,0.199466271562595
0.31498245015925547,0.15509089018065506,4.346214274076514,25.21560405458706,0.037820298649398794,0.01534346972535544
1.6333333333333349,0.2469339425004092,0.04603065884741783,1.3809197654225476,0.007954063924685546,0.0
1.5069486631649591,0.44064799771323554,0.046031407861473195,1.5604588841943032,0.007954063924685546,0.0
0.4240508268952852,0.08423485139894775,3.1761152807084683,12.428245245834079,0.00795406392468555,0.16877916566431672
0.6377821435512182,0.16505671565300917,1.2000205469793694,8.465048273729998,0.0030816371836192044,0.2915275892574315
0.5206283440519017,0.20782837375489677,1.132211675391684,11.04730599200209,0.0053887007048091535,0.0920614841424039
0.5769762410851975,0.25140002554900165,0.8603553653226825,9.666415887536097,0.007817762603527014,0.194076299784946
0.2208776610329363,0.11684989974323484,1.804861401870195,16.929992284703253,0.00047866885191837863,0.015343136830219262
0.389954512197315,0.2281959417500452,1.4269497451638826,11.226904732292711,0.0032907982580525573,0.5216806338231683
0.5082293976688629,0.21367177948694843,0.6048445700005515,8.465160326232555,0.00047972164810775915,0.3989322102300541
0.5356389223472476,0.18982087272014123,3.392462128669632,16.930096547459968,0.000815301753690379,0.015343802620491065
0.5901606197910373,0.13529820752241986,3.961859306339972,15.728781065032127,0.007951139700897149,1.3348888569037711
1.2262146748771037,0.4062536142762596,0.5523651897447067,5.703182077984418,0.007951139700897149,0.0
0.8868348315933826,0.5215856304573511,0.5523651897447067,5.703213236969191,0.007953474900472251,0.0
0.5401684706610405,0.21248577404218918,3.0541318401516273,15.19009884409939,0.01682443107877716,0.2148092419452463
0.6187664726651443,0.2061217652220014,1.3436046377268274,9.618757218149138,0.03965392573922876,0.1074047874201911
0.252520555152797,0.11976706823507234,2.3097194774085255,21.12808544380949,0.026325064109164645,0.07671768152191227
0.5518424962402216,0.3660115672381888,1.712800583518067,11.047418044504843,0.026324995696400906,0.6904597994874861
0.5682474942573302,0.2013677550623989,1.1801337088969452,13.436048354666237,0.03562506640148633,0.15343557110328546
0.41456202465835834,0.09756519876986253,2.0382385025410996,15.190098844099369,0.03279703409742104,0.1994662715625953
0.9407290914256042,0.2633555859341362,0.5095594159113388,9.666438357957784,0.029884158864748718,0.09206131769483601
0.4993700683325022,0.11186161418362901,2.774728045414379,16.570962882876312,0.017860300818338146,0.21480974128795072
0.7217474871889396,0.2977333308724543,1.9130347908967877,16.75064176767072,0.007559747120495053,0.2761844524272128
0.8957459799406982,0.2279093680142484,1.8412264937126803,19.69192888777013,0.007563685498560224,0.015343136830219262
2.041666666666667,0.32869355864849087,0.0,0.0,0.007953720461127063,0.0
1.5976059385161043,0.6268493888649311,0.09206281572294686,2.7618844716885915,0.007953720461127073,0.0
0.45660318128573946,0.10220215124735647,4.376134968818386,17.951889539228,0.007954032329414239,0.0
0.5535040431641524,0.2103254399485798,1.1228061765171646,8.410961244134626,0.023639491137596877,0.13809156042333237
0.3482092645369323,0.23614978843597015,2.3475638508896703,16.68749586181314,0.01807878285819326,0.13809156042333237
0.7267485783455649,0.4458108869299657,1.3873645220498934,11.226880614039946,0.018608173479734088,0.767177813904535
1.0362271615984224,0.5189296592509908,0.3714673295136915,5.703198631195088,0.03293157874167537,0.06137421179655739
0.37362673826167897,0.09969121428853338,2.2651694184645126,23.475629495760852,0.033414744039894737,0.0
0.46163029953898,0.2346244702426441,2.258724951455925,15.369747768332067,0.008029639495975148,0.705804267898249
1.730022253246052,0.5998284282702817,0.15420493670402613,5.882678502955151,0.007875875361420943,0.03068760524098213
1.0960632103663506,0.4185171112766378,0.7364905415586858,9.845998299320359,0.00795378197289109,0.015343552949139347
0.4051465175846956,0.3216104067657524,3.412714370205732,15.190124909788532,0.01041160486975499,0.12274908938338713
0.4273372663257864,0.1578567647383879,2.676222969777599,15.549132215700954,0.0030810716561793265,1.1814534938599452
0.6434187421533154,0.21212894196342671,1.0874248571551475,10.923508651206879,0.002282630624108348,0.2148092419452463
0.9713010882846436,0.24300175251181577,0.5984003127159032,9.666491388153032,0.00010054473827468507,0.04603007628092959
0.3432541872732879,0.3231508511843399,1.5714861587541569,20.893304291322508,0.00034546217041952045,0.567300094057846
1.1552065981566801,0.18042832589563737,0.6444280054676536,9.666371545903909,0.0035581779240554047,0.1380922262136064
0.7295030920463585,0.19607852475951826,0.4635282876817798,6.904606916464441,0.0020863436601349468,0.030687105898278555
0.33409359224713436,0.22204889530857955,4.3729119463526205,40.40584371332898,0.0009709044775510216,0.0
0.5548391624162708,0.2627373265431853,4.158869649860474,28.157037082624427,0.007949373862349519,1.5190118251885785
1.4973739511713895,0.4280789054733349,0.7986319397411982,6.904488534792738,0.008029262410204692,0.029857885232591752
1.7310937335633505,0.49615620480982914,0.08957365569777526,2.696911552721794,0.007954254317986612,0.0
0.4891852569718686,0.15112908799985125,4.247710127217164,24.85660071844915,0.007954286207832043,0.04478682784888749
0.2553182080941873,0.08217432901422302,1.485869667594652,9.845982719828,0.033151690482158706,0.38358874050470004
0.4160466596617711,0.17247777320503707,1.5352927717478708,12.136112495919857,0.041639560863361555,0.12274908938338713
0.5872615668624136,0.14545432300547165,2.2581532141092264,17.466883458961465,0.03838557982546644,0.4329395647380829
0.2784424707983921,0.11391193358282224,3.7906243790811316,20.713789590408723,0.04089934807556109,0.04478682784888749
0.5093371839652,0.14012699194620204,1.8080853181594052,12.428272346098888,0.044390166776707866,0.15343536304382566
0.5819833125400964,0.3010870467716463,0.5127815395602362,5.5236790616901645,0.04656751118289445,0.09206131769483622
0.7977168756571663,0.3817659286757284,0.601620773553591,8.285479007142476,0.04604437470703462,0.0
0.2276575516694884,0.14925635997132666,4.017557082651426,22.453860135386304,0.03434882812456784,0.3284368291047096
0.544149238915279,0.38158175492888624,0.9238380919229734,8.465040483983804,0.00795221745160121,0.3989322102300541
1.197816252274745,0.5429434410348031,0.4174969180512323,5.523690746309473,0.007954190832298133,0.0
0.7571659864992752,0.5996512811845479,0.4635282876817798,5.52369074630944,0.007954222612249848,0.23015329423709008
0.45681595558951216,0.14455204024528923,3.1397521163288267,12.428321181815358,0.00903030508609559,0.07671768152191172
0.5671404880614886,0.1895628175934163,1.6154616948128335,13.43605300979059,0.024771308408328314,0.23015337746087414
0.2862280225905414,0.2197015928609014,2.207095991082611,21.75480739701768,0.008860653536380343,0.46279754151687613
1.0909318913188761,0.3229861228511097,0.46030608913147075,6.904613432886814,0.012957298276881395,0.13809205976603817
1.0199207785932944,0.4103892399832929,0.3682432734085239,5.523656890874226,0.016188214648866325,0.015343552949139277
0.23993432179154375,0.10631917216752773,4.007889233650328,29.42146026118807,0.008426730569456947,0.19407629978494642
1.1342641810845968,0.7153290614679036,0.04925332677986185,1.5604491470115749,0.007954032098027794,0.09206148414240278
0.5221248391079311,0.23330242565368495,2.7682847868151343,16.570947303383576,0.007952935762782628,0.0
0.7081777511442655,0.26685112769978964,1.8841826426814563,16.29791338916552,0.04266025748165817,0.13809156042333348
0.2623927908362598,0.1755020696381884,2.1507256465010434,23.655068920761583,0.039776360024320806,0.092061484142405
0.5467877079111262,0.1773401981395057,0.74615699739364,11.226876719167029,0.03823499814464751,0.5983986482402182
0.2835728566679247,0.22179847899023722,3.0412469008760894,20.585903793814587,0.03599556402756828,0.06137421179655739
0.4975637161460722,0.1296784182655538,2.370117103555015,16.75064176767072,0.00802692975427905,0.8132082230805993
1.8119777824032914,0.401186265104518,0.04603140786147366,1.5604491470117228,0.00795419082043542,0.015343802620491065
0.8024581927717489,0.488224766828193,0.9730877035931124,9.666491388153032,0.007954190820435428,0.015343802620491065
0.2715289885623931,0.09336100938006771,2.5413500858740283,14.83302526578949,0.021802528395060514,0.38358840760956303
0.5007717444332194,0.36811981373837427,1.8676119379476248,18.985132905892716,0.03507087231457395,0.1841229682848078
0.40764853469112977,0.2639486941262572,2.6366359590167283,15.549155584939532,0.03752073857589964,0.5216812996134412
1.2481339985824047,0.43344318660490894,0.37791172661429423,6.9045988271127126,0.03748615425354776,0.015343552949139416
0.30306414974088725,0.133501522514452,3.6428666258100013,31.761072213172106,0.03391370411882146,0.030686939450711437
0.41068331553001,0.30351749422790214,3.17611521080049,22.63328371873989,0.007721215915128726,1.1047358123380313
1.7668269230769234,0.4128753799850081,0.052213746576364545,4.142759296267621,0.007568019662516327,0.0
0.5772616508638034,0.23823551275713806,2.9491842249690974,11.047418044504669,0.0075679656578466975,0.0
0.36937376637249075,0.13893318447207723,2.261947219914209,19.33287671591555,0.039324129358329275,0.9513004492942069
0.6378550733374263,0.42543816250831085,1.9383743597071599,17.64152823520929,0.03954758507936398,0.10740478742019138
0.4569971720169093,0.14590847566101225,2.3079786277756824,13.809186568817394,0.009301101741444044,0.01534346972535544
0.8094740554243695,0.381575320318039,0.3247413928885591,5.703223723166011,0.009300853883171527,0.04603065884741811
0.464025449303522,0.4847324827781203,1.6732144665806372,16.571041079943583,0.007008759931783157,0.2537921617963315
0.2523781376810121,0.19716114371509127,3.869797971168142,30.739294800896513,0.005675766688816319,0.6751161633145625
1.7500000000000007,0.5051011669660913,0.046030658847417846,2.761839530845076,0.007876979909147002,0.0
1.6240530303030305,0.37125964239460485,0.046031407861473195,2.941352284322086,0.007876979909147002,0.0
0.41719543103166506,0.18642095900091116,3.2253668198414505,18.131479740758447,0.007954063874977504,0.092061484142405
0.7165492611017648,0.17557972158978788,1.565042435766201,11.047433623997376,0.01583445944379986,0.3375582481048496
0.8095313156248255,0.3514958360318299,1.0457734011189894,12.092451758357745,0.014595993917572913,0.07671834731218574
0.7016065501836782,0.1834788063078214,1.0332330508718974,10.923513491712256,0.008800681848349862,0.17914712830314594
0.49777601860896753,0.20718364389330737,1.7491618204348633,11.047418044504955,0.00032390070226804776,0.4449629523012566
1.5488550084104065,0.5012512564940161,0.11139572739284956,3.300436364175275,0.01116565813031346,0.06137421179655735
0.9676043887353006,0.23750380467914659,2.626970362051231,11.047425834251115,0.0005243823884217497,0.3682459365696178
1.1104784081098973,0.3204974491192918,0.4667504862320826,5.703171591787624,0.00019008533682269421,0.015343802620491065
0.5065336519651222,0.30069318044521637,1.1315143496553768,16.57104107994355,0.0002792464729218085,0.015343802620493285
0.23116298772518787,0.1581430384883226,4.145981003121405,22.191771159926294,0.0005920223319624576,0.552367906169016
0.782923321794522,0.26629820379438096,1.3809182673944245,11.226836272408043,0.010093018833252511,0.09206148414240278
0.8830067687226141,0.37803023110268147,1.2952998487720835,13.146434663495661,0.007798344257876129,0.09206148414240278
0.5442487894372462,0.2694833197911426,3.4094904539165283,19.512338686239573,0.008030924696213665,0.0
0.23614109940342148,0.155220931339147,2.087490181490037,13.809242595068785,0.0011705954793313927,0.8745827677722952
0.5233648848055603,0.2152753272313662,0.9904483518833905,8.824085465303195,0.0011244519444784278,0.15343569593896156
1.048256991694084,0.3537513910066273,0.7927275202971148,9.579872362754,0.0022781035775569815,0.4478685531274797
1.1402757438345108,0.2590572633696785,0.4142786760116346,6.904487804504032,0.0022790890588317092,0.0
0.7184836668443239,0.31171240484956025,1.4587365679872286,22.453865490836776,0.00021078448534052235,0.0
0.3898847364707576,0.3088819259761524,2.2619434348965113,19.691965439656,0.0011494672821037394,0.5677113758943708
0.6518140355308238,0.23213557453833755,1.3873645220498918,9.666452289619254,0.005631067370755163,0.690460465277758
0.7027228906919271,0.4148964449687062,1.2697071284055192,12.90869752277686,0.022680547131767686,0.030687272345846783
0.28007285160289846,0.15605810253534833,3.4159354077842528,24.373203225032835,0.016438834766078467,0.3989325431251906
1.3611111111111112,0.5457470750339298,0.0,0.17951956950492406,0.007568293006205324,0.0
1.138316376720773,0.27032673294246135,0.3286599777573792,4.142826707532787,0.007568293006205324,0.0
0.3461107406630684,0.08870596985181993,4.099951445168606,16.57103059374683,0.007952816950233825,0.015343552949139277
0.43328465373378394,0.3018000863165468,1.5652186022130312,12.428270398662251,0.00023434751777137892,0.47565022464710344
0.5252981454740494,0.3319878817628547,2.0216786003437286,23.011469860337925,5.605495243835711e-05,0.07671768152191283
0.35103365451565294,0.12541407316245676,1.9365102995765848,12.607802027293529,0.00023474152500689284,0.5370244364436605
0.6977011001296319,0.22044223842962696,0.9436588651216149,13.988720744096462,0.003937196374767838,0.0460307420712025
0.28605457819344476,0.07954931334698659,4.23804274260478,25.21552585751968,0.00041337781144738827,0.5983985650164342
1.3518669962726586,0.2620435575628346,0.555590823772812,9.666371545903882,0.007491411554665573,0.1841229682848078
1.6333333333333382,0.365994924524955,0.044786827848888044,1.3436048354666414,0.007645197346441174,0.0
1.5856947988143248,0.5663735437932191,0.0492536064117822,1.3809422358442218,0.007645197346441174,0.0
0.41032376929656594,0.08232922759596425,3.823766992741393,23.65516885796226,0.009719621908150249,0.2608406498067195
0.5227850259835846,0.3947961386095547,1.6311368387583918,15.486047105440289,0.04007940102905453,0.2454968471862293
0.28818713447908445,0.07742597706744785,2.4078772742449535,24.534223554096272,0.023893187548160073,0.15343552949139333
0.5855788503618781,0.320638195519142,1.4034749203495225,15.190154870350744,0.020839707763459843,0.6904599659350539
0.40078053583164225,0.24352733965548215,1.0801964255503542,12.092421108689457,0.031610687416390365,0.16877910324647874
0.4493728216439045,0.1846485182745569,1.433394948702954,15.652994191005002,0.02679322709785533,0.3989323766776227
0.9073567341122502,0.2925736574007758,0.6145108860195394,8.46504827373001,0.028914050967109316,0.09206131769483622
0.8418932283984057,0.14503448892454338,1.5779305558547627,13.98867812519659,0.026173998961344824,0.030687105898278624
0.5929085693318271,0.23358969160956367,1.8969223600382834,19.69191585492541,0.023240297668579133,0.19946677090529885
0.5012206470840902,0.1650847098824698,3.4555218617780046,30.559767685074956,0.008023402984774126,1.3655757963544815
1.8545143318512478,0.310386036731801,0.046030943472759385,1.3809422358443957,0.007954285951409488,0.0
0.5553156783255218,0.32766479413629807,2.0842661952928485,12.428136175343202,0.007954254083159732,0.0
0.21756130851902547,0.09932957620209558,4.330104629550301,18.063568792809903,0.016172362862330186,1.1200789491682506
0.7913327716689805,0.26894759109662264,0.5983983852530598,6.904591336972124,0.019856442175078006,0.19946610511502705
0.38561834816181567,0.2247688207627263,2.3968174573014465,16.862136014780848,0.016176049893045077,0.04603007628092959
0.542952655957629,0.27285231674280874,1.104733960244734,11.047298202255744,0.01637998513987063,0.46030662488458557
1.1159991518198868,0.37151063155150016,0.3222147283411941,5.523679794319536,0.03436336090171448,0.10740488104694836
0.7913740833334258,0.47267251204084904,1.3624161078542671,12.267126854707586,0.035499549625105514,0.0460307420712025
0.4523730607927822,0.21112435114565242,2.333443640504644,18.8104658839179,0.03387113643495978,0.030687105898278694
0.5740795178572431,0.2674496131256748,2.9524065633353542,12.304044320138496,0.034155704235157194,0.9052697072230055
0.5589703683923409,0.19363600722207783,3.514441784208778,21.072858090769625,0.02624236080159166,0.09206131769483601
0.6003965864192212,0.2307113027309339,2.2255824776116264,16.929992284703278,0.007950173255410703,1.0740482070970492
1.276041666666667,0.5683841529110568,0.0032221461193189453,1.3809197654225398,0.008030735044404788,0.0
0.9416021102235964,0.4747690642887608,0.6904601099122006,11.406398971078488,0.007953751394827978,0.0
0.37277813124870174,0.07085416886785252,3.461966119062656,15.190132699534699,0.014311999142104624,0.46030608913147475
0.6600517457361308,0.3980564546743263,2.554241498191454,13.809132855146746,0.038729663698414234,0.35290163460642066
0.638152510033705,0.12982705277771536,1.9831618357031557,13.9600624796563,0.04500837906089245,0.1380922262136064
0.2802232023600104,0.061420759331754275,2.3414559668911514,16.297939383709462,0.03855152112705378,0.092061484142405
0.3834143827559989,0.06199709808448284,2.2683915471068365,12.787405261668543,0.038768963495985444,0.5370242699960929
0.666462109751857,0.3882138485635198,1.2953028448283102,9.84601657526334,0.04336025349754169,0.3989324078865417
1.150388989468263,0.3151557945276656,0.9499290402451609,10.748847993981709,0.04298250621421295,0.01534380262049162
0.28287410264357854,0.09446951862133583,4.806521431801375,31.94068069064567,0.025663646087361505,0.13809189331846994
1.1481067955309445,0.3351342250597055,0.7825179546785277,11.406343183575222,0.007954001191664015,0.24549684718623066
0.5390589200629209,0.14733168695675555,3.038024981957701,16.570962882875936,0.007954222441786419,0.0
0.5314681570764239,0.22507944257839943,1.2953035638818062,13.809318095685672,0.019734977788914157,0.5523689048544256
0.47863806601794057,0.23956739273951075,1.1769991321629778,11.35794212700693,0.019080984767324012,0.07671768152191172
0.4519855936612028,0.18494303886907812,2.449290705628884,19.512458528488672,0.0026437425196452666,0.0920614841424039
0.7139206702652331,0.16467908171069565,2.6366368178861803,13.809184621380854,0.00012250522099995482,0.7825206178396171
0.701508753453134,0.2588630621804236,0.6954233483156365,10.748839754823543,1.1454691159339946e-05,0.030687105898278694
0.2637272106783206,0.20969734095458814,3.922272672582846,22.27423581626549,1.1458868413714816e-05,0.4030815879592897
0.5767792911848044,0.2811146135076875,1.3873662397887956,8.465160326232901,0.007876733986179706,0.5983983153450811
1.7500000000000007,0.5058951603081989,0.04603065884741804,1.3809422358441958,0.007954190808407702,0.0
1.5879629629629637,0.22328262350383474,0.04603065884741804,1.3809197654225411,0.007954190808407702,0.0
0.5446507005086308,0.08162719855351419,2.4856560771032776,14.168316338527966,0.007954190808407702,0.0
0.2641343408591195,0.1939885212349084,1.8040145627570112,13.436089550456904,0.04255830462959877,0.3989322102300541
0.5461692726046203,0.1991937111603372,2.245612902311539,12.791124295402462,0.04185335929201451,0.19946610511502705
0.3144683507087999,0.31883438557573834,2.1634442115562145,15.190085811254729,0.025890948836067754,0.11943160959001775
0.541534858627129,0.18034660189111254,0.9730883077977895,8.644566869516646,0.026146369361084124,0.21480974128795072
0.8338811855083835,0.30772329384025027,0.9884455748759019,12.559295636877934,0.0370786703521909,0.030687105898278694
0.2724148286291423,0.09829868907706936,2.9588528179908278,22.094716246760665,0.021616653040919708,0.046030575623633996
0.7021890175385194,0.2541729996145572,1.9493980251844083,14.168279786642083,0.0079541591225606,0.7364905415586875
2.0416666666666665,0.493577041988884,0.0,1.3436048354666164,0.008031052667792516,0.0
0.39792522744673636,0.10113756525737062,2.347563990705628,13.98868958511169,0.007953751718499236,0.0
0.25412504264839986,0.21059087998578577,1.4764650768042142,12.267117338479892,0.029113791654222017,0.6597728600367758
0.5017117772077532,0.2881876806696881,2.0601949049646375,13.436025779372825,0.022908059853754676,0.05971595355758641
0.32291759278486226,0.22376861394483302,2.485652361993561,17.951905118720333,1.1458719082914515e-05,0.4909936943724586
0.6095788912684283,0.2411583424358782,1.663547116922245,12.607874981262746,0.017776725738024204,0.6444297232065566
0.9641033243418096,0.21227324239305076,0.7197248535841294,9.405234383811642,0.034658975851219936,0.0767177647456968
0.49335511970351636,0.15841428505160723,1.1047359521539886,12.607764876196397,0.03564909410047621,0.030687105898278694
0.4472441785808101,0.2733797119078249,1.2782165364392561,28.21570646769609,0.03554389550093567,0.18412263538967188
0.6594725622777362,0.421966925798637,0.32221462940892076,5.523649101127872,0.037250897279966666,0.10740487064397536
0.648698723542528,0.2520347568825101,0.7954104639894589,7.26364935113619,0.03676530540730889,0.09206131769483622
0.5077528073416221,0.27249153112040664,2.873232262181708,24.85649110024191,0.008022519039388436,0.061374219598787104
1.0341970684377133,0.39833014661881255,1.7717206457647978,11.226836272408018,0.007953875933387386,0.7978650862503834
1.2060565122481564,0.47368214454472446,0.3318810502898829,5.703201889406231,0.007953875907461825,0.0
0.4747748345285798,0.1330714459184977,4.09995098077989,27.618268874878236,0.007876433297874196,0.36824460498907197
0.455689630817602,0.2566179407908174,1.7491636779897275,16.571030593746848,0.02593962350044949,0.2608403169115847
0.6078255158133563,0.19181117526713878,2.021678119726169,14.779669833232354,0.040366438582511086,0.17914749448795286
0.3532505640248072,0.17536343836924195,2.6301906899389262,15.369643505575118,0.017951957288051972,0.17914740294175144
0.49894115577426196,0.16751646124078343,2.945962201188741,17.109585182684274,0.021813344121002692,0.33755833132863344
0.724616102917015,0.11571345848644125,0.9884455748759019,9.66641880869082,0.03088440823280818,0.19946610511502705
0.31098311266986983,0.1944678841236093,4.053920571603825,41.3033258381819,0.017264976832842036,0.2761844524272128
1.1096695940879622,0.4050912418011689,0.6016185165245685,9.845964902656107,0.007568047108689983,0.24549684718622844
2.0416666666666665,0.6274776979479181,0.04603065884741804,1.3809197654225411,0.00756815605887666,0.0
1.4619798587946025,0.36302379701681015,0.1413141226615731,4.322274970899475,0.007568156006632871,0.0
0.5854273900581249,0.32539179981749794,2.284498545116717,15.190140489280891,0.007568572330463458,0.015343552949139347
0.3312696562499973,0.23762650165796617,3.9618584299935256,18.131508502898416,0.029350199278319247,1.2888587806228413
0.5366850868451211,0.3586643928556466,1.4394492155651555,10.156517026369672,0.031273026552514696,0.37322374849979884
0.3541573752966832,0.134968532123531,2.030923298154905,22.113869749846444,0.012208182915618251,0.16877910324647874
0.4979098055109296,0.3589908944123348,0.6016214426728148,6.90459328440879,0.011912208007624967,0.1994662715625953
0.8128819610552981,0.3152387591402109,0.860355384547386,8.236305345023275,0.010381456550897155,0.09206115124726799
0.2967047512336443,0.13310427156878307,4.053920571603824,33.37504345334569,0.003359439626003323,0.03068760524098213
0.7199415141981742,0.39438057069081395,2.090710452577503,16.57095509312961,0.007877260619815321,0.23015304456573737
0.5663425381798435,0.47380685350699353,1.9332874518807683,15.369626933639145,0.008030861710858558,0.0
0.4010938676610933,0.12160430702466958,2.790837899664525,13.988697374857857,0.029164190115262462,0.9819873887449182
0.44311480022530175,0.19201814627667727,1.7498223156788,13.436064462220413,0.039992311179539865,0.12274908938338713
0.259696605669858,0.10744783583092175,2.2926388769027546,22.19638269635995,0.035230230057412944,0.13809189331846994
0.4802847545694031,0.12309906152575212,2.5349056887734167,13.80918462138085,0.027936829215565055,0.7518343441791808
0.3837079485102774,0.23752122851657462,3.182559537993117,19.332888082203883,0.028372682744141328,0.10740478742019138
0.49872823970253904,0.2199709123119672,3.3174276381935814,22.81279062990701,0.007722491003903845,0.7364905415586875
1.1666689266744956,0.8328305768620804,0.046030908518770175,1.3809142227185347,0.007722491003903852,0.0
1.4291706533192412,0.25171904459350647,0.046030908518770175,1.3809272555631054,0.007722462054512919,0.0
1.327101605991374,0.6467866755182832,0.04603140786147366,1.3809422358443957,0.007722462054512919,0.0
0.4759598096939186,0.2392907159656413,3.1333097165990362,20.71365416866724,0.008030086188603163,0.015343802620491065
0.44203992919961,0.19448335766737693,1.3436054039685357,12.092447638778674,0.04433454258311524,0.24549718008136545
0.5862832807177368,0.2585740841165164,1.6405421014437107,17.81619097282191,0.04591956473248542,0.15343536304382344
0.2534004734891683,0.12080004647330529,2.209470695898637,12.607815060138122,0.005847745165445745,0.5677113758943708
0.8004766256868794,0.3268329562373828,0.46997454233724373,5.523768943376983,0.0014389975399774569,0.18412230249453598
0.302002555660486,0.16222785345183813,4.244486999889429,29.896904457539,0.00050257230908332,0.015343802620491065
0.523276694861846,0.2528829243150521,2.396815459930628,21.252325903403396,0.009788033426923947,1.0433619334366107
1.2704666643556388,0.5295969630043753,0.325438058838991,5.523652996000958,0.007954000961290956,0.092061484142405
0.5248650372079434,0.13762680191836982,1.4762032816676807,15.190020647031767,0.014683448924216639,0.4449636180915295
0.4353093381541802,0.21545896408084445,2.406481775949629,12.428300359224576,0.04150855830467988,0.6597728600367758
0.8350401704012943,0.315536570055177,1.1290766070546132,10.74880786928152,0.0443770141794537,0.12274842359311477
0.44885348703216543,0.27179889235391425,1.5222382648229253,12.787397471922,0.041127855457908126,0.20900547126674662
0.3135352050184456,0.12279252671437697,3.5968380042808157,13.988704190885855,0.011577417003193344,0.7518343441791808
0.7515778724490191,0.2559482720813482,0.9051423304908731,9.75457880910054,0.010304706119467086,0.19946610511502705
0.28648178993404416,0.12539258224623542,3.0412458797202597,32.362962550559686,0.010367271124092522,0.12274842359311533
0.9472536497707393,0.2303227587925942,1.0619283207657684,7.084233669880745,0.007953689537551285,0.2608393182261759
2.0416666666666665,0.6609539962212249,0.04478682784888727,1.3809422358441958,0.007876552973200631,0.0
1.8170839534779457,0.2963065217236093,0.09528473464134124,2.9413913828559446,0.007876552973200631,0.0
1.1322453534602377,0.6045646228166455,0.8874732797124091,7.443263071708037,0.007876552973200642,0.0
0.2014245754898841,0.09155907615752158,2.4016061751501554,18.985150826061734,0.017881776722326683,0.3529021339491245
0.45984637940990297,0.2006076633570056,1.2888575888582505,9.666423677282351,0.04368419414024819,0.23015337746087383
0.234543365032738,0.2270913054409325,2.0601949434140425,13.809190463690497,0.03652142889133179,0.03068760524098213
0.464065556341928,0.13597161368040037,3.452299663227703,18.4904570112072,0.017129362485142047,0.8132082230806015
0.5552933579647887,0.08609575570987511,1.404067985460684,13.436056593824372,0.014553755600755645,0.030686939450710327
0.45816739296094405,0.11225951073697538,2.3475638508896703,17.38619617417222,0.011323097890236977,0.061373878901422874
0.778125986557841,0.35765769332809905,0.46030608913147697,6.9045913369722545,0.012349794102861626,0.16877916566431672
0.9342408267112952,0.16695507076508775,0.4635291465512303,6.90459133697208,0.0169134252370231,0.015343552949139277
0.8373814219680562,0.3262871382413752,3.0904986497330076,20.893296501576287,0.008116649196798883,0.10740528676289607
0.5572546611434848,0.22921322119665152,3.6396444272597,30.55977231023691,0.007950220832621195,1.104735895561816
1.5868092726965748,0.5263784800923432,0.09206142255680427,2.9413913828559446,0.007799390393303454,0.0
0.48654418684166845,0.11889961915441516,3.45552155967567,17.951938374944405,0.007876343449069952,0.014928942616295737
0.2718835741436847,0.08808591718983293,1.9706215623548737,16.181469316330727,0.0349581666414332,0.490993694372458
0.3282769341613652,0.2571870811133973,2.0467597601709793,18.810463741736818,0.03982546024979766,0.1380920597660379
0.6562658194828872,0.272801150641526,2.0350164438067555,19.3328395648182,0.018256589945396966,0.5830550120672947
0.7267895393463378,0.21202553006699323,1.242828038551636,12.42824628040948,0.028791391038460522,0.13809197654225405
0.2937636789231201,0.1250606468102631,3.1333060014893133,30.794605594102197,0.024509952830631638,0.08957374724397671
0.7202585088675474,0.295866133572165,1.8937001614879805,15.369631820955858,0.00795390735742257,0.3989322102300541
2.0416666666666665,0.2817801868565999,0.0,0.0,0.00795390735742257,0.0
1.651571717539849,0.46836864800928263,0.09206142255680466,2.7618844716885915,0.007953751819979796,0.0
0.3847134305284843,0.18382504427925883,2.7618368144207635,16.571028047099013,0.007953751819979796,0.0
0.5216729795276828,0.2947689162787818,1.9321046954114196,13.935241184928083,0.044802016409027694,0.1994664380101635
0.21721538095019557,0.1032183074981014,3.6364232973027826,15.369782822189782,0.03808049395587704,0.2148099077355181
0.46922791564518324,0.24610181384661814,1.615461950226737,13.935358480529185,0.034202683667875,0.9513004492942069
0.31948294709356323,0.09022322921799442,3.82376699274139,21.252341482895606,0.022741838950210667,0.43293956473808265
0.6047395130938363,0.35811169351614475,1.6571028596375965,12.42814396508973,0.007953689722644272,0.24549684718622955
2.041666666666667,0.32778382262586425,0.04603140786147366,1.3809422358443957,0.007953876063763748,0.0
0.4310495062967443,0.2158068380052113,2.4525131838111016,14.168212075771601,0.007953844900602622,0.0
0.38527491313023204,0.39391577797380856,1.983162346530961,16.123267335848197,0.04066054969619282,0.42961981547103845
0.3096912200047582,0.08906868878392372,4.389024551981071,18.4130504824122,0.03670128546776212,0.12274842359311533
0.4728622296253615,0.3634995628740763,1.1967966831211525,12.607790941885515,0.023394288074483776,0.9666439190195621
0.2497445479162239,0.2660590383937557,3.004882088665525,16.89955670985455,0.021078508246824015,0.04603007628092959
0.2843037308936844,0.26136711868557005,3.596834289171099,42.161171676012046,0.011937970568054812,1.1200796149585235
1.1967301848131844,0.43265544238146914,1.0126749939859003,5.5236491011278845,0.007954222658747684,0.16877916566431672
1.5003156565656577,0.4684630461141361,0.04603065884741804,1.5604393349274648,0.007954190635526872,0.0
1.1348221364502642,0.7188271714496383,0.09206281572294686,2.76183953084508,0.007954190635526872,0.015343552949139347
0.4373867194952001,0.18912343028027967,4.833219446127238,18.131516292644438,0.008031116599562939,0.09206015256185918
0.4437567182814283,0.19119364653477242,2.449291125076753,13.809216529379631,0.0012586993940961284,1.028018130816119
0.8982654297728971,0.23773379827366972,1.2665722962576487,11.272852808723108,0.0014814128835089944,0.0460307420712025
0.4359047128659878,0.264978293366589,2.2126936834104085,27.977394749715913,0.00027940283977194517,0.046031407861473195
0.5222595886192045,0.19174645868290704,1.9332880086478816,16.570960935439416,0.0064312734175907766,0.6904597994874861
0.7152716701129496,0.2945546605345516,0.3286591363649212,5.523679387043139,0.030635776209885928,0.13809205976603817
0.27146612374839924,0.16271088523848498,2.2941682516726725,16.18147453696177,0.03234750411537091,0.030687105898278694
0.47546507377922115,0.20497807422619937,3.001660029931179,24.014098322588882,0.007949007957949306,1.1967972964804363
0.34802289580356655,0.09927467346263076,2.169884613915195,11.227034573879456,0.007953751729256248,0.0
0.5211975523429225,0.2819384098672068,1.2697070899561145,16.123245831645466,0.044034290861183815,0.38358907339983594
0.28998985951428685,0.12417092954885156,3.4062682553662254,19.614365964840097,0.03900504545376324,0.10740528676289607
0.6419380374986299,0.2447202264088383,1.8444486088571446,8.465037188321899,0.018061955843032905,0.36824527077934405
1.1332549497424125,0.2235151987963421,0.2333770657169135,4.142766786408226,0.018594033590783352,0.07671768152191283
1.2291961492681955,0.20062183040646153,0.3222146119319261,6.9045988271127,0.018846314237775198,0.015343802620491065
0.28240662596751503,0.13588819978687552,3.1365290589090726,16.68749720067631,0.019051846029902394,0.0
0.34855255142598174,0.1791296920494122,2.6730017699127044,28.856135662474063,0.007872205792482663,0.9052697072230043
2.041666666666667,0.35728882700843495,0.0,0.0,0.008030924889293084,0.0
1.299284930345123,0.40362022018730315,0.23015329587555836,4.142759591191903,0.00787682602596156,0.0
0.46787418332936387,0.1319432444680727,2.6334147591518366,15.549154311615798,0.008338075438046341,0.07671768152191172
0.6686350336603962,0.27060425000843014,1.3019537817760218,9.579928100658886,0.034568703638011136,0.092061484142405
0.2548546547340362,0.06623221707635134,4.487529767433806,15.190244752037481,0.03284663097179637,0.10740395518235024
0.48516500353761804,0.27122516489421017,2.5938277483909657,12.607817007574681,0.0167854345487962,1.1354227517887416
1.2370014183530758,0.29641107514098924,0.5063374969929502,6.904599126718348,0.016956709089098354,0.07671784796948078
1.2847924268859594,0.3148042717571093,0.322215860288682,4.322297066814135,0.0203939778623757,0.030687105898278833
0.2762658832926255,0.16437175497715575,2.419371498928266,15.369643505575159,0.020644643908518622,0.014928896843194872
0.579341517436295,0.18557447741509855,2.531683630039071,27.61826108513168,0.007794546906864133,0.8132082230806005
1.4766559854958061,0.3142006215976199,0.27618398803849775,7.084118396617618,0.00787667388799111,0.015343802620493285
1.468063701733902,0.4464323346028694,0.046031407861473195,1.3809422358441958,0.00787658316950646,0.015343802620491065
0.5227324778048246,0.09122367320747443,3.1300839427549736,19.871292534784807,0.007876583169506454,0.0
0.5046327605481044,0.3438634020424199,0.9978510545257189,10.748847993981697,0.04235441449890813,0.24549684718622844
0.35004070174022645,0.10923278741346594,2.623747326477719,22.274142264409768,0.02315962420604225,0.09206148414240278
0.60455326321407,0.23154649058489288,1.0587049387732512,8.285533572816451,0.024068968759684974,0.3989322102300541
1.2972182747132537,0.33352899084212706,0.3254379190230337,6.904600774549244,0.036916540052308905,0.015343552949139347
0.3403198810833021,0.2365049697785884,1.8476706810893473,14.83301747604331,0.03762887152448949,0.1687784998740438
0.3904713009835092,0.23562921113058755,1.9986513519642701,15.19007277841023,0.033437080299459646,0.4449629523012566
0.7011115396994484,0.32425584621132736,0.5063374969929502,5.70327585454435,0.03439492619825748,0.15343536304382566
0.6135233766406845,0.2956291604622297,1.3905861863035027,11.047365913126473,0.034322747200940314,0.030686273660438523
0.569875197919425,0.11084871249764161,3.547584397869043,23.475666272350963,0.007943773297291264,0.5216808002707374
1.895832429321791,0.3974630235028622,0.09206131769483566,2.7618453731547015,0.007954064296651235,0.0
0.513378448088307,0.2863782454322121,4.099951445168606,18.131471632681237,0.007954064296651235,0.015342471039945238
0.331778918618067,0.15187223920331272,1.4733300276918468,10.748840290368776,0.010540663998724883,0.36824527077934377
0.34583608015022543,0.1762599559350567,2.0642004589796152,20.230477166264034,0.00975060678095318,0.04603074207120139
0.35995896274518807,0.2670423761315539,0.700125729348121,6.9046082646898315,0.017301030674462415,0.4449629523012569
0.45685647593883805,0.4745849993734566,1.7144405555218207,15.369645453011703,0.02111380976731173,0.0920614841424039
0.4259394080546377,0.2396249642599805,3.1461957469383828,26.59651370831986,0.00803118094933278,0.4926553352032663
0.597690362212961,0.3840730835478493,3.6888971048940453,15.190140489280891,0.007953566814779081,0.0
0.29237042535296703,0.14149480618197233,3.2778424849875725,16.750686109303004,0.03756551411681223,1.3042025832433324
0.326328988429956,0.14662344308042977,2.4428477266615563,23.834669608489058,0.022953740114730774,0.12274908938338713
0.46126863042394434,0.22742488056414664,0.7065708520560962,7.084111880195328,0.022917096301896422,0.322214611931926
0.3081603512447217,0.30362541291860484,2.7254755075959882,21.575299589841876,0.025047565079992718,0.15343569593896156
0.4609253566705552,0.2422948191591344,3.0904986846869966,25.215577988897785,0.007876887250480111,0.9819874511627554
2.041666666666667,0.6654156551381678,0.0031350779494217994,1.3436089550456942,0.007954317964318985,0.0
1.1787333490817484,0.35188629819018785,0.3682452707793443,5.523768943376809,0.007954317964318995,0.0
0.384637948044785,0.2612642749689253,3.314205579459236,16.750574056799906,0.011483828483506419,0.2148092419452463
0.5785412655602599,0.27792629567266447,5.9540645958957175,24.856492560819145,0.032679281165819474,0.2301530445657396
0.30821295159412504,0.11516726536091619,1.3144943105382068,11.357832508797566,0.02727626600156664,0.2761839530845081
0.35386544905927647,0.21929088596569168,2.0185433785523372,17.641548338755193,0.009387396202548108,0.10740495386775906
0.3681439062829273,0.18717745610978032,1.7523874544629774,11.047366727679295,0.009750608683664017,0.5063368312026784
0.7360164423341772,0.3829285757061333,1.2564698547676763,12.092447638778676,0.03857033339433821,0.07671768152191283
0.2878504042687981,0.14266635957236282,2.7222533789536634,33.711409874295434,0.007951480394021937,0.5677120416846448
1.3999305936389943,0.37556482949731274,0.36824355304044476,8.464936221227092,0.007952105692500086,0.12274908938338713
0.8709332259664974,0.5296334044011993,0.6444293986337989,11.047329361240639,0.007954064240519964,0.0
0.35615744589722204,0.13765634111651817,2.350787767178877,12.607863296643147,0.011561888872745296,0.33755833132863344
0.5013269702420567,0.17621045644931496,1.5706747296446437,13.436056593824373,0.04596642375609072,0.1380922262136064
0.5588861407594491,0.20717997352008358,2.101945463531078,23.567854981586528,0.04236980725755004,0.06137387890142065
0.6864681602640165,0.33459004033200873,1.959065339888812,15.19011839336618,0.030567527711150937,0.2608403169115847
0.6016628936315908,0.32641598542581973,0.5288924673971991,9.666363756157702,0.036158692515269555,0.10740487064397536
0.8479271714844873,0.4545832259972297,0.5555909635887752,8.629299871868769,0.03741644444264333,0.1534355294913936
0.34725043302060055,0.09139405390910267,2.8999308981892353,19.237420629740942,0.038294560101079525,0.5374421172790528
0.6915738538439987,0.15197476274583419,2.301532582844157,23.655165393772307,0.00764651078822443,0.6444290574162848
1.591138775490919,0.36008349485418406,0.18734383525456477,5.523544838371294,0.007953505627495598,0.0
1.1159430334423908,0.39631390914019415,0.32221214517896535,5.523768943376809,0.007953475128705152,0.0
0.2970561460216052,0.12013818288587508,2.255501174982678,12.559360801100826,0.011637031272515651,0.09206148414240278
0.6662005490069031,0.2956210954046025,1.2039381751368476,13.61073795193438,0.04284438628202338,0.36824527077934377
0.48650487025954464,0.20309817716967524,3.6097229435563536,16.750589636292464,0.032807714021596684,0.42962114705157983
0.8351088650372978,0.34260570301437304,0.5555900522883355,6.904592310690425,0.03051521885957606,0.29152750603364735
0.8652105073288506,0.3312829044982567,1.0009860143805405,9.929251021744982,0.03410313205650344,0.0
0.2799365381192525,0.2651348261080763,3.136529987686502,18.131518240080826,0.007873457787784968,0.35290163460642066
1.5458345581167272,0.41979957692425546,0.09528473464134124,2.9413981988838587,0.00787655304548724,0.0
0.9732027823180639,0.3962975953588663,0.46030636876339115,5.523649101128059,0.007876284393052612,0.0
0.5304271736362329,0.20146815568495383,2.0778220778241567,12.966807910079357,0.009873849886184356,0.1380915604233346
0.691061011182388,0.2010364000476638,1.196792635948519,9.845982719827827,0.03455455350045204,0.3222158602886882
0.5738345396577719,0.2208292201279212,0.7364905415586886,8.285533572816451,0.033791230320806526,0.04603007628092959
0.6989113548488889,0.3824148409604857,1.529023184350939,12.136123450250453,0.03754223166271039,0.2608406498067217
0.746981600174021,0.22774226077233756,1.8228244859825073,14.954334713026,0.033222243028839415,0.07671768152191172
0.5092572962257731,0.2343017443213265,3.685674906343737,17.109603458627323,0.03433906885544087,0.10740528676289607
0.41297215097236634,0.21387253545202153,1.4762032117596984,11.047360726204163,0.03447801476419964,0.6290855876909285
1.2027456036445072,0.2506214374301123,0.46352921645920897,8.285533572816357,0.04304429673958248,0.07671768152191227
0.31963330718716637,0.14581362822175337,2.7319199746045735,19.237429123566496,0.039778990211560845,0.015343802620491065
0.641615827868436,0.37038016115245953,2.0414607010914008,17.289013896784343,0.00795362822928739,0.5983989811353552
1.8148148148148149,0.6029962017613979,0.04603065884741804,1.5604588841943046,0.007876674010969226,0.0
0.7824717363358106,0.5075644069767832,1.4301718738062064,9.845982719828,0.007876704359930872,0.0
0.23931476961538245,0.1563404587850734,1.7684984472144951,13.843604381525664,0.02374056366970899,0.6137414521753004
0.3814329201518461,0.3506576100995315,1.1967973747107943,12.136122828571828,0.03949959620116746,0.537442300371456
0.3815508285991657,0.06164686490951105,3.0444673816874888,13.988732962388202,0.018739385192601352,0.41427601285054516
0.23003836646821932,0.0845084643121705,3.6888971048940453,20.89331767994859,0.019071067433543223,0.0767177647456968
1.0613183914178983,0.42419495977871774,1.443060388375504,15.90828797619933,0.007642857766369248,0.6444303889968284
1.1943768758245121,0.5504679826440921,0.2301530620427362,4.142738024268409,0.0075681291657678324,0.07671776474569666
0.42276810360326095,0.18253178242181936,3.547582680130136,19.512384226294177,0.007568156492247484,0.015343802620491065
0.8191496261515862,0.2265880253362098,1.6571034616244988,15.31143221484393,0.043193323147973056,0.6137427837558462
0.27464075826026685,0.14488202352559565,2.6729999123578425,20.050952639222324,0.02891567522423065,0.26872105863952667
1.0004518618783746,0.24355026915079728,0.3682472681501614,6.904592310690338,0.028964463555088922,0.06137521048196648
0.22012585691058625,0.06339912568762511,3.330319078911125,31.014486481534714,0.019963475683111482,0.015343802620491065
1.7675539553787625,0.37242383037331067,0.04603140786147366,2.7617763140587437,0.007876583405023603,0.0
0.4311713181325974,0.21851990621374107,3.139750258773968,13.809302516193112,0.007876583405023603,0.0
0.29433606051210864,0.16501974992406002,1.7095793137451905,14.833038628206376,0.03679910297289776,0.9206131769483606
0.34458868228037437,0.19573521533939844,2.8571252641718274,19.33285259766294,0.020675922464995056,0.15343552949139333
0.3992697901961719,0.21361710296187478,3.3399827484137874,20.893280922083804,0.019466231772721904,1.0433612676463389
0.417710557388525,0.13312098528264776,1.7951950858512038,11.04736591312655,0.03785006740249489,0.276183786636941
0.640119013146427,0.2769589397360227,0.7291300682076917,9.579909644944625,0.04371359673636712,0.16877916566431672
0.43657922220508394,0.2748726105627302,5.092370202876764,30.918703291616943,0.007945000533852433,0.09206131769483594
2.041666666666667,0.3894823836341024,0.046030908518770175,1.3809272555631054,0.00795406415517565,0.0
0.4797305838746975,0.21007195542978482,3.395680472294261,23.655300815513794,0.00795406415517565,0.0
0.4275084935815489,0.13721088493616276,1.8008792451854059,17.466854786691155,0.03905440023177376,0.5063374969929502
0.425888902228772,0.09310691856436414,4.333328545839508,19.33285454509945,0.03908641770088386,0.10740462097262315
0.49192745504526725,0.38855938361172315,1.4729811180713666,12.136088313991845,0.03878350758183192,0.10740462097262315
0.3582321288086989,0.20021167935117692,3.409490453916534,30.7945078986773,0.0106377536666201,0.7211470718333329
1.5968037001954989,0.5188182756676738,0.10494993712610115,5.703275854544336,0.008031084654516995,0.015342471039947458
0.42542952572520126,0.19051478865690621,3.1825594680851417,16.5710671456327,0.008031148896182781,0.0
0.38780126136597176,0.24311090722301146,1.439449509428462,13.785394221807824,0.036816602303362075,0.19946610511502735
0.6993543870628098,0.2403220284205131,0.601620513895384,8.285533572816277,0.04627485038705074,0.092061484142405
0.3494976356764518,0.12769388276058746,2.4467056604831434,26.22718035368151,0.04524914523114489,0.092061484142405
0.37415831690344414,0.19007614465156084,2.5111985456538894,23.015979874575898,0.045557956211042076,0.9106660946443562
0.6228311019876629,0.26077692461461577,0.8957365858148028,11.35791713240835,0.045776828702356706,0.21481057352578992
0.5542981999603724,0.30031900771508413,1.4618716170995938,18.238385602618678,0.04307263754828063,0.0920614841424039
0.36272140741888964,0.3277937340374697,1.2888584477277043,13.988753401109241,0.03745330579753832,0.47565022464710394
0.48573901348360166,0.4463958759703015,1.8440138598984879,16.361002248252543,0.03665789173574127,0.07671768152191283
0.49727122953188063,0.19440767289809666,4.053920037307131,26.237483033168804,0.015152271473202748,0.6444293903114201
1.111822613046691,0.38018332794970816,0.7921878010504422,20.893192238819367,0.007799449307966974,0.3068707260876513
1.6460938967158563,0.39497007343454094,0.046031407861479856,1.550757537951222,0.007799716131801998,0.0
0.5137552227792962,0.231681600933856,1.611071311960166,12.607867191516231,0.007799716131802052,0.0
0.3601156166888076,0.2578113745490663,1.8444484126310656,13.988731230293226,0.04311997349213777,0.6137421179655733
0.732197365426814,0.14726094471392734,1.4676649267223023,18.165528062685297,0.0344934595197043,0.015343136830219262
0.34289196944865835,0.2231339108501511,4.250931396990035,36.083525674121354,0.021360233791261705,0.0746447588545801
0.885427567736465,0.33240067017820135,1.3050883392852868,10.923508939577397,0.03655960398342253,0.2761844524272128
0.22734307012798008,0.04609707590284002,3.373127359444868,23.475640562443587,0.013082537980788227,0.015343469725355163
1.36111111111111,0.6872114726009823,0.0,0.17951956950492326,0.007954127454312617,0.0
0.888080392011696,0.5180384494480283,0.5523680341255844,5.523768943376809,0.007954032785420803,0.015343552949139277
0.29546952738234034,0.1333922146321202,2.1206310075034196,11.047313781748116,0.0133976066684418,0.2608406498067195
0.4149881178956301,0.2049751132814196,1.3841441810544504,11.047391978815726,0.028748434606858397,0.33755833132863344
0.4202772374365047,0.15632571977337031,1.5321581950139034,11.098191348180087,0.023080085820416558,0.18412263538967188
0.24498491464064834,0.10138700030079961,2.7190313202193157,17.109622932992654,0.01889837204921597,0.01534380262049162
0.6067421354945717,0.45191669813518137,0.8077306163209447,11.04736591312649,0.01995075790950244,0.3222146431408451
0.2795282439217405,0.12105708344933812,3.744592971219655,24.014225954584468,0.02222642987968941,0.4180105763486863
0.8099042683596016,0.16896017305555924,0.96986578467473,9.846013878812746,0.007949961593770836,0.0
0.6103876041447741,0.21467329475508312,1.936509370799157,9.846071403092203,0.008025207890017325,0.030686939450710327
0.45354266480344657,0.18198412702420494,1.1290766070546128,13.610740094115494,0.04138151277574343,0.19946610511502705
0.4644719348277671,0.12569588676394233,0.8778069636934144,8.285533572816313,0.04012766618969503,0.15343569593896156
0.3464330000883347,0.22550751623410278,1.33488885690377,9.666363756157901,0.014075975842975591,0.3222145287081424
0.4101480696047634,0.09867885877061076,1.0905598170099688,12.092448709869279,0.004594992934577441,0.24549684718622955
0.46588393039457615,0.4145872876335408,1.9365130859088737,21.790997638139178,0.0002787119403516372,0.1841229682848078
0.36823704381648725,0.21896348025371748,3.1793374093507927,15.549169891107997,0.0003011326913967277,0.4449629523012577
0.8476599634827263,0.26918003312080796,0.7364905415586855,8.465048273729897,0.04596691425526354,0.23015304456573793
0.5112351402255837,0.12558630501568693,0.6588856880694549,10.78764590004787,0.04555123734529282,0.21480957484038277
0.29728664197864846,0.12330071951440752,3.1986720387596,24.272202648738133,0.04014055232067836,0.27618411953207633
0.7584217910470595,0.3208181847607226,1.389663675624272,18.490441431714977,0.039357431737588947,1.334889522694043
0.7423803381170311,0.20510626978421861,0.558813162139072,8.465152536486562,0.044535436964194305,0.06137387890142065
0.9376894941502115,0.21074466217434612,0.36824527077934277,4.322285382194875,0.044680004095584404,0.061374211796557665
0.5010334859227032,0.13727102051786594,2.2587250912718853,17.109663379751662,0.013681606918462881,0.0
0.3966976688100919,0.11135691737531639,3.228590875946615,13.988793847868227,0.007645197837834139,0.0
0.2854473577702243,0.2712314960627934,2.5381308134719687,14.833017124003623,0.019678208764479992,0.8132085559757374
0.8821990139985297,0.18608619806252405,0.7397126702010098,7.4431692951481665,0.019769799827600413,0.05971595355758641
0.5011247505177782,0.10708905535634923,3.27139822770293,19.871503509807976,0.0011492138708408682,0.015343552949139416
0.5264302762394056,0.2724509044679642,2.6269685044963693,22.453865490836804,0.0009046284235117399,0.8438958283215836
0.4303386019969639,0.2846507252662714,2.4557359166580954,11.22687282429394,0.02116146614756011,1.0433616005414748
0.7601580883375965,0.2809071140741764,0.6016203740794269,6.904591336972168,0.044447429321584214,0.16877916566431672
0.3460228516601347,0.1026290000637734,3.873019530559783,26.237484306492703,0.039304246762544216,0.030687105898278694
0.5031591780317852,0.2786616469048923,2.7319198347886164,27.797903418040654,0.01826734703412315,0.6290859205860655
1.837500885924715,0.2410849271280006,0.046030409176067155,1.3809122752820147,0.007722636568152587,0.0
0.40531371423682855,0.1568248844937322,3.409490453916531,16.571041079943537,0.007722607345532708,0.0
0.574954949625902,0.15557455818162683,1.292081505147461,15.36964740044827,0.032613587988001555,0.3682452707793449
0.4797846325530933,0.09380954447420187,1.2460502371019417,12.96689659334351,0.04275014870023568,0.4756498917519669
0.5852805977763106,0.2736481999649019,1.0905599447169205,12.092456949027389,0.045417555109487216,0.07671768152191283
0.8334906407419718,0.23996381509839723,0.7364906114666672,8.285485336311071,0.04533033840095173,0.07671834731218463
0.38145338404133583,0.17447307204994622,1.5652172282715897,13.988808331927558,0.04602519880974677,0.015343802620491065
0.4728183316205607,0.138484980984478,2.0253490591943715,12.607807270391941,0.04406182988240791,0.5830548456197265
0.4893595613367651,0.18781607981218018,1.6603258777341134,12.607799087413365,0.02549787401112174,0.4449629523012566
1.005212961377217,0.29534054776130164,0.46030612408546623,5.523652996001129,0.024895656312457028,0.07671768152191283
0.48534409520310445,0.11253178886855286,4.638509439623323,22.094716246760527,3.318796907430686e-05,0.015343552949139347
0.4297940904764352,0.2680027378730771,3.7284831868774857,23.015964982297362,0.0001900878280188579,0.8509501410867691
2.041666666666667,0.3383275214535694,0.0,0.0,0.007799806254044178,0.0
0.34333736982948926,0.1631325685488139,2.271613466025228,14.833010307975682,0.007799806254044178,0.0
0.3001238070769179,0.16695451942331063,1.246050167193963,8.285477546564879,0.03464447767985212,0.5225134950744631
0.47008291107479466,0.2632081855788307,2.0821409902754495,18.810482012070008,0.034608536746976906,0.12274842359311477
0.2001726255853915,0.08338100881471111,2.626970362051231,16.750589636292666,0.02121163052492827,0.6290859205860655
0.834671046529298,0.3201055653948284,0.4635291465512304,5.523679061690168,0.018562784445427038,0.07671768152191283
0.6611681008247103,0.2749709450650135,1.2759772843043629,10.923515015956527,0.01877435518800677,0.015343636172923392
0.2812306107087374,0.20431425154585345,3.3602388448755707,22.633223797615408,0.008869298651159296,0.17914731139554996
0.7687565499054646,0.3651961272374984,1.5351213465435924,12.42826380733848,0.007946815528176375,0.24549684718622844
0.8408486117883535,0.41022362659878403,1.5190124909788505,11.047302097129002,0.0075683763226285115,0.0
0.33324532245414384,0.21964714941504895,1.703134407315027,14.77966142929101,0.027569832807948152,0.38358973919010886
0.5221298467344735,0.25655361976270413,1.9988372350626156,20.32876839102775,0.02126683858348168,0.07671768152191172
0.5281132485441593,0.17425541100372866,4.342992679730882,22.633287014401702,0.04423762258967445,0.7211467389381965
0.8170805476241843,0.1994362879574099,0.9270574691869978,9.666431963250282,0.04440783631871439,0.12274842359311477
0.35953410689245285,0.27219683754410307,1.7623626467011888,16.297942226219043,0.04544643656177398,0.10740495386775961
0.36432907720943947,0.14897098978950699,2.3047547114864786,18.131412029887713,0.007876403264188645,0.4449629523012566
0.7122466196489591,0.31614806879854146,2.488880133208439,19.388053885013377,0.007954032740831027,0.0
0.3626901901646411,0.10372471597224259,2.5381316024334395,11.226857244801579,0.03477238850897302,0.9359573124639864
0.5414999590624392,0.21564373693851116,0.9666435861244271,9.845951897899514,0.02931087414284095,0.12274842359311422
0.5607610179217255,0.18211727039667938,1.257166944314783,14.779653354916038,0.02895257632266179,0.10740478742019138
0.9179238178403621,0.18548365089259775,0.3746897952123394,6.904592310690403,0.03249219408235217,0.04603074207120139
0.5528686698776599,0.17726672821040726,1.2985257624321034,5.703291434036548,0.03297978839752775,0.046031407861473195
0.5895803218108173,0.13976524154638353,0.8778048964146188,7.084106037885757,0.042919551180653936,0.2761839530845081
1.1513410969607005,0.3518749077412329,0.4142756974324053,3.1209197158251984,0.0419376570114691,0.07671776474569666
0.3920176382560175,0.16629890655668567,2.3696716972730014,27.570789844272532,0.042476700958980096,0.12274842359311422
0.47579745193718753,0.24823206600040706,3.2350351332312632,12.428286352661717,0.045567377401145685,0.5216812996134412
0.5513827513514453,0.22202643972473554,1.4301727445350454,12.607792889321995,0.0356185090410058,0.3222146119319261
0.712178370501715,0.23524060506038216,0.7825210206427327,7.084106037885714,0.03398355832566913,0.07671776474569666
0.7298350894628339,0.45744276138648793,1.3144941320231138,16.181483652465918,0.03591048076903273,0.04603074207120361
0.3072579552617926,0.09326104842734734,4.313072519285701,24.45172748007448,0.01803193561602453,0.41427601285054577
1.7382519292736516,0.4517629689973795,0.08974779203756908,2.7618453731547015,0.007953875719302242,0.0
0.5005549376179093,0.1236347496519072,2.623746445762024,9.845998299320359,0.00795384460709194,0.0
0.40637875375823834,0.14957876822656369,1.334888996719728,6.904625192407401,0.01089722298240544,0.5523679061690162
0.4086591651352174,0.09547932433554053,2.127075404604025,14.83299659351912,0.00437325110462796,0.41427601285054516
0.8182993813157938,0.2413075412027702,0.3682452707793443,5.523682956563237,0.004375256179745715,0.04603007628092959
0.29235451235636134,0.17627242837153145,2.5349076861442383,23.47563893333799,1.1441373397771984e-05,0.07464494194698301
0.6008043421720787,0.26839422461624324,2.817536395856097,19.512380331421053,0.00032404843554103126,0.38358840760956303
1.0354413508758313,0.26972477162405606,0.42394299465981344,5.523649101127872,0.04187407046492493,0.092061484142405
0.28459908317145977,0.1427359403884,3.274620426253226,39.74289496711335,0.029620119233403477,0.0
1.8087370587686946,0.4689650579614721,0.09206131769483608,2.7618453731547383,0.007645366292046658,0.0
0.31555059749612585,0.1581610117980574,2.5809392338216686,16.750574056800254,0.0076453662920466705,0.0
0.5658380656466914,0.10530857112489207,1.2920815051474608,9.845982719828173,0.011924665821274775,0.092061484142405
0.5936084500510436,0.13637795500074615,0.7707816904002057,9.439190475726638,0.010828792445978511,0.07671768152191394
0.9851126807383929,0.28234212359550664,0.4603066483953058,8.285528179915188,0.009685328195220487,0.10740528676289607
0.27565413196394456,0.16835903829915447,4.3954688092657195,23.655225314896796,5.611511905951975e-05,0.10740462097262315
0.5008485702556771,0.37018619417474913,1.6142953680653302,12.428295116126183,0.00975034720019797,0.767177813904535
1.0998709160144793,0.2383711196560683,0.5127816144616416,6.904592310690685,0.03245669471516844,0.04603065884741797
0.458851423615362,0.2297721437314817,0.9978510737504213,9.66643835795778,0.03570450661109955,0.0
0.39102368887825456,0.30131309973797427,4.90503008273192,26.237318849287632,0.040737509138457695,0.2301533774608744
0.7250742370473131,0.31240622362483256,1.0320078357478246,9.666447795534909,0.04393362648907899,0.12274842359311422
0.5512051734098854,0.22854425156034405,3.0016600299311773,30.380257609323216,0.007713822373216792,0.06137421179655711
0.5150655961539621,0.23332474001256487,2.811093856310354,19.871439974690716,0.0077226078167540605,0.01534346972535544
0.5520194231125753,0.21982453500210428,1.6727887355895108,13.96006301520162,0.021501788124931833,0.36824530198826316
0.7447522512873292,0.17846940178371407,1.969725669253886,18.810461599555694,0.01762579791989254,0.18412263538967188
0.33544729189261074,0.10231892978461532,4.063587421919513,22.27421267173119,0.016959501788621115,0.4030816451756655
0.8579950055961021,0.39500183808469624,0.7397127401089943,9.666443226549124,0.026867639607788815,0.0
0.37458805227918757,0.35716216631921,2.4032598570312396,19.332888082203883,0.030659878054180467,0.09206135930672808
0.3678069391359145,0.26558536977188985,2.9524056345579313,37.21410242302459,0.007947260867705743,0.7825212836298903
1.1773614468002769,0.3540717295136096,0.3714691870685496,4.142722444776023,0.007876463220078449,0.0
0.37387191741174064,0.2993422699501198,2.945962166234753,15.190244752037481,0.005975233853424693,0.015343802620493285
0.555845707556405,0.1777554099920592,1.2888554516714779,5.523768943377009,0.001258087664231173,0.306871391877922
0.6271565695550274,0.1939192446557448,1.1644580925729857,8.28542931005954,0.001257398725168316,0.07671834731218463
0.7999532036538897,0.285365780474881,1.4197434040448467,17.466825043330175,0.0005895591034726758,0.15343602883409746
0.5277401035417514,0.15815322943899404,3.1793371297188786,13.809182673944337,5.592815830028705e-05,0.0460307420712025
0.4313274244904893,0.14506795010491821,2.811093996126305,14.168238442236513,0.00021181845706458335,0.7978644204601082
0.8191216084798473,0.3638932236470731,1.8444484825390441,11.047358123380315,0.04280618339399537,0.6290859205860644
0.7763921940957397,0.366986331927484,0.6476513721677954,6.904598480693703,0.041535455640785125,0.0
0.2949345299744859,0.33823090852028465,4.135394640523382,21.252357062388008,0.040617128289880025,0.16877916566431672
0.4998313019771907,0.15409000984229956,2.8272008543202314,19.69198101914841,0.008184981265047181,1.5190118251885787
0.9478898909374838,0.5076010727456429,1.2879379793601333,15.908199292935127,0.007567831589021783,0.0
0.43166376073468854,0.2396744295526199,2.725475717319925,13.809198253436522,0.02299647786736807,0.42961981547103845
0.49942246148628894,0.30188618830270064,2.4525141824965093,13.988714302575474,0.002281416655022943,0.3375581648810655
0.4536560806742998,0.21085177371811034,1.9759953335496263,24.534232905540794,0.0027747233214698106,0.10740528676289607
0.3752973712134695,0.18455281248420488,4.309850855032091,25.036111524489694,0.00018985722865368763,0.15343536304382566
0.8269490659304028,0.4543661906392083,6.079270095186911,26.41705765520682,0.04052930401240719,0.9973311913654093
0.3853163258404687,0.20612964960452373,1.1539884200644026,5.523679061690168,0.04385880917875361,0.5063374969929502
0.6948003378403692,0.4134498593775431,1.3558840676862076,8.090758109804696,0.04625624568369608,0.04603065884741797
0.606555022782136,0.1685414231897068,2.53813074356399,34.039731165071935,0.007947591402358773,0.5983989811353552
0.8489893368354835,0.4462186774565231,1.5222309744194304,16.750485373535728,0.007722873232334878,0.0
0.32496893892274487,0.11219872527465213,2.8110902810165883,13.809211286281217,0.026320358040241278,0.6597728600367758
0.6703300872324348,0.1883793043418495,1.1769983659212686,9.929232936792806,0.036841157428012646,0.0
0.2920508070917664,0.21872002248016023,4.4681967159479505,44.907652736213585,0.023510744614992724,0.03068760524098324
0.490493267634374,0.18573637061246298,1.6142954379733088,12.42824822784622,0.03091275664395049,0.6137421179655733
0.9965703955899986,0.3491477802495066,0.5983989195497542,7.084118396617623,0.042559536038277085,0.2608399840164488
0.4419013868333235,0.35565377853211944,1.768498145112156,13.935357409438643,0.0418391851918335,0.030686939450710327
0.3143484080157874,0.2569712147948713,2.1155183515011564,20.81557818865847,0.0074847043008394835,0.8132085559757368
0.5090027429267784,0.2677747494594203,2.9685172764549543,11.227044797921494,0.0075682664117191325,0.0
0.5054337345960007,0.2766450860986989,2.4911792742992525,12.607802027293538,0.028281289816558124,1.2428277056565018
0.6174318326996634,0.5255697145455763,1.0332327954579945,8.236308393511777,0.03869686867795207,0.1380915604233346
0.8237518353759873,0.465623282180146,0.3682452729639702,5.703260275051802,0.04277470912104133,0.10740487584546186
0.21754237444397614,0.07468552768516606,2.258725091271888,16.57101501425442,0.03853674359972343,0.12274842359311477
0.20063229631325843,0.1203638976700658,1.887255904203338,12.787281524546328,0.03807558815334676,0.7671781467996697
0.6124478373184316,0.2673424464237473,0.9238354166944361,6.904607272246194,0.03763134630259001,0.06137387890142065
0.28852883499756604,0.2890453374332986,4.28315306213351,25.2156180611499,0.033911376225797096,0.0
0.4586337771846041,0.2736715652982695,3.5540287949696454,25.574675101595748,0.012402843279661466,1.825882551276229
1.334455872254246,0.43966314721255223,0.2398193605847294,5.703171591787598,0.0077225790886306525,0.29152692346715803
0.3585120059839044,0.1910479995159781,3.317431353303304,18.412947826291475,0.007799419932168743,0.0
0.3543030518331287,0.2207522715399047,1.9352398214225972,13.610748003707325,0.03236299732921751,0.44786855312747953
0.4038598315022283,0.21099983980077544,3.0081033409614024,21.970454964576003,0.028039171710140306,0.33755833132863344
0.6135573824070045,0.26216184846249924,4.053920316939045,22.274238737420408,0.02683480748674813,0.7058036021079778
0.682259331957022,0.36006870854339407,0.6476517819409031,8.464945958409977,0.04281108265971498,0.13809189331846994
0.5766085020859298,0.3499116499897936,0.8317740866720771,9.8459905095742,0.039332059538117074,0.015343136830218151
0.39577050781477024,0.2179980650762919,3.4256020958135616,29.537919397344147,0.016960677345857895,0.44786855312747953
1.202660893940735,0.5394313851129015,1.8412246361578157,22.81277505041482,0.00787625495731245,0.29152758925743205
1.4780248442393045,0.4821345404853414,0.36824341322448134,7.084119211170413,0.0077995378748339905,0.1227484339960877
0.3398797617571991,0.1791687478844497,3.1825596079010956,15.190124909788706,0.007799626848354001,0.0
0.47947890629599654,0.09195450101711039,2.4341659103214033,17.816261994365284,0.04110095009415674,0.1534353630438251
0.395929197330338,0.12778668499665782,2.317644154833205,22.27434007902206,0.032906173638268255,0.0460307420712025
0.7138336631757429,0.3186619737533732,1.936509370799154,9.666417834972629,0.041773282687195885,0.6137419515180054
0.29368248456251905,0.16845862781263055,2.7618386020676526,20.313042621463744,0.0345082903214225,0.10740528676289496
1.4384658681188558,0.44263686900912896,0.2761807023635027,6.904592310690337,0.00795396983037014,0.0
0.3423253055864757,0.0904480818239451,3.2221466186619665,19.332831775071995,0.0080308931909977,0.5063374969929502
0.3238041972674528,0.35133926302995516,1.6635480456996758,13.436062320039293,0.012886097690661279,0.7671794783802133
0.9075694057159845,0.16435727878421313,1.4363146388311865,15.128994566933219,0.012886097684410784,0.04603074207120139
0.34210396184843145,0.19909591680876895,2.4921001945719747,24.091865419553287,0.0006800404791593372,0.015343802620491065
0.3236484809659126,0.10566650748823703,4.244487034843419,22.094704843021646,0.0001671628002518171,1.2888581148325695
0.7808722039106412,0.31170012653780677,1.2888575888582536,6.904598887970093,0.03890105304990406,0.2148092419452463
0.5796874234541588,0.17078966405088947,1.6436771697807813,16.123266800302893,0.037625632704869356,0.030687105898278694
0.3443227658096479,0.20370315941061343,4.557035475565734,28.22578161108129,0.01826767676229795,0.6120868761336329
1.3202846683403986,0.2629330129469897,0.046031407861479856,1.560464726504109,0.017357426699717782,0.0
0.2564391481129582,0.1372081154829762,3.639645286129149,17.951905118720184,0.017281638445620928,0.0
0.4066483237643658,0.12647503689481437,0.8745810500333892,6.904711179221031,0.037524425148582397,0.3068707260876491
0.3541281467494856,0.09057276147160591,1.988981460651513,13.325925995170627,0.04148539980408602,0.04603007628092959
0.4287813263659726,0.1320750009471536,1.0811548097385533,9.666387125396493,0.03776760668458208,0.16877909804499222
0.22994981964411454,0.06642053807455434,2.439624669241798,22.191770624380663,0.012820803522515902,0.12274908938338491
0.4880189940586937,0.20122944339599136,2.584161617128771,15.549258574372187,0.012602413610015097,0.9513004492942057
0.8204286181244838,0.23589882184634092,0.7097939247682199,11.04736527646457,0.03777900395497939,0.1994661051150276
0.7777909438942768,0.24789909356802994,0.5523669773915865,6.904541153030327,0.03790956290704534,0.015343469725355163
0.2746018879309355,0.25057141909019837,2.4483716903485817,23.65516078733579,0.03699202577904127,0.03068760524098324
0.6073753804698464,0.25157399556524784,4.108698431321396,25.21554143701188,0.007799537887388361,1.7184779303036064
0.4214790832699748,0.14177976456698932,4.681318718842475,40.40571787896755,0.00787716614846737,0.015343802620491065
0.3611801626494901,0.3491361997076881,1.5190124909788505,12.428274293535335,0.030268758989310064,0.4296191496807644
0.8375220598242805,0.2807769588095704,0.711098766899799,11.183219760382109,0.03827670325443563,0.612087059226036
0.2330913428566055,0.12549198362101005,3.554025219675886,26.32003708462955,0.023476181185135267,0.06137387890142065
0.5446497262026715,0.1275074835082577,2.9556286220697032,15.19010536052161,0.03319672812644607,0.6904599295246486
0.31447997045026793,0.08524068714866466,4.997088672767233,26.596521498066032,0.020428459063758828,0.03068760524098213
0.4767266431268229,0.17964154132118929,4.517449253766339,22.27428892136205,0.0075680204190810285,0.015342471039947458
0.46297286459043957,0.25391035186055416,2.15290392286279,14.954304969665015,0.005006591583062648,0.4603067549217488
0.3754878554210907,0.17580209528684854,1.7523877340948917,18.87838998455663,0.009574383634463123,0.26872105863952667
0.7516549443260239,0.16781493780343118,3.91905054394052,20.89332256726531,0.015292473201923335,0.7364905415586875
0.30073926095936687,0.1384446703306247,3.133570472882382,32.42118521535484,0.007721978392337838,0.12274842359311422
0.22264094199139034,0.10045028370763869,3.360236987320709,17.95196539562653,0.007954095895953,0.18412265619561807
0.3501508260096924,0.266021487171401,1.6154612870703526,15.31148541731277,0.034309800567768056,0.7364907080062566
0.37042937180933727,0.3290179115870713,1.9735215314825811,25.703173128986343,0.03687525549111643,0.015343802620493285
0.48271095454152163,0.1425044435851935,2.63019256060153,18.131524082390616,0.035522617841791816,0.41427617929811394
0.2691051943115561,0.09853823091908899,3.928720180588498,24.856488665946234,0.014696657479504186,0.015343802620492175
0.5339351941686594,0.09300770212513983,5.664993468977076,26.417055707770533,0.0003240484129685786,0.07671768152191172
0.5458280157208141,0.2939406327947334,1.675924787132788,14.833052964341574,0.00010076774356751548,0.2148092419452463
0.30720060934985266,0.2768946960708663,3.990858586459852,33.32144825641201,0.00023475994227507648,0.3135080238077165
0.5041385903854788,0.24280391240443433,3.635501006334345,19.512411640208597,0.031401161272325305,1.5190119916361466
0.26783614622304597,0.11641206270494109,3.1333061413052765,17.709455414297924,0.020817078126563228,0.19946610511502735
0.7850033163182565,0.4297462766595606,0.6048444301845942,9.666475808660646,0.008334173396198765,0.29152692346716025
0.24361878747757007,0.15125887277090794,3.0840543924483557,19.439698407319998,0.008718332274368978,0.092061484142405
0.7227900307105214,0.35900629850071514,0.9238380919229734,12.559360801100834,0.04340400932492131,0.21480990773551867
0.23370134490375402,0.07197018032190705,3.2842886697350613,26.41704986546054,0.030639303419400875,0.32843701219711363
0.43152315526816576,0.14938175677233495,1.7521271429321617,17.466854786691115,0.038871330583786126,0.4449629523012577
1.8299385807345818,0.6096143705684837,0.049079384434722574,2.7618397649119735,0.007876795816597655,0.0
0.31537406122178635,0.27915823137221313,5.941176940195873,34.88202872431296,0.007876795816597658,0.0
0.4011394513518857,0.28192985699171663,2.644339251472388,23.6418290864704,0.014154851292180842,0.7315184170639993
0.3881622591791934,0.22434309530998883,4.060364434407737,25.215562409405628,0.02764343334779763,0.8285513599108197
0.2942882938003038,0.09013675797188646,4.145981135291177,34.70256785878461,0.01255117808969569,0.09206135930672808
1.6673599262528171,0.5741816353495411,0.09205882098130938,2.7617646294392673,0.007799537795636237,0.0
0.9506229858543978,0.6054303009481683,1.3542200508347684,13.98860090184731,0.0077996565731634935,0.061374215697672214
0.23832295603232181,0.051811388946534,5.618962666334563,33.680634052374096,0.004562646317035851,0.6290852547957937
0.23966988191462868,0.0744911586810351,2.987850048308906,21.07269914998709,0.0067864027670967745,0.2301537103560103
0.4099638855878583,0.3400052719823919,1.854115402762712,13.809182673944209,0.03486743336889596,0.7364905415586888
0.3100920735969491,0.10268249889998908,4.477863311598859,27.797992101305095,0.007484130183655901,0.26872105863952667
1.4228414948120762,0.25673380116911704,0.0492536064117822,2.7617802089318273,0.009794546110552532,0.015342471039945238
0.24395022205952924,0.05403589328690376,4.704794122660304,26.237506402407345,0.009794546110552532,0.030687105898278555
0.3960201162204718,0.17049495065136677,1.6123263902865632,14.954329336975324,0.03583597749773053,0.19946620914475735
0.42874790212458763,0.1109848382328506,3.133307156843501,25.03611541936271,0.026172436221662237,0.015343802620492175
0.6920309326978066,0.23097593763620172,0.828551394864809,9.666431841535477,0.037803048438331564,0.10740487064397551
0.2906159251169857,0.17934296184481105,4.698349784232466,28.156958885556957,0.021623938950383267,0.015343552949139277
1.9395833333333337,0.3837000476797279,0.046031407861473195,1.3809422358441958,0.007722696104449297,0.0
0.29657933763631955,0.3823356619993336,3.4812990307325524,20.154077722668987,0.007722637465348047,0.0
0.5433303052043253,0.34442471805065183,3.8698042528993715,25.21558188377099,0.04126184248608058,1.3962634015954636
0.25722783781358505,0.09270638323756085,4.56347787529552,23.655180973264706,0.037120258501112696,0.19946610511502816
0.4196333085241843,0.22964299160830545,2.176503000961519,13.935396507972296,0.03868318469989337,0.9359573124639886
0.3117931519624914,0.08549257964818353,3.3731255018900064,38.376548057516175,0.01032758393965334,0.5075845066850659
1.0793794960074632,0.44717784367423236,0.3254377792070702,5.393803631078103,0.007490305678596092,0.015342471039945238
0.8667645681492461,0.6157236632285698,1.3017442458726953,15.190005067539607,0.008411821998879925,0.015343802620493285
0.20662975471908374,0.05026931907606443,4.871883806392919,31.7611616875826,0.020291257460509037,0.5523675732738798
0.30535636446963116,0.14279104404755436,2.7028866796749327,20.893338146757674,0.020713063176323765,0.1343605293197636
0.3932981530441675,0.11962546668849199,3.277842484987572,18.1315162926441,0.024244556634102406,0.5983984817926502
0.30417818129489416,0.20071794309611413,4.0336668669935944,29.17883464337826,0.04478168538920728,0.1994664380101635
0.4483557781098699,0.3535997306738152,3.106607505297749,32.05114318647133,0.008183079871349015,0.981987388744916
1.5764590301678683,0.6067932990478541,0.09502368130766596,4.0453712651561595,0.007954032896544044,0.04603007628092959
0.4782382221156863,0.07663106097849827,4.974533800983168,32.120222730572266,0.007954064398331741,0.0
0.5002664852788565,0.21902035719401095,1.2092447638778692,12.092447638778726,0.00014532087839162997,0.3068713918779231
0.4011347346498037,0.25376355723397775,2.744808436742885,21.93435828561795,3.319445692663699e-05,0.015343802620491065
0.3826914009522151,0.2353929274293687,4.004666640619291,26.41700552382861,0.005585995219517278,0.6751166626572669
0.5325911506411368,0.25535745397201687,1.6217316145224774,16.181475588389848,0.03790077822961579,0.030686939450710327
0.3453169181623761,0.309459665359282,3.941605084910044,39.643801932895826,0.00779311600155854,0.4180105763486863
1.7609381921279361,0.2902625110135979,0.04603090851877101,1.3809272555631302,0.00787725979692682,0.01534363617292367
0.7189083857383921,0.4015385562012712,3.09372084828331,16.930000074449275,0.00787688734630698,0.029857885232591752
0.27683684703987027,0.1797894004297288,4.757268661788627,40.46095377076751,0.03134103217482658,1.4116065384256826
0.3139429950782516,0.26729581084843984,2.4695466680474727,18.06371215410033,0.040387109446541884,0.13809289200388042
0.29435411388399446,0.2025606090302249,3.1857816666354415,17.951889539227796,0.03946585661890904,0.5523679061690162
0.41811411273145244,0.15561116383624796,2.860345605167269,18.878401886396144,0.042847011497656295,0.015343552949139347
0.4343225541623051,0.3478097966338904,2.3838794469892153,37.16052519633815,0.00787201914663935,0.8745821019820221
1.814814267949946,0.8118466586871618,0.046030908518770175,2.6872096709332327,0.007954254199388222,0.0
0.4771757509175972,0.15309846415395276,3.2810665410927338,23.83468788443206,0.007954254199388226,0.0
0.2846000938276294,0.16385325793612668,2.1175221819305152,16.123245831645427,0.0405072595462756,0.6904617968583038
0.2520690930497813,0.09035795334035603,3.096944904388472,25.036196312880655,0.04305082013539414,0.07671768152191255
0.7398327514681323,0.12034928828007026,0.8745809102174344,8.465040483983804,0.043900997491675885,0.2608406498067206
0.2886444205453709,0.2298874969374155,3.149416784516898,23.834695674178228,0.015279147806967545,0.0
1.1619566025419206,0.5572037234213773,0.6969042910470865,5.52367906169014,0.007567435730191828,0.30687108499021926
0.3537543919082302,0.19201233086776326,2.534907546328278,13.988793847868253,0.007567435730191828,0.015343552949139416
0.6178804610226049,0.17591362626749607,2.5425493443728113,20.503459800910747,0.04207039780789823,0.5374422088252545
0.37060933454559547,0.25795910140426614,3.297176325434908,21.252359758838654,0.04172883964790405,0.4180105763486863
0.30954546697953594,0.12462342550544663,3.7703719278210897,40.281462439092394,0.010171708106922162,0.06137421179655739
1.7013895844320066,0.5972868030654794,0.003135068337070647,1.3484583866764093,0.007723172138143315,0.0
0.3428150388563816,0.27000752661093497,2.991993574096228,21.575306879624232,0.007723051637034684,0.0
0.30659006164266933,0.1928699257023335,2.184254721581712,16.297943668071703,0.045022554870523646,1.030097635574722
0.2228868562313631,0.1824275992870091,3.0734684669312466,23.655165393772307,0.03782969079851737,0.6568740243942262
0.3404352186785777,0.2732723977384623,2.5841612925560145,16.181458875068635,0.04577978000757368,0.36824527077934377
0.34874651072982626,0.2878274268725374,3.0872764511827047,34.07044941789089,0.007954222286696393,0.7671781467996709
1.5799356877497288,0.4577204976891759,0.04925350154981445,1.560458884194477,0.007877010877622664,0.015343802620491065
1.683897722119675,0.4962197813077401,0.046031407861473195,1.380957815336556,0.00787707287115745,0.0
0.5306741477352414,0.1856470457731195,3.0113263459501733,15.549141278771025,0.0078771351009634,0.0
0.4374853733863478,0.22320166112484463,1.9925670983884742,13.436056593824393,0.03336078046499197,0.4142759296267622
0.3906495128350094,0.16502265302869276,2.217832702768095,14.95433899738826,0.02840463431383959,0.13809189331846994
0.3162602625588449,0.07318974314418242,2.5809392338216655,11.226924955672295,0.028242651245130604,0.6597728600367758
0.29951651530740137,0.23281928002967867,2.0253462728620777,16.181480379271406,0.02653890582421202,0.015343552949139416
0.46247417067219115,0.25210393817932736,2.0285719068901886,21.79098715194242,0.007792814961796927,0.6751166626572669
0.5571946725706428,0.10025240724172126,3.0905005072878717,15.190106633845557,0.007645480297501704,0.0
0.5010466907915444,0.14471226690269015,1.8425310204889418,16.472601379797815,0.03372329234577469,0.6444290574162842
0.24762916944842597,0.05543332478614288,2.9491843647850544,16.181516219609367,0.028744433207707285,0.046030409176066045
0.5734975425372555,0.21641533840434288,1.6154619502267362,14.779636876599682,0.045746709306573194,0.2301537103560103
0.31094711887387183,0.14437894830785186,3.787403109308258,35.116790608413524,0.007793131441131269,0.7671776474569666
1.7864583333333337,0.6806971541873678,0.046031407861473195,1.3809422358441958,0.007877354534468342,0.015343802620491065
1.7088115315939483,0.47056460354049945,0.09206081835213098,2.7618545111262107,0.00795425401080536,0.0
1.1638966922078786,0.5845645905341698,0.7857440431084938,10.025479144798558,0.007954095459088345,0.0
0.47587807241989033,0.14128153733936133,3.2253687473042874,16.750574056800254,0.007953875765989094,0.2761844524272128
0.27509856054270054,0.1603354604856976,1.6205662465423312,13.484591656510299,0.03613466153046831,0.5370237706533887
0.45564555832610726,0.17209545988487954,1.950915191945004,16.297927808979658,0.03945120931858835,0.2608406498067206
0.26549211029110525,0.2098676345130659,2.301532477982186,15.369639610702038,0.020870747277113227,0.33755833132863344
0.6057757665921703,0.14724222947821808,0.7397126876780076,8.28551539518149,0.040669112740976635,0.21480957484038277
0.4357512140825361,0.33154449266257935,1.0905598170099695,8.270229802312691,0.037519001962339205,0.1534353630438251
0.41318636865606123,0.1741635616457893,3.7243408220619507,33.680693973498634,0.01140705986900209,0.09206081835213098
0.3917255807606357,0.20856782774262136,2.4032598570312396,16.750469794043514,0.007645310312303993,0.0
0.27664681127143104,0.1277751141068673,2.7158091216690132,16.571067145632526,0.02653873857912504,0.9052690414327325
0.7844585675391312,0.2933906407305768,2.2393425102234947,15.303648653429775,0.029015480151151136,0.20900547126674662
0.26645130275165757,0.06257886205932958,4.8129675466408814,26.237326639034226,0.02555335047539089,0.16877916566431672
0.5992396548743739,0.22039426002894055,1.2697071284055192,13.785391338102468,0.03915087743705485,0.2148092419452463
0.32714799077157025,0.17692869381780277,4.333326688284646,30.55974675247273,0.010869537991680934,0.2608406498067206
1.1688765388904698,0.6681664223390523,0.46997268478238585,11.226940535164609,0.007644949150443452,0.15343536304382344
1.5531388650237277,0.33161009848535705,0.049079370016189575,2.6872119984954117,0.007646001304401079,0.0
1.4737188347500785,0.2931131222151168,0.4635282876817798,6.9045913369722545,0.007645480092297241,0.0
0.3211271444704716,0.09465831523239553,3.5572485767012614,27.97745856571333,0.007645451636147778,0.10740528676289607
0.7389250825348453,0.2013854411602445,2.149768835301017,17.529965408380885,0.024141262373962566,0.3068713918779231
0.2895475803673468,0.18662437458489337,4.750825425659814,30.380249819577248,0.021845087504734385,0.8061631759185784
0.38402725331121546,0.31769439183637627,1.7781649030494435,17.951950799215062,0.04273535812183258,0.16877849987404492
0.33531725661355044,0.2591287600928766,4.07325308879299,34.882105928936866,0.007873994042653059,1.0740487064397535
0.49800694778100923,0.2769234650618812,3.314205719275193,16.750574056800254,0.007877228803056155,0.015343552949139347
0.37465139746807075,0.2541760714183097,2.645559402709056,20.328751912711393,0.04173989247825022,0.5063371640978139
0.5276919155459388,0.20342470925469805,4.37613589759582,29.42145497221235,0.03836126516768784,0.8061633590109825
0.373960555621558,0.20402224657499743,4.342993144119598,48.33215493829734,0.0077194719737039,0.5673000940578461
2.0416666666666665,0.531153654992459,0.04603065884741804,1.3809422358441958,0.007567831889247649,0.0
1.7155701662142016,0.2523917106661071,0.046031407861479856,1.3809422358443957,0.007567831889247649,0.0
0.2651272718670646,0.21629440327327257,4.326882430999998,28.695573395619046,0.00756783194495323,0.015342471039945238
0.32390380685171066,0.30773899682255107,2.9590670987813703,27.396148013523774,0.015164371044590851,0.16421850609855682
0.31233402261458415,0.3087918303607458,3.327096025860621,19.788985675343966,0.026303092868825102,0.9206131769483606
0.3641463910914264,0.11268741070355716,2.3029401792774165,22.8413049430091,0.0077999574627048264,0.015343552949139416
0.6061203059772557,0.2821532150193939,1.3445571702935828,8.285549152308837,0.01009494679499826,0.26084048335915266
0.38169966699799146,0.249815596481871,1.7560924908023445,17.03683311903432,0.019364583871555298,0.36824460498907197
0.5242660202322543,0.1549121268937517,2.366896727605584,17.95196539562653,0.035853827531481926,0.7211467389381965
0.3472484761466315,0.1406261789065926,2.9459621662347546,19.057919021605382,0.011846069143242483,0.23015337746087383
0.6553057868339344,0.4658493379217316,3.1001668233068598,15.728781065031926,0.007877291239856251,0.0
0.25530127863372976,0.15915010470515614,3.0412451831371885,13.988761190855428,0.037687251896886424,1.150766554409235
0.3190823034353138,0.08763406761494481,3.3303190789111263,27.61836534788843,0.034063839739785835,0.10740462097262315
0.4950277405740647,0.4378589507838609,1.3050888308883897,9.439215522762835,0.039339170970754386,0.3529017178302047
0.4088794332662047,0.1432728295159861,1.804014396600654,24.238652097485854,0.03794899796927431,0.38358907339983594
0.5531799714357023,0.3458948912190353,3.406268534998143,26.77599058402364,0.012166881339473993,0.10740462097262315
1.5851964923362385,0.552844191269346,0.23337520816205126,4.322285382194803,0.007954222600219857,0.0
0.46214926901028,0.12315973983488486,5.878116330741055,44.72799633278235,0.007953938602249484,0.06137421179655739
0.42419152342065125,0.2704241062143555,1.200019688109919,10.74883975482354,0.021597937596840033,0.5370237706533887
0.23679037898945923,0.16864537177213976,3.593614087991612,19.332735302061792,0.025013301302436584,0.07464494194698301
0.3858563664626149,0.27336535653799204,2.2683908505237635,12.428151754835737,0.030261955603127468,1.0280187966063914
0.3681918178736361,0.1445941956263421,5.1812128174202305,34.88203628935494,0.02352130573869743,0.015343552949139277
2.041666666666667,0.42245450822530584,0.0032221985503028097,1.3809422358441958,0.007953535981432192,0.0
0.3632287121731362,0.2870753491199851,3.2681743114137136,20.89319223881934,0.007876673858394525,0.0
0.43366266480964666,0.2258229922516639,3.330316432394793,25.036123209109213,0.041454934504452146,0.5370251022339323
0.4060193128145749,0.12793185855165526,1.6499473256796255,20.50342072670314,0.040773560809669596,0.1534353630438251
0.38406749491851316,0.18475845836803884,3.130085800309832,22.094776167885122,0.03396759082422795,0.3529021339491245
0.3249304106920259,0.1369814467625937,2.9745672253009885,25.39504834817927,0.019232790730141065,0.0920614841424039
1.370985502603532,0.5097976389708603,0.2858507684462088,8.644578554135956,0.007875875704518765,0.015343802620491065
0.3063426675959551,0.17038041755337388,3.2713965099640223,23.655165393772307,0.007954190543957561,0.0
0.32880451519885623,0.1962828636780814,0.8317735584611227,7.084165959010437,0.037300978757015615,0.29152692346715803
0.26366559710052967,0.18591000790450185,2.0185440874632365,15.486099236818744,0.036050108289668384,0.10740495386775961
0.5159148766674561,0.18120333580079795,1.3381119492775126,9.66641978240913,0.03889092276711259,0.33755833132863455
0.29130969973042514,0.23668709060903445,3.8430997235556097,22.1138628561087,0.031623237332132494,0.015343136830219262
0.4329217137666799,0.41401804509448353,2.3636728462703664,24.943948175289158,0.007796831806840409,1.3042019174530595
2.041666666666667,0.7568378145938537,0.046031407861473195,1.3809422358443957,0.007876948887234406,0.0
1.65277552796766,0.43574628820091105,0.14131614250280825,5.523691153585815,0.007799926770416526,0.0
0.3956094305399051,0.16338886810070305,3.4555218617780046,19.512369845224296,0.007800078876413123,0.015343552949139331
0.344694872205147,0.13305814609129954,1.580079736916059,16.12327450391581,0.02018854804500119,0.5677115423419393
0.40929822527114085,0.29273171542380066,2.765062588264838,24.27223614839949,0.00032385459596686656,0.0746447588545801
0.7021908051704814,0.15146623549704055,2.630191922067049,17.951957250098527,0.0001225084222777506,0.09206148414240278
0.34002850243533195,0.22620666936576658,2.4396248090577615,20.22686660224129,0.04426769751039958,0.0460304091760666
0.4156760832706578,0.2818074769768364,2.5316836300390704,29.035657481127522,0.007795232773662711,0.8745827677722952
1.1049439788514703,0.3486143621965668,0.6936813322475149,11.047209518991714,0.00780007874734992,0.0
0.34508558214467316,0.2316730500328699,4.007890556908496,30.55982444161513,0.007954032010151855,0.030687105898278694
0.27302164731358275,0.27474659607237517,1.8899577116074207,16.1232601677806,0.024985044585253396,0.43293956473808276
0.40222223298639254,0.10789655639044843,3.7445948287745168,21.252437955906334,0.026925803870956715,0.5830548456197265
0.4205130136301735,0.23767941008127977,3.149418572163778,38.665694709129085,0.007717164978143244,0.13809156042333348
1.0658670514392272,0.28702884986831473,2.5146553047921745,19.69199659864077,0.008030578823575343,0.0
0.9386333864522838,0.5540684440635459,0.5620343620039672,5.703195110828967,0.00803064126047954,0.18412296828481
0.25811295665322587,0.08014992496966476,2.8539014876985744,13.484567189952363,0.013855717562780636,0.13809156042333237
0.6321452026952575,0.21885300668633675,0.5588131315543314,8.285507507127216,0.041731495592565795,0.15343536304382566
0.3185549061872544,0.1750919261258019,2.9160425400862646,19.057882559588784,0.04038517616409593,0.2836500470289227
0.36575273010416137,0.12217839486345511,3.593613553694918,22.812788373502386,0.031859597154456354,0.12274842359311477
0.8037150191739172,0.15017091671171992,1.3809222621360617,9.845982719828026,0.008028755443625845,0.5830551785148619
1.5095189346715228,0.5190042319295353,0.5523679094459526,5.703199506605264,0.007954095722527147,0.0
0.8810839836283977,0.30128562211560533,1.068369002756651,11.226859688459866,0.007953907237219254,0.015343552949139347
0.18383394287510027,0.013727038621035947,3.317431353303304,18.786568936454344,0.02231822105512252,0.5677127074749166
0.2596399416481086,0.14382831321403883,4.0539181797522605,21.847030052510917,0.0342860882256712,0.06137521048196648
0.2763926023164816,0.2647729138122164,1.709318862398419,14.954330428663773,0.03841852631605807,0.5677113758943708
1.7101923364828229,0.2590411959098838,0.09206281572294686,2.761780208931801,0.008260331934819006,0.03068760524098435
0.4186279476879196,0.15106732923966384,3.0444673816874883,15.369647400448072,0.007952877200927223,0.015343802620493285
0.35563614208188815,0.20203569427566878,1.2888575888582534,12.607818955011188,0.03831256561589673,0.33755833132863344
0.41773586895950987,0.22213116979625247,1.0457728614541308,10.787667093411317,0.03344059068490447,0.3284368748778105
0.3559623035960038,0.13911824059561165,2.857123406616969,22.54100468993615,0.012750487069342833,0.1074047874201911
0.6638005757197137,0.27942885044032145,3.0734675818463044,26.417006160490523,0.01464710924993001,0.4756498917519658
0.6164504804206746,0.3075206721696899,2.2716137456571395,18.310999684770326,0.03878622973785038,0.2454968471862294
0.5629378586220516,0.22133416767445793,1.7095788493564774,9.666475808660646,0.03098492588658096,0.10740491225586735
1.1577737732950744,0.31369301283614676,0.6969033909818607,6.904599126718261,0.03434364490128355,0.09206131769483594
0.336842263252503,0.17114672592162503,2.2845005424875353,19.3328134991293,0.013500424730654477,0.030686939450710327
1.0073383739586184,0.8237319769918395,0.608066628734891,9.666443226549127,0.0079541590993226,0.0
0.26442421298615315,0.05836429091497781,4.846108582378203,24.85660071844915,0.013702791310935023,0.4909936943724591
0.38008637153026176,0.3091445227296878,2.417282041301415,27.618264980004962,0.03489591120635689,0.7211470406244138
0.5318380778442241,0.17619518050634228,2.781173161568475,18.131531872136662,0.03058443721702933,0.4909936943724591
0.33136858515526957,0.0902501507471678,4.4649726598427835,22.09470321391608,0.043594928453242796,0.07671801441704873
0.5381543095889102,0.32721914361968857,2.46217977946201,15.19002064703174,0.007954190808407691,0.015343552949139416
0.2863727779268483,0.23100109238300845,3.958637160220655,24.9439215740547,0.037071799296857506,1.2581718411721288
0.2736600777467635,0.16021297238940768,2.419969498487567,24.27224565714361,0.02313908452945576,0.29857894387211814
0.5256102886293627,0.30490237983195634,2.94918482917377,22.094716246760573,0.032227099384997224,0.951300366070423
0.3708198819368198,0.17968971919818955,3.6589802650778527,39.20423102212358,0.02631426128214399,0.030686939450710327
0.5520414092915268,0.23645631686287882,4.444720558122637,24.85655967247884,0.007954159133943952,0.0
0.32113110536709705,0.21354244068917158,2.028571582317432,20.713810768781233,0.03333885011525528,1.3809199318701084
0.29420766900426426,0.18831906779441107,3.6364214397479238,27.797992101304896,0.03970067347305657,0.2148092419452463
0.73107400119391,0.27815772228155405,2.130299025032677,9.666438517123263,0.03372586698003336,0.9819873887449176
0.31372724775304395,0.07688218050656881,3.268177027838031,22.81281081583607,0.03411470697180477,0.12274842359311533
0.6286594612227635,0.3071181634135541,2.0746033147516685,29.537911607598012,0.007717795537924118,0.7058029363177054
1.357415668467479,0.4939282558883891,0.3714692788227718,7.263639656085508,0.007645565704743714,0.0
0.2646845204493957,0.1681812777446856,5.832085869134003,38.72101074543315,0.007722695524773404,0.3222145287081424
0.30921576188033967,0.22428600413158353,1.1967971649868578,10.025472628376251,0.03691164572443339,0.5370243740258228
0.24368799036131983,0.11193708726923911,2.9031548144784396,26.596572356120266,0.030555645858584807,0.12274842359311533
0.381500754233212,0.355280357658841,2.4425240978799687,20.81570318365532,0.04354226469875764,0.6290855876909288
0.347945034754874,0.20868619209399322,3.360236987320709,36.1270117088942,0.00779400277837375,1.0433612676463389
1.3161480933621763,0.5834505048937308,0.092058995751262,1.5604588841944786,0.008030893125936819,0.030687105898278694
0.29267966227642556,0.12618752614999454,3.777737442434781,26.23742311204442,0.008031116555026427,0.0
0.3226439722364809,0.19446401415149248,2.3351868134232165,20.7654023665761,0.038926790805061916,0.1994664380101635
0.40979159771025536,0.18388098159361385,2.320866283475529,18.131524082390637,0.03586463863889114,0.47564989175196803
0.3362307445223152,0.14872326463839525,3.225368747304291,42.32524915839583,0.007641588233980128,0.5673000940578461
0.6284870896056569,0.4328431268793649,1.505202509356577,13.98880942736076,0.007645566039916408,0.015343802620491065
0.22152140285444735,0.08488801727917485,3.9650814175053033,28.2156446946076,0.02921592371376716,1.0433612676463366
0.26635476206372644,0.10202210289675662,3.718090992924754,26.338774532093606,0.03173234095798868,0.41427601285054516
0.38970753695575894,0.19086969022738712,2.064013813940788,20.815683589448973,0.014564118260516607,0.4603067549217488
0.45250273491616877,0.3930092649462677,5.803085630900308,43.16763560688007,0.011988518371715735,0.9973305255751352
1.471709694469168,0.7584953745073041,0.04925360641178267,2.761845373154733,0.007800109336073109,0.0
0.24146939737048315,0.13465176769859713,2.765059012971067,24.85651203518532,0.007800170678737802,0.0
0.2648876562336991,0.1413044759675472,3.494187405485899,22.992341732903892,0.039388431446239436,0.29152742280986327
0.34500637516698496,0.321932938012566,2.475068294031307,16.68751898200328,0.042831024452178866,0.9206135098434953
0.34345400117061803,0.10034662031580487,2.8078719373919627,35.42056913815957,0.007641488466879566,0.0447867820757869
0.49418463297456955,0.2888112575155977,3.731705245611831,19.512442948996434,0.007799626415265336,0.0
0.27245113009846517,0.29919968784179246,3.0904986846869966,18.13146968524468,0.03103819861750692,1.0587050702668306
0.23124445462338813,0.17265515832497727,4.75082449688238,25.62067172010621,0.03569657422571905,0.07671768152191283
0.4676093113434576,0.28303898534100425,2.5873833512903603,15.311436499205998,0.019764346771383605,0.13809189331846994
0.4901714638331672,0.38276716309149555,4.619176972368429,34.93727055204934,0.007247647457690643,0.9512997835039338
1.560830464236794,0.553010637492976,0.18734476403199649,5.374419341866515,0.00795400103920806,0.0
0.3237526910488237,0.22291916794812172,2.9584573422765708,21.497678974102026,0.007954063987518608,0.015343802620491065
0.3118826534280415,0.1160693684410634,2.706021524868137,24.552777847071056,0.03449677318678292,0.23015304456573848
0.25986736163581686,0.18599867885249166,2.7779512426500896,18.131482437208998,0.03420744218527188,0.6290859205860647
0.32850887465751316,0.17078556984353874,3.5443604815798326,28.156928924994574,0.007800048213726443,0.13809189331846994
1.53125,0.6673150790857225,0.04907866862694291,2.687209670933245,0.007953969495748846,0.0
0.4014422104274265,0.2724115673170386,3.274622283808091,19.512396407135277,0.007877041739513896,0.0
0.3717563919754654,0.14862454418422671,2.9559320112195953,25.528442603700118,0.031178258942498933,0.32843692065091135
0.23279645421713754,0.17533159710588275,3.925494406744433,26.237438691536727,0.04034778945328383,0.6597728600367758
0.3268469546051031,0.1547578644700998,3.268177562134724,22.29338114105607,0.007952217424476004,0.3135080238077159
1.161283556111714,0.4555288386760004,1.068371655358721,5.703199932607003,0.007954190783845837,0.49099369437245866
0.6178520336809138,0.41855017724810545,2.2191382203269776,19.691965439655853,0.007954190771304262,0.0
0.22444120594084963,0.057939020845749756,3.179337409350799,21.575276842281923,0.034854557959475174,0.8899259046025132
0.23036694162644486,0.13458003882697533,3.4062685349981394,22.191874619364953,0.03193460112492377,0.18412263538967202
0.4386835255308565,0.21899247624287202,1.798417608974264,11.406385203263875,0.03956418194703857,0.5523682390641527
0.28194114913781493,0.06939344215912903,2.719031040587403,30.6228665718688,0.008103115578414618,0.015343802620491065
1.5820347268306876,0.5975807358289228,0.18412263538967197,5.52369074630942,0.007800232054438096,0.0
0.29577753255972644,0.0935211179253276,4.234821612647863,26.416930023211574,0.00826104746062476,0.04603007628092959
0.38707841544818944,0.12708069094208166,2.8144055713636336,20.503425752589585,0.030208472501341774,0.38815259956989284
0.3232517699698636,0.07403122211469264,4.695127701779342,23.6551760438159,0.03769378352904899,0.12274842359311477
0.27429962947475034,0.09170025117658838,3.7906243091731495,24.943915255653142,0.024315309778568172,0.1841229682848078
0.628171780734926,0.4864685925547198,1.1240704417468415,15.369736083712622,0.00779910074233846,0.5677113758943708
1.8148148148148149,0.6253117419366555,0.046031407861473195,1.560458884194304,0.007954222441786405,0.0
1.2845428907262715,0.4457845357767503,0.9302787739138624,9.845982719827852,0.00795384480904715,0.0
0.25717289816231387,0.31724628742956046,3.4062683951821886,16.570843040627388,0.007953875958591455,0.0
0.37873801153762066,0.3353161030064684,2.248747483851682,22.19167037821406,0.03814907391891853,0.5225133119820596
0.46946027178439625,0.15387450108162737,3.9876363879095518,20.713841721787148,0.03649098290538215,0.7211467389381987
0.30251956306315225,0.11476393783286565,3.7745135960535494,30.076434775395775,0.028723516523013182,0.09206081835213209
0.6032714287909299,0.546714592373453,0.8745810500333887,8.285653415065376,0.008031116599562958,0.2608406498067195
1.5312500000000022,0.3072013235858666,0.0031350779494217994,1.3436048354666164,0.008031116599562958,0.0
0.5729788562005914,0.4005693725098665,2.4856560771032776,20.713669748159628,0.008031116584936599,0.0
0.2576415661976688,0.09910350327923421,3.271399945441828,17.951905118720333,0.028647150266996855,1.0280187966063914
0.4005740475907565,0.23351349967589743,2.692945498192418,27.618369242761702,0.03859723222475095,0.2608406498067206
0.5421685982355644,0.18165771010081477,1.6110733093309817,15.549152963390323,0.041709283053907094,0.9512997835039351
0.7421237035773468,0.2500754309366851,1.7654976958135566,14.77966554887007,0.042818034394074646,0.03068693945071088
0.3252901044190227,0.1295242641322219,2.95240656333536,31.824285781508152,0.0077972734426618425,0.32221469515571005
1.4848497661425428,0.9174375261182189,0.04925303716109444,2.7618414782816183,0.00780017072563131,0.0
0.595753284810383,0.4786501906382322,1.2225739394606712,11.226924955672196,0.007800109358902482,0.0
0.2382252602774044,0.04623776332879581,2.534909403883139,15.190244752037657,0.024402657801229813,0.6290852547957915
0.5302492934153683,0.2051655923384665,2.2998048363017407,19.23746628966238,0.043835334923014,0.2761831208466692
0.4264594486584398,0.2818454643299143,4.0603625768528735,22.992373041691557,0.03261198083859648,0.5063374969929502
0.9107472393133659,0.38633831313493805,1.2249206740651337,9.579898892843264,0.0453692427625129,0.13809222621360528
0.2947839453262086,0.09851364326540041,2.5445741419791896,26.669478202948465,0.007798843912655904,0.03068760524098324
1.03386104439001,0.469899616878178,0.930282489023579,14.168212075771628,0.007568684924363179,0.0
0.19660656917311856,0.0756979469941127,3.9126058921751388,21.073027517748972,0.01697382928367497,0.567711375894373
0.5401479204687818,0.356425032546412,2.442847297226832,23.01596335506365,0.043407447891247446,0.19946618833881133
0.5129106416009345,0.3325606587692529,2.044681900956294,11.944954997186715,0.04542222125675943,0.8132082230806005
0.3635955901375565,0.3626944068769739,2.702349290812784,21.6723221437138,0.042757109290606006,0.0920613176948361
0.385257666826974,0.25558073584425417,3.2746221439921337,31.732590231649155,0.0077218398421577345,1.2428280385516377
0.5445547870290335,0.31726574400807084,3.189003725369784,24.014121691827583,0.007646030399369323,0.0
0.34761608458967413,0.38666044023688434,2.894573792040368,20.503428945263366,0.040785658452580746,0.33755833132863344
0.31851149944906965,0.2570664585290801,1.814529715260011,15.369647400448258,0.04005589759372628,0.03068760524098324
0.5664197390354001,0.26066764288181526,1.5415670319483747,12.787331708488239,0.042529741318798844,0.9973311913654087
0.5638678779664391,0.2776713331429454,1.8488012340618927,16.647274127987554,0.03513904034994685,0.0920614841424039
0.32606741979840154,0.19229807039254043,3.093720813329321,42.15537169239522,0.0075630890582467575,0.5830548456197271
1.0692652957230546,0.5276979131214498,0.6476539191276792,9.666371545904056,0.00756688072059054,0.0
0.2568830755719304,0.19828681921865599,3.373125501890006,18.310934520547274,0.01148446057821533,0.5523689048544256
0.817608143149116,0.3802817890780343,0.7479400443011192,8.431198335836044,0.04002882856914292,0.6120868761336328
0.2958009402139256,0.158604471351019,3.948049386023718,31.014490687247097,0.041460594018122826,0.23015304456573737
0.5944909483365441,0.22974294758062475,1.015897052720246,11.047360726204172,0.042150206562155235,0.828551859253524
0.3599647646557662,0.12972579827918168,3.79706949523523,36.08340583187222,0.014220806572931973,0.10740495386775906
1.2432795239437853,0.4579500748429827,1.6764356314915425,13.146330400739071,0.007486241703252723,0.3529021339491245
1.4461805555555558,0.8137707517527305,0.04603065884741804,1.3809197654225411,0.007954190664277888,0.0
0.28890632522434584,0.21731405630098144,4.284075079243689,27.797920420659743,0.007954190650008647,0.030687105898278663
0.3336716341914127,0.24863682554042008,2.344591035228222,18.98518168170899,0.044753633947812975,0.4180105763486863
0.3402118786702531,0.15814660133679245,4.422167270503301,22.812690262023878,0.038861704136792775,0.2388632191800355
0.9888632468041593,0.3183252629205691,1.9415102135106415,20.328737576576206,0.04286400890060579,0.06137454469169357
0.39340364275354306,0.17769131178159714,2.7254755775039676,42.33006682182547,0.007635812788017395,0.17914749448795342
1.5312500000000024,0.4837470151448562,0.0032219189183886523,1.3808223935952713,0.007954222470126502,0.0
0.5177085562968697,0.176538375537204,5.168322769868829,30.380265399069483,0.00795419067834111,0.0
0.409247008894471,0.2487421892583164,1.5894849611519748,16.123267335848208,0.036973202474294246,0.4756498917519669
0.33580498543108456,0.19839500661709056,3.774514060442265,25.62066773722317,0.04143387388332205,0.33755833132863344
0.40414651250197675,0.2659385322072411,4.796855092063603,28.15703124031486,0.04145052853710941,1.1661100241345894
0.4552235263201481,0.10925241318002903,2.814314624243807,36.26304426990783,0.007251568432485055,0.0
1.0808588975392273,0.317758346865066,2.2587252310878423,15.190072778410137,0.007867298268153097,0.8285516928059566
0.8630659669967727,0.7852090460044051,0.09205899575125581,1.5507570024059385,0.007645565630986512,0.0
0.22207860562709958,0.1712221148863264,4.468196785855928,24.856488665946035,0.0076455656309864775,0.015343552949139416
0.42656433983734776,0.17717831237337267,2.383108846928479,16.181471967846544,0.038593830913736325,0.3433656344017028
0.41107751693194344,0.1702603144284969,4.444720348398699,27.797895066533904,0.041290773476959954,0.2090053110608936
0.7701554562878387,0.39189403958730856,1.0629728621043164,12.495145197150814,0.04372127077145055,0.19946610511502705
0.35691015399770226,0.22583259788478513,3.0444690994263923,47.195963276772304,0.007407911142523979,0.6867316349882125
0.38944989640920796,0.2824158291262307,3.320651694298746,19.512458528488445,0.02134924349290176,0.030686273660438523
0.3651691448442203,0.2717366497650218,2.396815739562542,22.63328371873987,0.038770990878587326,0.9359573124639864
0.4065057342977409,0.26294924399442354,2.159174097986336,16.647277712021335,0.04307512769432812,0.6419448529124258
0.31584821558164583,0.16353514147194706,4.694206514358279,27.79788783854818,0.03753124224577243,0.35290173863615076
0.9601550861890494,0.28917649030327797,0.6476518518488819,6.904651258096631,0.042044426506566535,0.04603065884741797
0.4360109323256163,0.19877145257880577,2.1634412854079774,17.07903751786664,0.02546217414108072,0.13809189331846994
0.4013263266191174,0.152988950268609,3.3165092021508213,25.620670580668172,0.00794694461304983,1.1661100657464816
1.035960443555046,0.4771701030267424,0.4400519900405121,9.84587845707146,0.007876980165729635,0.10740489144992137
0.22333997431420918,0.04947271643185051,4.152425252759868,23.65506113101557,0.012939461034691452,0.5216812996134412
0.31177743288203613,0.16765106524893456,2.795594675917474,17.816213218548853,0.028349242421237004,0.12274908938338713
0.4200862462493003,0.21678508617313683,3.9618592888629762,15.369643262145585,0.030381889247789572,0.7211480705187401
0.3711761376813392,0.1587848114854589,4.152426216491288,34.96804931572576,0.007713335903548036,0.0460307420712025
0.8827733925300939,0.40001238843550374,1.7192449806186698,11.047313781748104,0.007560325431994243,0.41427468127000155
0.47472598141020067,0.2617827266723655,2.1666628797536074,16.750589636292617,0.0074905355384910985,0.0
0.4641883518556443,0.15539313878266,6.07927188283379,35.06151636709354,0.034722581013496304,0.5216812996134412
0.5879679925473175,0.20085028464974772,2.3799727761604994,17.036859452496014,0.033393106909479414,0.24549687839514842
0.40423196910535025,0.19639452961019013,4.60629079971642,24.856552481943936,0.02932353694744386,0.04603074207120195
0.4612637260857111,0.31858108107553246,1.9737565730178364,20.713775958352915,0.03533172425762279,0.19946610511502705
0.4040011912980444,0.17063185180821827,4.288799483603503,35.44980781433295,0.007565512747830189,0.23015337746087383
1.2250000332221371,0.6025818693502719,0.23337544035640892,1.3809422358441958,0.007954159063244341,0.0
0.2585537967091117,0.18637808146716994,3.774515523516393,34.88200166618019,0.007954159063244332,0.0
0.3177210813159889,0.26151517562512155,2.1623091855481094,17.88903657525639,0.04273071543313733,0.4142760128505474
0.32724244186262424,0.17505818511623095,5.257162922652758,29.358263881787792,0.0378728685279615,0.6137414521752982
0.3563099078914906,0.17561366599706874,3.705007713151678,32.658749371922724,0.007642973461641224,0.4478684615812778
1.000746946901483,0.4434899294984578,0.46030608913147075,6.904592310690337,0.00772263704823053,0.015343802620491065
0.24920242455353325,0.04226393717349016,4.330104489734343,26.41700333530308,0.00887568205760713,0.1380928920038782
0.3798928571376945,0.15589636442700003,2.6313257250612048,18.587512459917857,0.04563374978550757,0.1380915604233346
0.29494407421981567,0.253603694446823,4.284073221688827,23.171832203212876,0.03409511896990158,0.7978647533552454
0.3468138200132294,0.13254579837117605,3.5540269374147853,31.2777502203729,0.009785225586035574,0.0460307420712025
1.573784809164934,0.6047542930758136,0.046031407861473195,1.5507575379510448,0.007877291466263524,0.0
0.23849343548656418,0.04379419430599807,2.5809389541897514,17.95188953922777,0.007877291484891054,0.0
0.48683114296513513,0.1584522188639536,1.2032410277907712,9.405204269688628,0.03907435496060506,0.3068713918779231
0.30022259387516526,0.19896473462919326,4.963946569684889,29.178965496133838,0.031746255424219924,0.06137421179655711
0.957594483603699,0.2005751015730164,1.1604329444973964,9.18313958459418,0.03279963108140144,0.12274842359311422
0.4027037852187379,0.24277450000032244,3.4062683209049585,36.801486656539794,0.007557922772797103,0.015343594561031404
0.4763756813426445,0.24476083120217199,4.106395702453254,19.512474107981056,0.007877323134629684,0.015343802620491065
0.40372716775986345,0.2573866110594258,1.4796002028153914,17.951889539227825,0.038624645633608644,0.6444293903114207
0.26546526088082006,0.10243940748346653,4.244487998574839,27.797917162448645,0.03538319633440088,0.015343469725356274
1.2163821462348097,0.3807392421836289,0.7364905415586886,8.285515296873346,0.039239839150240374,0.0920614841424039
0.5713766366151657,0.2171276418768673,3.3432076633884025,36.58784913830799,0.01070272734772872,0.044786839292162706
0.35279470847758426,0.21415889104601227,3.4555197245912286,19.332831775072194,0.007954095842028486,0.0
0.30417080219389464,0.25624276790808365,7.611173168013852,47.48986885769709,0.0335973145845747,1.3502306621534466
0.5009650984567956,0.4628717198887801,1.6602484045671213,18.810462536759935,0.043024744098774055,0.5971580708366397
0.3738624307918695,0.15622247789944768,2.069600129200552,16.123259096690035,0.035288924853826266,0.23015337746087383
0.3835591561904714,0.2412335155727873,2.360266983864893,18.985140269640336,0.043106558187788364,0.10740462097262315
0.18933181783002587,0.08433965463794894,2.5316862540849847,18.87837502674283,0.0151221928386497,0.3989322102300552
0.7417203923597958,0.23035805832741993,0.9238353055906826,8.285444889552098,0.014516356829702594,0.2761837866369399
0.15943488010529241,0.08830332709943652,3.2714000852577856,20.713807866351765,0.021120692832809974,0.14928915152435274
0.625309154606496,0.34053180532644434,2.7084435153011057,19.87150058865314,0.028061866985840588,1.150766554409234
0.35699607242184905,0.17955149275402596,2.3968155997465908,18.810480220053133,0.014957918552581473,0.21480990773551922
0.7295851117760401,0.3438818533060843,1.952620083918757,18.13150071315209,0.007954318236165606,0.029857885232591752
0.21020344020738035,0.1269692896584508,3.7874001831600035,21.07282947843269,0.03455735787925579,0.9819873887449182
0.4666123539401385,0.3548349555877251,2.018543027358222,19.61426330871902,0.04590302034591022,0.1380915604233346
0.503036808295931,0.131248334485109,4.609510676323143,33.68058143413648,0.03814783457353179,0.6444292758787172
0.7939961500761596,0.25920483656811283,0.6476499593400311,9.666430867817203,0.038148086187107015,0.04603065884741797
0.35502416352197136,0.1478639465054074,2.89993082828126,23.655151012702373,0.015273391035512833,0.015343552949139277
0.33872820333768,0.1613926413092149,2.531687484964751,15.369527558199147,0.007645854741484309,0.0
0.3930383604292174,0.2435311324716388,2.0216786257477994,15.129011045249538,0.04231862739960095,0.1994664380101635
0.23686445344681292,0.20508566535912567,2.853899490327759,18.878367858675297,0.03582372677672616,0.03068760524098435
0.47650899946491226,0.3365117219399947,1.8113075167097081,11.406447446331935,0.04041303027490142,0.981987388744916
0.5643056661063413,0.26947412961691863,1.341769508243362,16.181476971257457,0.04522238831459999,0.015343469725355718
0.4718818193509173,0.25319954511366766,2.16344109940282,22.09472156710113,0.007636097886789084,0.4030817710516929
0.572515372748755,0.2751673882646133,3.176115490432408,25.574675101595947,0.007876918542771873,0.015342471039947458
0.4751164803868959,0.14988173677827754,1.7529573840158708,13.43606446222042,0.040812359038656154,0.42961981547103845
0.413930845237333,0.281025555460667,2.1591739956834566,16.472608547865438,0.04528540934410085,0.09206081835213209
0.6094665706843723,0.2229550318664518,2.071379468370437,13.988689585111574,0.04411830851912124,0.4909936943724586
0.7586880574620559,0.16726654588292247,1.2492722958362874,9.845990509574111,0.03810803452513559,0.0460307420712025
0.8174046674855359,0.28727094293096095,1.2665720600684478,11.357888790651772,0.03637687410273875,0.18412263538967188
0.3105666549913904,0.14706898410472485,2.962072914308341,29.17883633334124,0.007249224963778903,0.07671768152191394
1.2104760489828617,0.8544536689572014,0.5063374969929502,15.19002064703194,0.007954032796199327,0.6904591336972143
0.5592440486144387,0.4539372939341089,2.3540099657291798,26.77609484678023,0.00795419057540242,0.0
0.19947399601897217,0.08897807601485076,3.274622283808091,13.484591656510473,0.03228882314241744,0.9973305255751375
0.4509768806600231,0.16225135584783834,1.797744387633462,12.092388152056667,0.026490804871570996,0.16877916566431672
0.23440143798879562,0.08113827440631517,3.228590341649919,15.128989541046787,0.01650604404555831,0.01534346972535544
0.5071820476914136,0.3087912016683482,2.3507859795319948,15.369631820956032,0.024309254339050387,0.9359566466737158
0.5944462737417257,0.3167455962229767,0.690459667993907,9.618715535501519,0.03801057644006493,0.092061484142405
0.42160809086227147,0.21913710368631859,3.839877775768972,42.68418987695892,0.007561276068297623,0.5971580708366394
0.6347310599571584,0.4590528119732383,1.985762977210933,13.988825006853173,0.007488401686490426,0.0
0.24597094632407443,0.1110722020025771,4.007889698039043,40.22619588218894,0.025899921639312096,0.9052690414327325
0.4550579985379059,0.1909932274971652,2.64869449027083,18.98507315139844,0.041585334179263404,0.5225133119820594
0.4752842411145292,0.09206954479661349,4.954280113849934,34.70258587257266,0.0356244883290071,0.2761839530845081
0.785069717620909,0.3529890609767505,1.5384278593096439,14.954301756393425,0.03313798426678531,0.04603074207120139
0.3110294323726026,0.22041628118788817,3.7970703541046844,34.75113196102713,0.007325591755646419,0.5225134950744631
0.36337753731843553,0.3133593187083102,4.250932185951509,29.358363051249068,0.007951506996706695,0.0
0.4169225468597011,0.24768565628159256,1.2686929204816257,17.466883458961316,0.03741410726451555,0.940523705238343
0.25041370333029583,0.17035824718967288,2.823835253622369,27.797903418040544,0.03547243494531015,0.5075845066850659
0.8718795520774941,0.5319745191320431,1.2428280385516388,8.285567428251785,0.044878679345245,0.5063368312026773
0.627824433479167,0.2222633087677859,1.6696456309770475,14.779636876599769,0.04179870373583101,0.04603074207120139
0.2923076877163455,0.17122304738123995,2.3935932613803312,28.156828557111123,0.007483862207631469,0.583055178514863
0.4481755764075488,0.11388443780154996,4.099949727429704,19.691981019148386,0.007954190274139749,0.0
0.33155137294993126,0.2562898339916428,2.431029916452235,14.284711983866782,0.024506384322668225,0.3989324182895148
0.2578943490995678,0.29260053236793887,2.4525138647897124,17.951845197595873,0.03651490688252712,0.09206131769483594
0.4752793611086274,0.36154518164720123,4.0111118965893455,26.416988352681326,0.04171068271500818,1.1507665544092338
0.6213970224294829,0.30043008272561267,1.7588314570828465,13.610754430250696,0.040445693765630064,0.015343552949139277
0.48285098790434516,0.12076498100097965,3.2842885998270823,26.416988596110894,0.007788144939355414,0.5523682390641527
1.3705599585025292,0.5345638120855863,0.09850693319164405,4.32222935594355,0.007722696227526933,0.0
0.2152484238867103,0.03680950090684406,3.498329213534317,20.893346685517848,0.008338402378153094,0.07671768152191172
0.7050995724349622,0.1980636914742221,0.7645112983121631,8.285481441437994,0.046078165376757706,0.09206148414240278
0.27437251418545827,0.13150165925508303,4.158869789676431,23.47567406209729,0.04100931182412241,0.030686939450711437
0.8791433501678853,0.37929456982576776,0.8349961602306591,6.904543100466963,0.04467098203952585,0.15343536304382566
0.6259886759725976,0.17515198785870253,4.204900685711635,38.36196052101525,0.016943264151813426,0.1380922262136064
1.0208333333333348,0.7398876797149782,0.044873896018784346,1.3484557763608855,0.007954159199117558,0.0
0.7071863480054227,0.3504520024434498,1.015897192536203,11.226824587788911,0.007954159199117537,0.014928942616295737
0.4011399987063115,0.2033628529589231,2.5542405279061597,18.131412029887713,0.02485486614316183,0.2608406498067217
0.6200575305801226,0.24899506407880254,1.6727889717787114,16.68752755072776,0.036141421082431735,0.33755818568701135
0.3030519723393028,0.20591471388361482,3.6000563479054386,30.55981665186885,0.037448713502969376,0.10740528676289385
0.5238727945871111,0.450380063971268,2.7415862906235677,16.5710410799436,0.030859214975736536,1.3042019174530606
0.913602893472213,0.31346837270323813,0.7429347988433359,8.465032694237554,0.03451728443564548,0.4449632851963931
0.4709748146754458,0.08568361369177845,2.9063750855659083,38.02710633670848,0.014662727039777286,0.014928942616296015
0.4539118683022214,0.08844162642864599,3.1300838029390166,19.512396622476814,0.0077998359463227075,0.0
0.3030431055230979,0.06157433270968269,2.200825975592756,14.110013005204927,0.04254317368779391,0.4909936943724569
0.276687456181772,0.10139862695881442,2.5123052558172727,22.453849911344417,0.04158706912021635,0.10740395518235024
0.5691680423410165,0.25316064889117446,1.0041211115546647,10.787653378954749,0.04323519707649591,0.1380922262136064
0.5940512935438392,0.2593492063209542,2.853899464112267,31.63687411032325,0.007787764540237052,0.4329395647380829
0.7829026064605394,0.39837213306424557,2.676222505388883,15.728580329264792,0.007481945035441845,0.828551859253524
1.1888768849044336,0.6382950577646501,0.8317718407222245,13.988705164604049,0.007645854769014709,0.0
0.48639829738327706,0.13176810183344814,3.550804738864484,24.856496455692586,0.015912069257119993,0.981987388744916
0.5342445501489732,0.21477004742061814,1.9706210130776625,16.297941525890597,0.0395494308243369,0.10740528676289607
0.2468823122456535,0.09262280833813359,2.6237473745394544,21.124463476047783,0.03438374890854631,0.15343536304382566
0.6571963264195838,0.29025857881223627,1.5222338874599344,11.40623989453693,0.024143177269944572,0.6751163921799689
1.1821161280115018,0.30719926983232104,1.6633834921288944,12.267145207432401,0.029892224954983924,0.015343802620491065
0.47062695416116446,0.26280595429735387,1.7063562563254369,15.369579689577629,0.018470924367587342,0.20900547126674662
0.34851810150190293,0.1931604145704883,6.041984779654787,39.02479257084092,0.007259214041372796,0.6904597994874851
0.597659827485161,0.3261462411532748,1.7031341276831125,12.607803974730079,0.008260299538466373,0.014928942616295876
0.24322518467456974,0.19886749664640258,2.830279510907017,17.466876290893897,0.034496073089582975,0.7518343441791808
0.24244851549953275,0.1611543768711763,2.9007166872881776,22.81290268241029,0.03813066444608746,0.1994662715625953
0.5037745377644751,0.37380475267480034,1.755609531610585,9.666449742971375,0.02914203085253224,0.8285520257010925
0.6502426545665559,0.35941988157498145,1.4999120524712048,13.610725757980326,0.03206422237191864,0.0460307420712025
0.3442722084872341,0.21624441067771683,4.800076105923337,29.178934337149144,0.008394694843006823,0.5063368312026773
0.44542700655803463,0.20536019127444516,2.0746025257901906,23.530776329789425,0.007948106269373614,0.889927236183059
0.5808689189655696,0.24768341753467027,2.998437831380876,23.655173183518514,0.007953720821785104,0.0920613176948361
0.30599815450683215,0.1922706649720091,3.084491088447665,20.8932965015763,0.04426344574744621,1.242827372761366
0.2413169978683428,0.16927455954724627,5.592263582401023,31.761199845167212,0.035394395997156124,0.42961948257590143
0.6664854916539618,0.15513681374846308,1.8444485174930305,25.395241294200186,0.027266193791844712,1.4883247296932727
0.38443645684607547,0.26672438195119336,4.3130734131091435,42.98806487971505,0.038056404471790685,0.07671834731218463
0.6512709632793361,0.2678829084943565,3.320651764206723,29.054558989486406,0.007412989227415639,1.6264167790563377
1.1255449767803705,0.6987313681580389,0.0920613176948365,2.7618453731547756,0.007489886451741387,0.0
0.2234592444909469,0.08111888719963962,2.6237464457620234,16.123260167780614,0.007489959270675713,0.046031407861473195
0.4003789224290128,0.3855972986341151,2.648694273306331,20.503435413002443,0.041078992728873095,0.16878049724486033
0.2573987317409901,0.11968362660655611,2.6903463294278414,25.877812817554148,0.023856821564421708,0.41427597644014064
0.4628464618893155,0.2199134371014754,1.6342729095263713,13.43602363719171,0.023827460257930203,0.3732236111804965
0.3106630284241292,0.22240001129690543,3.412713511336285,23.475638942700677,0.018136280819373178,0.5673000940578461
0.9207465245677614,0.35764760139469026,0.8778048265066416,5.70326806479823,0.04009168130066451,0.23015304456573848
0.34607953504593797,0.20915488723220807,3.2714002250737395,40.43015435259087,0.010405615258265243,0.014928965502846447
0.9264792153507266,0.5402553341138993,1.1337333222880275,15.190137231069723,0.007491302780073024,0.0
0.25578858982964436,0.12722353693137714,3.087274593627846,21.575315169334278,0.022922695166194804,0.8132082230805993
0.34896214513180485,0.27404727926160044,2.395337431642156,20.154087032917715,0.043313832896915094,0.29152758925743094
0.6533552712717626,0.17250215497913587,2.6826667976275202,19.332875086809977,0.03837940535589458,0.5063372889334901
0.4747037917592485,0.21789363006969945,3.6718667822763313,41.786638618108334,0.02133817922412402,0.015343802620491065
0.5712580993413904,0.38052400034336475,3.8302112275556186,28.156958681918717,0.007479440942545858,1.0126749939859025
0.4242734652050353,0.3455491186648468,2.945962166234748,20.89338518484048,0.00779980585547534,0.0
0.22817348308202345,0.22887848706066052,3.041245183137188,23.567861408129886,0.03802299571873877,1.150766554409235
0.2138373648146974,0.10807292732979275,5.049564848491271,38.237548087793705,0.034666374283889696,0.15343536304382566
0.4902471595855562,0.250154501960942,1.9622865397537084,18.670079869750413,0.03224505927136032,1.396263483518876
0.38700536474371466,0.1868557097435123,4.319516776570349,36.08342141136455,0.024249296880687658,0.0
0.6155126395660605,0.3491197898001241,3.2414794604238937,35.903810237440844,0.007480643251293632,1.0433612676463389
1.4355434789689228,0.6333874062338605,0.09206131769483608,2.761774366622197,0.010181153135249817,0.015343802620493285
0.2558552712713181,0.10702510611622644,2.771506381160769,20.893296501576287,0.010794746909585732,0.10740528676289607
0.4806708862726096,0.2079284710092907,2.306074283632983,20.58588197877255,0.039636989131952974,0.18412264579264506
0.43960407288173053,0.11054511499876878,6.273058220495489,44.06515623105558,0.03292089548415016,0.6290856917206589
0.9440480344111302,0.4057565337175979,0.4038653021059694,5.52368295656326,0.03423194803433113,0.06137454469169468
0.3313981404666961,0.19470544997420489,3.468410376347303,25.395108334842572,0.007634049283456118,0.3135079780346156
0.5013505336214099,0.21282701941340157,1.7984190021404107,18.131412029887688,0.007723601675728465,0.0
0.2795467313316863,0.2042888628575473,2.2126938232263655,15.190036226524128,0.02511810108621969,0.7518343441791786
0.4687971245173443,0.23915575042737133,2.0216786257478,22.274238737420298,0.013435638861786397,0.12274842359311422
0.4022167702981276,0.19281534038438064,4.057142288288417,36.0834214113647,0.00984026217862226,0.7364905415586875
0.9676783324171506,0.3035903755422847,0.7825209682117488,6.904600208107369,0.04205732212384442,0.3375581648810655
0.3795210074594848,0.16711230294367216,2.8538993505118015,22.094707108789137,0.017544446069674622,0.13809205976603817
0.4388501259642687,0.2187097040489088,3.68245270779344,22.094611984004196,0.007876826363966005,0.015343552949139347
0.2955826827024232,0.16286141849112654,1.0811540434968456,13.610694943528852,0.03957080133815218,0.3068707260876513
0.26490751392375234,0.11619462764399753,3.7841800169345117,25.395258577699718,0.02081834513497424,0.24549684718622955
0.7321022497994286,0.23044543334914483,1.535121346543592,10.025613368117405,0.02958693348456963,0.3989322102300552
0.3902469698466982,0.22051628850637114,3.862432816081199,44.90753756751886,0.010860548961986086,0.06137387890142065
1.1155698543707018,0.5658925213167849,0.13809422358442006,4.045376092547116,0.007800110002083048,0.0
0.2770352139421411,0.10239738139301768,2.95240656333536,16.5709473033836,0.009337456365261416,0.1227477578028413
0.46283889836912057,0.29292927755308057,1.6759238039265816,15.311382225646682,0.03928970594679104,0.3068720576681949
0.5886426439509939,0.16221280255267098,2.8110926029601635,15.369631820955858,0.029230705303889996,0.5216809667183053
0.5830847658596064,0.29710637079455315,1.2492722958362874,13.66409591616183,0.031431601523015176,0.06137421179655739
0.3757662344197829,0.21493561846005718,4.83874287551757,48.54442555832179,0.007864633945576335,0.21480990773551922
0.45381084076026507,0.41977993535533853,1.6142937901423835,12.60776292875968,0.007799597151179744,0.0
0.22564796619975966,0.08494318149725415,3.2778443774964234,18.131483036420246,0.025216300843015457,0.5370237706533887
0.8869583345371824,0.31107092464583014,0.6444292238638517,5.523600864622764,0.035707545445109026,0.16877910324647868
0.26314874867553434,0.07202696275912164,3.3634609735178964,24.37335961916766,0.034930950139822815,0.04603065884741797
0.8780056124520774,0.2899333558011708,0.8778048964146188,9.666475808660646,0.034965103113536004,0.2761839530845078
0.4195164875640231,0.12467254940886652,4.05714246805179,40.43000188609866,0.009245305251681565,0.015343469725355163
1.173450406988447,0.6987158302600297,0.354437286527888,8.465040483983804,0.00795409569655818,0.0
0.5662233001230428,0.31402799476059395,3.8398797032318117,31.940710651207862,0.01667246871590161,0.5063374969929502
0.3419136956471347,0.11635674041385873,1.6175194241704889,10.787638421141004,0.0410371250833949,0.4756498917519658
0.3589802712749102,0.1673474898413921,3.7906243091731513,41.80215170052838,0.03729401082934854,0.13809198954597027
0.43024547260528045,0.20645558594278224,3.6428674846794524,22.453857701090783,0.03803640652366503,1.3042025832433324
0.8019444765700404,0.21753385790840807,1.394662378103916,12.09241896650825,0.03498521056088675,0.09206148414240278
0.5139047556148008,0.24247728912159294,3.520887864094302,41.9661096515025,0.007561358934429615,0.08957393033638017
0.6054916048500082,0.4644754665363433,1.844446555076204,19.871383667559172,0.007568432658094542,0.0
0.23037697378733676,0.11598321944243604,2.81109441557419,19.159819289889196,0.032673543668972606,0.981987388744916
0.20378309039098497,0.1463531543783889,4.192012403336699,17.951899276411055,0.025938897330191696,0.13809156042333237
0.32288087013764416,0.26636328511274265,3.701786025803469,19.87160485140988,0.030004156178539305,0.9052697072230043
0.7484578425792319,0.36815192477245534,0.7921882654391561,11.406339288702132,0.032282224857074944,0.07671834731218574
0.37861809637764804,0.1908997086744224,4.53356006300941,47.365584056470574,0.007714068469085599,0.04603007628092959
1.4638962703620364,0.40776870252067193,0.09205899575126203,2.7618264980005027,0.007568182717823962,0.0
0.2785438739757156,0.08808697048864678,3.041247040692053,17.95195725009862,0.007568182717823964,0.01492896550284617
0.6727275521482068,0.27354397015721443,0.5983984551610391,8.285421520313681,0.04603963064096386,0.10740528676289607
0.4600147412132463,0.2805308559520387,2.2436957876408505,17.951949947211663,0.04248980169862479,0.4030815879592897
0.715765225367334,0.26436011158826817,1.4936414049692583,11.357888924538024,0.037221209133034235,0.38358874050469893
0.2988351192982394,0.14816809068486972,3.271399156480356,35.061534643036694,0.00755701796391658,0.030687105898278663
1.011739065611317,0.6313465535659231,0.18412170661224067,4.322229355943402,0.007877166744560628,0.0
0.3663584502663347,0.19071182906194736,3.0444690994263923,15.190124909788357,0.010335234015607424,0.2608406498067217
0.39587954567443884,0.3014195099030658,1.7623626274764872,10.156621289126242,0.018552342844591275,0.4926553352032663
0.6459191544413888,0.4187134180105278,2.526874451034981,19.614313833461633,0.012230934946883796,0.12274775780284353
0.3590451237662043,0.23584997088755313,3.5079965282387198,22.094716246760573,0.007839300632017564,0.3682452707793449
0.6783578733648934,0.17840482279673886,1.0126747617915433,11.047330110254558,0.042898065389237024,0.26084048335915294
0.9581773758775323,0.28358862965286086,1.6665187966551653,12.267124671330663,0.039763141969782624,0.015343469725355163
0.358310307153487,0.11790733787695264,3.0016590312457687,40.2262374079963,0.007949686042578967,0.04603074207120139
0.47150380023694555,0.12645672925741672,4.241265730116555,16.75057405680023,0.007799626958417568,0.06137521048196648
0.3063004113011248,0.2674334102004518,2.765061694441394,17.88892967592118,0.025688615613562844,1.0740488728873216
0.6935578294898188,0.2876200319317397,2.9559320208319497,20.328761222960118,0.03934453861428157,0.10740395518235024
0.33088144682912757,0.12524102446846594,0.8317755558319412,11.227013638936427,0.04168010052570881,0.4777261637214658
0.27825191473422123,0.10154527965973364,4.48430749897553,36.13698193854793,0.03404804094708748,0.030686939450710327
0.78177832582199,0.2838764972632655,1.0126739953004926,8.644544698700507,0.03397913733209395,0.2148099077355181
0.44227666187226733,0.15808102079046368,3.9747478558632587,49.892888150710604,0.00786553081383852,0.015343802620491065
0.2551018373093412,0.17719550692218697,3.044467846076205,22.27423593798045,0.007722902592066196,0.0
0.4962840358357867,0.30409231931849817,1.902993678879899,14.11012315895976,0.04017645962510828,0.9405240714231494
0.5219941750075882,0.24853768890218428,2.072736199968534,18.8495528505811,0.03658531082896667,0.04603074207120195
0.31089251913917426,0.1257316788889118,3.6921199525898634,24.85655772504226,0.027792539670790345,0.6137422844131416
0.5878907876273896,0.21240747353180534,2.0727362576426382,18.81048057021732,0.035929903636287355,0.0920614841424039
0.3570265586339774,0.2067403285038585,3.317429785991389,36.47647314632636,0.00740595607493732,0.7364908744538247
0.4507933618117943,0.2500757383886848,3.9650814175053033,20.893400764332814,0.007568572460087598,0.0
0.30097229450005125,0.25298449273283485,3.6783102156455154,26.41698847439611,0.029359510407335254,1.3502326595242613
0.8651189955059682,0.3739769240037658,0.7016935042144802,12.908694845050473,0.03603613984994171,0.030687272345846783
0.28917846779816503,0.20552608851781376,5.21435374829558,40.58524493861302,0.03828585968457815,0.8957371062549596
0.6598818792065609,0.28593431992485624,2.2133667597688427,19.159804253425595,0.02993576190767192,0.16877916566431728
0.5375232025843232,0.2663777481046539,3.8665757033340387,46.2884399745406,0.0074042855018151485,0.9819873887449172
2.041666666666667,0.2845342911748695,0.0,0.0,0.007489275924987976,0.0
1.9140625,0.2484478752818992,0.046031407861473195,2.761839530845076,0.007489275924987963,0.0
0.5725775250293048,0.292563194110828,3.458743920512353,27.797903418040544,0.007488938576684076,0.0
0.27663197972004744,0.25686649244244464,4.438276161022031,22.812790629907344,0.037173434252270515,0.6137421179655733
0.5620570920860153,0.23043082001783524,1.104735812338033,9.666415887535985,0.04393989460588729,0.2608399840164488
0.44961616946297484,0.18974556806109555,2.284129283831258,19.159850845864973,0.04613576277972936,0.029857976778793205
0.3413017893784458,0.344293534635898,2.307978557867704,18.311046573050543,0.029947247625000825,0.283650047028923
0.5145854651063456,0.05295741666186436,0.966643853272773,6.904592554119907,0.03297471563302929,0.23015304456573737
0.5983302067153432,0.25716061193538214,1.207074191476053,13.484570773986142,0.035918553414055636,0.015343802620491065
0.3729039396640684,0.14726771979339084,2.8110941359422688,30.559741497671023,0.007555812479545359,0.4030817710516929
1.730558809997109,0.32614225806780045,0.13809219188379504,4.1428267075325875,0.007723294762354641,0.0
1.1279731353849074,0.43503919020905535,0.37468767050913,12.607747349267466,0.007877291408538961,0.0
0.24524647256075735,0.15525226599993294,3.231813074496921,17.95196444063358,0.01743235586392787,0.4296198154710362
0.6711471041455838,0.2524852099062804,1.628002300473829,13.436053009790593,0.04301971829331082,0.10740462097262315
0.4120786233958255,0.07992216196546474,3.422380895948668,30.380249819577035,0.043300579958253996,0.044786873621988355
0.8286693521273522,0.30525693661763775,1.3812266140002027,9.129756625768186,0.04332025254806813,0.12274842359311422
0.3496277290259006,0.12303531458757123,2.672999912357846,30.55974234967452,0.007946292317289052,0.5673000940578465
1.4291666666666691,0.41873710820972976,0.04603065884741825,1.3809197654225476,0.00795412746554058,0.015343552949139416
0.9688212175996787,0.7664399647641821,0.3875799001881499,7.622769982875416,0.007953969966082865,0.0
0.46761149432363425,0.11887810691174494,3.3634606714155595,24.014216217401447,0.012785167530242236,0.8285520257010925
0.4091024459238893,0.08780190590755454,1.0170296536424226,11.098180596078661,0.02684391620301975,0.3068707260876513
0.30025780619721004,0.15850298141112884,3.8302114597499775,27.977439334777394,0.021978435202797793,0.030687111099765185
0.38431554367077925,0.2198041380346271,4.020779211293751,19.388161068925047,0.03245335695000602,0.8745827677722952
0.6723844091624053,0.1597523623569213,2.1206572694922876,16.29794259698118,0.02902386232068016,0.092061484142405
0.38364726754337936,0.13896105481809154,4.681318370550939,46.961011675014085,0.007322850493187026,0.1194315409303659
0.680914805247746,0.4311781387171334,2.446069927396483,25.754154523947232,0.0074015174674134775,0.8438954954264474
0.5375901328247789,0.23954184436983997,2.0746034545676197,17.952009381477122,0.02270037053328422,0.6751166626572669
0.3191341057493217,0.4396324629213855,1.479427197956887,13.809086200933764,0.04536565214078194,0.46030608913147475
0.6224308727041435,0.27125181641093216,1.4457199015165054,12.267108934538589,0.04543034477856431,0.24549684718622955
0.6229814397710344,0.24380724011871188,0.5063377766248643,6.904651258096617,0.044661495667885444,0.07671768152191394
0.5352014682312672,0.4314184277930908,1.388392094498122,16.181479757592797,0.04500506933395332,0.2090051050819397
0.38168182937675704,0.1597981863089439,3.189003821493256,29.53788320123986,0.03575671989709723,0.6904591336972121
0.3879293323681299,0.22780789271942686,1.0651505892240467,11.047306235431485,0.035307053070478094,0.41427601285054627
1.0245538775385996,0.18884880833116605,0.46352828768177823,5.523649101127928,0.032144946089311156,0.10740528676289607
0.8190459672234572,0.38045372253203175,1.4873712298457127,13.436058736005533,0.036580181864514554,0.12274842359311311
0.3551704563202122,0.28227610436261824,3.0904986497330076,26.596471988236903,0.007557522960303201,0.49099386082002655
2.0416666666666665,0.5496706440228573,0.0,1.3809122752819898,0.007877354759844015,0.0
0.39051121551006157,0.10460421283412737,3.2713999454418308,22.094611984003993,0.007877354759844015,0.0
0.5604365868614041,0.2185149739808889,1.7061828460592214,17.466883458961465,0.04039691963457799,0.6290865863763395
0.27143104700371096,0.1621669362622292,4.681317720157067,30.918905974820433,0.04128746077447929,0.1841229682848078
0.4446393313045451,0.31843929346182526,1.9825407087526516,21.072818992235913,0.04177718117202335,0.6904597994874861
0.5685755824686815,0.22159306079046434,1.7238456012426422,14.11003933866653,0.037939038896188604,0.15343536304382566
0.36133778989701937,0.22919900365358978,4.389023669392842,41.786600792898426,0.007412968473823861,0.25379207025013006
0.4223296016636824,0.17368269174038228,3.356095621190584,29.17883537366697,0.022997865553749917,0.29152758925743094
0.4672587535162754,0.18517822498902434,2.42476021370709,17.466826114420783,0.04475780035674105,0.4603066196830991
0.7916177712001186,0.2745940477903815,2.7861899240599617,18.98507127698965,0.04551870727705912,0.1380915604233346
0.3725385557725167,0.09418286997360338,3.9287165353867572,23.834672407929062,0.04240984919937548,0.19946610511502705
0.7792677120870083,0.3438969181037148,1.679658758819276,16.472609618955975,0.04417778309062789,0.015343469725355163
0.47030984519736624,0.2381684893618774,2.6269704319592093,23.475658482604782,0.007788309014864502,0.7211470718333324
1.229492568231824,0.4339328306654397,0.4239409972889914,7.08409824813946,0.007954032563821593,0.0
0.2870086845390802,0.17374501972472356,3.45874406032831,20.589458050705648,0.010641285249518677,0.2148092419452463
0.4940433456134665,0.16797837777772073,2.6007724759902704,20.154092017608367,0.01672502041159728,0.21480957484038277
0.35962768046654275,0.09366820201583821,2.5822445599704333,35.44970241354231,0.0005019397940547834,0.07671768152191172
0.39133979865052343,0.2002060324658046,3.8665758425258168,25.215577988897884,0.0006137250137835346,0.15343536304382566
0.6941723236964258,0.2472090502776569,0.923836234368115,11.183220162041096,0.04301563141421318,0.12274842359311422
0.38176746085368807,0.15759363460777853,3.360238380486856,27.797939969926702,0.00772000780650405,0.16421850609855626
0.9353492780734758,0.5550386172459366,1.9033664775069747,11.22682069291563,0.00787697971407478,0.0
0.20386144152229355,0.08117964678610466,2.8539013478826205,14.833031703568375,0.02099500049595834,0.797865752040654
0.6498411002664521,0.30592003420769864,0.3714673295136917,6.904591336972055,0.020985076918642452,0.4180105763486863
0.30050269978141936,0.12974925886623292,2.4852220674069327,21.575291800095666,0.003485476287314317,0.06137387890142065
0.49268782383188875,0.16077282917580454,4.833219927992944,37.46436364720881,0.0038869539483575525,0.3529021339491245
0.6718758361762646,0.3111305077993202,0.5095595557272959,9.845886246817283,0.04509696593922071,0.10740462097262315
0.6976593279118107,0.31614106388815116,1.1111801133151666,13.988730408718396,0.040314858494723146,0.3989324390954607
0.652358116745401,0.0987585000919116,1.5446990560888012,15.311459351623633,0.02745336090623533,0.061374544691692456
0.23226277729040148,0.1885376310491297,2.4000376584809366,22.812790629907358,0.00779064999223268,0.3881525995698931
0.43054720208676683,0.17145045135046103,2.9919917165413694,18.131524082390644,0.007877228601186729,0.15343553859399475
0.35377207026592755,0.24315633760044197,1.6633834921288944,16.29794259698118,0.033081435932335035,0.5216808834945216
0.6761009126864379,0.2380655351647117,1.8102846609817462,15.303667449009314,0.04126124902471018,0.19946543932475524
0.5967722399488155,0.19130886033409192,2.6762225752968614,20.713794833507173,0.038211864061326054,0.030687272345846783
0.42098900104205905,0.1538274392943127,0.6540956447448143,7.084111880195323,0.04437580139193393,0.10740487064397536
0.5827019816974968,0.2196386788317147,2.122810955914102,20.406354578320965,0.031159368756686717,0.030687105898278833
0.3117861064275546,0.16029056005082362,3.343206995829625,39.10523640835315,0.0075603562453913096,0.2537920702501295
1.3398437464961443,0.7762119127669388,0.37146744561086836,9.845886246817287,0.007567992367973612,0.0
0.2285247081367251,0.05775365990494228,3.419158767306341,22.09471624676076,0.011330467563001888,0.5063374969929502
0.8163068492290768,0.2917200256995394,0.8285524285042074,9.666449742971448,0.042162890863150525,0.2608403169115847
0.3054428877073076,0.10801428498517333,3.747816887508859,30.380161136312633,0.040017185375717905,0.2915275892574315
0.6698113223669399,0.2882293557245183,0.9698657497207407,6.904613432886781,0.03949936958552221,0.36824527077934405
0.49110195534556184,0.4522371486490631,1.8527189423052055,21.575307609912954,0.03835141294058131,0.04603074207120139
0.5488647637471571,0.2806151656421302,3.2350351332312663,39.38383695294923,0.007720446626853486,1.1200793652871714
1.8046876977508437,0.5315437829302722,0.09206142255680341,2.7618844716885915,0.007876704022367051,0.0
0.44297151006324526,0.11218363199741628,1.4729810831173773,8.46516032623278,0.007876522746550194,0.01534346972535544
0.26636478974852185,0.06233427496326656,1.669653648027738,16.29794152589062,0.040254340354837125,0.24549684718622955
0.6488785838514903,0.23495208277748428,0.460306949249284,7.084113827631885,0.03914968001495249,0.10740487064397536
0.6042619199510118,0.35227867199358975,1.701004427521956,20.32873918321209,0.038167341637821754,0.015343469725355163
0.26495237435288876,0.1727649419634934,1.2000197230639083,11.406395314953635,0.03822136709114247,0.3989322102300563
0.6202909417728965,0.2039999819580216,1.0191173937156905,9.666415887535997,0.04586159763029431,0.18412263538967244
0.6908571416363639,0.16578348350729707,0.46352828768177357,8.28551207611297,0.04601627003035119,0.16877916566431672
0.500829778611083,0.24547951858281777,2.909599141671067,28.99928541291668,0.041673537249501305,0.0920614841424039
0.39940288962561515,0.2877664190131909,3.3174296355644004,26.237427006917503,0.007951802977165478,0.7211467389381965
0.3607578580991073,0.24053744993472134,2.176329799977273,12.428248227846293,0.015529505351735388,0.19946677090530107
0.577449517807001,0.2523160776246099,1.2092447831025714,9.439195303117655,0.036763216487921205,0.16877883276918082
1.0141803433745542,0.3644927599812062,0.598398565016434,8.285518592535237,0.036967087653103956,0.030687105898278277
0.23229059868563137,0.16772855147648166,1.9321050277241318,17.951957250098527,0.038443589593755,0.05971558737277949
0.554442788432472,0.2089701007667816,1.7588319913795432,8.285541362562618,0.04152701676663212,0.3529021339491245
0.5886750369730475,0.25167388163800797,1.0363676083811624,11.272850306078832,0.0460580217279214,0.07671768152191283
0.3526240394532665,0.3400444851188556,3.0209910141382452,26.417005523828525,0.007872353682530323,0.24549684718622955
0.505432027984245,0.1816253767073268,2.5841595748171073,20.893296501576103,0.007877229080662039,0.0
0.3282198765812241,0.20790328859823934,2.301531004921207,20.226844476359958,0.029218307313505748,0.5370244364436605
0.6824224196324454,0.35788408493510443,1.477966044059204,12.092447638778681,0.029216757658174303,0.7165894286746027
0.4474406415408863,0.25920654935566767,2.0746020340936733,25.036211892373068,0.017058982154645665,0.2687210586395264
0.48923677376371505,0.18636710547729374,2.577716899824657,14.16833970776656,0.02680828355620039,0.6137424508607098
0.8263757699587506,0.29588186634018926,1.1636550381857316,12.787346688769311,0.03903029959914625,0.015343136830219262
0.4185491289961962,0.21382306902040552,4.049777619436434,37.64388224299547,0.014138925593511912,0.04603007628092959
0.9078311084606087,0.6406877263994349,0.9698662490634438,11.04730599200209,0.007954190692201147,0.0
0.2727729895977265,0.08554252813480279,2.446070923897268,14.954306040755663,0.016673403833640115,0.41427601285054516
0.47671941183954963,0.11322903807678171,0.5983987454039864,8.465160326232928,0.0399749761740633,0.16877916566431672
0.7344690874549346,0.5111401727568937,2.5425493443728113,25.703175885242256,0.03815695186687695,0.015343802620493285
0.3324682011878555,0.1806005051360374,1.6142972256201917,11.226820692915483,0.034747102418387944,0.3989322102300541
0.6155260284073475,0.12641508915650068,0.690460342106559,8.285425415186609,0.04507713979318536,0.1380918933184705
0.5990601763457403,0.2710935472144304,1.1089163706087495,12.55928779282732,0.04205844818074477,0.06137421179655711
0.4615001766565909,0.16768630628432235,3.4684103763473018,30.918806824084804,0.02494066711884603,0.0460307420712025
0.5638370471666511,0.16881586567391668,2.307974842757984,16.571067145632902,0.007406935652207457,0.24549684718623066
0.47412229528311284,0.26620770925000575,2.3507860494399733,15.369640884025962,0.028597324854921446,0.0460307420712025
0.42258247676763455,0.0784971365864312,1.2540317290460574,11.183271356215158,0.028359639378215937,0.15343569593896045
1.0559460273896972,0.4739394129402204,0.9206123180789108,9.666475808660486,0.04051075054270712,0.07671784796948078
0.38543599834727066,0.365557335991553,2.4412803353489547,24.810780251140162,0.03943103415049041,0.0
0.3066858438959328,0.19791747996139106,2.4000376584809335,11.22687282429385,0.03457473433341322,0.5523689048544234
0.815311598885193,0.16166981498856584,1.1079579759343459,7.084119707392212,0.03566316012186699,0.12274842359311422
0.7097978420043112,0.47675293190756124,1.4873712298457131,14.832992698645981,0.033342441573125346,0.030687105898278694
0.3994884833325509,0.27972597826719076,3.133306960851489,29.666040675486038,0.007636874675537072,0.6444290574162836
2.0416666666666665,0.4468427413909024,0.0,1.3809197654225411,0.007877417346047709,0.0
2.0416666666666665,0.4342692173763837,0.04603065884741804,1.3809197654225411,0.007877417346047716,0.0
2.0416666666666665,0.2774707350319962,0.0,1.3809197654225411,0.007877417346047709,0.0
0.5498869926043978,0.16714934348433816,1.7031341276831127,12.78738968217633,0.0078005121004834305,0.0
0.37997504792380776,0.16928654251760775,1.952620083918757,14.284681098270125,0.023508178956376077,0.6137421179655733
0.504831466159705,0.3047236593104339,1.400932897898911,10.787654000633319,0.023630967564376815,0.4329396562842845
0.4798647016945908,0.22632115177802833,2.0185433212215282,16.297971269251562,0.034326841283681075,0.029857976778793205
0.5364228140502764,0.10917730110819486,2.2191380455570284,13.80919783679761,0.034477266853253835,0.5983989811353552
0.8870630821034711,0.32986321891968645,1.3052310451165194,12.559280997397545,0.036204343977954044,0.10740495386775906
0.6507335660285002,0.3120914137235821,2.3111998582253186,17.95196638807013,0.03201706067378217,0.49265533520326615
0.5625139397314797,0.1538162309826618,1.7977441416602635,16.123266599473425,0.032227126257440133,0.2148099077355181
0.3604358824258273,0.11139922952901368,3.9287171158726513,28.999375294603638,0.01808807071140057,0.06137454469169468
0.7139602333097113,0.19663530052617573,1.0619284605817192,9.666371545903909,0.007951506910646455,0.3068713918779231
0.4848400562172274,0.25296074852795414,2.903152956923581,16.750477583789696,0.0172071491602958,0.10740487064397536
0.3503115353547596,0.23609824252514844,1.9352393105947916,13.4360587360055,0.04265565977666566,0.583055178514863
0.7662777569748559,0.28558516005983964,1.9289691354712455,14.779636876599731,0.04570844359026064,0.09206081835213209
0.36146334185120943,0.15790502686287022,1.531812778807619,13.809190463690664,0.04009469504688837,0.07671834731218574
0.5535021531484358,0.19643213285668437,0.7825210206427329,10.787638421141004,0.04197118570660572,0.4030815879592897
0.4996711923226644,0.4542547843637263,2.104981908582233,15.311423556240518,0.04560117504861491,0.24549684718622844
0.3209162144043088,0.06773311447914337,2.1206328650582775,12.428282083281527,0.03923711931907959,0.4909936943724591
0.967607657587119,0.18221549681867233,0.9795326524674121,8.465051316599558,0.044172062159869775,0.04603074207120139
0.5185485808414892,0.15477310684309725,1.6239618588542681,13.484566879112995,0.03615572743439866,0.06137387890142065
0.28789552529337437,0.1849203605227662,1.893702019042845,20.893296501575957,0.00771608115581266,0.5216812996134412
0.8429048983167916,0.2453441818722642,1.0715949164166712,13.80918267394431,0.0077992737089892525,0.015343802620491065
0.3774585471723307,0.11272306564522218,1.565040183730607,11.226836272407843,0.007799273693875846,0.0
0.4347805971815418,0.0904660212043112,2.7715055048143222,15.36963144644886,0.02824291866277334,0.5216812996134434
0.693610707790903,0.14563840586833557,1.9415104689245442,12.441727551459353,0.028514054994377546,0.0920614841424039
0.8601492845954457,0.40368795060079443,2.1748494588963916,16.68750371709864,0.03528650995415845,0.015343552949139347
0.2812558544087931,0.1044742899197992,1.85733706701632,19.691932782643125,0.02731651700791192,0.35290163460642066
0.5230737444761501,0.34368685592436427,1.660325847149373,11.226904367148357,0.038093054696830365,0.598398606628326
0.7746023347534056,0.22684985772303204,1.1707284846610309,9.61870641999736,0.034086336676606196,0.030687105898278833
0.58790380888669,0.20447936071697811,1.6299696516727857,18.985157293800853,0.019367539234928788,0.31350784071531246
0.7041595183791457,0.3323217067896592,2.8571234066169673,25.03600336685979,0.007791300483183696,0.583055178514863
1.5506980583946266,0.4990657424672766,0.3148502757670204,5.523548733244217,0.007799626596939451,0.5830551785148641
0.7212372727279887,0.36680937669420527,1.1967966306901623,12.42829511612617,0.007876887250480094,0.030687105898278555
0.2343248002916576,0.09724859076647323,1.8550716261499376,14.95433257084492,0.027498552700857926,0.5063374969929502
0.5636177729172682,0.3720572057994603,2.210231161379264,16.647275801566558,0.03965928723264959,0.12274843919757421
0.37471126047324743,0.23200031537267515,2.452515181181917,15.369647400448244,0.03134623906414238,0.39893254312519083
0.6832504569162158,0.1777821213732141,1.3445562415161505,12.60781700757459,0.04116502223200926,0.2761837866369399
0.5218097675224249,0.16407972456279965,2.2115630521104572,21.842533964321163,0.013369734821045254,0.030686939450710327
0.6321770504346642,0.356871361468378,2.2587250912718853,13.809302516193235,0.007945483411228952,0.537024436443661
0.6774458970077512,0.5226006439278069,1.0223375948951718,9.66636667731254,0.007876918062030981,0.0
0.19678138476356077,0.05736137792530197,1.8872560440192927,13.610714305550493,0.02322295314917531,0.5523675732738798
0.7777933599683128,0.2592919833351327,0.6936831898023763,9.666363756157716,0.04327028364055998,0.2608406498067195
0.22022698169901525,0.29779387349534336,3.0969429769256345,18.670083764623694,0.036650175841215084,0.4030815879592897
0.5137051465198833,0.40768364258566,2.1197116339447293,20.71379565742265,0.03602797073638424,1.3195457200735508
0.4065018988068001,0.3677007410297462,3.9406847039274493,31.76113505545157,0.03712322206614797,0.16877916566431672
0.45457436988465943,0.28577122510288905,2.2555021037601066,29.24683032945223,0.007791962130647828,1.426950507493742
2.0416666666666665,0.648826562524243,0.0,0.0,0.007877291327019647,0.0
1.7123655755530907,0.4814813316624654,0.18412264412816948,4.142756038056475,0.007877259906789193,0.0
0.5269603799097454,0.1582839799294009,2.1174128036947475,14.168324128274346,0.007877259906789204,0.061374211796557325
0.7821460717551876,0.2688999830222178,1.430171803898228,11.226865034547746,0.04210029520026553,0.12274842359311422
0.4249141852959586,0.1320232892667661,1.183268668751766,9.75456859254448,0.04619716515154886,0.10740528676289607
0.29656485517527326,0.10917120624832317,2.120632470577542,15.486199215213242,0.02855659248733905,0.06137387890142065
0.3954197976291169,0.22167345900404012,2.584161652082761,13.809242595068772,0.025453178355122237,0.29152825504770385
0.9028870395122836,0.4295793102214667,1.015897052720246,8.465056063476089,0.03340205428832457,0.3529014681588527
0.7735415856507765,0.15792465073165343,1.1967976992835518,9.845964443885013,0.03630972928104351,0.06137421179655739
0.8096125404532312,0.3110443920359856,1.353010883618353,13.664089058933502,0.033668490130739435,0.07671768152191283
0.3875496613416079,0.20153820216248294,3.9254949173223483,40.226136066394304,0.007945099560222775,0.29152725636229504
2.0416666666666665,0.7572726252539287,0.0,0.0,0.007954032445426596,0.0
0.5001951260237961,0.12127052790415216,4.671653191784956,24.856556272072037,0.007953907011312196,0.0
0.3931977574234733,0.17944315605922614,1.768632802600032,13.785394922136282,0.03630741289518448,0.3068707260876513
0.26258536174707725,0.10097107392696895,3.928718323033637,24.8565407973246,0.030792871964846823,0.07671768152191283
0.821421403750009,0.43217017283332,1.2032427455296757,11.047305992001725,0.04093342451401723,0.4296191496807644
0.9918241346249355,0.5174355004924237,0.509559695543253,8.465035240885351,0.04653739051900712,0.4603067549217488
0.7802980769916653,0.2414298527680904,1.3905866506922175,13.80918462138076,0.038805316306374266,0.0
0.7896554916407273,0.5134362297669243,0.900700577322816,9.439193044841751,0.04231398208984184,0.1227484339960877
0.3544216727196076,0.21723565830189448,2.715809121669013,32.53438428575245,0.007408816062073632,0.44786846158127797
2.0416666666666665,0.2370919570696397,0.0,1.3809197654225476,0.007877041551927729,0.0
2.0416666666666665,0.5953379603200385,0.0032221461193189635,1.3809197654225476,0.007877041551927729,0.0
0.5954077490682385,0.19312130927553328,2.6269685044963693,15.369736083712597,0.007876979694581681,0.0
0.25376061765594937,0.1689908236600692,3.4288241545479075,16.571015014254385,0.037414104115124684,1.0126743281956285
0.8407756020954951,0.3532751856830023,0.6476499243860417,5.7032237231659675,0.03917806073228054,0.0460307420712025
0.38333402775110376,0.13631938428990675,3.195448354664751,22.094664115382304,0.038167581944993624,0.015343136830219262
0.5931804662378074,0.18890193359007082,1.8444494462704657,12.6078165207155,0.03815134607277633,0.38358907339983483
0.6857416700467415,0.39634270141178013,0.9114124863897175,12.26711680293461,0.03777461632448813,0.0920614841424039
0.4053363679928849,0.19560520537704507,1.9365099743796488,18.310999591143588,0.00786763012402653,0.15343569593896156
1.222479059291293,0.7327132768014707,0.3714691870685496,7.084009564875108,0.007952731191141978,0.04603074207120195
0.7369017862159214,0.2330913287224441,2.3540062506194577,11.047365913126505,0.007953875719302221,0.030687105898278833
0.5654621888658767,0.21286381581651004,1.4462835157032359,9.84599440444729,0.04138029408808303,0.7518343441791786
0.6715020121655542,0.2393859846258851,1.525888019890357,12.09241950205362,0.042997047764438315,0.04603074207120195
0.7761985604315823,0.31605162163331724,1.9862969232649283,16.29791312139284,0.045770071128251176,0.0920614009186202
0.3775030671301894,0.11154744377525173,2.719031180403362,19.51240639711034,0.038774058515578864,0.07671776474569666
0.7878465120147103,0.32250141466901255,1.2530175211221617,12.55929184312152,0.03979438002508919,0.19946610511502705
0.35844541369966354,0.10614981777814607,3.038023809126525,29.178828126955832,0.007561855932298796,0.06137421179655711
1.395139709187194,0.1956849538216114,0.09528346381415502,3.1208747749818304,0.007568459646009164,0.0
0.34479022456617975,0.2885241472151483,2.077825513301965,19.512458528488672,0.007568431744462953,0.0
0.5501219733171413,0.18503204927687092,0.96986578467473,9.66637154590408,0.04198807925030213,0.4030815879592892
0.49916721343309584,0.1399232300443946,1.7654972234351556,16.1232668003029,0.036447328958998465,0.0460307420712025
0.41729321186168294,0.1059853700109456,1.568264100019811,9.66643933401672,0.036444788129992224,0.2608403169115847
0.48568239724374607,0.3340917808091426,2.379973268965145,21.67235728372329,0.04232666191506006,0.06137421179655711
0.4625785378060862,0.15530521940359998,2.3507860494399733,22.453771714276954,0.007638247989062705,0.5370244364436605
1.3611111111111132,0.5194870834361308,0.0032221461193189345,1.380919765422535,0.0077230220625721015,0.0
0.5911868692300563,0.09692041076862168,3.1793392669056573,27.797887838548334,0.007722725069010787,0.0
0.5209879375206096,0.23573609517444127,1.2953027512015527,12.60776292875968,0.03547588155550562,0.12274842359311477
0.5566591146965197,0.22813031076816984,1.4394494325296527,12.136105692996646,0.03505482038864822,0.3284368748778105
0.26111670636068013,0.15381458682871832,2.7319199746045704,22.633269819262615,0.03472446072531024,0.015343469725355163
0.5342740422406612,0.29059837355378404,3.409491150499604,19.51239888824432,0.03747261263366655,0.7364905415586875
0.3962129615724277,0.22585097062752435,3.0065525657419827,30.91880755437347,0.020914853641383117,0.15343536304382566
0.7237270640507228,0.42627666607169323,3.406268395182186,33.32155251916843,0.007097568762178227,0.7518343441791786
0.5399502337725437,0.17572318712952487,2.393593541012239,13.809182673944136,0.007799926788773234,0.0
0.7558623475819743,0.37963538334638725,1.0619284605817194,12.428256017592473,0.043407229902130764,0.5063368312026773
0.40274203352191873,0.16189673442149016,1.9912500979736747,17.529931287040913,0.04287406728468028,0.5370237706533887
0.7963431047808124,0.3245306712814956,2.290399318202519,18.165548838237495,0.04380461712374049,0.0460307420712025
0.35916461199545263,0.16652611985230056,1.568265028797242,16.57101501425459,0.039205381776716126,0.10450264408717158
0.6734850560070008,0.14932231529820228,1.203241886660221,8.465027451139166,0.043070138742031056,0.24549684718622955
0.40285668199466124,0.15240138207471507,2.715809063620426,29.394684866935577,0.01451623865427048,0.06137387890142065
2.041666666666667,0.23935187834955582,0.0,0.0,0.007722578321447606,0.0
1.2941997862883539,0.47577571845006866,0.4699726847823854,7.084218090388358,0.00764579636740773,0.0
0.5875423065267444,0.23319614125601398,3.0872764511827047,24.193628602994988,0.007645738358585011,0.015343802620491065
0.30223382571273133,0.2820693839036757,2.8764564581028265,22.274130579790484,0.02403513888589473,1.1200792820633876
0.71105329272255,0.2410139673409737,1.2064629467091628,8.465144746740567,0.022685846641012267,0.03068760524098435
0.9209717517737411,0.18774147419884793,1.2000188292404712,8.465092615362087,0.022686335735351358,0.27618378663693877
0.5100459025081485,0.12975945252163631,2.0746015970127614,16.181501883474155,0.022612657392760846,0.030686273660438523
0.7192995767010498,0.20451116657404608,1.6142955078812862,12.607869138952962,0.040740328779487585,0.5063371640978137
0.4254653869949883,0.335416633239584,1.0619272996099336,8.285515334324101,0.04073743096835619,0.12274842359311477
0.8016971225011348,0.4383772950734213,1.1675931416853544,9.798239351919191,0.03896258683223638,0.09206148414240445
0.7651480642077187,0.2721688695346589,1.311359006011936,12.092441541801652,0.0331466073187899,0.3433658174941065
0.30960944440274424,0.16087296302614956,3.7777365954247157,29.66604157149449,0.007642083805054682,0.3135080238077159
1.3674343392793995,0.6881383707569463,0.14131614250280825,4.322333618699966,0.007800232188526277,0.0
0.5126002729679561,0.1675558977911624,3.1365300575944803,19.512458528488644,0.008415334421924207,0.030687105898278555
0.4495450426898244,0.3024733310037253,2.209471764492023,19.69198491402149,0.0393883385384778,0.8592389651518029
0.6860587162418157,0.26430380215936894,1.048907939403552,12.136086915215044,0.034632426810084445,0.29152758925743094
0.9913678142971344,0.245632068135322,0.6476499942940204,8.285533572816362,0.036804000036793655,0.03068760524098213
0.34851403658476293,0.11518939424357821,2.3540071793968864,16.297941525890643,0.03293841301561457,0.015343802620491065
0.5416765741408944,0.18080501089487747,2.4428472160836416,13.988717223730324,0.03893289384699467,0.5523679061690162
0.7664832232009781,0.30711168709266323,1.391527172447543,13.484565087096186,0.03531899233630727,0.09206131769483594
0.3485106983640261,0.26199446202925275,3.2414792341592262,29.896924006806003,0.007638640658391785,0.42961948257590143
1.1144174833396565,0.5520299172784396,0.09206131769483566,2.76183953084507,0.007800232238874543,0.0
0.8368038122738126,0.5454045499451541,0.47319831881049074,4.322213776451042,0.0077999569462739475,0.1380915604233346
0.5902618566765818,0.33497808954759944,2.0147622048998364,15.369631820955563,0.007799361194490083,0.0
0.5398048444597848,0.14415737702643727,2.4686241765626162,17.10960345862717,0.022315975926204202,0.5983986482402182
0.5830227863291567,0.27802953914645107,1.5190087758691337,12.559256002798985,0.027242483492495865,0.15343602883409746
0.5602130887499395,0.22023915519373416,1.9831613152629985,14.954334713026004,0.030503279434022687,0.6270158645230292
0.3506024606789162,0.22638927009221707,2.258724302310413,17.95189805926286,0.0007252044284530751,0.22393424223391412
0.6631259077976414,0.1973083942996319,5.174766934775078,36.442502944570094,0.0007258245022846132,0.6137427837558462
0.7632323299808682,0.19574674356299432,1.1539884025874068,8.28550555969067,0.039299437775485516,0.24549684718622955
0.4895381874758838,0.1845594296956372,2.4554130086778647,36.40832461220177,0.007401243818915441,0.029857885232591475
1.7694444444444442,0.33697091588431194,0.09528346381415502,4.142759296267617,0.007954095772319182,0.0
0.5357672428945291,0.09713737678068239,2.304752644207681,14.168347497513087,0.007954095760130694,0.0
0.3121918032040265,0.2886906024290891,1.7468607275159287,13.484554572815147,0.042292945321465464,0.583055178514863
0.46592112779824063,0.26003567831647756,1.6154608374120292,11.047313781748116,0.03736212169705263,0.4329395647380829
0.530134807049415,0.12010369448519864,3.590391715295541,16.57103767192961,0.037012303950217366,0.6597728600367747
0.4372326554796368,0.25264867068929653,3.5572495653998146,27.79791390423741,0.029755580635886313,0.3682452707793444
0.6150409262281068,0.16783429940463815,2.623746445762027,27.79779915528418,0.007721895315430178,1.0587052367143983
0.4276429126597339,0.13836458985139935,3.54436062139579,25.21563012027627,0.007877291868385313,0.0
0.3761181523254133,0.17581619225582068,2.3925135603365866,16.862190288340432,0.03754769718177859,0.3375581648810655
0.2592048135080493,0.16775955112931742,3.343206804518952,21.165124573881524,0.039694297500067546,0.16877908244053275
0.39975145750050595,0.24763984951937446,2.6753021462525304,20.713788991197532,0.03806586982267187,1.411606871320819
0.8019525702298332,0.24465460737028868,2.23934223558489,23.015931098759378,0.03189882267100133,0.04478696516819036
0.35531133562807077,0.23423809748651347,3.51444174488554,34.702518274054164,0.007333222590093677,0.3433656344017028
0.5608727430324331,0.16607983724573908,2.807871937391966,27.977410329208098,0.008337658191213113,0.23015304456573737
0.6009438163769683,0.27004184463163206,1.7623626467011897,16.123245831645338,0.04326296033126577,0.5523675732738798
1.1090309488383667,0.38097588122917597,0.7857440081545106,9.98185643093814,0.03448909894804905,0.16877916566431672
0.2519280307422674,0.21464019046858862,2.7650627280807893,29.358352565052293,0.03407493557346926,0.5971580708366397
0.7873067931148561,0.4442362520457995,0.966643586124424,8.465052168603005,0.03882946560929815,0.32221452870814127
0.5158203731557692,0.11910669058300116,2.868708238215499,32.542472781731085,0.022386960261631762,0.5523711972146511
0.41833235652411566,0.22178327525869546,3.1793382682202442,26.23742944121301,0.007326538126465656,0.6597728600367758
2.041666666666667,0.6488265625242504,0.0,0.0,0.007954222351556694,0.0
0.5287506845749964,0.15117510012496171,3.0412451831371854,12.607871086389848,0.007877291671537313,0.0
0.3841862934938347,0.432751195152506,1.8644768888352565,17.641543312868713,0.03721384354709402,0.4909936943724588
0.33024221869057296,0.17638448127481285,4.51422718777592,34.039649073131244,0.04061759516631449,0.015343136830219262
0.575233528684764,0.226080978066126,0.9282780098193427,11.532557017603379,0.03150737798625974,0.19946643801016406
0.5476291401971246,0.25285541448974,3.6921195119199286,37.643990400625334,0.0076408590952888895,0.7165896117670062
1.8958331826661443,0.667717148044633,0.04487394844976822,1.5507570024057646,0.007723416359890691,0.0
0.4170773446746921,0.16436099765384907,2.163440356630547,23.475658482604782,0.007723355107325265,0.015343802620491065
0.4006270657651209,0.25027334415562413,2.1143881160243527,16.472597795764024,0.03828293684566168,0.30687105898278666
0.47139180218662674,0.18525728830856983,3.051426391852789,25.036227471865804,0.039172965889918705,0.16877916566431672
0.6722361099454499,0.264693213177727,1.711305034031053,17.641546196574037,0.032596436336847716,0.5216808002707374
0.39155226938826315,0.1510422405127976,3.0412457286690913,31.761081950354825,0.007637153780904216,0.13809197654225405
0.48636560763711806,0.14324141005955596,3.0840543924483557,18.490561273963955,0.007800480684964281,0.0
0.39312920023419884,0.1351640056862153,1.7031341276831158,11.04741804450487,0.003309700435289632,0.5063374969929502
0.8999850621971851,0.2592728568977904,0.6048444301845884,8.285533572816478,0.005349502284677538,0.06137387890142065
0.4471024203918211,0.2737444144044313,3.076690805297507,39.204335284880166,0.0003457838969652398,0.15343536304382566
0.5321486135214452,0.14134359692678747,3.636421439747921,25.036215787246345,0.009441936211810964,1.1967966306901634
0.4916965432109401,0.43718216682582317,1.7811730951730174,13.610725407816105,0.04504320491236531,0.18412271861345617
0.5460163229334914,0.22118134615780083,3.333540313730011,30.918913764566785,0.009558089107193787,0.7912345537139892
0.899549887876095,0.33119865372894247,1.5019804506222318,18.131464161265967,0.007565979059545208,0.33755833132863344
0.5826582167869164,0.5693698514915881,2.3079785578677066,22.14992277720973,0.007646178562900372,0.0
0.2176665174818465,0.0480748640787902,2.626968504496366,18.310999684770376,0.02874793468356541,0.5063374969929502
0.6983273331516967,0.2648670750343876,1.061928600397677,11.406447446331962,0.04483957599065329,0.18412296828480834
0.26136024589107776,0.1709438171674308,4.306628700174276,23.475615489198056,0.03286911680263592,0.04478696516819092
0.9252127032862637,0.21722588248033414,1.2888575888582505,12.607747349267406,0.02961529051625764,0.9052697072230048
1.394457967358211,0.27306673586469515,0.3714674693296488,4.142766786408139,0.035719591637500256,0.04603074207120361
0.5753295458455643,0.16596139503767574,1.2000206867953267,12.267118244787282,0.031574832427637985,0.10740462097262204
0.572757133631403,0.24300188381629906,5.019644293565352,29.178856140081695,0.027745780814743416,0.059715770465183504
0.6481491249306331,0.12976556564160033,1.660238549186272,20.328741860938443,0.03074800323762161,0.47565122333251164
0.5631731258629405,0.19057211793969345,4.296961797427605,32.658729008102995,0.00840337026019988,0.030686939450710327
0.47623635647293233,0.22829200163007937,3.409490384008553,26.237438691536635,0.007954032656680356,0.014928942616295737
0.5064665290876694,0.24521758233266291,2.8757633435685364,21.497696688291843,0.04227223035323137,0.4909936943724591
0.3190347889860901,0.17156242351470072,4.928502805079424,33.32161157424557,0.0313608368331439,0.3881527225851014
0.8365389624458727,0.4175651735529815,1.4842363976978425,14.779657845257232,0.035811949774037455,0.19946543932475524
0.41267434186284735,0.22470796117217184,2.533167845770831,23.475632416915722,0.007558278846564542,0.16877912405242476
1.6163232895951865,0.734899201952765,0.04925350154980825,2.7618844716884174,0.007954095874813136,0.07671901310245755
0.7909208595438068,0.5602179735172593,1.6571029994535538,16.75067831955667,0.007954095874813168,0.0
0.21697536960213468,0.1507281757843258,3.271400085257785,15.190124909788555,0.024040539669729376,0.5216799680328976
0.4485370692302509,0.2742056046352184,0.8317754050928623,10.78765400063332,0.03742150184306,0.6270158645230295
0.35688819020267787,0.2798785987177993,3.05091163897214,21.497686677714704,0.03332638296557721,0.15343552949139333
0.5425966142161457,0.29813319839741276,2.8368697369607268,12.42827149409535,0.03902260568075294,1.1967972964804363
0.26688219000226154,0.15325694972905532,2.9984369113419427,23.475619384071102,0.010704458442526507,0.10740495386775961
0.4945865279275221,0.21449387738267342,3.629059430520016,19.512474107980832,0.007722607923302549,0.0
0.29109756966124295,0.2124201288396227,4.050698048480763,22.633279524261173,0.026173372522501778,1.5190118251885787
0.42528962348944094,0.3615614823153304,2.7279663585135068,20.678105112703822,0.035893084587172594,0.061374211796557665
0.1824721784537948,0.16992183877605171,3.498331071089175,19.33283177507217,0.028779384963685938,0.6290857333325509
0.9167155784241721,0.29236250588477414,1.9029934234659975,13.610724151344494,0.039855383980586766,0.04603074207120139
0.34407719897551087,0.1347805117752298,3.3174299139479575,36.08343699085702,0.007332639752994982,0.8658791294761653
