t_obs,dt,cmd_shoulder_pan,pos_shoulder_pan,sent_shoulder_pan,cmd_shoulder_lift,pos_shoulder_lift,sent_shoulder_lift,cmd_elbow_flex,pos_elbow_flex,sent_elbow_flex,cmd_wrist_flex,pos_wrist_flex,sent_wrist_flex,cmd_wrist_roll,pos_wrist_roll,sent_wrist_roll,cmd_gripper,pos_gripper,sent_gripper,chunk_start
0.0,0.03333333333333333,2.2857143878936768,1.2307692766189575,2.2857143878936768,-101.97801971435547,-102.72527313232422,-101.97801971435547,97.27472686767578,96.52747344970703,97.27472686767578,80.26373291015625,80.35164642333984,80.26373291015625,-74.4175796508789,-74.68132019042969,-74.4175796508789,1.4774494171142578,1.8518518209457397,1.4774494171142578,1
0.03333333507180214,0.03333333507180214,2.2857143878936768,1.2307692766189575,2.2857143878936768,-101.97801971435547,-102.72527313232422,-101.97801971435547,97.27472686767578,96.52747344970703,97.27472686767578,80.26373291015625,80.35164642333984,80.26373291015625,-74.4175796508789,-74.68132019042969,-74.4175796508789,1.4774494171142578,1.8518518209457397,1.4774494171142578,0
0.06666667014360428,0.03333333507180214,1.9340659379959106,1.494505524635315,1.9340659379959106,-101.97801971435547,-102.72527313232422,-101.97801971435547,97.27472686767578,96.52747344970703,97.27472686767578,80.26373291015625,80.35164642333984,80.26373291015625,-74.32967376708984,-74.5054931640625,-74.32967376708984,1.4774494171142578,1.8518518209457397,1.4774494171142578,0
0.10000000149011612,0.03333333134651184,1.9340659379959106,2.1098902225494385,1.9340659379959106,-101.97801971435547,-102.72527313232422,-101.97801971435547,97.27472686767578,96.52747344970703,97.27472686767578,80.26373291015625,80.35164642333984,80.26373291015625,-74.32967376708984,-74.68132019042969,-74.32967376708984,1.4774494171142578,1.8518518209457397,1.4774494171142578,0
0.13333334028720856,0.03333333879709244,1.9340659379959106,1.8461538553237915,1.9340659379959106,-101.97801971435547,-102.72527313232422,-101.97801971435547,97.27472686767578,96.52747344970703,97.27472686767578,80.26373291015625,80.35164642333984,80.26373291015625,-74.32967376708984,-74.68132019042969,-74.32967376708984,1.4774494171142578,1.8518518209457397,1.4774494171142578,0
0.1666666716337204,0.03333333134651184,1.9340659379959106,1.7582417726516724,1.9340659379959106,-101.97801971435547,-102.54945373535156,-101.97801971435547,97.27472686767578,96.52747344970703,97.27472686767578,80.26373291015625,80.35164642333984,80.26373291015625,-74.32967376708984,-74.5054931640625,-74.32967376708984,1.4774494171142578,1.8518518209457397,1.4774494171142578,0
0.20000000298023224,0.03333333134651184,1.9340659379959106,1.9340659379959106,1.9340659379959106,-101.97801971435547,-102.46154022216797,-101.97801971435547,97.27472686767578,96.52747344970703,97.27472686767578,80.26373291015625,80.35164642333984,80.26373291015625,-74.32967376708984,-74.5054931640625,-74.32967376708984,1.4774494171142578,1.8518518209457397,1.4774494171142578,0
0.23333333432674408,0.03333333134651184,2.1978023052215576,2.1098902225494385,2.1978023052215576,-101.97801971435547,-102.37362670898438,-101.97801971435547,97.27472686767578,96.52747344970703,97.27472686767578,80.26373291015625,80.35164642333984,80.26373291015625,-74.32967376708984,-74.68132019042969,-74.32967376708984,1.4774494171142578,1.8518518209457397,1.4774494171142578,0
0.2666666805744171,0.033333346247673035,2.1978023052215576,2.1098902225494385,2.1978023052215576,-101.97801971435547,-102.28571319580078,-101.97801971435547,97.27472686767578,96.52747344970703,97.27472686767578,80.26373291015625,80.35164642333984,80.26373291015625,-74.32967376708984,-74.68132019042969,-74.32967376708984,1.4774494171142578,1.8518518209457397,1.4774494171142578,0
0.30000001192092896,0.03333333134651184,2.1978023052215576,2.0219781398773193,2.1978023052215576,-101.97801971435547,-102.28571319580078,-101.97801971435547,97.27472686767578,96.52747344970703,97.27472686767578,80.26373291015625,80.35164642333984,80.26373291015625,-74.4175796508789,-74.68132019042969,-74.4175796508789,1.4774494171142578,1.8518518209457397,1.4774494171142578,0
0.3333333432674408,0.03333333134651184,2.1978023052215576,2.0219781398773193,2.1978023052215576,-101.97801971435547,-102.28571319580078,-101.97801971435547,97.27472686767578,96.52747344970703,97.27472686767578,80.26373291015625,80.35164642333984,80.26373291015625,-74.4175796508789,-74.5934066772461,-74.4175796508789,1.4774494171142578,1.8518518209457397,1.4774494171142578,0
0.36666667461395264,0.03333333134651184,2.1978023052215576,2.0219781398773193,2.1978023052215576,-101.97801971435547,-102.28571319580078,-101.97801971435547,97.27472686767578,96.52747344970703,97.27472686767578,80.26373291015625,80.35164642333984,80.26373291015625,-74.4175796508789,-74.5934066772461,-74.4175796508789,1.4774494171142578,1.8518518209457397,1.4774494171142578,0
0.4000000059604645,0.03333333134651184,2.2857143878936768,2.0219781398773193,2.2857143878936768,-101.97801971435547,-102.28571319580078,-101.97801971435547,97.27472686767578,96.52747344970703,97.27472686767578,80.26373291015625,80.35164642333984,80.26373291015625,-74.4175796508789,-74.5934066772461,-74.4175796508789,1.4774494171142578,1.8518518209457397,1.4774494171142578,0
0.4333333373069763,0.03333333134651184,2.2857143878936768,2.0219781398773193,2.2857143878936768,-101.97801971435547,-102.28571319580078,-101.97801971435547,97.27472686767578,96.52747344970703,97.27472686767578,80.17582702636719,80.35164642333984,80.17582702636719,-74.4175796508789,-74.5934066772461,-74.4175796508789,1.4774494171142578,1.8518518209457397,1.4774494171142578,0
0.46666666865348816,0.03333333134651184,2.2857143878936768,2.0219781398773193,2.2857143878936768,-101.97801971435547,-102.28571319580078,-101.97801971435547,97.27472686767578,96.52747344970703,97.27472686767578,80.17582702636719,80.35164642333984,80.17582702636719,-74.4175796508789,-74.5934066772461,-74.4175796508789,1.4774494171142578,1.8518518209457397,1.4774494171142578,0
0.5,0.03333333134651184,2.2857143878936768,2.0219781398773193,2.2857143878936768,-101.97801971435547,-102.28571319580078,-101.97801971435547,97.27472686767578,96.52747344970703,97.27472686767578,80.17582702636719,80.35164642333984,80.17582702636719,-74.4175796508789,-74.5934066772461,-74.4175796508789,1.4774494171142578,1.8518518209457397,1.4774494171142578,0
0.5333333611488342,0.03333336114883423,2.2857143878936768,2.0219781398773193,2.2857143878936768,-101.97801971435547,-102.28571319580078,-101.97801971435547,97.27472686767578,96.52747344970703,97.27472686767578,80.17582702636719,80.35164642333984,80.17582702636719,-74.4175796508789,-74.5934066772461,-74.4175796508789,1.4774494171142578,1.8518518209457397,1.4774494171142578,0
0.5666666626930237,0.03333330154418945,2.2857143878936768,2.0219781398773193,2.2857143878936768,-101.97801971435547,-102.28571319580078,-101.97801971435547,97.27472686767578,96.52747344970703,97.27472686767578,80.0879135131836,80.35164642333984,80.0879135131836,-74.4175796508789,-74.5934066772461,-74.4175796508789,1.4774494171142578,1.8518518209457397,1.4774494171142578,0
0.6000000238418579,0.03333336114883423,2.2857143878936768,2.0219781398773193,2.2857143878936768,-101.89010620117188,-102.28571319580078,-101.89010620117188,97.27472686767578,96.52747344970703,97.27472686767578,79.82417297363281,80.35164642333984,79.82417297363281,-74.4175796508789,-74.5934066772461,-74.4175796508789,1.4774494171142578,1.8518518209457397,1.4774494171142578,0
0.6333333253860474,0.03333330154418945,2.2857143878936768,2.0219781398773193,2.2857143878936768,-101.89010620117188,-102.28571319580078,-101.89010620117188,97.36264038085938,96.52747344970703,97.36264038085938,79.73626708984375,80.35164642333984,79.73626708984375,-74.5054931640625,-74.5934066772461,-74.5054931640625,1.4774494171142578,1.8518518209457397,1.4774494171142578,0
0.6666666865348816,0.03333336114883423,2.2857143878936768,2.0219781398773193,2.2857143878936768,-101.89010620117188,-102.28571319580078,-101.89010620117188,97.36264038085938,96.52747344970703,97.36264038085938,79.73626708984375,80.35164642333984,79.73626708984375,-74.5054931640625,-74.5934066772461,-74.5054931640625,1.4774494171142578,1.8518518209457397,1.4774494171142578,0
0.699999988079071,0.03333330154418945,2.2857143878936768,2.0219781398773193,2.2857143878936768,-101.89010620117188,-102.28571319580078,-101.89010620117188,97.36264038085938,96.52747344970703,97.36264038085938,79.73626708984375,80.35164642333984,79.73626708984375,-74.5054931640625,-74.5934066772461,-74.5054931640625,1.4774494171142578,1.8518518209457397,1.4774494171142578,0
0.7333333492279053,0.03333336114883423,2.2857143878936768,2.0219781398773193,2.2857143878936768,-101.89010620117188,-102.28571319580078,-101.89010620117188,97.36264038085938,96.52747344970703,97.36264038085938,79.73626708984375,80.35164642333984,79.73626708984375,-74.5054931640625,-74.5934066772461,-74.5054931640625,1.4774494171142578,1.8518518209457397,1.4774494171142578,0
0.7666666507720947,0.03333330154418945,2.2857143878936768,2.0219781398773193,2.2857143878936768,-101.89010620117188,-102.28571319580078,-101.89010620117188,97.36264038085938,96.52747344970703,97.36264038085938,79.82417297363281,80.35164642333984,79.82417297363281,-74.5054931640625,-74.5934066772461,-74.5054931640625,1.4774494171142578,1.8518518209457397,1.4774494171142578,0
0.800000011920929,0.03333336114883423,2.2857143878936768,2.0219781398773193,2.2857143878936768,-101.89010620117188,-102.28571319580078,-101.89010620117188,97.36264038085938,96.52747344970703,97.36264038085938,79.82417297363281,80.35164642333984,79.82417297363281,-74.5934066772461,-74.5934066772461,-74.5934066772461,1.4774494171142578,1.8518518209457397,1.4774494171142578,0
0.8333333134651184,0.03333330154418945,2.373626470565796,2.0219781398773193,2.373626470565796,-101.89010620117188,-102.28571319580078,-101.89010620117188,97.36264038085938,96.52747344970703,97.36264038085938,79.82417297363281,80.35164642333984,79.82417297363281,-74.5934066772461,-74.5934066772461,-74.5934066772461,1.4774494171142578,1.8518518209457397,1.4774494171142578,0
0.8666666746139526,0.03333336114883423,2.373626470565796,2.0219781398773193,2.373626470565796,-101.89010620117188,-102.28571319580078,-101.89010620117188,97.36264038085938,96.52747344970703,97.36264038085938,79.82417297363281,80.35164642333984,79.82417297363281,-74.5934066772461,-74.5934066772461,-74.5934066772461,1.4774494171142578,1.8518518209457397,1.4774494171142578,0
0.8999999761581421,0.03333330154418945,2.373626470565796,2.0219781398773193,2.373626470565796,-101.89010620117188,-102.28571319580078,-101.89010620117188,97.36264038085938,96.52747344970703,97.36264038085938,79.82417297363281,80.35164642333984,79.82417297363281,-74.5934066772461,-74.5934066772461,-74.5934066772461,1.4774494171142578,1.8518518209457397,1.4774494171142578,0
0.9333333373069763,0.03333336114883423,2.2857143878936768,2.0219781398773193,2.2857143878936768,-102.06593322753906,-102.28571319580078,-102.06593322753906,97.36264038085938,96.52747344970703,97.36264038085938,80.0,80.35164642333984,80.0,-74.5934066772461,-74.5934066772461,-74.5934066772461,1.4774494171142578,1.8518518209457397,1.4774494171142578,0
0.9666666388511658,0.03333330154418945,2.2857143878936768,2.0219781398773193,2.2857143878936768,-102.06593322753906,-102.28571319580078,-102.06593322753906,97.27472686767578,96.52747344970703,97.27472686767578,80.17582702636719,80.35164642333984,80.17582702636719,-74.5934066772461,-74.5934066772461,-74.5934066772461,1.4774494171142578,1.8518518209457397,1.4774494171142578,0
1.0,0.03333336114883423,2.2857143878936768,2.0219781398773193,2.2857143878936768,-102.32967376708984,-102.28571319580078,-102.32967376708984,97.18681335449219,96.52747344970703,97.18681335449219,80.26373291015625,80.35164642333984,80.26373291015625,-74.5934066772461,-74.5934066772461,-74.5934066772461,1.4774494171142578,1.8518518209457397,1.4774494171142578,0
1.0333333015441895,0.03333330154418945,2.2857143878936768,2.0219781398773193,2.2857143878936768,-102.32967376708984,-102.28571319580078,-102.32967376708984,97.18681335449219,96.52747344970703,97.18681335449219,80.35164642333984,80.35164642333984,80.35164642333984,-74.5934066772461,-74.5934066772461,-74.5934066772461,1.4774494171142578,1.8518518209457397,1.4774494171142578,0
1.0666667222976685,0.033333420753479004,2.2857143878936768,2.0219781398773193,2.2857143878936768,-102.32967376708984,-102.28571319580078,-102.32967376708984,97.18681335449219,96.52747344970703,97.18681335449219,80.35164642333984,80.35164642333984,80.35164642333984,-74.5934066772461,-74.5934066772461,-74.5934066772461,1.4774494171142578,1.8518518209457397,1.4774494171142578,0
1.100000023841858,0.03333330154418945,2.373626470565796,2.0219781398773193,2.373626470565796,-102.4175796508789,-102.28571319580078,-102.4175796508789,97.18681335449219,96.52747344970703,97.18681335449219,80.35164642333984,80.35164642333984,80.35164642333984,-74.5934066772461,-74.5934066772461,-74.5934066772461,1.4774494171142578,1.8518518209457397,1.4774494171142578,0
1.1333333253860474,0.03333330154418945,2.373626470565796,2.0219781398773193,2.373626470565796,-102.4175796508789,-102.28571319580078,-102.4175796508789,97.18681335449219,96.52747344970703,97.18681335449219,80.35164642333984,80.35164642333984,80.35164642333984,-74.5934066772461,-74.5934066772461,-74.5934066772461,1.4774494171142578,1.8518518209457397,1.4774494171142578,0
1.1666666269302368,0.03333330154418945,2.373626470565796,2.0219781398773193,2.373626470565796,-102.4175796508789,-102.28571319580078,-102.4175796508789,97.18681335449219,96.52747344970703,97.18681335449219,80.35164642333984,80.35164642333984,80.35164642333984,-74.5934066772461,-74.5934066772461,-74.5934066772461,1.4774494171142578,1.8518518209457397,1.4774494171142578,0
1.2000000476837158,0.033333420753479004,2.373626470565796,2.0219781398773193,2.373626470565796,-102.4175796508789,-102.28571319580078,-102.4175796508789,97.18681335449219,96.52747344970703,97.18681335449219,80.35164642333984,80.35164642333984,80.35164642333984,-74.5934066772461,-74.5934066772461,-74.5934066772461,1.4774494171142578,1.8518518209457397,1.4774494171142578,0
1.2333333492279053,0.03333330154418945,2.373626470565796,2.0219781398773193,2.373626470565796,-102.4175796508789,-102.28571319580078,-102.4175796508789,97.18681335449219,96.52747344970703,97.18681335449219,80.35164642333984,80.35164642333984,80.35164642333984,-74.5934066772461,-74.5934066772461,-74.5934066772461,1.4774494171142578,1.8518518209457397,1.4774494171142578,0
1.2666666507720947,0.03333330154418945,2.373626470565796,2.0219781398773193,2.373626470565796,-102.4175796508789,-102.28571319580078,-102.4175796508789,97.18681335449219,96.52747344970703,97.18681335449219,80.35164642333984,80.35164642333984,80.35164642333984,-74.5934066772461,-74.5934066772461,-74.5934066772461,1.4774494171142578,1.8518518209457397,1.4774494171142578,0
1.2999999523162842,0.03333330154418945,2.373626470565796,2.0219781398773193,2.373626470565796,-102.4175796508789,-102.28571319580078,-102.4175796508789,97.18681335449219,96.52747344970703,97.18681335449219,80.35164642333984,80.35164642333984,80.35164642333984,-74.5934066772461,-74.5934066772461,-74.5934066772461,1.4774494171142578,1.8518518209457397,1.4774494171142578,0
1.3333333730697632,0.033333420753479004,2.373626470565796,2.0219781398773193,2.373626470565796,-102.4175796508789,-102.28571319580078,-102.4175796508789,97.18681335449219,96.52747344970703,97.18681335449219,80.35164642333984,80.35164642333984,80.35164642333984,-74.5934066772461,-74.5934066772461,-74.5934066772461,1.4774494171142578,1.8518518209457397,1.4774494171142578,0
1.3666666746139526,0.03333330154418945,2.373626470565796,2.0219781398773193,2.373626470565796,-102.4175796508789,-102.28571319580078,-102.4175796508789,97.18681335449219,96.52747344970703,97.18681335449219,80.35164642333984,80.35164642333984,80.35164642333984,-74.5934066772461,-74.5934066772461,-74.5934066772461,1.4774494171142578,1.8518518209457397,1.4774494171142578,0
1.399999976158142,0.03333330154418945,2.373626470565796,2.0219781398773193,2.373626470565796,-102.4175796508789,-102.28571319580078,-102.4175796508789,97.18681335449219,96.52747344970703,97.18681335449219,80.35164642333984,80.35164642333984,80.35164642333984,-74.5934066772461,-74.5934066772461,-74.5934066772461,1.4774494171142578,1.8518518209457397,1.4774494171142578,0
1.4333332777023315,0.03333330154418945,2.373626470565796,2.0219781398773193,2.373626470565796,-102.4175796508789,-102.28571319580078,-102.4175796508789,97.18681335449219,96.52747344970703,97.18681335449219,80.35164642333984,80.35164642333984,80.35164642333984,-74.5934066772461,-74.5934066772461,-74.5934066772461,1.4774494171142578,1.8518518209457397,1.4774494171142578,0
1.4666666984558105,0.033333420753479004,2.373626470565796,2.0219781398773193,2.373626470565796,-102.4175796508789,-102.28571319580078,-102.4175796508789,97.18681335449219,96.52747344970703,97.18681335449219,80.35164642333984,80.35164642333984,80.35164642333984,-74.5934066772461,-74.5934066772461,-74.5934066772461,1.4774494171142578,1.8518518209457397,1.4774494171142578,0
1.5,0.03333330154418945,2.373626470565796,2.0219781398773193,2.373626470565796,-102.4175796508789,-102.28571319580078,-102.4175796508789,97.18681335449219,96.52747344970703,97.18681335449219,80.35164642333984,80.35164642333984,80.35164642333984,-74.5934066772461,-74.5934066772461,-74.5934066772461,1.4774494171142578,1.8518518209457397,1.4774494171142578,0
1.5333333015441895,0.03333330154418945,2.373626470565796,2.0219781398773193,2.373626470565796,-102.4175796508789,-102.28571319580078,-102.4175796508789,97.18681335449219,96.52747344970703,97.18681335449219,80.43955993652344,80.35164642333984,80.43955993652344,-74.5934066772461,-74.5934066772461,-74.5934066772461,1.4774494171142578,1.8518518209457397,1.4774494171142578,0
1.5666667222976685,0.033333420753479004,2.373626470565796,2.0219781398773193,2.373626470565796,-102.4175796508789,-102.28571319580078,-102.4175796508789,97.18681335449219,96.52747344970703,97.18681335449219,80.43955993652344,80.35164642333984,80.43955993652344,-74.5934066772461,-74.5934066772461,-74.5934066772461,1.4774494171142578,1.8518518209457397,1.4774494171142578,0
1.600000023841858,0.03333330154418945,2.373626470565796,2.0219781398773193,2.373626470565796,-102.4175796508789,-102.28571319580078,-102.4175796508789,97.18681335449219,96.52747344970703,97.18681335449219,80.43955993652344,80.35164642333984,80.43955993652344,-74.5934066772461,-74.5934066772461,-74.5934066772461,1.4774494171142578,1.8518518209457397,1.4774494171142578,0
1.6333333253860474,0.03333330154418945,2.373626470565796,2.0219781398773193,2.373626470565796,-102.4175796508789,-102.28571319580078,-102.4175796508789,97.18681335449219,96.52747344970703,97.18681335449219,80.43955993652344,80.35164642333984,80.43955993652344,-74.5934066772461,-74.5934066772461,-74.5934066772461,1.4774494171142578,1.8518518209457397,1.4774494171142578,0
1.6666666269302368,0.03333330154418945,2.373626470565796,2.0219781398773193,2.373626470565796,-102.4175796508789,-102.28571319580078,-102.4175796508789,97.18681335449219,96.52747344970703,97.18681335449219,80.43955993652344,80.35164642333984,80.43955993652344,-74.5934066772461,-74.5934066772461,-74.5934066772461,1.4774494171142578,1.8518518209457397,1.4774494171142578,0
1.7000000476837158,0.033333420753479004,2.373626470565796,2.0219781398773193,2.373626470565796,-102.4175796508789,-102.28571319580078,-102.4175796508789,97.18681335449219,96.52747344970703,97.18681335449219,80.43955993652344,80.35164642333984,80.43955993652344,-74.5934066772461,-74.5934066772461,-74.5934066772461,1.4774494171142578,1.8518518209457397,1.4774494171142578,0
1.7333333492279053,0.03333330154418945,2.373626470565796,2.0219781398773193,2.373626470565796,-102.4175796508789,-102.28571319580078,-102.4175796508789,97.18681335449219,96.52747344970703,97.18681335449219,80.43955993652344,80.35164642333984,80.43955993652344,-74.5934066772461,-74.5934066772461,-74.5934066772461,1.4774494171142578,1.8518518209457397,1.4774494171142578,0
1.7666666507720947,0.03333330154418945,2.373626470565796,2.0219781398773193,2.373626470565796,-102.4175796508789,-102.28571319580078,-102.4175796508789,97.18681335449219,96.52747344970703,97.18681335449219,80.43955993652344,80.35164642333984,80.43955993652344,-74.5934066772461,-74.5934066772461,-74.5934066772461,1.4774494171142578,1.8518518209457397,1.4774494171142578,0
1.7999999523162842,0.03333330154418945,2.373626470565796,2.0219781398773193,2.373626470565796,-102.4175796508789,-102.28571319580078,-102.4175796508789,97.18681335449219,96.52747344970703,97.18681335449219,80.43955993652344,80.35164642333984,80.43955993652344,-74.5934066772461,-74.5934066772461,-74.5934066772461,1.4774494171142578,1.8518518209457397,1.4774494171142578,0
1.8333333730697632,0.033333420753479004,2.373626470565796,2.0219781398773193,2.373626470565796,-102.4175796508789,-102.28571319580078,-102.4175796508789,97.18681335449219,96.52747344970703,97.18681335449219,80.35164642333984,80.35164642333984,80.35164642333984,-74.5934066772461,-74.5934066772461,-74.5934066772461,1.4774494171142578,1.8518518209457397,1.4774494171142578,0
1.8666666746139526,0.03333330154418945,2.2857143878936768,2.0219781398773193,2.2857143878936768,-102.4175796508789,-102.28571319580078,-102.4175796508789,97.18681335449219,96.52747344970703,97.18681335449219,80.26373291015625,80.35164642333984,80.26373291015625,-74.5934066772461,-74.5934066772461,-74.5934066772461,1.4774494171142578,1.8518518209457397,1.4774494171142578,0
1.899999976158142,0.03333330154418945,2.2857143878936768,2.0219781398773193,2.2857143878936768,-102.4175796508789,-102.28571319580078,-102.4175796508789,97.18681335449219,96.52747344970703,97.18681335449219,80.26373291015625,80.35164642333984,80.26373291015625,-74.4175796508789,-74.5934066772461,-74.4175796508789,1.4774494171142578,1.8518518209457397,1.4774494171142578,0
1.9333332777023315,0.03333330154418945,2.2857143878936768,2.0219781398773193,2.2857143878936768,-102.4175796508789,-102.28571319580078,-102.4175796508789,97.18681335449219,96.52747344970703,97.18681335449219,80.26373291015625,80.35164642333984,80.26373291015625,-74.4175796508789,-74.5934066772461,-74.4175796508789,1.4774494171142578,1.8518518209457397,1.4774494171142578,0
1.9666666984558105,0.033333420753479004,2.1978023052215576,2.0219781398773193,2.1978023052215576,-102.4175796508789,-102.28571319580078,-102.4175796508789,97.18681335449219,96.52747344970703,97.18681335449219,80.26373291015625,80.35164642333984,80.26373291015625,-74.4175796508789,-74.5934066772461,-74.4175796508789,1.4774494171142578,1.8518518209457397,1.4774494171142578,0
2.0,0.03333330154418945,2.2857143878936768,2.0219781398773193,2.2857143878936768,-102.4175796508789,-102.28571319580078,-102.4175796508789,97.18681335449219,96.52747344970703,97.18681335449219,80.26373291015625,80.35164642333984,80.26373291015625,-74.4175796508789,-74.5934066772461,-74.4175796508789,1.4774494171142578,1.8518518209457397,1.4774494171142578,0
2.0333333015441895,0.03333330154418945,2.2857143878936768,2.0219781398773193,2.2857143878936768,-102.4175796508789,-102.28571319580078,-102.4175796508789,97.0988998413086,96.52747344970703,97.0988998413086,80.26373291015625,80.35164642333984,80.26373291015625,-74.5054931640625,-74.5934066772461,-74.5054931640625,1.4774494171142578,1.8518518209457397,1.4774494171142578,0
2.066666603088379,0.03333330154418945,2.2857143878936768,2.0219781398773193,2.2857143878936768,-102.4175796508789,-102.28571319580078,-102.4175796508789,97.0988998413086,96.52747344970703,97.0988998413086,80.26373291015625,80.35164642333984,80.26373291015625,-74.5054931640625,-74.5934066772461,-74.5054931640625,1.4774494171142578,1.8518518209457397,1.4774494171142578,0
2.0999999046325684,0.03333330154418945,2.2857143878936768,2.0219781398773193,2.2857143878936768,-102.4175796508789,-102.28571319580078,-102.4175796508789,97.0988998413086,96.52747344970703,97.0988998413086,80.26373291015625,80.35164642333984,80.26373291015625,-74.5054931640625,-74.5934066772461,-74.5054931640625,1.4774494171142578,1.8518518209457397,1.4774494171142578,0
2.133333444595337,0.033333539962768555,2.373626470565796,2.0219781398773193,2.373626470565796,-102.4175796508789,-102.28571319580078,-102.4175796508789,97.0988998413086,96.52747344970703,97.0988998413086,80.26373291015625,80.35164642333984,80.26373291015625,-74.5054931640625,-74.5934066772461,-74.5054931640625,1.399688959121704,1.8518518209457397,1.399688959121704,0
2.1666667461395264,0.03333330154418945,2.373626470565796,2.0219781398773193,2.373626470565796,-102.4175796508789,-102.28571319580078,-102.4175796508789,97.0988998413086,96.52747344970703,97.0988998413086,80.35164642333984,80.35164642333984,80.35164642333984,-74.5054931640625,-74.5934066772461,-74.5054931640625,1.4774494171142578,1.8518518209457397,1.4774494171142578,0
2.200000047683716,0.03333330154418945,2.373626470565796,2.0219781398773193,2.373626470565796,-102.4175796508789,-102.28571319580078,-102.4175796508789,97.0988998413086,96.52747344970703,97.0988998413086,80.35164642333984,80.35164642333984,80.35164642333984,-74.5934066772461,-74.5934066772461,-74.5934066772461,1.4774494171142578,1.8518518209457397,1.4774494171142578,0
2.2333333492279053,0.03333330154418945,2.373626470565796,2.0219781398773193,2.373626470565796,-102.4175796508789,-102.28571319580078,-102.4175796508789,97.0988998413086,96.52747344970703,97.0988998413086,80.35164642333984,80.35164642333984,80.35164642333984,-74.5934066772461,-74.5934066772461,-74.5934066772461,1.4774494171142578,1.8518518209457397,1.4774494171142578,0
2.2666666507720947,0.03333330154418945,2.373626470565796,2.0219781398773193,2.373626470565796,-102.4175796508789,-102.28571319580078,-102.4175796508789,97.0988998413086,96.52747344970703,97.0988998413086,80.35164642333984,80.35164642333984,80.35164642333984,-74.5934066772461,-74.5934066772461,-74.5934066772461,1.4774494171142578,1.8518518209457397,1.4774494171142578,0
2.299999952316284,0.03333330154418945,2.373626470565796,2.0219781398773193,2.373626470565796,-102.4175796508789,-102.28571319580078,-102.4175796508789,97.0988998413086,96.52747344970703,97.0988998413086,80.35164642333984,80.35164642333984,80.35164642333984,-74.5934066772461,-74.5934066772461,-74.5934066772461,1.4774494171142578,1.8518518209457397,1.4774494171142578,0
2.3333332538604736,0.03333330154418945,2.373626470565796,2.0219781398773193,2.373626470565796,-102.4175796508789,-102.28571319580078,-102.4175796508789,97.0988998413086,96.52747344970703,97.0988998413086,80.35164642333984,80.35164642333984,80.35164642333984,-74.5934066772461,-74.5934066772461,-74.5934066772461,1.4774494171142578,1.8518518209457397,1.4774494171142578,0
2.366666555404663,0.03333330154418945,2.373626470565796,2.0219781398773193,2.373626470565796,-102.4175796508789,-102.28571319580078,-102.4175796508789,97.0988998413086,96.52747344970703,97.0988998413086,80.35164642333984,80.35164642333984,80.35164642333984,-74.5934066772461,-74.5934066772461,-74.5934066772461,1.4774494171142578,1.8518518209457397,1.4774494171142578,0
2.4000000953674316,0.033333539962768555,2.373626470565796,2.0219781398773193,2.373626470565796,-102.4175796508789,-102.28571319580078,-102.4175796508789,97.0988998413086,96.52747344970703,97.0988998413086,80.35164642333984,80.35164642333984,80.35164642333984,-74.5934066772461,-74.5934066772461,-74.5934066772461,1.4774494171142578,1.8518518209457397,1.4774494171142578,0
2.433333396911621,0.03333330154418945,2.373626470565796,2.0219781398773193,2.373626470565796,-102.4175796508789,-102.28571319580078,-102.4175796508789,97.0988998413086,96.52747344970703,97.0988998413086,80.26373291015625,80.35164642333984,80.26373291015625,-74.5934066772461,-74.5934066772461,-74.5934066772461,1.4774494171142578,1.8518518209457397,1.4774494171142578,0
2.4666666984558105,0.03333330154418945,2.373626470565796,2.0219781398773193,2.373626470565796,-102.4175796508789,-102.28571319580078,-102.4175796508789,96.83516693115234,96.52747344970703,96.83516693115234,80.26373291015625,80.35164642333984,80.26373291015625,-74.5934066772461,-74.5934066772461,-74.5934066772461,1.4774494171142578,1.8518518209457397,1.4774494171142578,0
2.5,0.03333330154418945,2.2857143878936768,2.0219781398773193,2.2857143878936768,-102.4175796508789,-102.28571319580078,-102.4175796508789,96.30769348144531,96.52747344970703,96.30769348144531,80.26373291015625,80.35164642333984,80.26373291015625,-74.5934066772461,-74.5934066772461,-74.5934066772461,1.4774494171142578,1.8518518209457397,1.4774494171142578,0
2.5333333015441895,0.03333330154418945,2.1098902225494385,2.0219781398773193,2.1098902225494385,-102.4175796508789,-102.28571319580078,-102.4175796508789,96.04395294189453,96.52747344970703,96.04395294189453,80.26373291015625,80.35164642333984,80.26373291015625,-74.5934066772461,-74.5934066772461,-74.5934066772461,1.4774494171142578,1.8518518209457397,1.4774494171142578,0
2.566666603088379,0.03333330154418945,2.0219781398773193,2.0219781398773193,2.0219781398773193,-102.4175796508789,-102.28571319580078,-102.4175796508789,95.95604705810547,96.43955993652344,95.95604705810547,80.17582702636719,80.35164642333984,80.17582702636719,-74.5934066772461,-74.5934066772461,-74.5934066772461,1.4774494171142578,1.8518518209457397,1.4774494171142578,0
2.5999999046325684,0.03333330154418945,2.1098902225494385,2.0219781398773193,2.1098902225494385,-102.4175796508789,-102.28571319580078,-102.4175796508789,95.69230651855469,96.43955993652344,95.69230651855469,80.17582702636719,80.35164642333984,80.17582702636719,-74.5934066772461,-74.5934066772461,-74.5934066772461,1.4774494171142578,1.8518518209457397,1.4774494171142578,0
2.633333444595337,0.033333539962768555,2.2857143878936768,2.0219781398773193,2.2857143878936768,-102.4175796508789,-102.28571319580078,-102.4175796508789,95.42857360839844,96.26373291015625,95.42857360839844,80.17582702636719,80.35164642333984,80.17582702636719,-74.5934066772461,-74.5934066772461,-74.5934066772461,1.4774494171142578,1.8518518209457397,1.4774494171142578,0
2.6666667461395264,0.03333330154418945,2.2857143878936768,2.0219781398773193,2.2857143878936768,-102.4175796508789,-102.28571319580078,-102.4175796508789,95.16483306884766,96.17582702636719,95.16483306884766,80.17582702636719,80.35164642333984,80.17582702636719,-74.5934066772461,-74.5934066772461,-74.5934066772461,1.4774494171142578,1.8518518209457397,1.4774494171142578,0
2.700000047683716,0.03333330154418945,2.373626470565796,2.0219781398773193,2.373626470565796,-102.4175796508789,-102.28571319580078,-102.4175796508789,94.54945373535156,95.9120864868164,94.54945373535156,80.43955993652344,80.35164642333984,80.43955993652344,-74.5934066772461,-74.5934066772461,-74.5934066772461,1.4774494171142578,1.8518518209457397,1.4774494171142578,0
2.7333333492279053,0.03333330154418945,2.373626470565796,2.0219781398773193,2.373626470565796,-102.4175796508789,-102.28571319580078,-102.4175796508789,94.46154022216797,95.64835357666016,94.46154022216797,80.43955993652344,80.35164642333984,80.43955993652344,-74.5934066772461,-74.5934066772461,-74.5934066772461,1.4774494171142578,1.8518518209457397,1.4774494171142578,0
2.7666666507720947,0.03333330154418945,2.373626470565796,2.0219781398773193,2.373626470565796,-102.4175796508789,-102.37362670898438,-102.4175796508789,94.46154022216797,95.38461303710938,94.46154022216797,80.43955993652344,80.35164642333984,80.43955993652344,-74.5934066772461,-74.5934066772461,-74.5934066772461,1.4774494171142578,1.8518518209457397,1.4774494171142578,0
2.799999952316284,0.03333330154418945,2.373626470565796,2.0219781398773193,2.373626470565796,-102.4175796508789,-102.37362670898438,-102.4175796508789,94.46154022216797,95.29669952392578,94.46154022216797,80.35164642333984,80.35164642333984,80.35164642333984,-74.5934066772461,-74.5934066772461,-74.5934066772461,1.4774494171142578,1.8518518209457397,1.4774494171142578,0
2.8333332538604736,0.03333330154418945,2.373626470565796,2.0219781398773193,2.373626470565796,-102.4175796508789,-102.37362670898438,-102.4175796508789,94.54945373535156,95.29669952392578,94.54945373535156,80.26373291015625,80.35164642333984,80.26373291015625,-74.5934066772461,-74.5934066772461,-74.5934066772461,1.4774494171142578,1.8518518209457397,1.4774494171142578,0
2.866666555404663,0.03333330154418945,2.373626470565796,2.0219781398773193,2.373626470565796,-102.4175796508789,-102.37362670898438,-102.4175796508789,94.63735961914062,95.29669952392578,94.63735961914062,80.26373291015625,80.35164642333984,80.26373291015625,-74.5934066772461,-74.5934066772461,-74.5934066772461,1.399688959121704,1.8518518209457397,1.399688959121704,0
2.9000000953674316,0.033333539962768555,2.373626470565796,2.0219781398773193,2.373626470565796,-102.4175796508789,-102.37362670898438,-102.4175796508789,94.63735961914062,95.29669952392578,94.63735961914062,80.26373291015625,80.35164642333984,80.26373291015625,-74.5934066772461,-74.5934066772461,-74.5934066772461,1.3219285011291504,1.8518518209457397,1.3219285011291504,0
2.933333396911621,0.03333330154418945,2.373626470565796,2.0219781398773193,2.373626470565796,-102.4175796508789,-102.37362670898438,-102.4175796508789,94.63735961914062,95.29669952392578,94.63735961914062,80.35164642333984,80.35164642333984,80.35164642333984,-74.5934066772461,-74.5934066772461,-74.5934066772461,1.3219285011291504,1.8518518209457397,1.3219285011291504,0
2.9666666984558105,0.03333330154418945,2.373626470565796,2.0219781398773193,2.373626470565796,-102.4175796508789,-102.37362670898438,-102.4175796508789,94.63735961914062,95.29669952392578,94.63735961914062,80.43955993652344,80.35164642333984,80.43955993652344,-74.5934066772461,-74.5934066772461,-74.5934066772461,1.3219285011291504,1.8518518209457397,1.3219285011291504,0
3.0,0.03333330154418945,2.373626470565796,2.0219781398773193,2.373626470565796,-102.4175796508789,-102.37362670898438,-102.4175796508789,94.63735961914062,95.29669952392578,94.63735961914062,80.52747344970703,80.35164642333984,80.52747344970703,-74.5934066772461,-74.5934066772461,-74.5934066772461,1.3219285011291504,1.8518518209457397,1.3219285011291504,0
3.0333333015441895,0.03333330154418945,2.373626470565796,2.0219781398773193,2.373626470565796,-102.4175796508789,-102.37362670898438,-102.4175796508789,94.54945373535156,95.29669952392578,94.54945373535156,80.61538696289062,80.35164642333984,80.61538696289062,-74.5934066772461,-74.5934066772461,-74.5934066772461,1.3219285011291504,1.8518518209457397,1.3219285011291504,0
3.066666603088379,0.03333330154418945,2.1098902225494385,2.0219781398773193,2.1098902225494385,-102.4175796508789,-102.37362670898438,-102.4175796508789,94.19779968261719,95.29669952392578,94.19779968261719,81.4945068359375,80.35164642333984,81.4945068359375,-74.5934066772461,-74.5934066772461,-74.5934066772461,1.2441679239273071,1.8518518209457397,1.2441679239273071,0
3.0999999046325684,0.03333330154418945,1.9340659379959106,2.0219781398773193,1.9340659379959106,-102.4175796508789,-102.37362670898438,-102.4175796508789,93.84615325927734,95.29669952392578,93.84615325927734,82.19779968261719,80.35164642333984,82.19779968261719,-74.5934066772461,-74.5934066772461,-74.5934066772461,1.1664074659347534,1.8518518209457397,1.1664074659347534,0
3.133333444595337,0.033333539962768555,1.8461538553237915,2.0219781398773193,1.8461538553237915,-102.4175796508789,-102.37362670898438,-102.4175796508789,93.67032623291016,95.29669952392578,93.67032623291016,82.02198028564453,80.87911987304688,82.02198028564453,-74.5054931640625,-74.5934066772461,-74.5054931640625,1.1664074659347534,1.8518518209457397,1.1664074659347534,0
3.1666667461395264,0.03333330154418945,1.8461538553237915,2.0219781398773193,1.8461538553237915,-102.4175796508789,-102.37362670898438,-102.4175796508789,93.4945068359375,95.12088012695312,93.4945068359375,81.93406677246094,81.4945068359375,81.93406677246094,-74.32967376708984,-74.5934066772461,-74.32967376708984,1.1664074659347534,1.8518518209457397,1.1664074659347534,0
3.200000047683716,0.03333330154418945,1.8461538553237915,2.0219781398773193,1.8461538553237915,-102.32967376708984,-102.37362670898438,-102.32967376708984,93.4945068359375,95.12088012695312,93.4945068359375,81.84615325927734,81.4945068359375,81.84615325927734,-74.24176025390625,-74.5934066772461,-74.24176025390625,1.1664074659347534,1.8518518209457397,1.1664074659347534,0
3.2333333492279053,0.03333330154418945,1.8461538553237915,2.0219781398773193,1.8461538553237915,-101.97801971435547,-102.37362670898438,-101.97801971435547,93.4065933227539,95.12088012695312,93.4065933227539,81.67032623291016,81.4945068359375,81.67032623291016,-74.24176025390625,-74.5054931640625,-74.24176025390625,1.1664074659347534,1.8518518209457397,1.1664074659347534,0
3.2666666507720947,0.03333330154418945,1.9340659379959106,2.0219781398773193,1.9340659379959106,-101.89010620117188,-102.37362670898438,-101.89010620117188,91.64835357666016,95.12088012695312,91.64835357666016,81.5824203491211,81.4945068359375,81.5824203491211,-74.15384674072266,-74.5054931640625,-74.15384674072266,1.1664074659347534,1.8518518209457397,1.1664074659347534,0
3.299999952316284,0.03333330154418945,2.1098902225494385,2.0219781398773193,2.1098902225494385,-101.45054626464844,-102.37362670898438,-101.45054626464844,88.65933990478516,95.12088012695312,88.65933990478516,82.19779968261719,81.4945068359375,82.19779968261719,-74.06593322753906,-74.5054931640625,-74.06593322753906,1.1664074659347534,1.8518518209457397,1.1664074659347534,0
3.3333332538604736,0.03333330154418945,2.2857143878936768,2.0219781398773193,2.2857143878936768,-100.65933990478516,-102.37362670898438,-100.65933990478516,86.19779968261719,94.5934066772461,86.19779968261719,84.04395294189453,81.5824203491211,84.04395294189453,-73.97801971435547,-74.5054931640625,-73.97801971435547,1.1664074659347534,1.8518518209457397,1.1664074659347534,0
3.366666555404663,0.03333330154418945,2.2857143878936768,2.1098902225494385,2.2857143878936768,-99.42857360839844,-101.67032623291016,-99.42857360839844,83.73626708984375,93.18681335449219,83.73626708984375,86.06593322753906,81.93406677246094,86.06593322753906,-73.62637329101562,-74.5054931640625,-73.62637329101562,1.1664074659347534,1.8518518209457397,1.1664074659347534,0
3.4000000953674316,0.033333539962768555,2.2857143878936768,2.1098902225494385,2.2857143878936768,-97.84615325927734,-101.75823974609375,-97.84615325927734,81.36264038085938,91.07691955566406,81.36264038085938,87.29669952392578,82.72527313232422,87.29669952392578,-72.30769348144531,-74.5054931640625,-72.30769348144531,1.1664074659347534,1.8518518209457397,1.1664074659347534,0
3.433333396911621,0.03333330154418945,2.461538553237915,2.1098902225494385,2.461538553237915,-95.82417297363281,-100.96703338623047,-95.82417297363281,78.72527313232422,88.79120635986328,78.72527313232422,86.94505310058594,84.30769348144531,86.94505310058594,-70.54945373535156,-74.4175796508789,-70.54945373535156,1.0886470079421997,1.8518518209457397,1.0886470079421997,0
3.4666666984558105,0.03333330154418945,2.8131868839263916,2.1098902225494385,2.8131868839263916,-93.27472686767578,-99.64835357666016,-93.27472686767578,75.20879364013672,86.5934066772461,75.20879364013672,86.15384674072266,85.45054626464844,86.15384674072266,-67.73626708984375,-73.53845977783203,-67.73626708984375,1.0886470079421997,1.8518518209457397,1.0886470079421997,0
3.5,0.03333330154418945,4.307692527770996,2.1098902225494385,4.307692527770996,-90.02198028564453,-98.32967376708984,-90.02198028564453,71.07691955566406,84.30769348144531,71.07691955566406,85.45054626464844,85.89010620117188,85.45054626464844,-63.868133544921875,-72.21977996826172,-63.868133544921875,1.0886470079421997,1.8518518209457397,1.0886470079421997,0
3.5333333015441895,0.03333330154418945,6.769230842590332,2.1098902225494385,6.769230842590332,-85.97801971435547,-96.48351287841797,-85.97801971435547,66.5934066772461,81.75823974609375,66.5934066772461,84.57142639160156,85.89010620117188,84.57142639160156,-59.120880126953125,-70.46154022216797,-59.120880126953125,1.0886470079421997,1.8518518209457397,1.0886470079421997,0
3.566666603088379,0.03333330154418945,9.230769157409668,2.9010989665985107,9.230769157409668,-81.05494689941406,-94.10989379882812,-81.05494689941406,61.93406677246094,78.5934066772461,61.93406677246094,83.86813354492188,85.89010620117188,83.86813354492188,-54.5494499206543,-68.0879135131836,-54.5494499206543,1.0886470079421997,1.8518518209457397,1.0886470079421997,0
3.5999999046325684,0.03333330154418945,11.868131637573242,4.483516693115234,11.868131637573242,-75.42857360839844,-91.38461303710938,-75.42857360839844,57.27472686767578,75.16483306884766,57.27472686767578,83.25274658203125,85.45054626464844,83.25274658203125,-49.89011001586914,-65.18681335449219,-49.89011001586914,1.0886470079421997,1.8518518209457397,1.0886470079421997,0
3.633333444595337,0.033333539962768555,14.769230842590332,6.4175825119018555,14.769230842590332,-69.27472686767578,-88.04395294189453,-69.27472686767578,51.912086486816406,71.29669952392578,51.912086486816406,82.9011001586914,84.83516693115234,82.9011001586914,-45.406593322753906,-61.58241653442383,-45.406593322753906,1.0886470079421997,1.8518518209457397,1.0886470079421997,0
3.6666667461395264,0.03333330154418945,18.549449920654297,8.527472496032715,18.549449920654297,-62.593406677246094,-84.0879135131836,-62.593406677246094,46.28571319580078,67.16483306884766,46.28571319580078,82.72527313232422,84.3956069946289,82.72527313232422,-40.30769348144531,-57.53845977783203,-40.30769348144531,1.0886470079421997,1.8518518209457397,1.0886470079421997,0
3.700000047683716,0.03333330154418945,22.505495071411133,10.90109920501709,22.505495071411133,-56.17582321166992,-79.6043930053711,-56.17582321166992,40.83516311645508,62.68132019042969,40.83516311645508,82.72527313232422,83.95604705810547,82.72527313232422,-35.120880126953125,-53.4945068359375,-35.120880126953125,1.0886470079421997,1.8518518209457397,1.0886470079421997,0
3.7333333492279053,0.03333330154418945,26.813186645507812,13.626373291015625,26.813186645507812,-49.67033004760742,-74.68132019042969,-49.67033004760742,35.120880126953125,58.10988998413086,35.120880126953125,82.72527313232422,83.78022003173828,82.72527313232422,-29.670330047607422,-49.098899841308594,-29.670330047607422,1.0886470079421997,1.8518518209457397,1.0886470079421997,0
3.7666666507720947,0.03333330154418945,30.94505500793457,16.791208267211914,30.94505500793457,-43.78022003173828,-69.23076629638672,-43.78022003173828,29.758241653442383,53.098899841308594,29.758241653442383,82.63735961914062,83.6043930053711,82.63735961914062,-24.30769157409668,-44.61538314819336,-24.30769157409668,1.3219285011291504,1.8518518209457397,1.3219285011291504,0
3.799999952316284,0.03333330154418945,35.25274658203125,20.21977996826172,35.25274658203125,-37.71428680419922,-63.25274658203125,-37.71428680419922,24.395605087280273,48.0,24.395605087280273,82.37362670898438,83.42857360839844,82.37362670898438,-18.769229888916016,-39.69230651855469,-18.769229888916016,1.4774494171142578,1.8518518209457397,1.4774494171142578,0
3.8333332538604736,0.03333330154418945,39.120880126953125,23.91208839416504,39.120880126953125,-32.61538314819336,-57.27472686767578,-32.61538314819336,19.560440063476562,42.72527313232422,19.560440063476562,82.63735961914062,83.42857360839844,82.63735961914062,-13.494505882263184,-34.85714340209961,-13.494505882263184,1.4774494171142578,1.8518518209457397,1.4774494171142578,0
3.866666555404663,0.03333330154418945,42.901100158691406,27.78022003173828,42.901100158691406,-27.25274658203125,-51.20878982543945,-27.25274658203125,15.516483306884766,37.36263656616211,15.516483306884766,83.16483306884766,83.34066009521484,83.16483306884766,-8.307692527770996,-29.670330047607422,-8.307692527770996,1.4774494171142578,1.8518518209457397,1.4774494171142578,0
3.9000000953674316,0.033333539962768555,46.32966995239258,31.824174880981445,46.32966995239258,-22.593406677246094,-45.14285659790039,-22.593406677246094,12.439560890197754,32.087913513183594,12.439560890197754,83.78022003173828,83.34066009521484,83.78022003173828,-3.7362637519836426,-24.483516693115234,-3.7362637519836426,1.555209994316101,1.8518518209457397,1.555209994316101,0
3.933333396911621,0.03333330154418945,50.021976470947266,35.60439682006836,50.021976470947266,-18.72527503967285,-39.340660095214844,-18.72527503967285,9.714285850524902,27.076923370361328,9.714285850524902,84.30769348144531,83.34066009521484,84.30769348144531,0.3956044018268585,-19.208791732788086,0.3956044018268585,2.021772861480713,1.8518518209457397,2.021772861480713,0
3.9666666984558105,0.03333330154418945,53.098899841308594,39.47252655029297,53.098899841308594,-15.648351669311523,-33.53845977783203,-15.648351669311523,7.07692289352417,22.41758155822754,7.07692289352417,84.92308044433594,83.42857360839844,84.92308044433594,3.8241758346557617,-14.197802543640137,3.8241758346557617,2.799377918243408,1.8518518209457397,2.799377918243408,0
4.0,0.03333330154418945,55.82417678833008,43.25274658203125,55.82417678833008,-13.274724960327148,-28.08791160583496,-13.274724960327148,4.703296661376953,18.285715103149414,4.703296661376953,85.18681335449219,83.95604705810547,85.18681335449219,6.637362480163574,-8.923076629638672,6.637362480163574,3.8102643489837646,1.9179893732070923,3.8102643489837646,0
4.0333333015441895,0.03333330154418945,57.93406677246094,46.769229888916016,57.93406677246094,-11.252747535705566,-23.16483497619629,-11.252747535705566,2.241758346557617,14.681318283081055,2.241758346557617,85.010986328125,84.30769348144531,85.010986328125,8.659340858459473,-4.439560413360596,8.659340858459473,4.7433905601501465,2.314814805984497,4.7433905601501465,0
4.066666603088379,0.03333330154418945,59.60439682006836,50.19780349731445,59.60439682006836,-9.494505882263184,-18.94505500793457,-9.494505882263184,-0.04395604506134987,11.604395866394043,-0.04395604506134987,84.74725341796875,84.57142639160156,84.74725341796875,9.714285850524902,-0.21978022158145905,9.714285850524902,5.754276752471924,2.9761905670166016,5.754276752471924,0
4.099999904632568,0.03333330154418945,60.74725341796875,53.36263656616211,60.74725341796875,-7.824175834655762,-15.516483306884766,-7.824175834655762,-1.802197813987732,8.879120826721191,-1.802197813987732,84.21977996826172,84.57142639160156,84.21977996826172,9.626373291015625,3.0329670906066895,9.626373291015625,6.609642505645752,3.4391534328460693,6.609642505645752,0
4.133333206176758,0.03333330154418945,61.4505500793457,56.0,61.4505500793457,-6.241758346557617,-12.615385055541992,-6.241758346557617,-3.1208791732788086,6.153846263885498,-3.1208791732788086,83.51648712158203,84.57142639160156,83.51648712158203,9.538461685180664,5.5824174880981445,9.538461685180664,7.3094868659973145,4.497354507446289,7.3094868659973145,0
4.166666507720947,0.03333330154418945,61.80219650268555,58.021976470947266,61.80219650268555,-5.010989189147949,-10.417582511901855,-5.010989189147949,-3.7362637519836426,3.8681318759918213,-3.7362637519836426,82.37362670898438,84.57142639160156,82.37362670898438,9.538461685180664,6.901098728179932,9.538461685180664,7.8538103103637695,5.224867820739746,7.8538103103637695,0
4.199999809265137,0.03333330154418945,61.80219650268555,59.340660095214844,61.80219650268555,-4.307692527770996,-8.395604133605957,-4.307692527770996,-3.7362637519836426,1.8461538553237915,-3.7362637519836426,81.23076629638672,84.21977996826172,81.23076629638672,9.362637519836426,7.692307472229004,9.362637519836426,8.32037353515625,6.018518447875977,8.32037353515625,0
4.233333110809326,0.03333330154418945,61.71428680419922,60.131866455078125,61.71428680419922,-3.692307710647583,-6.637362480163574,-3.692307710647583,-3.7362637519836426,0.35164836049079895,-3.7362637519836426,80.52747344970703,83.42857360839844,80.52747344970703,8.04395580291748,8.219779968261719,8.04395580291748,8.786935806274414,6.746031761169434,8.786935806274414,0
4.266666889190674,0.033333778381347656,61.53845977783203,60.659339904785156,61.53845977783203,-3.4285714626312256,-5.318681240081787,-3.4285714626312256,-3.7362637519836426,-0.2637362778186798,-3.7362637519836426,80.43955993652344,82.46154022216797,80.43955993652344,5.670329570770264,8.483516693115234,5.670329570770264,9.331259727478027,7.275132179260254,9.331259727478027,0
4.300000190734863,0.03333330154418945,60.83516311645508,60.92307662963867,60.83516311645508,-3.4285714626312256,-4.263736248016357,-3.4285714626312256,-3.296703338623047,-0.7032967209815979,-3.296703338623047,80.52747344970703,81.75823974609375,80.52747344970703,2.3296704292297363,8.219779968261719,2.3296704292297363,9.797822952270508,7.804232597351074,9.797822952270508,0
4.333333492279053,0.03333330154418945,59.9560432434082,61.010990142822266,59.9560432434082,-3.5164835453033447,-3.6483516693115234,-3.5164835453033447,-2.065934181213379,-0.9670329689979553,-2.065934181213379,80.52747344970703,81.4945068359375,80.52747344970703,-1.6263736486434937,7.07692289352417,-1.6263736486434937,10.186625480651855,8.465608596801758,10.186625480651855,0
4.366666793823242,0.03333330154418945,59.60439682006836,60.92307662963867,59.60439682006836,-3.604395627975464,-3.6483516693115234,-3.604395627975464,-0.5714285969734192,-0.9670329689979553,-0.5714285969734192,80.61538696289062,81.31867980957031,80.61538696289062,-5.846153736114502,5.406593322753906,-5.846153736114502,10.264385223388672,8.928571701049805,10.264385223388672,0
4.400000095367432,0.03333330154418945,59.25274658203125,60.57143020629883,59.25274658203125,-3.692307710647583,-3.6483516693115234,-3.692307710647583,0.8351648449897766,-0.9670329689979553,0.8351648449897766,81.4065933227539,81.31867980957031,81.4065933227539,-10.417582511901855,2.9450550079345703,-10.417582511901855,10.186625480651855,9.457672119140625,10.186625480651855,0
4.433333396911621,0.03333330154418945,59.07692337036133,60.21977996826172,59.07692337036133,-3.692307710647583,-3.6483516693115234,-3.692307710647583,1.890109896659851,-0.35164836049079895,1.890109896659851,82.81318664550781,81.31867980957031,82.81318664550781,-14.98901081085205,-0.21978022158145905,-14.98901081085205,10.342145919799805,9.656085014343262,10.342145919799805,0
4.4666666984558105,0.03333330154418945,58.81318664550781,59.60439682006836,58.81318664550781,-3.692307710647583,-3.384615421295166,-3.692307710647583,3.2087912559509277,0.6153846383094788,3.2087912559509277,84.13186645507812,81.4945068359375,84.13186645507812,-18.505495071411133,-3.8241758346557617,-18.505495071411133,10.342145919799805,9.788359642028809,10.342145919799805,0
4.5,0.03333330154418945,58.46154022216797,59.340660095214844,58.46154022216797,-3.692307710647583,-3.296703338623047,-3.692307710647583,4.527472496032715,1.6703296899795532,4.527472496032715,85.010986328125,82.19779968261719,85.010986328125,-20.96703338623047,-7.516483306884766,-20.96703338623047,10.342145919799805,9.986772537231445,10.342145919799805,0
4.5333333015441895,0.03333330154418945,58.19780349731445,59.16483688354492,58.19780349731445,-3.692307710647583,-3.296703338623047,-3.692307710647583,5.934065818786621,2.7252748012542725,5.934065818786621,85.53845977783203,83.16483306884766,85.53845977783203,-22.19780158996582,-11.736263275146484,-22.19780158996582,10.342145919799805,9.986772537231445,10.342145919799805,0
4.566666603088379,0.03333330154418945,58.021976470947266,59.16483688354492,58.021976470947266,-3.692307710647583,-3.384615421295166,-3.692307710647583,7.340659141540527,3.8681318759918213,7.340659141540527,85.71428680419922,83.86813354492188,85.71428680419922,-22.813186645507812,-15.340659141540527,-22.813186645507812,10.342145919799805,10.119047164916992,10.342145919799805,0
4.599999904632568,0.03333330154418945,57.93406677246094,58.989009857177734,57.93406677246094,-3.692307710647583,-3.384615421295166,-3.692307710647583,9.01098918914795,5.1868133544921875,9.01098918914795,85.62637329101562,84.57142639160156,85.62637329101562,-22.989011764526367,-18.065933227539062,-22.989011764526367,10.342145919799805,10.119047164916992,10.342145919799805,0
4.633333206176758,0.03333330154418945,57.846153259277344,58.63736343383789,57.846153259277344,-3.692307710647583,-3.384615421295166,-3.692307710647583,10.593406677246094,6.593406677246094,10.593406677246094,85.53845977783203,84.92308044433594,85.53845977783203,-22.989011764526367,-19.824174880981445,-22.989011764526367,10.342145919799805,10.119047164916992,10.342145919799805,0
4.666666507720947,0.03333330154418945,57.406593322753906,58.28571319580078,57.406593322753906,-3.692307710647583,-3.384615421295166,-3.692307710647583,11.912087440490723,8.087912559509277,11.912087440490723,85.45054626464844,85.0988998413086,85.45054626464844,-23.076923370361328,-20.879121780395508,-23.076923370361328,10.342145919799805,10.119047164916992,10.342145919799805,0
4.699999809265137,0.03333330154418945,56.61538314819336,58.021976470947266,56.61538314819336,-3.604395627975464,-3.384615421295166,-3.604395627975464,13.142857551574707,9.494505882263184,13.142857551574707,85.45054626464844,85.18681335449219,85.45054626464844,-23.604394912719727,-21.58241844177246,-23.604394912719727,10.342145919799805,10.119047164916992,10.342145919799805,0
4.733333110809326,0.03333330154418945,55.912086486816406,57.846153259277344,55.912086486816406,-3.604395627975464,-3.384615421295166,-3.604395627975464,14.285714149475098,10.98901081085205,14.285714149475098,85.36264038085938,85.18681335449219,85.36264038085938,-24.395605087280273,-22.10988998413086,-24.395605087280273,10.342145919799805,10.119047164916992,10.342145919799805,0
4.766666889190674,0.033333778381347656,55.20878982543945,57.67033004760742,55.20878982543945,-3.604395627975464,-3.384615421295166,-3.604395627975464,15.604395866394043,12.307692527770996,15.604395866394043,84.3956069946289,85.18681335449219,84.3956069946289,-25.098901748657227,-22.72527503967285,-25.098901748657227,10.342145919799805,10.119047164916992,10.342145919799805,0
4.800000190734863,0.03333330154418945,54.5054931640625,57.05494689941406,54.5054931640625,-3.604395627975464,-3.384615421295166,-3.604395627975464,16.923076629638672,13.538461685180664,16.923076629638672,82.72527313232422,85.18681335449219,82.72527313232422,-25.538461685180664,-23.428571701049805,-25.538461685180664,10.342145919799805,10.119047164916992,10.342145919799805,0
4.833333492279053,0.03333330154418945,53.4505500793457,56.17582321166992,53.4505500793457,-3.604395627975464,-3.384615421295166,-3.604395627975464,18.153846740722656,14.681318283081055,18.153846740722656,81.05494689941406,84.74725341796875,81.05494689941406,-26.065933227539062,-24.043956756591797,-26.065933227539062,10.342145919799805,10.119047164916992,10.342145919799805,0
4.866666793823242,0.03333330154418945,52.483516693115234,55.29670333862305,52.483516693115234,-3.604395627975464,-3.384615421295166,-3.604395627975464,19.47252655029297,16.08791160583496,19.47252655029297,79.64835357666016,83.86813354492188,79.64835357666016,-26.769229888916016,-24.571428298950195,-26.769229888916016,10.342145919799805,10.119047164916992,10.342145919799805,0
4.900000095367432,0.03333330154418945,51.69230651855469,54.593406677246094,51.69230651855469,-3.604395627975464,-3.384615421295166,-3.604395627975464,20.791208267211914,17.318681716918945,20.791208267211914,78.15384674072266,82.54945373535156,78.15384674072266,-28.175825119018555,-25.186813354492188,-28.175825119018555,10.342145919799805,10.119047164916992,10.342145919799805,0
4.933333396911621,0.03333330154418945,50.989009857177734,53.978023529052734,50.989009857177734,-3.604395627975464,-3.384615421295166,-3.604395627975464,21.758241653442383,18.63736343383789,21.758241653442383,76.65933990478516,81.31867980957031,76.65933990478516,-29.494504928588867,-26.065933227539062,-29.494504928588867,10.342145919799805,10.119047164916992,10.342145919799805,0
4.9666666984558105,0.03333330154418945,50.5494499206543,53.098899841308594,50.5494499206543,-3.604395627975464,-3.384615421295166,-3.604395627975464,22.373626708984375,19.956043243408203,22.373626708984375,75.6043930053711,79.9120864868164,75.6043930053711,-30.19780158996582,-26.94505500793457,-30.19780158996582,10.342145919799805,10.119047164916992,10.342145919799805,0
5.0,0.03333330154418945,49.93406677246094,52.0439567565918,49.93406677246094,-3.604395627975464,-3.384615421295166,-3.604395627975464,22.72527503967285,21.010988235473633,22.72527503967285,75.42857360839844,78.5054931640625,75.42857360839844,-30.63736343383789,-28.0,-30.63736343383789,10.342145919799805,10.119047164916992,10.342145919799805,0
5.0333333015441895,0.03333330154418945,49.406593322753906,51.340660095214844,49.406593322753906,-3.604395627975464,-3.384615421295166,-3.604395627975464,22.72527503967285,21.9780216217041,22.72527503967285,75.42857360839844,77.36264038085938,75.42857360839844,-30.813186645507812,-29.05494499206543,-30.813186645507812,10.342145919799805,10.119047164916992,10.342145919799805,0
5.066666603088379,0.03333330154418945,48.879119873046875,50.72527313232422,48.879119873046875,-3.604395627975464,-3.384615421295166,-3.604395627975464,22.72527503967285,22.505495071411133,22.72527503967285,75.25274658203125,76.74725341796875,75.25274658203125,-30.989011764526367,-29.494504928588867,-30.989011764526367,10.342145919799805,10.119047164916992,10.342145919799805,0
5.099999904632568,0.03333330154418945,48.52747344970703,50.373626708984375,48.52747344970703,-3.604395627975464,-3.384615421295166,-3.604395627975464,22.72527503967285,22.593406677246094,22.72527503967285,75.07691955566406,76.3956069946289,75.07691955566406,-30.989011764526367,-30.10988998413086,-30.989011764526367,10.342145919799805,10.119047164916992,10.342145919799805,0
5.133333206176758,0.03333330154418945,48.263736724853516,50.021976470947266,48.263736724853516,-3.604395627975464,-3.384615421295166,-3.604395627975464,22.63736343383789,22.593406677246094,22.63736343383789,74.989013671875,75.95604705810547,74.989013671875,-30.989011764526367,-30.373626708984375,-30.989011764526367,10.419906616210938,10.119047164916992,10.419906616210938,0
5.166666507720947,0.03333330154418945,48.0,49.406593322753906,48.0,-3.604395627975464,-3.384615421295166,-3.604395627975464,22.72527503967285,22.593406677246094,22.72527503967285,74.989013671875,75.69230651855469,74.989013671875,-30.989011764526367,-30.549449920654297,-30.989011764526367,10.419906616210938,10.119047164916992,10.419906616210938,0
5.199999809265137,0.03333330154418945,48.0,48.70329666137695,48.0,-3.604395627975464,-3.384615421295166,-3.604395627975464,22.989011764526367,22.593406677246094,22.989011764526367,74.989013671875,75.51648712158203,74.989013671875,-30.989011764526367,-30.63736343383789,-30.989011764526367,10.49766731262207,10.119047164916992,10.49766731262207,0
5.233333110809326,0.03333330154418945,47.912086486816406,48.43955993652344,47.912086486816406,-3.604395627975464,-3.384615421295166,-3.604395627975464,23.25274658203125,22.593406677246094,23.25274658203125,74.989013671875,75.42857360839844,74.989013671875,-30.989011764526367,-30.461538314819336,-30.989011764526367,11.275272369384766,10.119047164916992,11.275272369384766,0
5.266666889190674,0.033333778381347656,47.912086486816406,48.43955993652344,47.912086486816406,-3.604395627975464,-3.384615421295166,-3.604395627975464,23.956043243408203,22.94505500793457,23.956043243408203,74.9011001586914,75.42857360839844,74.9011001586914,-30.989011764526367,-30.72527503967285,-30.989011764526367,12.908242225646973,10.119047164916992,12.908242225646973,0
5.300000190734863,0.03333330154418945,47.912086486816406,48.43955993652344,47.912086486816406,-3.604395627975464,-3.384615421295166,-3.604395627975464,24.659339904785156,23.384614944458008,24.659339904785156,74.46154022216797,75.42857360839844,74.46154022216797,-30.989011764526367,-30.72527503967285,-30.989011764526367,15.241057395935059,10.582010269165039,15.241057395935059,0
5.333333492279053,0.03333330154418945,48.0,48.43955993652344,48.0,-3.604395627975464,-3.384615421295166,-3.604395627975464,25.450550079345703,23.91208839416504,25.450550079345703,74.02198028564453,75.25274658203125,74.02198028564453,-30.989011764526367,-30.72527503967285,-30.989011764526367,18.040435791015625,11.507936477661133,18.040435791015625,0
5.366666793823242,0.03333330154418945,48.087913513183594,48.43955993652344,48.087913513183594,-3.604395627975464,-3.384615421295166,-3.604395627975464,26.241758346557617,24.52747344970703,26.241758346557617,73.93406677246094,75.07691955566406,73.93406677246094,-30.989011764526367,-30.72527503967285,-30.989011764526367,20.762052536010742,12.896825790405273,20.762052536010742,0
5.400000095367432,0.03333330154418945,48.087913513183594,48.35165023803711,48.087913513183594,-3.604395627975464,-3.384615421295166,-3.604395627975464,26.85714340209961,25.230770111083984,26.85714340209961,73.93406677246094,74.46154022216797,73.93406677246094,-30.989011764526367,-30.72527503967285,-30.989011764526367,22.939346313476562,14.814814567565918,22.939346313476562,0
5.433333396911621,0.03333330154418945,48.087913513183594,48.263736724853516,48.087913513183594,-3.604395627975464,-3.384615421295166,-3.604395627975464,27.824174880981445,26.10988998413086,27.824174880981445,73.75823974609375,74.37362670898438,73.75823974609375,-30.989011764526367,-30.72527503967285,-30.989011764526367,24.883359909057617,16.99735450744629,24.883359909057617,0
5.4666666984558105,0.03333330154418945,48.087913513183594,48.263736724853516,48.087913513183594,-3.604395627975464,-3.384615421295166,-3.604395627975464,28.52747344970703,26.813186645507812,28.52747344970703,73.67032623291016,74.54945373535156,73.67032623291016,-30.989011764526367,-30.72527503967285,-30.989011764526367,26.20528793334961,19.246030807495117,26.20528793334961,0
5.5,0.03333330154418945,48.087913513183594,48.263736724853516,48.087913513183594,-3.604395627975464,-3.384615421295166,-3.604395627975464,29.230770111083984,27.516483306884766,29.230770111083984,73.5824203491211,73.93406677246094,73.5824203491211,-30.901098251342773,-30.813186645507812,-30.901098251342773,26.982892990112305,21.428571701049805,26.982892990112305,0
5.5333333015441895,0.03333330154418945,48.0,48.35165023803711,48.0,-3.604395627975464,-3.384615421295166,-3.604395627975464,30.10988998413086,28.30769157409668,30.10988998413086,72.79120635986328,74.02198028564453,72.79120635986328,-30.901098251342773,-30.813186645507812,-30.901098251342773,27.13841438293457,23.280424118041992,27.13841438293457,0
5.566666603088379,0.03333330154418945,47.82417678833008,48.35165023803711,47.82417678833008,-3.604395627975464,-3.384615421295166,-3.604395627975464,31.25274658203125,29.010988235473633,31.25274658203125,71.38461303710938,74.19779968261719,71.38461303710938,-30.813186645507812,-30.72527503967285,-30.813186645507812,27.060653686523438,24.6693115234375,27.060653686523438,0
5.599999904632568,0.03333330154418945,47.47252655029297,48.35165023803711,47.47252655029297,-3.604395627975464,-3.384615421295166,-3.604395627975464,32.483516693115234,29.80219841003418,32.483516693115234,69.89010620117188,73.5824203491211,69.89010620117188,-30.813186645507812,-30.72527503967285,-30.813186645507812,27.060653686523438,25.462963104248047,27.060653686523438,0
5.633333206176758,0.03333330154418945,46.68132019042969,48.35165023803711,46.68132019042969,-3.604395627975464,-3.384615421295166,-3.604395627975464,33.53845977783203,30.769229888916016,33.53845977783203,68.57142639160156,72.61538696289062,68.57142639160156,-30.813186645507812,-30.72527503967285,-30.813186645507812,27.216175079345703,25.992063522338867,27.216175079345703,0
5.666666507720947,0.03333330154418945,45.978023529052734,48.17582321166992,45.978023529052734,-3.604395627975464,-3.384615421295166,-3.604395627975464,34.41758346557617,31.91208839416504,34.41758346557617,67.42857360839844,71.38461303710938,67.42857360839844,-30.813186645507812,-30.72527503967285,-30.813186645507812,27.216175079345703,26.256614685058594,27.216175079345703,0
5.699999809265137,0.03333330154418945,45.4505500793457,47.56044006347656,45.4505500793457,-3.5164835453033447,-3.384615421295166,-3.5164835453033447,35.20878982543945,32.879119873046875,35.20878982543945,66.46154022216797,70.24176025390625,66.46154022216797,-30.813186645507812,-30.72527503967285,-30.813186645507812,27.216175079345703,26.521163940429688,27.216175079345703,0
5.733333110809326,0.03333330154418945,45.010990142822266,46.85714340209961,45.010990142822266,-3.5164835453033447,-3.384615421295166,-3.5164835453033447,35.912086486816406,33.846153259277344,35.912086486816406,65.5824203491211,69.0988998413086,65.5824203491211,-30.901098251342773,-30.72527503967285,-30.901098251342773,27.293933868408203,26.719575881958008,27.293933868408203,0
5.766666889190674,0.033333778381347656,44.57143020629883,45.978023529052734,44.57143020629883,-3.5164835453033447,-3.384615421295166,-3.5164835453033447,36.79121017456055,34.72527313232422,36.79121017456055,64.79120635986328,67.78022003173828,64.79120635986328,-30.989011764526367,-30.72527503967285,-30.989011764526367,27.371694564819336,26.851852416992188,27.371694564819336,0
5.800000190734863,0.03333330154418945,44.30769348144531,45.53845977783203,44.30769348144531,-3.5164835453033447,-3.384615421295166,-3.5164835453033447,37.4945068359375,35.516483306884766,37.4945068359375,63.912086486816406,67.07691955566406,63.912086486816406,-30.989011764526367,-30.72527503967285,-30.989011764526367,27.371694564819336,26.91798973083496,27.371694564819336,0
5.833333492279053,0.03333330154418945,44.21977996826172,45.27472686767578,44.21977996826172,-3.4285714626312256,-3.384615421295166,-3.4285714626312256,38.19780349731445,36.39560317993164,38.19780349731445,62.68132019042969,66.19779968261719,62.68132019042969,-30.989011764526367,-30.72527503967285,-30.989011764526367,27.293933868408203,26.91798973083496,27.293933868408203,0
5.866666793823242,0.03333330154418945,44.21977996826172,45.18681335449219,44.21977996826172,-3.4285714626312256,-3.384615421295166,-3.4285714626312256,38.989009857177734,37.18681335449219,38.989009857177734,61.71428680419922,65.23076629638672,61.71428680419922,-30.989011764526367,-30.72527503967285,-30.989011764526367,27.13841438293457,26.91798973083496,27.13841438293457,0
5.900000095367432,0.03333330154418945,44.39560317993164,44.83516311645508,44.39560317993164,-3.4285714626312256,-3.296703338623047,-3.4285714626312256,39.516483306884766,37.978023529052734,39.516483306884766,61.18681335449219,64.17582702636719,61.18681335449219,-30.989011764526367,-30.72527503967285,-30.989011764526367,27.13841438293457,26.91798973083496,27.13841438293457,0
5.933333396911621,0.03333330154418945,44.57143020629883,44.57143020629883,44.57143020629883,-3.2527472972869873,-3.296703338623047,-3.2527472972869873,39.69230651855469,38.68132019042969,39.69230651855469,61.098899841308594,62.94505310058594,61.098899841308594,-30.989011764526367,-30.813186645507812,-30.989011764526367,27.13841438293457,26.91798973083496,27.13841438293457,0
5.9666666984558105,0.03333330154418945,44.57143020629883,44.483516693115234,44.57143020629883,-3.164835214614868,-3.296703338623047,-3.164835214614868,39.69230651855469,39.38461685180664,39.69230651855469,61.098899841308594,62.41758346557617,61.098899841308594,-30.989011764526367,-30.813186645507812,-30.989011764526367,27.13841438293457,26.91798973083496,27.13841438293457,0
6.0,0.03333330154418945,44.57143020629883,44.483516693115234,44.57143020629883,-3.164835214614868,-3.2087912559509277,-3.164835214614868,39.69230651855469,39.47252655029297,39.69230651855469,61.098899841308594,62.06593322753906,61.098899841308594,-30.989011764526367,-30.63736343383789,-30.989011764526367,27.13841438293457,26.91798973083496,27.13841438293457,0
6.0333333015441895,0.03333330154418945,44.57143020629883,44.74725341796875,44.57143020629883,-3.2527472972869873,-3.2087912559509277,-3.2527472972869873,39.69230651855469,39.56044006347656,39.69230651855469,60.92307662963867,61.53845977783203,60.92307662963867,-30.989011764526367,-30.813186645507812,-30.989011764526367,27.060653686523438,26.91798973083496,27.060653686523438,0
6.066666603088379,0.03333330154418945,44.57143020629883,44.83516311645508,44.57143020629883,-3.3406593799591064,-3.2087912559509277,-3.3406593799591064,39.60439682006836,39.64834976196289,39.60439682006836,60.74725341796875,61.53845977783203,60.74725341796875,-30.989011764526367,-30.813186645507812,-30.989011764526367,27.060653686523438,26.91798973083496,27.060653686523438,0
6.099999904632568,0.03333330154418945,44.57143020629883,44.83516311645508,44.57143020629883,-3.3406593799591064,-3.2087912559509277,-3.3406593799591064,39.42856979370117,39.736263275146484,39.42856979370117,60.74725341796875,61.4505500793457,60.74725341796875,-30.989011764526367,-30.813186645507812,-30.989011764526367,27.060653686523438,26.91798973083496,27.060653686523438,0
6.133333206176758,0.03333330154418945,44.57143020629883,44.83516311645508,44.57143020629883,-3.164835214614868,-3.2087912559509277,-3.164835214614868,39.16483688354492,39.736263275146484,39.16483688354492,60.74725341796875,61.18681335449219,60.74725341796875,-30.989011764526367,-30.813186645507812,-30.989011764526367,27.060653686523438,26.91798973083496,27.060653686523438,0
6.166666507720947,0.03333330154418945,44.57143020629883,44.74725341796875,44.57143020629883,-3.164835214614868,-3.2087912559509277,-3.164835214614868,38.989009857177734,39.736263275146484,38.989009857177734,60.83516311645508,61.010990142822266,60.83516311645508,-30.72527503967285,-30.813186645507812,-30.72527503967285,27.060653686523438,26.91798973083496,27.060653686523438,0
6.199999809265137,0.03333330154418945,44.57143020629883,44.74725341796875,44.57143020629883,-3.164835214614868,-3.1208791732788086,-3.164835214614868,38.989009857177734,39.736263275146484,38.989009857177734,60.92307662963867,61.098899841308594,60.92307662963867,-30.63736343383789,-30.813186645507812,-30.63736343383789,26.982892990112305,26.91798973083496,26.982892990112305,0
6.233333110809326,0.03333330154418945,44.57143020629883,44.74725341796875,44.57143020629883,-3.2527472972869873,-3.1208791732788086,-3.2527472972869873,38.989009857177734,39.736263275146484,38.989009857177734,60.92307662963867,61.098899841308594,60.92307662963867,-30.63736343383789,-30.813186645507812,-30.63736343383789,26.982892990112305,26.91798973083496,26.982892990112305,0
6.266666889190674,0.033333778381347656,44.57143020629883,44.74725341796875,44.57143020629883,-3.3406593799591064,-3.1208791732788086,-3.3406593799591064,39.07692337036133,39.736263275146484,39.07692337036133,60.92307662963867,61.098899841308594,60.92307662963867,-30.63736343383789,-30.813186645507812,-30.63736343383789,26.982892990112305,26.91798973083496,26.982892990112305,0
6.300000190734863,0.03333330154418945,44.57143020629883,44.74725341796875,44.57143020629883,-3.3406593799591064,-3.1208791732788086,-3.3406593799591064,39.16483688354492,39.736263275146484,39.16483688354492,61.010990142822266,61.098899841308594,61.010990142822266,-30.813186645507812,-30.813186645507812,-30.813186645507812,26.671850204467773,26.91798973083496,26.671850204467773,0
6.333333492279053,0.03333330154418945,44.57143020629883,44.74725341796875,44.57143020629883,-3.3406593799591064,-3.1208791732788086,-3.3406593799591064,39.25274658203125,39.736263275146484,39.25274658203125,61.098899841308594,61.098899841308594,61.098899841308594,-30.901098251342773,-30.813186645507812,-30.901098251342773,25.427682876586914,26.91798973083496,25.427682876586914,0
6.366666793823242,0.03333330154418945,44.57143020629883,44.74725341796875,44.57143020629883,-3.3406593799591064,-3.1208791732788086,-3.3406593799591064,39.25274658203125,39.736263275146484,39.25274658203125,61.098899841308594,61.098899841308594,61.098899841308594,-30.989011764526367,-30.813186645507812,-30.989011764526367,23.40591049194336,26.785715103149414,23.40591049194336,0
6.400000095367432,0.03333330154418945,44.57143020629883,44.74725341796875,44.57143020629883,-3.4285714626312256,-3.1208791732788086,-3.4285714626312256,39.25274658203125,39.736263275146484,39.25274658203125,61.098899841308594,61.098899841308594,61.098899841308594,-30.989011764526367,-30.813186645507812,-30.989011764526367,20.762052536010742,26.256614685058594,20.762052536010742,0
6.433333396911621,0.03333330154418945,44.57143020629883,44.74725341796875,44.57143020629883,-3.5164835453033447,-3.1208791732788086,-3.5164835453033447,39.25274658203125,39.736263275146484,39.25274658203125,61.098899841308594,61.098899841308594,61.098899841308594,-30.989011764526367,-30.813186645507812,-30.989011764526367,17.573871612548828,25.132274627685547,17.573871612548828,0
6.4666666984558105,0.03333330154418945,44.57143020629883,44.74725341796875,44.57143020629883,-3.5164835453033447,-3.1208791732788086,-3.5164835453033447,39.25274658203125,39.736263275146484,39.25274658203125,60.92307662963867,61.098899841308594,60.92307662963867,-30.989011764526367,-30.813186645507812,-30.989011764526367,14.230171203613281,23.41269874572754,14.230171203613281,0
6.5,0.03333330154418945,44.483516693115234,44.74725341796875,44.483516693115234,-3.5164835453033447,-3.1208791732788086,-3.5164835453033447,39.25274658203125,39.736263275146484,39.25274658203125,60.83516311645508,61.098899841308594,60.83516311645508,-30.989011764526367,-30.813186645507812,-30.989011764526367,10.96423053741455,21.23015785217285,10.96423053741455,0
6.5333333015441895,0.03333330154418945,44.39560317993164,44.74725341796875,44.39560317993164,-3.5164835453033447,-3.1208791732788086,-3.5164835453033447,39.25274658203125,39.736263275146484,39.25274658203125,60.83516311645508,61.098899841308594,60.83516311645508,-30.989011764526367,-30.813186645507812,-30.989011764526367,8.242612838745117,18.849206924438477,8.242612838745117,0
6.566666603088379,0.03333330154418945,44.39560317993164,44.74725341796875,44.39560317993164,-3.5164835453033447,-3.1208791732788086,-3.5164835453033447,39.25274658203125,39.736263275146484,39.25274658203125,60.83516311645508,60.92307662963867,60.83516311645508,-30.989011764526367,-30.813186645507812,-30.989011764526367,5.909797668457031,16.13756561279297,5.909797668457031,0
6.599999904632568,0.03333330154418945,44.39560317993164,44.83516311645508,44.39560317993164,-3.5164835453033447,-3.1208791732788086,-3.5164835453033447,39.25274658203125,39.736263275146484,39.25274658203125,60.83516311645508,60.92307662963867,60.83516311645508,-30.989011764526367,-30.72527503967285,-30.989011764526367,4.121306419372559,13.29365062713623,4.121306419372559,0
6.633333206176758,0.03333330154418945,44.39560317993164,44.83516311645508,44.39560317993164,-3.5164835453033447,-3.1208791732788086,-3.5164835453033447,39.25274658203125,39.736263275146484,39.25274658203125,60.83516311645508,60.83516311645508,60.83516311645508,-30.989011764526367,-30.72527503967285,-30.989011764526367,3.110419988632202,10.714285850524902,3.110419988632202,0
6.666666507720947,0.03333330154418945,44.39560317993164,44.83516311645508,44.39560317993164,-3.5164835453033447,-3.1208791732788086,-3.5164835453033447,39.25274658203125,39.736263275146484,39.25274658203125,60.83516311645508,60.83516311645508,60.83516311645508,-30.989011764526367,-30.549449920654297,-30.989011764526367,2.877138376235962,9.193121910095215,2.877138376235962,0
6.699999809265137,0.03333330154418945,44.30769348144531,44.83516311645508,44.30769348144531,-3.5164835453033447,-3.1208791732788086,-3.5164835453033447,39.25274658203125,39.736263275146484,39.25274658203125,60.83516311645508,60.83516311645508,60.83516311645508,-30.901098251342773,-30.813186645507812,-30.901098251342773,2.877138376235962,8.730158805847168,2.877138376235962,0
6.733333110809326,0.03333330154418945,44.30769348144531,44.83516311645508,44.30769348144531,-3.604395627975464,-3.1208791732788086,-3.604395627975464,39.25274658203125,39.736263275146484,39.25274658203125,60.92307662963867,60.83516311645508,60.92307662963867,-30.901098251342773,-30.813186645507812,-30.901098251342773,2.877138376235962,8.664021492004395,2.877138376235962,0
6.766666889190674,0.033333778381347656,44.21977996826172,44.83516311645508,44.21977996826172,-3.604395627975464,-3.1208791732788086,-3.604395627975464,39.25274658203125,39.736263275146484,39.25274658203125,61.010990142822266,60.83516311645508,61.010990142822266,-30.989011764526367,-30.813186645507812,-30.989011764526367,2.877138376235962,8.664021492004395,2.877138376235962,0
6.800000190734863,0.03333330154418945,44.21977996826172,44.83516311645508,44.21977996826172,-3.604395627975464,-3.1208791732788086,-3.604395627975464,39.16483688354492,39.736263275146484,39.16483688354492,61.098899841308594,60.83516311645508,61.098899841308594,-30.989011764526367,-30.813186645507812,-30.989011764526367,2.877138376235962,8.664021492004395,2.877138376235962,0
6.833333492279053,0.03333330154418945,44.21977996826172,44.83516311645508,44.21977996826172,-3.692307710647583,-3.1208791732788086,-3.692307710647583,39.07692337036133,39.736263275146484,39.07692337036133,61.18681335449219,60.83516311645508,61.18681335449219,-30.989011764526367,-30.813186645507812,-30.989011764526367,2.877138376235962,8.664021492004395,2.877138376235962,0
6.866666793823242,0.03333330154418945,44.21977996826172,44.83516311645508,44.21977996826172,-3.8681318759918213,-3.1208791732788086,-3.8681318759918213,38.81318664550781,39.736263275146484,38.81318664550781,61.36263656616211,60.83516311645508,61.36263656616211,-30.989011764526367,-30.813186645507812,-30.989011764526367,2.877138376235962,8.664021492004395,2.877138376235962,0
6.900000095367432,0.03333330154418945,44.131866455078125,44.83516311645508,44.131866455078125,-4.659340858459473,-3.1208791732788086,-4.659340858459473,38.373626708984375,39.736263275146484,38.373626708984375,62.32966995239258,60.83516311645508,62.32966995239258,-30.989011764526367,-30.813186645507812,-30.989011764526367,2.877138376235962,8.664021492004395,2.877138376235962,0
6.933333396911621,0.03333330154418945,43.9560432434082,44.83516311645508,43.9560432434082,-6.065934181213379,-3.1208791732788086,-6.065934181213379,37.406593322753906,39.736263275146484,37.406593322753906,63.82417678833008,60.83516311645508,63.82417678833008,-30.989011764526367,-30.813186645507812,-30.989011764526367,2.7216174602508545,8.664021492004395,2.7216174602508545,0
6.9666666984558105,0.03333330154418945,43.07692337036133,44.83516311645508,43.07692337036133,-8.087912559509277,-3.1208791732788086,-8.087912559509277,36.35165023803711,39.64834976196289,36.35165023803711,65.31867980957031,61.4505500793457,65.31867980957031,-31.076923370361328,-30.813186645507812,-31.076923370361328,2.4883358478546143,8.597883224487305,2.4883358478546143,0
7.0,0.03333330154418945,42.021976470947266,44.57143020629883,42.021976470947266,-10.549450874328613,-3.472527503967285,-10.549450874328613,34.85714340209961,39.47252655029297,34.85714340209961,66.81318664550781,62.593406677246094,66.81318664550781,-32.0439567565918,-30.813186645507812,-32.0439567565918,2.4883358478546143,8.597883224487305,2.4883358478546143,0
7.0333333015441895,0.03333330154418945,40.879119873046875,44.0439567565918,40.879119873046875,-13.626373291015625,-4.175824165344238,-13.626373291015625,33.098899841308594,38.94505310058594,33.098899841308594,68.57142639160156,64.0,68.57142639160156,-34.153846740722656,-30.813186645507812,-34.153846740722656,2.4105753898620605,8.597883224487305,2.4105753898620605,0
7.066666603088379,0.03333330154418945,39.120880126953125,43.25274658203125,39.120880126953125,-17.230770111083984,-5.5824174880981445,-17.230770111083984,31.340660095214844,38.06593322753906,31.340660095214844,70.32967376708984,65.14286041259766,70.32967376708984,-36.96703338623047,-31.340660095214844,-36.96703338623047,2.332814931869507,8.597883224487305,2.332814931869507,0
7.099999904632568,0.03333330154418945,37.18681335449219,42.28571319580078,37.18681335449219,-21.010988235473633,-7.516483306884766,-21.010988235473633,30.19780158996582,36.83516311645508,30.19780158996582,71.38461303710938,66.54945373535156,71.38461303710938,-40.30769348144531,-32.30769348144531,-40.30769348144531,2.332814931869507,8.597883224487305,2.332814931869507,0
7.133333206176758,0.03333330154418945,34.81318664550781,41.05494689941406,34.81318664550781,-25.494504928588867,-10.15384578704834,-25.494504928588867,29.406593322753906,35.340660095214844,29.406593322753906,71.64835357666016,68.04395294189453,71.64835357666016,-44.087913513183594,-34.32966995239258,-44.087913513183594,2.332814931869507,8.597883224487305,2.332814931869507,0
7.166666507720947,0.03333330154418945,32.17582321166992,39.56044006347656,32.17582321166992,-29.9780216217041,-13.230769157409668,-29.9780216217041,28.791208267211914,34.021976470947266,28.791208267211914,71.38461303710938,69.36264038085938,71.38461303710938,-48.659339904785156,-36.61538314819336,-48.659339904785156,1.9440124034881592,8.597883224487305,1.9440124034881592,0
7.199999809265137,0.03333330154418945,29.27472496032715,37.71428680419922,29.27472496032715,-34.901100158691406,-16.659339904785156,-34.901100158691406,28.52747344970703,32.879119873046875,28.52747344970703,69.71428680419922,70.15384674072266,69.71428680419922,-53.67033004760742,-39.07692337036133,-53.67033004760742,1.555209994316101,8.597883224487305,1.555209994316101,0
7.233333110809326,0.03333330154418945,25.758241653442383,35.60439682006836,25.758241653442383,-39.64834976196289,-20.439559936523438,-39.64834976196289,28.879121780395508,32.17582321166992,28.879121780395508,66.72527313232422,70.32967376708984,66.72527313232422,-59.38461685180664,-42.41758346557617,-59.38461685180664,1.555209994316101,8.399471282958984,1.555209994316101,0
7.266666889190674,0.033333778381347656,22.241758346557617,33.230770111083984,22.241758346557617,-44.0439567565918,-24.659339904785156,-44.0439567565918,30.10988998413086,31.736263275146484,30.10988998413086,62.41758346557617,70.15384674072266,62.41758346557617,-64.92308044433594,-46.10988998413086,-64.92308044433594,1.555209994316101,8.333333015441895,1.555209994316101,0
7.300000190734863,0.03333330154418945,18.813186645507812,30.505495071411133,18.813186645507812,-48.43955993652344,-29.05494499206543,-48.43955993652344,32.21977996826172,31.648351669311523,32.21977996826172,56.79121017456055,68.83516693115234,56.79121017456055,-70.54945373535156,-50.32966995239258,-70.54945373535156,1.555209994316101,8.267195701599121,1.555209994316101,0
7.333333492279053,0.03333330154418945,15.120879173278809,27.604394912719727,15.120879173278809,-52.74725341796875,-33.4505500793457,-52.74725341796875,34.769229888916016,31.648351669311523,34.769229888916016,50.46154022216797,66.63735961914062,50.46154022216797,-75.56044006347656,-54.901100158691406,-75.56044006347656,1.555209994316101,8.267195701599121,1.555209994316101,0
7.366666793823242,0.03333330154418945,11.516483306884766,24.351648330688477,11.516483306884766,-56.0,-38.10988998413086,-56.0,38.021976470947266,32.43955993652344,38.021976470947266,43.9560432434082,63.64834976196289,43.9560432434082,-79.78022003173828,-59.912086486816406,-79.78022003173828,1.555209994316101,8.267195701599121,1.555209994316101,0
7.400000095367432,0.03333330154418945,8.527472496032715,21.010988235473633,8.527472496032715,-58.28571319580078,-42.593406677246094,-58.28571319580078,41.71428680419922,33.758243560791016,41.71428680419922,36.74725341796875,59.60439682006836,36.74725341796875,-82.06593322753906,-64.83516693115234,-82.06593322753906,1.7107309103012085,8.267195701599121,1.7107309103012085,0
7.433333396911621,0.03333330154418945,6.593406677246094,17.670330047607422,6.593406677246094,-59.60439682006836,-47.07692337036133,-59.60439682006836,45.58241653442383,35.78022003173828,45.58241653442383,29.626373291015625,55.20878982543945,29.626373291015625,-82.4175796508789,-69.84615325927734,-82.4175796508789,1.7107309103012085,8.267195701599121,1.7107309103012085,0
7.4666666984558105,0.03333330154418945,5.362637519836426,14.065934181213379,5.362637519836426,-60.39560317993164,-51.03296661376953,-60.39560317993164,48.83516311645508,38.241756439208984,48.83516311645508,22.681318283081055,50.021976470947266,22.681318283081055,-82.4175796508789,-74.24176025390625,-82.4175796508789,1.7884914875030518,8.267195701599121,1.7884914875030518,0
7.5,0.03333330154418945,4.131868362426758,10.813186645507812,4.131868362426758,-60.483516693115234,-54.28571319580078,-60.483516693115234,51.03296661376953,41.31867980957031,51.03296661376953,16.615385055541992,44.21977996826172,16.615385055541992,-82.32967376708984,-77.4065933227539,-82.32967376708984,1.7884914875030518,8.267195701599121,1.7884914875030518,0
7.5333333015441895,0.03333330154418945,2.549450635910034,8.615385055541992,2.549450635910034,-60.131866455078125,-56.39560317993164,-60.131866455078125,52.52747344970703,44.483516693115234,52.52747344970703,11.780220031738281,38.241756439208984,11.780220031738281,-82.32967376708984,-78.81318664550781,-82.32967376708984,1.7884914875030518,8.267195701599121,1.7884914875030518,0
7.566666603088379,0.03333330154418945,1.4065934419631958,6.769230842590332,1.4065934419631958,-59.16483688354492,-57.53845977783203,-59.16483688354492,53.14285659790039,47.56044006347656,53.14285659790039,9.05494499206543,31.91208839416504,9.05494499206543,-82.32967376708984,-80.04395294189453,-82.32967376708984,1.7884914875030518,8.267195701599121,1.7884914875030518,0
7.599999904632568,0.03333330154418945,0.791208803653717,5.626373767852783,0.791208803653717,-57.67033004760742,-57.80219650268555,-57.67033004760742,53.05494689941406,50.10988998413086,53.05494689941406,8.615385055541992,25.846153259277344,8.615385055541992,-82.32967376708984,-80.83516693115234,-82.32967376708984,1.7884914875030518,8.267195701599121,1.7884914875030518,0
7.633333206176758,0.03333330154418945,0.5274725556373596,4.043956279754639,0.5274725556373596,-55.82417678833008,-57.80219650268555,-55.82417678833008,52.79121017456055,51.868133544921875,52.79121017456055,8.79120922088623,20.571428298950195,8.79120922088623,-82.32967376708984,-81.27472686767578,-82.32967376708984,1.7884914875030518,8.267195701599121,1.7884914875030518,0
7.666666507720947,0.03333330154418945,0.35164836049079895,2.461538553237915,0.35164836049079895,-53.89011001586914,-57.4505500793457,-53.89011001586914,52.17582321166992,52.30769348144531,52.17582321166992,9.142857551574707,16.351648330688477,9.142857551574707,-81.89010620117188,-81.45054626464844,-81.89010620117188,1.7884914875030518,8.267195701599121,1.7884914875030518,0
7.699999809265137,0.03333330154418945,0.35164836049079895,1.6703296899795532,0.35164836049079895,-51.78022003173828,-56.92307662963867,-51.78022003173828,51.47252655029297,52.30769348144531,51.47252655029297,8.703296661376953,13.978021621704102,8.703296661376953,-81.0988998413086,-81.80220031738281,-81.0988998413086,1.7884914875030518,8.267195701599121,1.7884914875030518,0
7.733333110809326,0.03333330154418945,0.35164836049079895,1.2307692766189575,0.35164836049079895,-49.4945068359375,-55.868133544921875,-49.4945068359375,50.241756439208984,52.30769348144531,50.241756439208984,8.615385055541992,12.571428298950195,8.615385055541992,-80.3956069946289,-81.53845977783203,-80.3956069946289,1.7107309103012085,8.267195701599121,1.7107309103012085,0
7.766666889190674,0.033333778381347656,0.35164836049079895,1.1428571939468384,0.35164836049079895,-46.94505310058594,-53.758243560791016,-46.94505310058594,48.57143020629883,52.30769348144531,48.57143020629883,8.615385055541992,11.428571701049805,8.615385055541992,-79.6043930053711,-81.53845977783203,-79.6043930053711,1.6329704523086548,8.267195701599121,1.6329704523086548,0
7.800000190734863,0.03333330154418945,0.35164836049079895,1.1428571939468384,0.35164836049079895,-44.39560317993164,-51.736263275146484,-44.39560317993164,47.16483688354492,52.483516693115234,47.16483688354492,8.615385055541992,10.813186645507812,8.615385055541992,-78.81318664550781,-81.0988998413086,-78.81318664550781,1.6329704523086548,8.201058387756348,1.6329704523086548,0
7.833333492279053,0.03333330154418945,0.35164836049079895,1.0549451112747192,0.35164836049079895,-41.758243560791016,-49.53845977783203,-41.758243560791016,45.846153259277344,52.131866455078125,45.846153259277344,8.615385055541992,10.549450874328613,8.615385055541992,-78.28571319580078,-80.57142639160156,-78.28571319580078,1.6329704523086548,8.201058387756348,1.6329704523086548,0
7.866666793823242,0.03333330154418945,0.35164836049079895,0.8791208863258362,0.35164836049079895,-39.47252655029297,-47.25274658203125,-39.47252655029297,44.79121017456055,51.07692337036133,44.79121017456055,8.615385055541992,10.197802543640137,8.615385055541992,-78.02198028564453,-79.86813354492188,-78.02198028564453,1.6329704523086548,8.201058387756348,1.6329704523086548,0
7.900000095367432,0.03333330154418945,0.35164836049079895,0.5274725556373596,0.35164836049079895,-37.36263656616211,-44.96703338623047,-37.36263656616211,44.17582321166992,49.846153259277344,44.17582321166992,8.615385055541992,10.021978378295898,8.615385055541992,-78.02198028564453,-79.34066009521484,-78.02198028564453,1.6329704523086548,8.201058387756348,1.6329704523086548,0
7.933333396911621,0.03333330154418945,0.35164836049079895,0.4395604431629181,0.35164836049079895,-35.340660095214844,-42.593406677246094,-35.340660095214844,43.47252655029297,48.70329666137695,43.47252655029297,8.615385055541992,9.84615421295166,8.615385055541992,-78.02198028564453,-78.9011001586914,-78.02198028564453,1.6329704523086548,8.201058387756348,1.6329704523086548,0
7.9666666984558105,0.03333330154418945,0.17582418024539948,0.4395604431629181,0.17582418024539948,-33.4945068359375,-40.21977996826172,-33.4945068359375,42.32966995239258,47.912086486816406,42.32966995239258,8.439560890197754,9.670330047607422,8.439560890197754,-78.02198028564453,-78.72527313232422,-78.02198028564453,1.6329704523086548,8.201058387756348,1.6329704523086548,0
8.0,0.03333330154418945,-0.5274725556373596,0.7032967209815979,-0.5274725556373596,-31.824174880981445,-37.93406677246094,-31.824174880981445,41.27472686767578,47.20878982543945,41.27472686767578,7.736263751983643,9.670330047607422,7.736263751983643,-78.02198028564453,-78.54945373535156,-78.02198028564453,1.6329704523086548,8.201058387756348,1.6329704523086548,0
8.033333778381348,0.033333778381347656,-1.4065934419631958,0.791208803653717,-1.4065934419631958,-30.329669952392578,-35.82417678833008,-30.329669952392578,40.39560317993164,46.41758346557617,40.39560317993164,6.329670429229736,9.670330047607422,6.329670429229736,-78.02198028564453,-78.46154022216797,-78.02198028564453,1.6329704523086548,8.201058387756348,1.6329704523086548,0
8.066666603088379,0.03333282470703125,-2.1098902225494385,0.35164836049079895,-2.1098902225494385,-28.923076629638672,-33.80219650268555,-28.923076629638672,39.516483306884766,45.4505500793457,39.516483306884766,4.5714287757873535,9.318681716918945,4.5714287757873535,-78.02198028564453,-78.46154022216797,-78.02198028564453,1.6329704523086548,8.201058387756348,1.6329704523086548,0
8.100000381469727,0.033333778381347656,-2.9010989665985107,-0.35164836049079895,-2.9010989665985107,-27.604394912719727,-32.0439567565918,-27.604394912719727,38.901100158691406,44.57143020629883,38.901100158691406,2.6373627185821533,8.351648330688477,2.6373627185821533,-77.93406677246094,-78.46154022216797,-77.93406677246094,1.6329704523086548,8.201058387756348,1.6329704523086548,0
8.133333206176758,0.03333282470703125,-3.780219793319702,-1.2307692766189575,-3.780219793319702,-26.373626708984375,-30.373626708984375,-26.373626708984375,38.63736343383789,43.516483306884766,38.63736343383789,0.791208803653717,6.94505500793457,0.791208803653717,-77.93406677246094,-78.46154022216797,-77.93406677246094,1.6329704523086548,8.201058387756348,1.6329704523086548,0
8.166666984558105,0.033333778381347656,-4.835165023803711,-2.0219781398773193,-4.835165023803711,-25.494504928588867,-28.879121780395508,-25.494504928588867,38.5494499206543,42.72527313232422,38.5494499206543,-0.8791208863258362,5.362637519836426,-0.8791208863258362,-77.93406677246094,-78.46154022216797,-77.93406677246094,1.7107309103012085,8.201058387756348,1.7107309103012085,0
8.199999809265137,0.03333282470703125,-5.714285850524902,-2.6373627185821533,-5.714285850524902,-24.703296661376953,-27.560440063476562,-24.703296661376953,38.5494499206543,42.10988998413086,38.5494499206543,-1.8461538553237915,3.692307710647583,-1.8461538553237915,-77.93406677246094,-78.46154022216797,-77.93406677246094,1.7107309103012085,8.201058387756348,1.7107309103012085,0
8.233333587646484,0.033333778381347656,-6.4175825119018555,-3.3406593799591064,-6.4175825119018555,-24.175825119018555,-26.41758155822754,-24.175825119018555,38.5494499206543,41.846153259277344,38.5494499206543,-2.1978023052215576,2.1098902225494385,-2.1978023052215576,-77.93406677246094,-78.46154022216797,-77.93406677246094,1.7107309103012085,8.201058387756348,1.7107309103012085,0
8.266666412353516,0.03333282470703125,-7.0329670906066895,-4.219780445098877,-7.0329670906066895,-23.736263275146484,-25.36263656616211,-23.736263275146484,38.81318664550781,41.67033004760742,38.81318664550781,-2.1098902225494385,0.791208803653717,-2.1098902225494385,-77.93406677246094,-78.46154022216797,-77.93406677246094,1.7107309103012085,8.201058387756348,1.7107309103012085,0
8.300000190734863,0.033333778381347656,-7.472527503967285,-5.1868133544921875,-7.472527503967285,-23.384614944458008,-24.483516693115234,-23.384614944458008,38.989009857177734,41.67033004760742,38.989009857177734,-1.7582417726516724,0.08791209012269974,-1.7582417726516724,-77.93406677246094,-78.46154022216797,-77.93406677246094,1.7107309103012085,8.201058387756348,1.7107309103012085,0
8.333333015441895,0.03333282470703125,-8.0,-6.153846263885498,-8.0,-23.208791732788086,-23.868131637573242,-23.208791732788086,39.69230651855469,41.58241653442383,39.69230651855469,-1.494505524635315,-0.35164836049079895,-1.494505524635315,-77.93406677246094,-78.46154022216797,-77.93406677246094,1.7884914875030518,8.201058387756348,1.7884914875030518,0
8.366666793823242,0.033333778381347656,-8.439560890197754,-6.769230842590332,-8.439560890197754,-23.208791732788086,-23.428571701049805,-23.208791732788086,40.30769348144531,41.58241653442383,40.30769348144531,-1.2307692766189575,-0.4395604431629181,-1.2307692766189575,-77.93406677246094,-78.46154022216797,-77.93406677246094,1.7884914875030518,8.201058387756348,1.7884914875030518,0
8.399999618530273,0.03333282470703125,-8.527472496032715,-7.208791255950928,-8.527472496032715,-23.296703338623047,-23.16483497619629,-23.296703338623047,41.098899841308594,41.58241653442383,41.098899841308594,-1.2307692766189575,-0.4395604431629181,-1.2307692766189575,-77.93406677246094,-78.46154022216797,-77.93406677246094,1.7884914875030518,8.201058387756348,1.7884914875030518,0
8.433333396911621,0.033333778381347656,-8.703296661376953,-7.384615421295166,-8.703296661376953,-23.384614944458008,-23.16483497619629,-23.384614944458008,41.626373291015625,41.58241653442383,41.626373291015625,-1.2307692766189575,-0.4395604431629181,-1.2307692766189575,-77.93406677246094,-78.46154022216797,-77.93406677246094,1.7884914875030518,8.201058387756348,1.7884914875030518,0
8.466666221618652,0.03333282470703125,-8.967033386230469,-7.736263751983643,-8.967033386230469,-23.384614944458008,-23.16483497619629,-23.384614944458008,42.153846740722656,41.846153259277344,42.153846740722656,-1.2307692766189575,-0.4395604431629181,-1.2307692766189575,-77.93406677246094,-78.46154022216797,-77.93406677246094,1.7884914875030518,8.201058387756348,1.7884914875030518,0
8.5,0.033333778381347656,-9.05494499206543,-8.0,-9.05494499206543,-23.384614944458008,-23.25274658203125,-23.384614944458008,42.41758346557617,42.19780349731445,42.41758346557617,-1.2307692766189575,-0.4395604431629181,-1.2307692766189575,-77.93406677246094,-78.46154022216797,-77.93406677246094,1.7884914875030518,8.201058387756348,1.7884914875030518,0
8.533333778381348,0.033333778381347656,-9.05494499206543,-8.439560890197754,-9.05494499206543,-23.384614944458008,-23.16483497619629,-23.384614944458008,42.593406677246094,42.63736343383789,42.593406677246094,-1.3186813592910767,-0.4395604431629181,-1.3186813592910767,-77.93406677246094,-78.46154022216797,-77.93406677246094,1.7884914875030518,8.201058387756348,1.7884914875030518,0
8.566666603088379,0.03333282470703125,-9.05494499206543,-8.703296661376953,-9.05494499206543,-23.296703338623047,-23.16483497619629,-23.296703338623047,42.85714340209961,42.989009857177734,42.85714340209961,-1.3186813592910767,-0.4395604431629181,-1.3186813592910767,-77.93406677246094,-78.46154022216797,-77.93406677246094,1.7884914875030518,8.201058387756348,1.7884914875030518,0
8.600000381469727,0.033333778381347656,-9.05494499206543,-8.879120826721191,-9.05494499206543,-23.208791732788086,-23.16483497619629,-23.208791732788086,42.94505310058594,42.989009857177734,42.94505310058594,-1.2307692766189575,-0.4395604431629181,-1.2307692766189575,-77.93406677246094,-78.46154022216797,-77.93406677246094,1.7884914875030518,8.201058387756348,1.7884914875030518,0
8.633333206176758,0.03333282470703125,-9.05494499206543,-8.879120826721191,-9.05494499206543,-23.120878219604492,-23.16483497619629,-23.120878219604492,43.38461685180664,43.16483688354492,43.38461685180664,-1.3186813592910767,-0.4395604431629181,-1.3186813592910767,-77.93406677246094,-78.46154022216797,-77.93406677246094,1.7884914875030518,8.201058387756348,1.7884914875030518,0
8.666666984558105,0.033333778381347656,-8.879120826721191,-8.79120922088623,-8.879120826721191,-23.120878219604492,-23.076923370361328,-23.120878219604492,44.0,43.25274658203125,44.0,-1.3186813592910767,-0.4395604431629181,-1.3186813592910767,-77.93406677246094,-78.46154022216797,-77.93406677246094,1.7884914875030518,8.201058387756348,1.7884914875030518,0
8.699999809265137,0.03333282470703125,-8.79120922088623,-8.615385055541992,-8.79120922088623,-23.208791732788086,-22.901098251342773,-23.208791732788086,44.70329666137695,43.60439682006836,44.70329666137695,-1.4065934419631958,-0.4395604431629181,-1.4065934419631958,-77.93406677246094,-78.46154022216797,-77.93406677246094,1.7884914875030518,8.201058387756348,1.7884914875030518,0
8.733333587646484,0.033333778381347656,-8.79120922088623,-8.439560890197754,-8.79120922088623,-23.208791732788086,-22.901098251342773,-23.208791732788086,45.4945068359375,44.21977996826172,45.4945068359375,-1.4065934419631958,-0.4395604431629181,-1.4065934419631958,-77.93406677246094,-78.46154022216797,-77.93406677246094,1.7884914875030518,8.201058387756348,1.7884914875030518,0
8.766666412353516,0.03333282470703125,-8.703296661376953,-8.439560890197754,-8.703296661376953,-23.208791732788086,-22.901098251342773,-23.208791732788086,46.28571319580078,44.83516311645508,46.28571319580078,-1.4065934419631958,-0.4395604431629181,-1.4065934419631958,-77.93406677246094,-78.46154022216797,-77.93406677246094,1.7884914875030518,8.201058387756348,1.7884914875030518,0
8.800000190734863,0.033333778381347656,-8.703296661376953,-8.439560890197754,-8.703296661376953,-23.208791732788086,-22.901098251342773,-23.208791732788086,46.989009857177734,45.626373291015625,46.989009857177734,-1.494505524635315,-0.4395604431629181,-1.494505524635315,-77.93406677246094,-78.46154022216797,-77.93406677246094,1.7884914875030518,8.201058387756348,1.7884914875030518,0
8.833333015441895,0.03333282470703125,-8.615385055541992,-8.527472496032715,-8.615385055541992,-23.208791732788086,-22.901098251342773,-23.208791732788086,47.516483306884766,46.41758346557617,47.516483306884766,-1.494505524635315,-0.4395604431629181,-1.494505524635315,-77.93406677246094,-78.46154022216797,-77.93406677246094,1.7884914875030518,8.201058387756348,1.7884914875030518,0
8.866666793823242,0.033333778381347656,-8.615385055541992,-8.527472496032715,-8.615385055541992,-23.208791732788086,-22.901098251342773,-23.208791732788086,47.868133544921875,47.20878982543945,47.868133544921875,-1.494505524635315,-0.4395604431629181,-1.494505524635315,-77.93406677246094,-78.46154022216797,-77.93406677246094,1.7884914875030518,8.201058387756348,1.7884914875030518,0
8.899999618530273,0.03333282470703125,-8.615385055541992,-8.527472496032715,-8.615385055541992,-23.208791732788086,-22.901098251342773,-23.208791732788086,48.131866455078125,47.64834976196289,48.131866455078125,-1.494505524635315,-0.4395604431629181,-1.494505524635315,-77.93406677246094,-78.46154022216797,-77.93406677246094,1.7884914875030518,8.201058387756348,1.7884914875030518,0
8.933333396911621,0.033333778381347656,-8.615385055541992,-8.527472496032715,-8.615385055541992,-23.208791732788086,-22.901098251342773,-23.208791732788086,48.30769348144531,48.087913513183594,48.30769348144531,-1.494505524635315,-0.4395604431629181,-1.494505524635315,-77.93406677246094,-78.46154022216797,-77.93406677246094,1.7884914875030518,8.201058387756348,1.7884914875030518,0
8.966666221618652,0.03333282470703125,-8.615385055541992,-8.439560890197754,-8.615385055541992,-23.03296661376953,-22.901098251342773,-23.03296661376953,48.483516693115234,48.263736724853516,48.483516693115234,-1.494505524635315,-0.4395604431629181,-1.494505524635315,-77.93406677246094,-78.46154022216797,-77.93406677246094,1.7884914875030518,8.201058387756348,1.7884914875030518,0
9.0,0.033333778381347656,-8.615385055541992,-8.351648330688477,-8.615385055541992,-22.94505500793457,-22.901098251342773,-22.94505500793457,48.57143020629883,48.61538314819336,48.57143020629883,-1.494505524635315,-0.4395604431629181,-1.494505524635315,-77.93406677246094,-78.46154022216797,-77.93406677246094,1.7884914875030518,8.201058387756348,1.7884914875030518,0
9.033333778381348,0.033333778381347656,-8.615385055541992,-8.351648330688477,-8.615385055541992,-22.85714340209961,-22.72527503967285,-22.85714340209961,48.57143020629883,48.79121017456055,48.57143020629883,-1.494505524635315,-0.4395604431629181,-1.494505524635315,-77.93406677246094,-78.46154022216797,-77.93406677246094,1.7884914875030518,8.201058387756348,1.7884914875030518,0
9.066666603088379,0.03333282470703125,-8.615385055541992,-8.439560890197754,-8.615385055541992,-22.85714340209961,-22.63736343383789,-22.85714340209961,48.57143020629883,48.79121017456055,48.57143020629883,-1.494505524635315,-0.4395604431629181,-1.494505524635315,-77.93406677246094,-78.46154022216797,-77.93406677246094,1.7884914875030518,8.201058387756348,1.7884914875030518,0
9.100000381469727,0.033333778381347656,-8.351648330688477,-8.439560890197754,-8.351648330688477,-22.85714340209961,-22.63736343383789,-22.85714340209961,48.57143020629883,48.79121017456055,48.57143020629883,-1.494505524635315,-0.4395604431629181,-1.494505524635315,-77.93406677246094,-78.46154022216797,-77.93406677246094,1.7884914875030518,8.201058387756348,1.7884914875030518,0
9.133333206176758,0.03333282470703125,-7.736263751983643,-8.439560890197754,-7.736263751983643,-22.85714340209961,-22.63736343383789,-22.85714340209961,48.57143020629883,48.79121017456055,48.57143020629883,-1.494505524635315,-0.4395604431629181,-1.494505524635315,-77.93406677246094,-78.46154022216797,-77.93406677246094,1.7884914875030518,8.201058387756348,1.7884914875030518,0
9.166666984558105,0.033333778381347656,-7.296703338623047,-8.439560890197754,-7.296703338623047,-22.85714340209961,-22.63736343383789,-22.85714340209961,48.659339904785156,48.79121017456055,48.659339904785156,-1.494505524635315,-0.4395604431629181,-1.494505524635315,-77.93406677246094,-78.46154022216797,-77.93406677246094,1.7884914875030518,8.201058387756348,1.7884914875030518,0
9.199999809265137,0.03333282470703125,-6.857142925262451,-8.351648330688477,-6.857142925262451,-22.85714340209961,-22.63736343383789,-22.85714340209961,48.74725341796875,48.79121017456055,48.74725341796875,-1.494505524635315,-0.4395604431629181,-1.494505524635315,-77.93406677246094,-78.46154022216797,-77.93406677246094,1.7884914875030518,8.201058387756348,1.7884914875030518,0
9.233333587646484,0.033333778381347656,-6.769230842590332,-8.175824165344238,-6.769230842590332,-22.85714340209961,-22.63736343383789,-22.85714340209961,49.010990142822266,48.79121017456055,49.010990142822266,-1.494505524635315,-0.4395604431629181,-1.494505524635315,-77.93406677246094,-78.46154022216797,-77.93406677246094,1.7884914875030518,8.201058387756348,1.7884914875030518,0
9.266666412353516,0.03333282470703125,-6.505494594573975,-7.736263751983643,-6.505494594573975,-22.85714340209961,-22.63736343383789,-22.85714340209961,49.18681335449219,48.96703338623047,49.18681335449219,-1.494505524635315,-0.4395604431629181,-1.494505524635315,-77.93406677246094,-78.46154022216797,-77.93406677246094,1.7884914875030518,8.201058387756348,1.7884914875030518,0
9.300000190734863,0.033333778381347656,-5.714285850524902,-7.208791255950928,-5.714285850524902,-22.85714340209961,-22.63736343383789,-22.85714340209961,49.53845977783203,49.14285659790039,49.53845977783203,-1.494505524635315,-0.4395604431629181,-1.494505524635315,-77.93406677246094,-78.46154022216797,-77.93406677246094,1.7884914875030518,8.201058387756348,1.7884914875030518,0
9.333333015441895,0.03333282470703125,-4.92307710647583,-6.857142925262451,-4.92307710647583,-22.85714340209961,-22.63736343383789,-22.85714340209961,49.89011001586914,49.4945068359375,49.89011001586914,-1.494505524635315,-0.4395604431629181,-1.494505524635315,-77.93406677246094,-78.46154022216797,-77.93406677246094,1.7884914875030518,8.201058387756348,1.7884914875030518,0
9.366666793823242,0.033333778381347656,-4.219780445098877,-6.505494594573975,-4.219780445098877,-22.85714340209961,-22.63736343383789,-22.85714340209961,50.153846740722656,49.846153259277344,50.153846740722656,-1.494505524635315,-0.4395604431629181,-1.494505524635315,-77.93406677246094,-78.46154022216797,-77.93406677246094,1.7884914875030518,8.201058387756348,1.7884914875030518,0
9.399999618530273,0.03333282470703125,-3.780219793319702,-6.241758346557617,-3.780219793319702,-22.94505500793457,-22.63736343383789,-22.94505500793457,50.593406677246094,50.021976470947266,50.593406677246094,-1.494505524635315,-0.4395604431629181,-1.494505524635315,-77.93406677246094,-78.46154022216797,-77.93406677246094,1.7884914875030518,8.201058387756348,1.7884914875030518,0
9.433333396911621,0.033333778381347656,-3.604395627975464,-5.538461685180664,-3.604395627975464,-23.120878219604492,-22.63736343383789,-23.120878219604492,51.03296661376953,50.373626708984375,51.03296661376953,-1.494505524635315,-0.4395604431629181,-1.494505524635315,-77.93406677246094,-78.46154022216797,-77.93406677246094,1.7884914875030518,8.201058387756348,1.7884914875030518,0
9.466666221618652,0.03333282470703125,-3.4285714626312256,-4.659340858459473,-3.4285714626312256,-23.120878219604492,-22.63736343383789,-23.120878219604492,51.56044006347656,50.901100158691406,51.56044006347656,-1.494505524635315,-0.4395604431629181,-1.494505524635315,-77.93406677246094,-78.46154022216797,-77.93406677246094,1.7884914875030518,8.201058387756348,1.7884914875030518,0
9.5,0.033333778381347656,-2.9010989665985107,-4.131868362426758,-2.9010989665985107,-23.120878219604492,-22.63736343383789,-23.120878219604492,52.0,51.340660095214844,52.0,-1.494505524635315,-0.4395604431629181,-1.494505524635315,-77.93406677246094,-78.46154022216797,-77.93406677246094,1.7884914875030518,8.201058387756348,1.7884914875030518,0
9.533333778381348,0.033333778381347656,-2.549450635910034,-3.8681318759918213,-2.549450635910034,-23.208791732788086,-22.63736343383789,-23.208791732788086,52.43955993652344,51.78022003173828,52.43955993652344,-1.494505524635315,-0.4395604431629181,-1.494505524635315,-77.93406677246094,-78.46154022216797,-77.93406677246094,1.7884914875030518,8.134921073913574,1.7884914875030518,0
9.566666603088379,0.03333282470703125,-2.373626470565796,-3.9560439586639404,-2.373626470565796,-23.208791732788086,-22.63736343383789,-23.208791732788086,52.79121017456055,52.21977996826172,52.79121017456055,-1.494505524635315,-0.4395604431629181,-1.494505524635315,-77.93406677246094,-78.28571319580078,-77.93406677246094,1.7884914875030518,8.134921073913574,1.7884914875030518,0
9.600000381469727,0.033333778381347656,-2.373626470565796,-3.604395627975464,-2.373626470565796,-23.208791732788086,-22.63736343383789,-23.208791732788086,53.05494689941406,52.659339904785156,53.05494689941406,-1.494505524635315,-0.4395604431629181,-1.494505524635315,-77.93406677246094,-78.19779968261719,-77.93406677246094,1.7884914875030518,8.134921073913574,1.7884914875030518,0
9.633333206176758,0.03333282470703125,-2.373626470565796,-2.98901104927063,-2.373626470565796,-23.208791732788086,-22.63736343383789,-23.208791732788086,53.05494689941406,53.010990142822266,53.05494689941406,-1.494505524635315,-0.4395604431629181,-1.494505524635315,-77.93406677246094,-78.28571319580078,-77.93406677246094,1.7884914875030518,8.134921073913574,1.7884914875030518,0
9.666666984558105,0.033333778381347656,-2.2857143878936768,-2.6373627185821533,-2.2857143878936768,-23.208791732788086,-22.63736343383789,-23.208791732788086,53.05494689941406,53.18681335449219,53.05494689941406,-1.494505524635315,-0.4395604431629181,-1.494505524635315,-77.93406677246094,-78.28571319580078,-77.93406677246094,1.7884914875030518,8.134921073913574,1.7884914875030518,0
9.699999809265137,0.03333282470703125,-2.2857143878936768,-2.6373627185821533,-2.2857143878936768,-23.208791732788086,-22.63736343383789,-23.208791732788086,53.05494689941406,53.36263656616211,53.05494689941406,-1.494505524635315,-0.4395604431629181,-1.494505524635315,-77.93406677246094,-78.28571319580078,-77.93406677246094,1.7884914875030518,8.134921073913574,1.7884914875030518,0
9.733333587646484,0.033333778381347656,-2.1978023052215576,-2.98901104927063,-2.1978023052215576,-23.208791732788086,-22.63736343383789,-23.208791732788086,52.96703338623047,53.36263656616211,52.96703338623047,-1.494505524635315,-0.4395604431629181,-1.494505524635315,-77.93406677246094,-78.28571319580078,-77.93406677246094,1.8662519454956055,8.134921073913574,1.8662519454956055,0
9.766666412353516,0.03333282470703125,-2.1978023052215576,-3.076923131942749,-2.1978023052215576,-23.208791732788086,-22.63736343383789,-23.208791732788086,52.96703338623047,53.36263656616211,52.96703338623047,-1.494505524635315,-0.4395604431629181,-1.494505524635315,-77.93406677246094,-78.19779968261719,-77.93406677246094,1.8662519454956055,8.134921073913574,1.8662519454956055,0
9.800000190734863,0.033333778381347656,-2.1978023052215576,-2.7252748012542725,-2.1978023052215576,-23.208791732788086,-22.63736343383789,-23.208791732788086,52.96703338623047,53.36263656616211,52.96703338623047,-1.582417607307434,-0.4395604431629181,-1.582417607307434,-77.93406677246094,-78.28571319580078,-77.93406677246094,2.255054473876953,8.134921073913574,2.255054473876953,0
9.833333015441895,0.03333282470703125,-2.1978023052215576,-2.373626470565796,-2.1978023052215576,-23.208791732788086,-22.63736343383789,-23.208791732788086,52.96703338623047,53.36263656616211,52.96703338623047,-1.582417607307434,-0.4395604431629181,-1.582417607307434,-77.93406677246094,-78.28571319580078,-77.93406677246094,3.4992222785949707,8.134921073913574,3.4992222785949707,0
9.866666793823242,0.033333778381347656,-2.1098902225494385,-2.2857143878936768,-2.1098902225494385,-23.208791732788086,-22.63736343383789,-23.208791732788086,52.96703338623047,53.36263656616211,52.96703338623047,-1.582417607307434,-0.4395604431629181,-1.582417607307434,-77.93406677246094,-78.28571319580078,-77.93406677246094,5.832037448883057,8.134921073913574,5.832037448883057,0
9.899999618530273,0.03333282470703125,-2.1098902225494385,-2.549450635910034,-2.1098902225494385,-23.208791732788086,-22.63736343383789,-23.208791732788086,52.96703338623047,53.36263656616211,52.96703338623047,-1.582417607307434,-0.4395604431629181,-1.582417607307434,-77.93406677246094,-78.28571319580078,-77.93406677246094,9.097978591918945,8.134921073913574,9.097978591918945,0
9.933333396911621,0.033333778381347656,-2.1098902225494385,-2.7252748012542725,-2.1098902225494385,-23.208791732788086,-22.63736343383789,-23.208791732788086,52.96703338623047,53.36263656616211,52.96703338623047,-1.582417607307434,-0.4395604431629181,-1.582417607307434,-77.93406677246094,-78.28571319580078,-77.93406677246094,12.67496109008789,8.201058387756348,12.67496109008789,0
9.966666221618652,0.03333282470703125,-2.1098902225494385,-2.7252748012542725,-2.1098902225494385,-23.208791732788086,-22.63736343383789,-23.208791732788086,52.96703338623047,53.36263656616211,52.96703338623047,-1.582417607307434,-0.4395604431629181,-1.582417607307434,-77.93406677246094,-78.28571319580078,-77.93406677246094,16.09642219543457,8.862433433532715,16.09642219543457,0
10.0,0.033333778381347656,-2.1098902225494385,-2.549450635910034,-2.1098902225494385,-23.208791732788086,-22.63736343383789,-23.208791732788086,52.96703338623047,53.36263656616211,52.96703338623047,-1.582417607307434,-0.4395604431629181,-1.582417607307434,-77.93406677246094,-78.28571319580078,-77.93406677246094,19.051321029663086,9.986772537231445,19.051321029663086,0
10.033333778381348,0.033333778381347656,-2.1098902225494385,-2.373626470565796,-2.1098902225494385,-23.208791732788086,-22.63736343383789,-23.208791732788086,52.96703338623047,53.36263656616211,52.96703338623047,-1.582417607307434,-0.4395604431629181,-1.582417607307434,-77.93406677246094,-78.28571319580078,-77.93406677246094,20.839813232421875,11.97089958190918,20.839813232421875,0
10.066666603088379,0.03333282470703125,-2.1098902225494385,-2.373626470565796,-2.1098902225494385,-23.296703338623047,-22.63736343383789,-23.296703338623047,53.05494689941406,53.36263656616211,53.05494689941406,-1.494505524635315,-0.4395604431629181,-1.494505524635315,-77.93406677246094,-78.28571319580078,-77.93406677246094,21.384136199951172,14.285714149475098,21.384136199951172,0
10.100000381469727,0.033333778381347656,-2.1098902225494385,-2.2857143878936768,-2.1098902225494385,-23.296703338623047,-22.63736343383789,-23.296703338623047,53.05494689941406,53.36263656616211,53.05494689941406,-1.494505524635315,-0.4395604431629181,-1.494505524635315,-77.93406677246094,-78.28571319580078,-77.93406677246094,21.073095321655273,16.79894256591797,21.073095321655273,0
10.133333206176758,0.03333282470703125,-2.1098902225494385,-2.2857143878936768,-2.1098902225494385,-23.384614944458008,-22.63736343383789,-23.384614944458008,53.05494689941406,53.36263656616211,53.05494689941406,-1.494505524635315,-0.4395604431629181,-1.494505524635315,-77.93406677246094,-78.28571319580078,-77.93406677246094,20.37325096130371,18.518518447875977,20.37325096130371,0
10.166666984558105,0.033333778381347656,-2.1978023052215576,-2.2857143878936768,-2.1978023052215576,-23.47252655029297,-22.63736343383789,-23.47252655029297,52.70329666137695,53.36263656616211,52.70329666137695,-1.494505524635315,-0.4395604431629181,-1.494505524635315,-77.93406677246094,-78.28571319580078,-77.93406677246094,19.517885208129883,19.246030807495117,19.517885208129883,0
10.199999809265137,0.03333282470703125,-2.2857143878936768,-2.2857143878936768,-2.2857143878936768,-23.736263275146484,-22.63736343383789,-23.736263275146484,52.35165023803711,53.36263656616211,52.35165023803711,-1.494505524635315,-0.4395604431629181,-1.494505524635315,-77.93406677246094,-78.28571319580078,-77.93406677246094,18.429237365722656,19.44444465637207,18.429237365722656,0
10.233333587646484,0.033333778381347656,-2.461538553237915,-2.2857143878936768,-2.461538553237915,-24.439559936523438,-22.63736343383789,-24.439559936523438,51.47252655029297,53.36263656616211,51.47252655029297,-1.494505524635315,-0.4395604431629181,-1.494505524635315,-77.93406677246094,-78.28571319580078,-77.93406677246094,17.02954864501953,19.312170028686523,17.02954864501953,0
10.266666412353516,0.03333282470703125,-2.549450635910034,-2.2857143878936768,-2.549450635910034,-25.758241653442383,-22.63736343383789,-25.758241653442383,50.5054931640625,53.36263656616211,50.5054931640625,-1.3186813592910767,-0.4395604431629181,-1.3186813592910767,-77.93406677246094,-78.28571319580078,-77.93406677246094,15.396578788757324,18.91534423828125,15.396578788757324,0
10.300000190734863,0.033333778381347656,-3.164835214614868,-2.2857143878936768,-3.164835214614868,-27.516483306884766,-22.72527503967285,-27.516483306884766,49.27472686767578,53.36263656616211,49.27472686767578,-1.1428571939468384,-0.4395604431629181,-1.1428571939468384,-77.93406677246094,-78.28571319580078,-77.93406677246094,13.374805450439453,18.05555534362793,13.374805450439453,0
10.333333015441895,0.03333282470703125,-4.043956279754639,-2.373626470565796,-4.043956279754639,-30.153846740722656,-22.989011764526367,-30.153846740722656,48.21977996826172,53.27472686767578,48.21977996826172,-0.7032967209815979,-0.4395604431629181,-0.7032967209815979,-77.93406677246094,-78.28571319580078,-77.93406677246094,11.1197509765625,16.865079879760742,11.1197509765625,0
10.366666793823242,0.033333778381347656,-4.747252941131592,-2.549450635910034,-4.747252941131592,-33.31867980957031,-23.78022003173828,-33.31867980957031,46.989009857177734,52.74725341796875,46.989009857177734,0.9670329689979553,-0.4395604431629181,0.9670329689979553,-77.93406677246094,-78.28571319580078,-77.93406677246094,9.020217895507812,15.476190567016602,9.020217895507812,0
10.399999618530273,0.03333282470703125,-5.450549602508545,-3.076923131942749,-5.450549602508545,-37.098899841308594,-25.186813354492188,-37.098899841308594,46.021976470947266,51.9560432434082,46.021976470947266,4.307692527770996,-0.4395604431629181,4.307692527770996,-77.93406677246094,-78.28571319580078,-77.93406677246094,7.3094868659973145,13.756613731384277,7.3094868659973145,0
10.433333396911621,0.033333778381347656,-5.890110015869141,-3.780219793319702,-5.890110015869141,-41.31867980957031,-27.47252655029297,-41.31867980957031,45.4945068359375,50.81318664550781,45.4945068359375,8.703296661376953,0.2637362778186798,8.703296661376953,-77.93406677246094,-78.28571319580078,-77.93406677246094,5.987558364868164,11.904762268066406,5.987558364868164,0
10.466666221618652,0.03333282470703125,-6.4175825119018555,-4.5714287757873535,-6.4175825119018555,-45.71428680419922,-30.19780158996582,-45.71428680419922,45.58241653442383,49.758243560791016,45.58241653442383,13.978021621704102,1.8461538553237915,13.978021621704102,-77.93406677246094,-78.28571319580078,-77.93406677246094,4.898911476135254,10.052909851074219,4.898911476135254,0
10.5,0.033333778381347656,-7.0329670906066895,-5.274725437164307,-7.0329670906066895,-50.63736343383789,-33.53845977783203,-50.63736343383789,46.72527313232422,48.96703338623047,46.72527313232422,19.16483497619629,4.395604610443115,19.16483497619629,-77.93406677246094,-78.28571319580078,-77.93406677246094,4.276827335357666,8.333333015441895,4.276827335357666,0
10.533333778381348,0.033333778381347656,-7.648351669311523,-5.8021979331970215,-7.648351669311523,-55.56044006347656,-37.230770111083984,-55.56044006347656,48.83516311645508,48.70329666137695,48.83516311645508,23.736263275146484,7.648351669311523,23.736263275146484,-77.93406677246094,-78.28571319580078,-77.93406677246094,3.8880248069763184,6.878306865692139,3.8880248069763184,0
10.566666603088379,0.03333282470703125,-7.736263751983643,-6.241758346557617,-7.736263751983643,-60.659339904785156,-41.18681335449219,-60.659339904785156,51.56044006347656,48.70329666137695,51.56044006347656,26.461538314819336,11.604395866394043,26.461538314819336,-77.93406677246094,-78.28571319580078,-77.93406677246094,3.732503890991211,5.820106029510498,3.732503890991211,0
10.600000381469727,0.033333778381347656,-7.648351669311523,-6.505494594573975,-7.648351669311523,-65.5824203491211,-45.58241653442383,-65.5824203491211,55.60439682006836,49.31867980957031,55.60439682006836,26.813186645507812,15.824175834655762,26.813186645507812,-77.84615325927734,-78.28571319580078,-77.84615325927734,3.732503890991211,5.092592716217041,3.732503890991211,0
10.633333206176758,0.03333282470703125,-7.384615421295166,-6.857142925262451,-7.384615421295166,-70.4175796508789,-50.41758346557617,-70.4175796508789,60.17582321166992,50.63736343383789,60.17582321166992,25.230770111083984,19.69230842590332,25.230770111083984,-76.96703338623047,-78.28571319580078,-76.96703338623047,3.732503890991211,4.629629611968994,3.732503890991211,0
10.666666984558105,0.033333778381347656,-6.769230842590332,-7.296703338623047,-6.769230842590332,-75.07691955566406,-55.25274658203125,-75.07691955566406,65.36264038085938,52.83516311645508,65.36264038085938,22.41758155822754,22.593406677246094,22.41758155822754,-75.73626708984375,-78.19779968261719,-75.73626708984375,3.5769829750061035,4.365079402923584,3.5769829750061035,0
10.699999809265137,0.03333282470703125,-6.241758346557617,-7.384615421295166,-6.241758346557617,-79.47252655029297,-60.087913513183594,-79.47252655029297,70.46154022216797,55.82417678833008,70.46154022216797,18.461538314819336,23.47252655029297,18.461538314819336,-74.4175796508789,-77.75823974609375,-74.4175796508789,3.4992222785949707,4.166666507720947,3.4992222785949707,0
10.733333587646484,0.033333778381347656,-5.890110015869141,-7.384615421295166,-5.890110015869141,-83.42857360839844,-64.92308044433594,-83.42857360839844,75.20879364013672,59.516483306884766,75.20879364013672,14.329669952392578,22.94505500793457,14.329669952392578,-73.45054626464844,-76.96703338623047,-73.45054626464844,3.4992222785949707,3.9682538509368896,3.4992222785949707,0
10.766666412353516,0.03333282470703125,-5.538461685180664,-6.769230842590332,-5.538461685180664,-87.29669952392578,-69.75823974609375,-87.29669952392578,79.6043930053711,63.56044006347656,79.6043930053711,11.164834976196289,21.36263656616211,11.164834976196289,-72.92308044433594,-75.82417297363281,-72.92308044433594,3.421461820602417,3.769841194152832,3.421461820602417,0
10.800000190734863,0.033333778381347656,-5.274725437164307,-6.329670429229736,-5.274725437164307,-90.9011001586914,-74.4175796508789,-90.9011001586914,83.20879364013672,68.04395294189453,83.20879364013672,10.021978378295898,19.076923370361328,10.021978378295898,-72.74725341796875,-74.85713958740234,-72.74725341796875,3.3437013626098633,3.7037036418914795,3.3437013626098633,0
10.833333015441895,0.03333282470703125,-5.1868133544921875,-5.890110015869141,-5.1868133544921875,-94.24176025390625,-78.81318664550781,-94.24176025390625,85.5824203491211,72.43955993652344,85.5824203491211,10.197802543640137,16.263736724853516,10.197802543640137,-72.74725341796875,-74.15384674072266,-72.74725341796875,3.3437013626098633,3.7037036418914795,3.3437013626098633,0
10.866666793823242,0.033333778381347656,-5.1868133544921875,-5.714285850524902,-5.1868133544921875,-97.05494689941406,-83.12088012695312,-97.05494689941406,87.16483306884766,76.83516693115234,87.16483306884766,11.604395866394043,13.978021621704102,11.604395866394043,-72.83516693115234,-73.71428680419922,-72.83516693115234,3.3437013626098633,3.7037036418914795,3.3437013626098633,0
10.899999618530273,0.03333282470703125,-5.098901271820068,-5.714285850524902,-5.098901271820068,-99.34066009521484,-87.25274658203125,-99.34066009521484,88.83516693115234,80.61538696289062,88.83516693115234,13.978021621704102,13.01098918914795,13.978021621704102,-72.83516693115234,-73.45054626464844,-72.83516693115234,3.3437013626098633,3.7037036418914795,3.3437013626098633,0
10.933333396911621,0.033333778381347656,-5.098901271820068,-5.714285850524902,-5.098901271820068,-101.36264038085938,-90.85713958740234,-101.36264038085938,90.32967376708984,83.78022003173828,90.32967376708984,17.406593322753906,12.923076629638672,17.406593322753906,-72.92308044433594,-73.27472686767578,-72.92308044433594,3.3437013626098633,3.7037036418914795,3.3437013626098633,0
10.966666221618652,0.03333282470703125,-5.1868133544921875,-5.626373767852783,-5.1868133544921875,-103.12088012695312,-94.10989379882812,-103.12088012695312,91.47252655029297,86.24176025390625,91.47252655029297,21.538461685180664,13.714285850524902,21.538461685180664,-72.92308044433594,-73.27472686767578,-72.92308044433594,3.3437013626098633,3.7037036418914795,3.3437013626098633,0
11.0,0.033333778381347656,-5.274725437164307,-5.362637519836426,-5.274725437164307,-104.52747344970703,-97.0988998413086,-104.52747344970703,92.61538696289062,88.26373291015625,92.61538696289062,26.0219783782959,15.296703338623047,26.0219783782959,-73.0988998413086,-73.27472686767578,-73.0988998413086,3.3437013626098633,3.7037036418914795,3.3437013626098633,0
11.033333778381348,0.033333778381347656,-5.274725437164307,-5.1868133544921875,-5.274725437164307,-105.31867980957031,-99.64835357666016,-104.53846153846153,92.96703338623047,90.02198028564453,92.96703338623047,30.065933227539062,17.670330047607422,30.065933227539062,-74.5054931640625,-73.27472686767578,-74.5054931640625,3.4992222785949707,3.7037036418914795,3.4992222785949707,0
11.066666603088379,0.03333282470703125,-5.274725437164307,-5.098901271820068,-5.274725437164307,-106.19779968261719,-101.14286041259766,-104.53846153846153,93.31867980957031,91.34066009521484,93.31867980957031,34.021976470947266,20.659339904785156,34.021976470947266,-76.87911987304688,-73.36264038085938,-76.87911987304688,3.4992222785949707,3.7037036418914795,3.4992222785949707,0
11.100000381469727,0.033333778381347656,-5.274725437164307,-5.098901271820068,-5.274725437164307,-106.46154022216797,-102.63735961914062,-104.53846153846153,93.93406677246094,92.57142639160156,93.93406677246094,37.626373291015625,24.263736724853516,37.626373291015625,-79.78022003173828,-73.71428680419922,-79.78022003173828,3.4992222785949707,3.7037036418914795,3.4992222785949707,0
11.133333206176758,0.03333282470703125,-5.1868133544921875,-5.1868133544921875,-5.1868133544921875,-106.37362670898438,-103.51648712158203,-104.53846153846153,94.9011001586914,93.27472686767578,94.9011001586914,40.96703338623047,27.956043243408203,40.96703338623047,-82.4175796508789,-75.12088012695312,-82.4175796508789,3.4992222785949707,3.7037036418914795,3.4992222785949707,0
11.166666984558105,0.033333778381347656,-5.1868133544921875,-5.1868133544921875,-5.1868133544921875,-106.19779968261719,-104.30769348144531,-104.53846153846153,95.69230651855469,93.89010620117188,95.69230651855469,43.9560432434082,31.560440063476562,43.9560432434082,-84.96703338623047,-76.96703338623047,-84.96703338623047,3.4992222785949707,3.7037036418914795,3.4992222785949707,0
11.199999809265137,0.03333282470703125,-5.1868133544921875,-5.098901271820068,-5.1868133544921875,-105.93406677246094,-104.3956069946289,-104.53846153846153,96.3956069946289,94.68132019042969,96.3956069946289,46.94505310058594,35.16483688354492,46.94505310058594,-86.9011001586914,-79.16483306884766,-86.9011001586914,3.4992222785949707,3.7037036418914795,3.4992222785949707,0
11.233333587646484,0.033333778381347656,-5.1868133544921875,-5.098901271820068,-5.1868133544921875,-105.75823974609375,-104.3956069946289,-104.53846153846153,97.0988998413086,95.12088012695312,97.0988998413086,49.4945068359375,38.593406677246094,49.4945068359375,-88.21977996826172,-81.71428680419922,-88.21977996826172,3.4992222785949707,3.7037036418914795,3.4992222785949707,0
11.266666412353516,0.03333282470703125,-5.1868133544921875,-5.098901271820068,-5.1868133544921875,-105.5824203491211,-104.48351287841797,-104.53846153846153,97.0988998413086,95.47252655029297,97.0988998413086,52.92307662963867,41.846153259277344,52.92307662963867,-88.65933990478516,-83.64835357666016,-88.65933990478516,3.4992222785949707,3.7037036418914795,3.4992222785949707,0
11.300000190734863,0.033333778381347656,-5.098901271820068,-5.098901271820068,-5.098901271820068,-105.5824203491211,-104.57142639160156,-104.53846153846153,97.0988998413086,95.9120864868164,97.0988998413086,56.70329666137695,44.92307662963867,56.70329666137695,-88.74725341796875,-85.75823974609375,-88.74725341796875,3.4992222785949707,3.7037036418914795,3.4992222785949707,0
11.333333015441895,0.03333282470703125,-5.098901271820068,-5.098901271820068,-5.098901271820068,-105.5824203491211,-104.57142639160156,-104.53846153846153,97.0988998413086,96.17582702636719,97.0988998413086,60.74725341796875,48.0,60.74725341796875,-88.83516693115234,-86.81318664550781,-88.83516693115234,3.4992222785949707,3.7037036418914795,3.4992222785949707,0
11.366666793823242,0.033333778381347656,-5.098901271820068,-5.098901271820068,-5.098901271820068,-105.5824203491211,-104.57142639160156,-104.53846153846153,97.0988998413086,96.26373291015625,97.0988998413086,64.35164642333984,51.25274658203125,64.35164642333984,-88.83516693115234,-87.34066009521484,-88.83516693115234,3.4992222785949707,3.7037036418914795,3.4992222785949707,0
11.399999618530273,0.03333282470703125,-5.1868133544921875,-5.098901271820068,-5.1868133544921875,-105.5824203491211,-104.57142639160156,-104.53846153846153,97.0988998413086,96.26373291015625,97.0988998413086,67.95604705810547,54.769229888916016,67.95604705810547,-88.83516693115234,-87.69230651855469,-88.83516693115234,3.4992222785949707,3.7037036418914795,3.4992222785949707,0
11.433333396911621,0.033333778381347656,-5.274725437164307,-5.098901271820068,-5.274725437164307,-105.5824203491211,-104.57142639160156,-104.53846153846153,97.0988998413086,96.26373291015625,97.0988998413086,71.73626708984375,58.28571319580078,71.73626708984375,-88.83516693115234,-88.21977996826172,-88.83516693115234,3.4992222785949707,3.7037036418914795,3.4992222785949707,0
11.466666221618652,0.03333282470703125,-5.274725437164307,-5.098901271820068,-5.274725437164307,-105.5824203491211,-104.57142639160156,-104.53846153846153,97.0988998413086,96.26373291015625,97.0988998413086,75.34066009521484,61.89011001586914,75.34066009521484,-88.83516693115234,-88.3956069946289,-88.83516693115234,3.4992222785949707,3.7037036418914795,3.4992222785949707,0
11.5,0.033333778381347656,-5.362637519836426,-5.098901271820068,-5.362637519836426,-105.5824203491211,-104.57142639160156,-104.53846153846153,97.0988998413086,96.26373291015625,97.0988998413086,78.85713958740234,65.75823974609375,78.85713958740234,-88.83516693115234,-88.3956069946289,-88.83516693115234,3.4992222785949707,3.7037036418914795,3.4992222785949707,0
11.533333778381348,0.033333778381347656,-5.626373767852783,-5.098901271820068,-5.626373767852783,-105.5824203491211,-104.57142639160156,-104.53846153846153,97.0988998413086,96.26373291015625,97.0988998413086,80.87911987304688,69.18681335449219,80.87911987304688,-88.65933990478516,-88.3956069946289,-88.65933990478516,3.3437013626098633,3.7037036418914795,3.3437013626098633,0
11.566666603088379,0.03333282470703125,-5.274725437164307,-5.098901271820068,-5.274725437164307,-105.5824203491211,-104.57142639160156,-104.53846153846153,97.0988998413086,96.26373291015625,97.0988998413086,80.0,72.79120635986328,80.0,-88.65933990478516,-88.30769348144531,-88.65933990478516,3.4992222785949707,3.7037036418914795,3.4992222785949707,0
11.600000381469727,0.033333778381347656,-5.274725437164307,-5.098901271820068,-5.274725437164307,-105.5824203491211,-104.57142639160156,-104.53846153846153,97.0988998413086,96.26373291015625,97.0988998413086,79.73626708984375,75.95604705810547,79.73626708984375,-88.65933990478516,-88.30769348144531,-88.65933990478516,3.4992222785949707,3.7037036418914795,3.4992222785949707,0
11.633333206176758,0.03333282470703125,-5.362637519836426,-5.098901271820068,-5.362637519836426,-105.5824203491211,-104.57142639160156,-104.53846153846153,97.0988998413086,96.26373291015625,97.0988998413086,79.73626708984375,77.80220031738281,79.73626708984375,-88.65933990478516,-88.30769348144531,-88.65933990478516,3.4992222785949707,3.7037036418914795,3.4992222785949707,0
11.666666984558105,0.033333778381347656,-5.362637519836426,-5.098901271820068,-5.362637519836426,-105.5824203491211,-104.57142639160156,-104.53846153846153,97.0988998413086,96.26373291015625,97.0988998413086,79.73626708984375,78.15384674072266,79.73626708984375,-88.65933990478516,-88.3956069946289,-88.65933990478516,3.4992222785949707,3.7037036418914795,3.4992222785949707,0
11.699999809265137,0.03333282470703125,-5.362637519836426,-5.098901271820068,-5.362637519836426,-105.5824203491211,-104.57142639160156,-104.53846153846153,97.0988998413086,96.26373291015625,97.0988998413086,79.73626708984375,78.68132019042969,79.73626708984375,-88.65933990478516,-88.21977996826172,-88.65933990478516,3.4992222785949707,3.7037036418914795,3.4992222785949707,0
11.733333587646484,0.033333778381347656,-5.362637519836426,-5.098901271820068,-5.362637519836426,-105.5824203491211,-104.57142639160156,-104.53846153846153,97.0988998413086,96.26373291015625,97.0988998413086,79.73626708984375,79.03296661376953,79.73626708984375,-88.65933990478516,-88.21977996826172,-88.65933990478516,3.4992222785949707,3.7037036418914795,3.4992222785949707,0
11.766666412353516,0.03333282470703125,-5.362637519836426,-5.098901271820068,-5.362637519836426,-105.5824203491211,-104.57142639160156,-104.53846153846153,97.0988998413086,96.26373291015625,97.0988998413086,79.73626708984375,79.29669952392578,79.73626708984375,-88.65933990478516,-88.21977996826172,-88.65933990478516,3.4992222785949707,3.7037036418914795,3.4992222785949707,0
11.800000190734863,0.033333778381347656,-5.362637519836426,-5.098901271820068,-5.362637519836426,-105.5824203491211,-104.57142639160156,-104.53846153846153,97.0988998413086,96.26373291015625,97.0988998413086,79.73626708984375,79.38461303710938,79.73626708984375,-88.65933990478516,-88.21977996826172,-88.65933990478516,3.4992222785949707,3.7037036418914795,3.4992222785949707,0
11.833333015441895,0.03333282470703125,-5.362637519836426,-5.098901271820068,-5.362637519836426,-105.5824203491211,-104.57142639160156,-104.53846153846153,97.0988998413086,96.26373291015625,97.0988998413086,79.73626708984375,79.38461303710938,79.73626708984375,-88.65933990478516,-88.21977996826172,-88.65933990478516,3.4992222785949707,3.7037036418914795,3.4992222785949707,0
11.866666793823242,0.033333778381347656,-5.362637519836426,-5.098901271820068,-5.362637519836426,-105.5824203491211,-104.57142639160156,-104.53846153846153,97.0988998413086,96.26373291015625,97.0988998413086,79.73626708984375,79.38461303710938,79.73626708984375,-88.65933990478516,-88.21977996826172,-88.65933990478516,3.4992222785949707,3.7037036418914795,3.4992222785949707,0
11.899999618530273,0.03333282470703125,-5.362637519836426,-5.098901271820068,-5.362637519836426,-105.5824203491211,-104.57142639160156,-104.53846153846153,97.0988998413086,96.26373291015625,97.0988998413086,79.73626708984375,79.38461303710938,79.73626708984375,-88.65933990478516,-88.21977996826172,-88.65933990478516,3.4992222785949707,3.7037036418914795,3.4992222785949707,0
11.933333396911621,0.033333778381347656,-5.362637519836426,-5.098901271820068,-5.362637519836426,-105.5824203491211,-104.57142639160156,-104.53846153846153,97.0988998413086,96.26373291015625,97.0988998413086,79.73626708984375,79.38461303710938,79.73626708984375,-88.65933990478516,-88.21977996826172,-88.65933990478516,3.4992222785949707,3.7037036418914795,3.4992222785949707,0
11.966666221618652,0.03333282470703125,-5.362637519836426,-5.098901271820068,-5.362637519836426,-105.5824203491211,-104.57142639160156,-104.53846153846153,97.0988998413086,96.26373291015625,97.0988998413086,79.73626708984375,79.38461303710938,79.73626708984375,-88.65933990478516,-88.21977996826172,-88.65933990478516,3.4992222785949707,3.7037036418914795,3.4992222785949707,0
12.0,0.033333778381347656,-5.362637519836426,-5.098901271820068,-5.362637519836426,-105.5824203491211,-104.57142639160156,-104.53846153846153,97.0988998413086,96.26373291015625,97.0988998413086,79.73626708984375,79.38461303710938,79.73626708984375,-88.65933990478516,-88.21977996826172,-88.65933990478516,3.4992222785949707,3.7037036418914795,3.4992222785949707,0
12.033333778381348,0.033333778381347656,-5.362637519836426,-5.098901271820068,-5.362637519836426,-105.5824203491211,-104.57142639160156,-104.53846153846153,97.0988998413086,96.26373291015625,97.0988998413086,79.73626708984375,79.38461303710938,79.73626708984375,-88.65933990478516,-88.21977996826172,-88.65933990478516,3.4992222785949707,3.7037036418914795,3.4992222785949707,0
12.066666603088379,0.03333282470703125,-5.362637519836426,-5.098901271820068,-5.362637519836426,-105.5824203491211,-104.57142639160156,-104.53846153846153,97.0988998413086,96.26373291015625,97.0988998413086,79.73626708984375,79.38461303710938,79.73626708984375,-88.65933990478516,-88.21977996826172,-88.65933990478516,3.4992222785949707,3.7037036418914795,3.4992222785949707,0
12.100000381469727,0.033333778381347656,-5.362637519836426,-5.098901271820068,-5.362637519836426,-105.5824203491211,-104.57142639160156,-104.53846153846153,97.0988998413086,96.26373291015625,97.0988998413086,79.73626708984375,79.38461303710938,79.73626708984375,-88.65933990478516,-88.21977996826172,-88.65933990478516,3.4992222785949707,3.7037036418914795,3.4992222785949707,0
12.133333206176758,0.03333282470703125,-5.362637519836426,-5.098901271820068,-5.362637519836426,-105.5824203491211,-104.57142639160156,-104.53846153846153,97.0988998413086,96.26373291015625,97.0988998413086,79.73626708984375,79.38461303710938,79.73626708984375,-88.65933990478516,-88.21977996826172,-88.65933990478516,3.4992222785949707,3.7037036418914795,3.4992222785949707,0
12.166666984558105,0.033333778381347656,-5.362637519836426,-5.098901271820068,-5.362637519836426,-105.5824203491211,-104.57142639160156,-104.53846153846153,97.0988998413086,96.26373291015625,97.0988998413086,79.73626708984375,79.38461303710938,79.73626708984375,-88.65933990478516,-88.21977996826172,-88.65933990478516,3.4992222785949707,3.7037036418914795,3.4992222785949707,0
12.199999809265137,0.03333282470703125,-5.362637519836426,-5.098901271820068,-5.362637519836426,-105.5824203491211,-104.57142639160156,-104.53846153846153,97.0988998413086,96.26373291015625,97.0988998413086,79.73626708984375,79.38461303710938,79.73626708984375,-88.65933990478516,-88.21977996826172,-88.65933990478516,3.4992222785949707,3.7037036418914795,3.4992222785949707,0
12.233333587646484,0.033333778381347656,-5.362637519836426,-5.098901271820068,-5.362637519836426,-105.5824203491211,-104.57142639160156,-104.53846153846153,97.0988998413086,96.26373291015625,97.0988998413086,79.73626708984375,79.38461303710938,79.73626708984375,-88.65933990478516,-88.21977996826172,-88.65933990478516,3.4992222785949707,3.7037036418914795,3.4992222785949707,0
12.266666412353516,0.03333282470703125,-5.362637519836426,-5.098901271820068,-5.362637519836426,-105.5824203491211,-104.57142639160156,-104.53846153846153,97.0988998413086,96.26373291015625,97.0988998413086,79.73626708984375,79.38461303710938,79.73626708984375,-88.65933990478516,-88.21977996826172,-88.65933990478516,3.4992222785949707,3.7037036418914795,3.4992222785949707,0
12.300000190734863,0.033333778381347656,-5.362637519836426,-5.098901271820068,-5.362637519836426,-105.5824203491211,-104.57142639160156,-104.53846153846153,97.0988998413086,96.26373291015625,97.0988998413086,79.73626708984375,79.38461303710938,79.73626708984375,-88.65933990478516,-88.21977996826172,-88.65933990478516,3.4992222785949707,3.7037036418914795,3.4992222785949707,0
12.333333015441895,0.03333282470703125,-5.362637519836426,-5.098901271820068,-5.362637519836426,-105.5824203491211,-104.57142639160156,-104.53846153846153,97.0988998413086,96.26373291015625,97.0988998413086,79.73626708984375,79.38461303710938,79.73626708984375,-88.65933990478516,-88.21977996826172,-88.65933990478516,3.4992222785949707,3.7037036418914795,3.4992222785949707,0
12.366666793823242,0.033333778381347656,-5.362637519836426,-5.098901271820068,-5.362637519836426,-105.5824203491211,-104.57142639160156,-104.53846153846153,97.0988998413086,96.26373291015625,97.0988998413086,79.73626708984375,79.38461303710938,79.73626708984375,-88.65933990478516,-88.21977996826172,-88.65933990478516,3.4992222785949707,3.7037036418914795,3.4992222785949707,0
12.399999618530273,0.03333282470703125,-5.362637519836426,-5.098901271820068,-5.362637519836426,-105.5824203491211,-104.57142639160156,-104.53846153846153,97.0988998413086,96.26373291015625,97.0988998413086,79.73626708984375,79.38461303710938,79.73626708984375,-88.65933990478516,-88.21977996826172,-88.65933990478516,3.4992222785949707,3.7037036418914795,3.4992222785949707,0
12.433333396911621,0.033333778381347656,-5.362637519836426,-5.098901271820068,-5.362637519836426,-105.5824203491211,-104.57142639160156,-104.53846153846153,97.0988998413086,96.26373291015625,97.0988998413086,79.73626708984375,79.38461303710938,79.73626708984375,-88.65933990478516,-88.21977996826172,-88.65933990478516,3.4992222785949707,3.7037036418914795,3.4992222785949707,0
