R,fracE_bw,p99_v,p99_a,min_invk,seam_v,S_pos,S_vel,S_env
1.4277524992292498,0.10031709173121284,0.6112871494937101,5.523672545267867,0.008030893215768569,0.34493832975540817,0,0,0
0.9097368822148327,0.15026618036921627,1.4398384694571154,9.666371545904056,0.00803098863067075,0.0,0,0,0
0.4926865787718419,0.10009858986817732,2.4396246692418013,11.047298202255545,0.019616197452192296,0.5822669928171562,0,0,0
0.6020171686361709,0.037907123489651674,1.015897052720246,12.428274293535377,0.008264340598140067,0.10673368872651705,0,0,0
0.738053884316706,0.09320409781878493,0.8382196733006322,6.904711179221179,0.006905986922509505,0.12225800843263725,0,0,0
0.9039765496429782,0.07731588137109274,0.9499290402451609,8.061633667924113,0.007255374210539744,0.06469633253523896,0,0,0
0.8885195878377296,0.04338014464244588,0.9082773988279438,9.405231870868363,0.006019515491901724,0.012939491092505268,0,0,0
0.29431426967582636,0.033707037207488744,1.663547116922245,13.809130542566027,0.0008594877243746684,0.32451662932239134,0,0,0
0.6682202567545668,0.04200993246735466,1.2428281783675992,10.025505210487738,0.0003686953754514425,0.23229081283923508,0,0,0
1.011936133932039,0.08561406076216009,1.0126740652084711,6.904591336971855,0.0002562909882396992,0.24451575161317446,0,0,0
1.4586218240804119,0.23096382863100806,0.23337524311604463,5.523768943376983,0.004825759441578397,0.02759506348045503,0,0,0
1.024130751874057,0.09667334517012888,0.7613762203627398,5.703283644290716,0.00478095749037099,0.055190126960910184,0,0,0
1.214987768023016,0.19296619594133765,0.7825182343104419,16.570955093129957,0.0007253909118849312,0.02759506348045528,0,0,0
0.5053742255629751,0.02480709275944272,3.0872770553873763,18.31105436279655,7.785055702142419e-05,0.22006441517874703,0,0,0
0.40061575277965394,0.05287148163349148,1.496776492531031,13.610750145888447,0.016047006936642308,0.13045211468798418,0,0,0
0.6615127799987504,0.13696908737447155,1.47620328166768,12.428308148970782,0.009872096005356159,0.146709875371264,0,0,0
1.335507199381256,0.1751514486505187,0.49252779500259136,11.765372585402488,0.008031052357738853,0.3622990130264288,4,0,0
0.7464202234193102,0.12114356040422834,1.6239635416391798,11.226930067693146,0.007953293284770525,0.0,0,0,0
0.3931920306508982,0.12891818839958685,2.031794105440492,11.047313781748278,0.03661176610501884,0.6081459750021667,0,0,0
0.6302967883426013,0.05639056777874878,1.3176291426860773,12.2671168029347,0.034415421036611805,0.13045205036299135,0,0,0
0.305424185026655,0.049225575267031786,1.6821878387789948,20.226844476359954,0.02855666614068861,0.018028747693299697,0,2,0
0.4260166479641039,0.12408589341643504,2.0317933164790203,9.845982719828026,0.01913912641918905,0.4277232594326659,0,0,0
0.9244870726793316,0.12386897443885649,0.5177358864771417,9.439201186627638,0.03490946324101707,0.118628338133746,0,0,0
0.23278228190367864,0.0153446035367362,3.7284841156549167,27.494112529562745,0.03196782872516557,0.5408611041477857,0,2,0
0.6990465364037034,0.1705156261505465,1.2920813653315035,12.787269839927033,0.007877072681947943,0.32020055157960725,0,0,0
1.8229166666666667,0.0711326480085471,0.04603065884741804,1.3809197654225411,0.007877072681947941,0.013797531740227577,0,0,0
1.3611111111111132,0.08614062863627858,0.0032221461193189345,1.3809197654225358,0.007877072681947941,0.0,0,0,0
0.4565985082898248,0.03903450679834119,2.5349096835150537,13.809185108239815,0.007877072681947954,0.0,0,0,0
0.3742147278620363,0.026037332164794747,1.347777371473067,7.084214195515468,0.043616419399631685,0.41567762654911744,0,0,0
0.7984747054780102,0.08610590704659311,1.388392369136726,13.610696550164649,0.045778123190848286,0.11862833813374696,0,0,0
0.2898233618097961,0.04715057298914586,1.9150382967533888,19.159797785686422,0.04016085166152247,0.013181180659708943,0,2,0
0.47822776148361507,0.04738031478468318,2.301532443028194,11.226876719167016,0.04015595675412438,0.3449382935056892,0,0,0
0.8183636185893374,0.07144835536859097,0.4603060891314753,5.523709022252421,0.041888973970021434,0.06469633253523989,0,0,0
0.38451359536777074,0.06611236931992902,2.219138010603039,12.092433302643443,0.04231650330398753,0.0,0,0,0
0.31326475559969946,0.012696498850735038,3.185781526819484,16.75057405679988,0.011482859765141957,0.7634176222576562,0,0,0
1.7013888888888893,0.04052401960616727,0.0032221461193189635,1.3809226865773618,0.009029171546005478,0.012225999782338173,0,0,0
0.28520572223209945,0.05194396176249575,2.4428468677921074,13.988702617956239,0.009029171546005478,0.0,0,0,0
0.4614138517001991,0.023582927313411817,1.522234549713196,11.047313781748203,0.04425210596585675,0.4001286449809875,0,0,0
0.6314951908337282,0.11754970314076563,1.295303843513721,9.846086982584763,0.044998105480034564,0.3667746884281609,0,0,0
0.6913934163982306,0.10405721359015968,1.3561456773168183,12.136116282182865,0.04673460443076085,0.07335493768563466,0,0,0
0.7001063869473695,0.07156341875015054,1.7529574032405715,13.664068103390461,0.04350102986692095,0.1977142781901829,0,0,0
0.5482049739019934,0.1156747921297226,1.8113039414159426,12.787397471922363,0.04339602070906119,0.06898758386300956,0,0,0
0.5436465994280985,0.058063054647935604,1.6603267759268034,15.190128804661596,0.043952496544955366,0.5012575030086871,0,0,0
0.6417243898790411,0.14464862561932787,0.7921883353471348,12.607770718505947,0.038946187796029194,0.13797531740227564,0,0,0
0.63820134772838,0.04216732444258808,1.7491655355445799,12.428326275110884,0.03945083508340829,0.18338681370988238,0,0,0
1.2931354712797363,0.089210558649027,0.5523679061690157,7.084113827631882,0.03823395202614277,0.059296579503610856,0,0,0
0.7558076193725487,0.12735852812834902,1.257166816607832,13.48455940020617,0.03829932879865363,0.023718554611452884,0,0,0
0.6024175109967339,0.059513322514112926,0.8317744697615586,8.431095144170127,0.029834149245751774,0.4867750821764209,0,0,0
0.3908119022907087,0.013455441538721944,0.6936831898023796,7.08411418341355,0.02960155156141745,0.0237185546114531,0,0,0
0.4867218735994184,0.03492256094716992,3.4578223136434194,26.41694560270416,0.008994024581782565,0.11862891008465581,0,3,0
0.3278406665643939,0.05197246756432835,2.1763288711998436,12.607747349267493,0.010094968963532257,0.6996974253628556,0,0,0
0.526990356583715,0.1220292913352053,1.0619283207657622,9.66643671012687,0.00756460630743275,0.2899813989063306,0,0,0
1.0205389713090143,0.062435020839376354,1.3178586741020066,12.966804502065555,0.007567937497625278,0.0,0,0,0
0.3103552681433124,0.017082876450765085,2.8110921385714467,13.80921263450655,0.023509225915197034,0.47437160682900076,0,0,0
0.5438387269408228,0.0892530637871388,1.8935884930933908,12.559312954084792,0.037702538001243395,0.522832356454486,0,0,0
0.28480378890101327,0.03645836388386553,2.6301925606015306,20.713781800662645,0.03795817658770805,0.9194637001644078,0,0,0
1.0797388045686125,0.048743144001207266,0.5095596256352745,6.90459328440861,0.03593666004679883,0.16821071725026177,0,0,0
0.31498245015925547,0.024086021617859027,4.346214274076514,25.21560405458706,0.03785323161620766,0.011859212980733775,0,7,0
1.6333333333333349,0.04972669801709661,0.04603065884741783,1.3809197654225476,0.007954063924685546,0.0,0,0,0
1.5069486631649591,0.09498048266594417,0.046031407861473195,1.5604588841943032,0.00795406392468555,0.0,0,0,0
0.4240508268952848,0.05982696794369752,3.1761152807084683,12.428245245834079,0.00795406392468555,0.13448387558892586,0,0,0
0.6377821435512182,0.050400839439715885,1.2000205469793694,8.465048273729998,0.0030816371836192044,0.2458464005120961,0,0,0
0.5206283440519017,0.07865326273688018,1.132211675391684,11.04730599200209,0.0053887007048091535,0.08278534011762412,0,0,0
0.5769762410851975,0.16213313687944195,0.8603553653226825,9.666415887536097,0.007817762603527014,0.23437305668729277,0,0,0
0.2208776610329363,0.01582579299784685,1.804861401870195,16.929992284703253,0.0008131715446298905,0.012225469278139216,0,0,0
0.389954512197315,0.05163774651086071,1.4269497451638826,11.226904732292711,0.004760343761173893,0.4156770960449159,0,0,0
0.5082293976688629,0.04412429038487704,0.6048445700005515,8.465160326232555,0.0004797278955451911,0.3083410812989026,0,0,0
0.5356389223472476,0.07249098732079721,3.392462128669632,16.930096547459968,0.000815301753690379,0.01185947028070466,0,2,0
0.5901606197910373,0.07661570502457374,3.961859306339972,15.728781065032127,0.008028002347672975,1.0317569326232265,0,7,2
1.2262146748771037,0.14431737830987204,0.5523651897447067,5.703182077984418,0.007951139700897149,0.0,0,0,0
0.8868348315933826,0.13385518886692513,0.5523651897447067,5.703213236969191,0.007953474900472251,0.0,0,0,0
0.5401684706610405,0.03435901365199946,3.0541318401516273,15.19009884409939,0.01682443107877716,0.16602949633021374,0,0,0
0.6187664726651443,0.08181025284862346,1.3436046377268274,9.618757218149138,0.03965392573922876,0.08301487681509243,0,0,0
0.252520555152797,0.04067757109536898,2.3097194774085255,21.12808544380949,0.026338130987110492,0.06590475939672699,0,1,0
0.5518424962402216,0.16503312829996478,1.712800583518067,11.047418044504843,0.026328385391252512,0.5501609716338426,0,0,0
0.5682474942573302,0.07256134529753593,1.1801337088969452,13.436048354666237,0.0357289602610132,0.1293928405278676,0,0,0
0.4145620246583583,0.05593721671041161,2.0382385025410996,15.190098844099369,0.032942607547264774,0.16821071725026202,0,0,0
0.9407290914256045,0.0862614434018333,0.5095594159113388,9.666438357957784,0.03037571241366647,0.07763568326183394,0,0,0
0.49937006833250225,0.028991484211747406,2.774728045414379,16.570962882876312,0.019518034527685146,0.16602988228017082,0,0,0
0.7217474871889396,0.16880085983094661,1.9130347908967877,16.75064176767072,0.007559747120495053,0.2134673774530341,0,0,0
0.8957459799406983,0.10986144058183668,1.8412264937126803,19.69192888777013,0.007564150307795506,0.013180608708800085,3,0,0
2.041666666666667,0.013588238315135469,0.0,0.0,0.007953720461127063,0.0,0,0,0
1.5976059385161043,0.3971813751468037,0.09206281572294686,2.7618844716885915,0.007953720461127073,0.0,0,0,0
0.45660318128573946,0.049920577097794544,4.376134968818386,17.951889539228,0.007954032329414239,0.0,0,12,4
0.5535040431641524,0.11580796719501485,1.1228061765171646,8.410961244134626,0.023639491137596877,0.11862833813374506,0,0,0
0.3482092645369323,0.04430759784957611,2.3475638508896703,16.68749586181314,0.01811479047714682,0.11862833813374506,0,1,0
0.7267485783455648,0.11023513591724371,1.3873645220498934,11.226880614039946,0.018608173479734088,0.611290174789236,0,0,0
1.0362271615984224,0.1902000413813195,0.3714673295136915,5.703198631195088,0.032931578741675446,0.047437109222905983,0,0,0
0.37362673826167897,0.08301992914058873,2.2651694184645126,23.475629495760852,0.03358945382746711,0.0,0,0,0
0.4616302995389792,0.07133331084747614,2.258724951455925,15.369747768332067,0.008490894002577553,0.5623875019203797,3,0,0
1.730022253246052,0.330637564545144,0.15420493670402613,5.882678502955151,0.007875875361420944,0.02371894056140932,0,0,0
1.0960632103663506,0.3191903506393272,0.7364905415586858,9.845998299320359,0.007953813011788552,0.013797531740227577,0,0,0
0.4051465175846956,0.07783559071233587,3.412714370205732,15.190124909788532,0.010411854684952591,0.0948747330457546,0,0,0
0.42733726632578617,0.06089153845506318,2.676222969777599,15.549132215700954,0.003081672873407702,0.913164288215947,0,0,0
0.6434187421533154,0.04051529885643535,1.0874248571551475,10.923508651206879,0.0022827131370444635,0.16602949633021374,0,0,0
0.9713010882846436,0.03054793105632154,0.5984003127159032,9.666491388153032,0.00010054473827468507,0.03954239807730911,0,0,0
0.3432541872732879,0.047798629921404844,1.5714861587541569,20.893304291322508,0.0022852962264870765,0.6850906434771147,0,0,0
1.1552065981566801,0.0904797203383999,0.6444280054676536,9.666371545903909,0.003558177924933557,0.1164537354416168,0,0,0
0.7295030920463585,0.07684402292645993,0.4635282876817798,6.904606916464441,0.0020863436601349468,0.02759506348045503,0,0,0
0.33409359224713436,0.037468292837602925,4.3729119463526205,40.40584371332898,0.004804824962522097,0.0,0,8,4
0.5548391624162708,0.04271836849720342,4.158869649860474,28.157037082624427,0.00794982292192922,1.1740685175919152,3,4,3
1.4973739511713895,0.2337602441211062,0.7986319397411982,6.904488534792738,0.008029262410204692,0.036057384832332236,0,0,0
1.7310937335633505,0.43913344465533877,0.08957365569777484,2.6969115527217835,0.007954254317986612,0.0,0,0,0
0.4891852569718688,0.12289431129046093,4.247710127217164,24.85660071844915,0.007954286207832043,0.054086077248498364,0,7,4
0.2553182080941873,0.03582023320363074,1.485869667594652,9.845982719828,0.033151690482158706,0.34493821866756036,0,0,0
0.4160466596617711,0.0395696971657225,1.5352927717478708,12.136112495919857,0.041639560863361555,0.10544830137585573,0,0,0
0.5872615668624136,0.0743520622136338,2.2581532141092264,17.466883458961465,0.03845110021578683,0.522832356454486,0,3,0
0.27844247079839235,0.053905332784900735,3.7906243790811316,20.713789590408723,0.041043224964232405,0.05408607724849844,0,4,0
0.5093371839652,0.04487840950211466,1.8080853181594052,12.428272346098888,0.044463152358843266,0.11859264440727951,0,0,0
0.5819833125400964,0.17646112421319884,0.5127815395602362,5.5236790616901645,0.0465675111828945,0.07335480505958249,0,0,0
0.7977168756571663,0.12644548388993868,0.601620773553591,8.285479007142476,0.046044374707034694,0.0,0,0,0
0.2276575516694884,0.02726597260102927,4.017557082651426,22.453860135386304,0.03586265013962358,0.3966313437099221,0,8,0
0.544149238915279,0.07276332728745026,0.9238380919229734,8.465040483983804,0.00795221745160121,0.31787068929880646,4,0,0
1.1978162522747455,0.2516623644552914,0.4174969180512323,5.523690746309473,0.007954190832298133,0.0,0,0,0
0.7571659864992752,0.12442193674370654,0.4635282876817798,5.52369074630944,0.007954222612249848,0.20696297610341355,0,0,0
0.45681595558951243,0.03388186013293996,3.1397521163288267,12.428321181815358,0.00903030508609559,0.059296322203638896,0,0,0
0.5671404880614886,0.06461794278291506,1.6154616948128335,13.43605300979059,0.02477835985749317,0.17788922391089018,0,0,0
0.2862280225905414,0.017965855356426443,2.207095991082611,21.754807397017686,0.008993664395460819,0.5588898518410854,0,2,0
1.0909318913188761,0.13231220922829176,0.46030608913147075,6.904613432886814,0.01295746247424174,0.12417786050017765,0,0,0
1.0199207785932944,0.1806460391915653,0.3682432734085239,5.523656890874226,0.016188214648866325,0.013797531740227515,0,0,0
0.23993432179154375,0.020118761155421706,4.007889233650328,29.42146026118807,0.008426730569456947,0.23437305668729327,0,10,0
1.1342641810845968,0.1242558517544313,0.04925332677986185,1.5604491470115749,0.007954032098027794,0.07335493768563112,0,0,0
0.5221248391079311,0.14382624833892285,2.7682847868151343,16.570947303383576,0.007953969288916556,0.0,0,0,0
0.7081777511442655,0.11363515023929066,1.8841826426814563,16.29791338916552,0.04282811750098707,0.12417741147140055,0,0,0
0.2623927908362599,0.0495796916514075,2.1507256465010434,23.655068920761583,0.039776360024320806,0.07908594005643785,0,0,0
0.5467877079111262,0.0547727581494729,0.74615699739364,11.226876719167029,0.03823499815157951,0.47680629920031004,0,0,0
0.2835728566679247,0.08634464535130155,3.0412469008760894,20.585903793814587,0.03603011001396408,0.051757122174556,0,0,0
0.4975637161460719,0.04096099977103463,2.370117103555015,16.75064176767072,0.008027170383412012,0.6985911359464044,4,0,0
1.8119777824032908,0.18498963384350312,0.04603140786147366,1.5604491470117228,0.00795419082043542,0.013181180659708943,0,0,0
0.8024581927717488,0.06372550725671848,0.9730877035931124,9.666491388153032,0.007954190820435428,0.012225999782338173,0,0,0
0.27152898856239316,0.024733300424225457,2.5413500858740283,14.83302526578949,0.021802528395060514,0.3105421715836942,0,0,0
0.5007717444332194,0.08996406513511145,1.8676119379476248,18.985132905892716,0.03507087259945444,0.146709875371264,0,2,0
0.40764853469112977,0.06945781765463656,2.6366359590167283,15.549155584939532,0.03752073861191682,0.4032158143446572,0,0,0
1.2481339985824047,0.189324509319414,0.37791172661429423,6.9045988271127126,0.03748615425354781,0.01379753174022764,0,0,0
0.30306414974088725,0.05181114932395004,3.6428666258100013,31.761072213172106,0.03402729868872159,0.02636178936850998,0,2,0
0.4106833155300101,0.07990657205928359,3.17611521080049,22.63328371873989,0.007721215915128734,0.8538679660123064,3,0,0
1.7668269230769234,0.1471984501983571,0.05221374657636453,4.142759296267621,0.007568019662516327,0.0,0,0,0
0.5772616508638032,0.10027124907528277,2.9491842249690974,11.047418044504669,0.007568019662516327,0.0,0,0,0
0.36937376637249075,0.04798435008651896,2.261947219914209,19.33287671591555,0.0393241293583293,0.8022355340715278,0,0,0
0.6378550733374263,0.11534828612392994,1.9383743597071599,17.64152823520929,0.03957919284219965,0.10817204394272956,0,0,0
0.4569971720169093,0.034502633670588805,2.3079786277756824,13.809186568817394,0.009301101745051795,0.018028692416166118,0,0,0
0.8094740554243693,0.07979929083021377,0.3247413928885591,5.703223723166011,0.009301101741444058,0.041392595220682796,0,0,0
0.464025449303522,0.05651247460811388,1.6732144665806372,16.571041079943583,0.0084659776054411,0.3064879369062253,0,0,0
0.2523781376810121,0.033676084257638315,3.869797971168142,30.739294800896513,0.006520360567770764,0.5379351044775538,3,3,0
1.7500000000000007,0.22219010130424433,0.046030658847417846,2.761839530845076,0.007876979909147002,0.0,0,0,0
1.6240530303030305,0.14789057837870337,0.046031407861473195,2.941352284322086,0.007876979909147002,0.0,0,0,0
0.4171954310316652,0.055156752907948636,3.2253668198414505,18.131479740758447,0.007954063874977504,0.07908594005643785,0,0,0
0.7165492611017649,0.04341147877637269,1.565042435766201,11.047433623997376,0.016134242677730205,0.26090416505097563,0,0,0
0.8095313156248255,0.14833248159703025,1.0457734011189894,12.092451758357765,0.014595993917572913,0.06469689399888218,0,0,0
0.7016065501836782,0.08667990231058852,1.0332330508718974,10.92351349171226,0.00972312411940914,0.21634408788545845,0,0,0
0.4977760186089674,0.016588797064581887,1.7491618204348633,11.047418044504955,0.0023090183988592455,0.3439189775410752,0,0,0
1.548855008410406,0.2978960075121879,0.11139572739284956,3.300436364175275,0.01116565813031346,0.055190126960910274,0,0,0
0.9676043887353002,0.111477304376231,2.626970362051231,11.047425834251115,0.0005243823884218203,0.2934197507425298,0,0,0
1.110478408109896,0.1769724862127089,0.4667504862320826,5.703171591787624,0.00019008533682269421,0.012225804987827785,0,0,0
0.5065336519651221,0.07699341764910288,1.1315143496553768,16.57104107994355,0.0002792464729218085,0.013181180659710849,0,0,0
0.23116298772518787,0.021109622468426337,4.145981003121405,22.191771159926297,0.0030919379439506853,0.44012883035749384,0,8,3
0.7829233217945222,0.16127319049289948,1.3809182673944245,11.226836272408043,0.010093018833252511,0.07908594005643595,0,0,0
0.8830067687226141,0.08335557707275912,1.2952998487720835,13.146434663495661,0.0077989289501282566,0.07335493768563112,3,0,0
0.544248789437246,0.04293597772548111,3.4094904539165283,19.512338686239573,0.008030956485589422,0.0,0,1,0
0.23614109940342148,0.027879026920559925,2.087490181490037,13.809242595068785,0.0012151906340485974,0.675978999401389,0,0,0
0.5233648848055602,0.06157475606848258,0.9904483518833905,8.824085465303195,0.0011689658957325468,0.12225814105868715,0,0,0
1.048256991694084,0.12239435758695327,0.7927275202971148,9.579872362754,0.0022781035775569815,0.5408611041477859,0,0,0
1.1402757438345108,0.10946187072358389,0.4142786760116346,6.904487804504032,0.0022790890588317092,0.0,0,0,0
0.7184836668443239,0.064735950224366,1.4587365679872286,22.453865490836776,0.0010333721012016225,0.0,0,0,0
0.38988473647075716,0.09565736231920834,2.2619434348965113,19.691965439656,0.001351142563432378,0.48769567709651257,0,0,0
0.6518140355308241,0.06782304394783974,1.3873645220498918,9.666452289619254,0.005631067370755163,0.5336679290326414,0,0,0
0.7027228906919271,0.1336139820332534,1.2697071284055192,12.90869752277686,0.02271622437123834,0.02371868326143865,0,0,0
0.2800728516028984,0.022159686422034874,3.4159354077842528,24.373203225032835,0.016714814842838745,0.3427049776433497,0,0,0
1.3611111111111112,0.0010700338195752522,0.0,0.17951956950492406,0.007568293006205324,0.0,0,0,0
1.138316376720773,0.09350959785322545,0.3286599777573792,4.142826707532787,0.007568293006205324,0.0,0,0,0
0.34611074066306774,0.04811998396613635,4.099951445168606,16.57103059374683,0.007952816950233825,0.013797531740227515,0,9,2
0.43328465373378394,0.07936805125632455,1.5652186022130312,12.428270398662251,0.00023435043926148328,0.4011177670357639,0,0,0
0.5252981454740494,0.06423889604516483,2.021678600343728,23.011469860337925,0.00018987413139606133,0.06898758386300856,0,0,0
0.3510336545156536,0.04123699747322227,1.9365102995765848,12.607802027293529,0.00023474152500689284,0.45287488921031965,0,0,0
0.6977011001296319,0.09675831887972196,0.9436588651216149,13.988720744096462,0.004381343246699116,0.03881791181387258,0,0,0
0.28605457819344476,0.015379733910022002,4.23804274260478,25.21552585751968,0.0012387478336285537,0.47680623288728513,0,8,1
1.3518669962726586,0.12708248260995403,0.555590823772812,9.666371545903882,0.0075683207842182805,0.14231158496868884,0,0,0
1.6333333333333342,0.16271108230504663,0.044786827848887434,1.3436048354666288,0.007645197346441174,0.0,0,0,0
1.5856947988143248,0.2895632841789187,0.0492536064117822,1.3809422358442218,0.007645197346441174,0.0,0,0,0
0.41032376929656605,0.04348471850411193,3.823766992741393,23.65516885796226,0.009719621908150249,0.20160790717232774,0,4,0
0.5227850259835846,0.08230655107012064,1.6311368387583918,15.486047105440289,0.04007940102905453,0.18974843689162374,0,0,0
0.28818713447908445,0.03739369879988317,2.4078772742449535,24.534223554096272,0.024786120679658047,0.12225800843263719,0,3,0
0.5855788503618781,0.15996904778780438,1.4034749203495225,15.190154870350744,0.021085317454376196,0.6208890031483697,0,0,0
0.40078053583164225,0.03707998144717856,1.0801964255503542,12.092421108689457,0.03164014390434986,0.1304520664442396,0,0,0
0.4493728216439044,0.049653567015494886,1.433394948702954,15.652994191005002,0.026830509389153014,0.33642129413461375,0,0,0
0.9073567341122502,0.10161892187615806,0.6145108860195394,8.46504827373001,0.028914050967109316,0.07115566383435908,0,0,0
0.8418932283984057,0.09399625719913328,1.5779305558547627,13.98867812519659,0.026173998961344824,0.027595063480455092,0,0,0
0.5929085693318271,0.03239948914920583,1.8969223600382834,19.69191585492541,0.02324889379473138,0.1589358751536022,0,0,0
0.5012206470840901,0.09040736353002449,3.4555218617780046,30.559767685074956,0.008023402984774126,1.0880959434853472,3,2,0
1.8545143318512474,0.0544177494142558,0.046030943472759385,1.3809422358443957,0.007954285951409488,0.0,0,0,0
0.5553156783255214,0.05102603549638096,2.0842661952928485,12.428136175343202,0.007954254083159732,0.0,0,0,0
0.21756130851902544,0.01952726009947713,4.330104629550301,18.063568792809903,0.016172579164538917,0.9445671287708696,0,10,5
0.7913327716689805,0.1375042982196398,0.5983983852530598,6.904591336972124,0.019856442175078006,0.15817188011287378,0,0,0
0.38561834816181567,0.12346346988009786,2.3968174573014465,16.862136014780848,0.016301022860808284,0.04139207135377643,0,0,0
0.542952655957629,0.07496562634226919,1.104733960244734,11.047298202255744,0.01638215982044424,0.41392598494850863,0,0,0
1.1159991518198868,0.19330040405116677,0.3222147283411941,5.523679794319536,0.03436336090171448,0.09226654876523697,0,0,0
0.7913740833334258,0.10507380307993094,1.3624161078542671,12.267126854707586,0.035499549625105514,0.039542970028218924,0,0,0
0.4523730607927822,0.08476340444134732,2.333443640504644,18.8104658839179,0.033906908534623775,0.027595063480455154,0,2,0
0.5740795178572432,0.05138966754656532,2.9524065633353542,12.304044320138496,0.034155704235157194,0.721322316065585,0,0,0
0.5589703683923407,0.06495893684801733,3.514441784208778,21.072858090769625,0.026345360066131075,0.08278519044136541,0,1,0
0.6003965864192206,0.07459135624396973,2.2255824776116264,16.929992284703278,0.007950316672262626,0.8301490254508971,5,0,0
1.276041666666667,0.001036881377500786,0.0032221461193189453,1.3809197654225398,0.008030735044404788,0.0,0,0,0
0.9416021102235955,0.19474460272100547,0.6904601099122006,11.406398971078488,0.007953751394827981,0.0,0,0,0
0.37277813124870135,0.0791695630398106,3.461966119062656,15.190132699534699,0.014311999142104624,0.3881779952114375,0,0,0
0.6600517457361305,0.15760490452513196,2.554241498191454,13.809132855146746,0.038729663698414234,0.27276331370671636,0,0,0
0.638152510033705,0.052490852742371676,1.9831618357031557,13.9600624796563,0.04500837906089245,0.11862891008465581,0,0,0
0.2802232023600104,0.03213224078352081,2.3414559668911514,16.297939383709462,0.03855152112705378,0.07908594005643785,0,3,0
0.3834143827559989,0.016607388462444823,2.2683915471068365,12.787405261668543,0.038768963495985444,0.4279029632012054,0,0,0
0.666462109751857,0.1261990721812611,1.2953028448283102,9.84601657526334,0.04336025352391683,0.3178708467922411,0,0,0
1.150388989468263,0.2135766162364917,0.9499290402451609,10.748847993981709,0.04298250621421295,0.011859470280705088,0,0,0
0.28287410264357854,0.0484444662456151,4.806521431801375,31.94068069064567,0.026481771699570264,0.11645345470979565,4,5,4
1.1481067955309445,0.1361379181255775,0.7825179546785277,11.406343183575222,0.00795406412921252,0.1897484368916248,0,0,0
0.5390589200629209,0.031195704957244857,3.038024981957701,16.570962882875936,0.007954222456060124,0.0,0,0,0
0.5314681570764239,0.085040249224408,1.2953035638818062,13.809318095685672,0.019734977788914157,0.4415213150398,0,0,0
0.47863806601794057,0.05188570201774051,1.1769991321629778,11.35794212700693,0.019080984767324012,0.06898758386300756,0,0,0
0.4519855936612029,0.0628227158825364,2.449290705628884,19.512458528488672,0.0038468724510025334,0.07115579248434442,0,0,0
0.7139206702652331,0.07292005341457429,2.6366368178861803,13.809184621380854,0.001149437388466624,0.6235153788152747,0,0,0
0.701508753453134,0.060504930128539296,0.6954233483156365,10.748839754823543,1.1454691159339946e-05,0.027595063480455154,0,0,0
0.26372721067832067,0.03750326980979952,3.922272672582846,22.27423581626549,0.0004133832102484146,0.4867748610678866,0,5,0
0.5767792911848044,0.08977608002770887,1.3873662397887956,8.465160326232901,0.00826098379443519,0.4916928010241913,0,0,0
1.7500000000000007,0.17115174713344633,0.04603065884741804,1.3809422358441958,0.007954190808407702,0.0,0,0,0
1.5879629629629637,0.03599640224043365,0.04603065884741804,1.3809197654225411,0.007954190808407702,0.0,0,0,0
0.5446507005086308,0.042777145000774286,2.4856560771032776,14.168316338527966,0.007954190808407702,0.0,0,0,0
0.26413434085911963,0.037688639796576946,1.8040145627570112,13.436089550456956,0.04255962275945338,0.35873567556965735,0,0,0
0.5461692726046203,0.028001580255635334,2.245612902311539,12.791124295402462,0.04185335970089834,0.17135248882167387,0,0,0
0.31446835070879986,0.050069102206059736,2.1634442115562145,15.190085811254729,0.02589094889505509,0.14422962224502953,0,0,0
0.541534858627129,0.10144755585269827,0.9730883077977895,8.644566869516646,0.026146369361084124,0.19316544436318595,0,0,0
0.8338811855083835,0.15150527637194744,0.9884455748759019,12.559295636877934,0.03709605920690346,0.023718554611452992,0,0,0
0.2724148286291423,0.01734235320269482,2.9588528179908278,22.094716246760665,0.023035840911078093,0.03557776759218666,0,0,0
0.7021890175385194,0.06856495688688921,1.9493980251844083,14.168279786642083,0.0079541591225606,0.6326863765496774,0,0,0
2.041666666666667,0.04514430471221799,0.0,1.3436048354666226,0.008031052667792516,0.0,0,0,0
0.39792522744673664,0.06129617495603935,2.347563990705628,13.98868958511169,0.007953751718499236,0.0,0,0,0
0.25412504264839986,0.047844714471944334,1.4764650768042142,12.267117338479892,0.029150812469094588,0.5563891335594321,0,0,0
0.5017117772077532,0.09178191525059913,2.0601949049646375,13.436025779372825,0.023722140169874284,0.07211499077319879,0,0,0
0.32291759278486265,0.052992432462669235,2.485652361993561,17.951905118720333,1.1458719082914515e-05,0.3794968737832475,0,0,0
0.6095788912684282,0.06173596432445697,1.663547116922245,12.607874981262746,0.017776725738024204,0.4980900327904696,0,0,0
0.9641033243418096,0.08170047240951427,0.7197248535841294,9.405234383811637,0.034658975851219936,0.06469640271819506,0,0,0
0.49335511970351636,0.054861494627245426,1.1047359521539886,12.607764876196397,0.03574057883021924,0.023718554611452992,0,0,0
0.4472441785808101,0.029707466769495896,1.2782165364392561,28.21570646769609,0.03554463403082358,0.14670961011916453,0,2,0
0.6594725622777362,0.05618734625615698,0.32221462940892076,5.523649101127872,0.037250897290833584,0.09057496380547295,0,0,0
0.6486987235425286,0.15115772341101893,0.7954104639894589,7.26364935113619,0.036799243836494744,0.07115566383435908,0,0,0
0.5077528073416218,0.08774433014172182,2.873232262181708,24.85649110024191,0.008099559111957094,0.05175712875420802,4,0,0
1.0341970684377133,0.13129359864910467,1.7717206457647978,11.226836272408018,0.007953875933387386,0.6854105272376073,0,0,0
1.2060565122481566,0.26537784628728894,0.3318810502898829,5.703201889406231,0.00795387590746184,0.0,0,0,0
0.47477483452857916,0.06099123680509851,4.09995098077989,27.618268874878236,0.007876433297874196,0.2934186897341301,0,9,2
0.455689630817602,0.04485696301982206,1.7491636779897275,16.571030593746848,0.02593962350044949,0.2016076498723575,0,0,0
0.6078255158133563,0.05112043621672705,2.021678119726169,14.779669833232354,0.040366438582511086,0.21634453010252774,0,1,0
0.35325056402480753,0.06289121818751538,2.6301906899389262,15.369643505575118,0.018033990942006084,0.2163444195482608,0,0,0
0.4989411557742618,0.022099860981766115,2.945962201188741,17.109585182684274,0.021813344121002692,0.2899813989063297,0,0,0
0.724616102917015,0.04265587246963809,0.9884455748759019,9.66641880869082,0.03088440823280818,0.17135248882167387,0,0,0
0.3109831126698698,0.035495693855898604,4.053920571603825,41.3033258381819,0.017567425991982567,0.23725782016931163,2,14,0
1.1096695940879624,0.3049043024511208,0.6016185165245685,9.845964902656107,0.007568128714553867,0.21089545884989183,0,0,0
2.0416666666666665,0.13276657009378365,0.04603065884741804,1.3809197654225411,0.00756815605887666,0.0,0,0,0
1.4619798587946025,0.2515035123172364,0.1413141226615731,4.322274970899475,0.007568156006632871,0.0,0,0,0
0.5854273900581247,0.08030196196962185,2.284498545116717,15.190140489280891,0.007568600511259774,0.013797531740227577,0,0,0
0.3312696562499975,0.035501026196215674,3.9618584299935256,18.131508502898416,0.029388613799934345,1.0868998463974968,0,6,0
0.5366850868451211,0.058682605274728454,1.4394492155651555,10.156517026369672,0.031273026552514696,0.45071753151268784,0,0,0
0.3541573752966832,0.02593063884112919,2.030923298154905,22.113869749846454,0.012334669989033242,0.1304520664442396,0,0,0
0.4979098055109296,0.1489048050800456,0.6016214426728148,6.90459328440879,0.01191477661136806,0.17936798746108773,0,0,0
0.8128819610552981,0.11473415277826414,0.860355384547386,8.236305345023275,0.01042531595765249,0.07763554289592355,0,0,0
0.2967047512336442,0.024554478634068316,4.053920571603824,33.37504345334569,0.003359439626003323,0.027595063480455154,0,8,0
0.7199415141981742,0.08507932504027248,2.090710452577503,16.57095509312961,0.007944806280045515,0.19408899760571874,47,0,0
0.5663425381798429,0.04944052776870677,1.9332874518807683,15.369626933639145,0.008030861710858558,0.0,45,0,0
0.40109386766109356,0.01857638220450017,2.790837899664525,13.988697374857857,0.029164190115262462,0.828113954792896,0,0,0
0.44311480022530175,0.05052852941645983,1.7498223156788,13.436064462220413,0.03999984750465169,0.10544830137585573,0,0,0
0.259696605669858,0.04646618070146702,2.292638876902755,22.19638269635995,0.03523699960214418,0.10673343142654552,0,3,0
0.4802847545694031,0.04623034069445431,2.5349056887734167,13.80918462138085,0.027936829215565055,0.5990644402589981,0,0,0
0.3837079485102774,0.05342716476649528,3.182559537993117,19.332888082203883,0.028374179737295193,0.09057489362251778,0,0,0
0.49872823970253943,0.046835324010285485,3.3174276381935814,22.81279062990701,0.007722491003903845,0.6210854660946711,3,0,0
1.1666689266744956,0.05828252638040968,0.046030908518770175,1.3809142227185347,0.007722491003903852,0.0,0,0,0
1.4291706533192412,0.07510846175812672,0.046030908518770175,1.3809272555631054,0.007722462054512919,0.0,0,0,0
1.327101605991374,0.22616825026833057,0.04603140786147366,1.3809422358443957,0.007722462054512919,0.0,0,0,0
0.475959809693918,0.06412222411606909,3.1333097165990362,20.71365416866724,0.008030086188603163,0.01185947028070466,0,0,0
0.44203992919961,0.05879057321056691,1.3436054039685357,12.092447638778674,0.044384455127849526,0.18974869419159504,0,0,0
0.5862832807177368,0.06763768508808703,1.6405421014437107,17.81619097282191,0.04591956473248542,0.13180951879345398,0,1,0
0.2534004734891683,0.01667173041421396,2.209470695898637,12.607815060138122,0.006291739516262117,0.43879319598688676,0,0,0
0.8004766256868794,0.048476576277038504,0.46997454233724373,5.523768943376983,0.0014389975399774569,0.1552710857918471,0,0,0
0.302002555660486,0.04686225406270827,4.244486999889429,29.896904457539,0.00050257230908332,0.0180286924161662,0,6,2
0.5232766948618455,0.06497494862200742,2.396815459930628,21.252325903403396,0.009788605261085093,0.8064311140893722,3,0,0
1.2704666643556388,0.20169978012679912,0.325438058838991,5.523652996000958,0.007954000961290956,0.07335493768563289,0,0,0
0.5248650372079431,0.08263173570404705,1.4762032816676807,15.190020647031767,0.014759760363419503,0.3439194921410183,0,0,0
0.43530933815418016,0.04525214761006178,2.406481775949629,12.428300359224576,0.04150855830467988,0.5563891335594321,0,0,0
0.8350401704012943,0.05122270089755118,1.1290766070546132,10.74880786928152,0.04474903584258039,0.103514244349112,0,0,0
0.44885348703216543,0.018490131659586195,1.5222382648229253,12.787397471922,0.04124971774725964,0.2524020254891278,0,0,0
0.3135352050184455,0.03967259846347642,3.5968380042808157,13.988704190885855,0.012144926950485838,0.5990644402589981,0,1,0
0.7515778724490191,0.043220786768389974,0.9051423304908731,9.75457880910054,0.010306331182327936,0.16821057688435143,0,0,0
0.28648178993404416,0.03089227563320965,3.0412458797202597,32.36296255055968,0.010367271124092522,0.0948742184458124,2,0,0
0.947253649770739,0.04606622683360886,1.0619283207657684,7.084233669880745,0.007953689537551285,0.22407549560778306,0,0,0
2.0416666666666665,0.11482816320545468,0.044786827848887434,1.3809422358441958,0.007876552973200631,0.0,0,0,0
1.8170839534779457,0.12197777598971356,0.09528473464134124,2.9413913828559446,0.007876552973200631,0.0,0,0,0
1.1322453534602386,0.15729779667953844,0.8874732797124091,7.443263071708037,0.007876552973200642,0.0,0,0,0
0.20142457548988404,0.025309302134151394,2.4016061751501554,18.985150826061734,0.017881776722326683,0.272763699656673,0,3,0
0.45984637940990297,0.09229196063668714,1.2888575888582505,9.666423677282351,0.04368419414024819,0.1940892783375399,0,0,0
0.234543365032738,0.017436346174554643,2.0601949434140425,13.809190463690497,0.037416621922099415,0.027595512509231132,0,0,0
0.46406555634192787,0.03746763308124363,3.452299663227703,18.4904570112072,0.017129362489903325,0.6479673783799529,0,0,0
0.5552933579647887,0.019840475542437803,1.404067985460684,13.436056593824372,0.014553755605523353,0.02371842596146712,0,0,0
0.45816739296094405,0.04325003580682851,2.3475638508896703,17.38619617417222,0.011323097890236977,0.05272357873701996,0,1,0
0.778125986557841,0.06401279550850195,0.46030608913147697,6.9045913369722545,0.012349951216846271,0.13448387558892586,0,0,0
0.9342408267112952,0.10435083247630146,0.4635291465512303,6.90459133697208,0.016913425310553863,0.013797531740227515,0,0,0
0.8373814219680561,0.14044006834093312,3.0904986497330076,20.893296501576287,0.008116649196798883,0.09226712071614679,0,0,0
0.5572546611434847,0.13660994578130156,3.6396444272597,30.55977231023691,0.007950220832621195,0.8538680303372997,2,1,0
1.5868092726965748,0.299216153403636,0.09206142255680427,2.9413913828559446,0.00779941970776066,0.0,0,0,0
0.48654418684166845,0.03839581524532392,3.45552155967567,17.951938374944405,0.007876373178336454,0.018028692416166035,0,0,0
0.2718835741436847,0.033523916539881744,1.9706215623548737,16.181469316330727,0.0349581666414332,0.44152101568728147,0,0,0
0.3282769341613652,0.034168787245271615,2.0467597601709793,18.810463741736818,0.04106068145123727,0.11003227390239827,0,2,0
0.6562658194828869,0.06944667256567232,2.0350164438067555,19.3328395648182,0.018383724712692354,0.4506525376176065,0,0,0
0.7267895393463378,0.05148743330794489,1.242828038551636,12.42824628040948,0.028791391038460522,0.12417778566204814,0,0,0
0.29376367892312005,0.03704917278593895,3.1333060014893133,30.794605594102197,0.026350077375990703,0.1081722650512642,2,0,0
0.720258508867547,0.04318240246051344,1.8937001614879805,15.369631820955858,0.00795390735742257,0.3083410812989026,45,0,0
2.0416666666666665,0.04224622359478164,0.0,0.0,0.00795390735742257,0.0,50,0,0
1.651571717539849,0.18394229039669058,0.09206142255680466,2.7618844716885915,0.007953751819979801,0.0,50,0,0
0.38471343052848456,0.054334797310842474,2.7618368144207635,16.571028047099013,0.0079537518199798,0.0,16,0,0
0.5216729795276828,0.06570697116925166,1.9321046954114196,13.935241184928083,0.04480458239594063,0.16821085761617258,0,0,0
0.21721538095019555,0.02372056330759101,3.6364232973027826,15.369782822189782,0.03811987639924012,0.16603001093015596,0,1,0
0.4692279156451831,0.032858560650698344,1.615461950226737,13.935358480529187,0.03423762978223431,0.7579997849084005,0,0,0
0.31948294709356323,0.034055816908253454,3.82376699274139,21.252341482895606,0.023114261902171956,0.5228323564544857,2,4,0
0.6047395130938361,0.17752572915878603,1.6571028596375965,12.42814396508973,0.007953689722644272,0.2108954588498928,2,0,0
2.041666666666667,0.1886103325640073,0.04603140786147366,1.3809422358443957,0.007953876063763748,0.0,0,0,0
0.4310495062967441,0.05988649729412047,2.4525131838111016,14.168212075771601,0.007953876063763748,0.0,0,0,0
0.38527491313023204,0.08415981998409393,1.983162346530961,16.123267335848197,0.041210146190495796,0.34232268886348455,0,0,0
0.3096912200047582,0.03887283109840088,4.389024551981071,18.4130504824122,0.03670128569725021,0.10544715747403802,0,10,0
0.4728622296253615,0.09558543069543594,1.1967966831211525,12.607790941885515,0.023394288074483776,0.7702255194386393,0,0,0
0.2497445479162239,0.029683857258769753,3.004882088665525,16.89955670985455,0.021729652551809496,0.03954239807730911,0,0,0
0.2843037308936844,0.043917244879406105,3.596834289171099,42.16117167601203,0.012396554616726403,0.8924836604973263,17,4,0
1.1967301848131844,0.16859807469662846,1.0126749939859003,5.5236491011278845,0.007954222658747684,0.14499069945316484,50,0,0
1.5003156565656566,0.23251392022598094,0.04603065884741804,1.5604393349274648,0.007954190635526872,0.0,0,0,0
1.1348221364502642,0.0830184407942217,0.09206281572294686,2.76183953084508,0.007954190635526872,0.013797531740227577,0,0,0
0.43738671949520036,0.023078121779084793,4.833219446127238,18.131516292644438,0.00803111659956296,0.07335387667723321,0,14,6
0.4437567182814283,0.07658127994517704,2.449291125076753,13.809216529379631,0.0012586993940961284,0.7945716438086671,0,0,0
0.8982654297728971,0.08510404200519188,1.2665722962576487,11.272852808723108,0.0014814128835089944,0.04139267005881256,0,0,0
0.4359047128659878,0.07375725317691581,2.2126936834104085,27.977394749715913,0.001326799105437065,0.03954354197912683,0,1,0
0.5222595886192045,0.03402240973950973,1.9332880086478816,16.570960935439416,0.0064312734175907766,0.5693283439201158,0,0,0
0.7152716701129496,0.03847037601927086,0.3286591363649212,5.523679387043139,0.030785919869302306,0.11645352489275095,0,0,0
0.27146612374839924,0.031318518221139346,2.2941682516726725,16.18147453696176,0.03234750411537091,0.027595063480455154,0,0,0
0.47546507377922104,0.07196895715490526,3.001660029931179,24.014098322588882,0.007949961652240692,0.9536125984006201,3,0,0
0.34802289580356643,0.10059967271599866,2.169884613915195,11.227034573879456,0.007953751729256248,0.0,0,0,0
0.5211975523429225,0.11794051894691264,1.2697070899561145,16.123245831645466,0.044060547531163445,0.3234822241398408,0,0,0
0.28998985951428685,0.021981742572627427,3.4062682553662254,19.614365964840097,0.039604669350243135,0.09226712071614679,0,0,0
0.64193803749863,0.12251365687937203,1.8444486088571446,8.465037188321899,0.018061955843032905,0.31054273304733554,0,0,0
1.1332549497424125,0.09060021070250006,0.2333770657169135,4.142766786408226,0.018594033590783352,0.059296322203639756,0,0,0
1.2291961492681955,0.09157859032785963,0.3222146119319261,6.9045988271127,0.018846314237775198,0.013181180659708943,0,0,0
0.28240662596751503,0.0701167357593711,3.1365290589090726,16.68749720067631,0.019052068838232645,0.0,0,0,0
0.3485525514259818,0.023557110710886685,2.6730017699127044,28.856135662474074,0.007949092754558278,0.721322316065584,3,0,0
2.041666666666667,0.05350301996047581,0.0,0.0,0.008030924889293084,0.0,0,0,0
1.2992849303451233,0.10280366739706472,0.23015329587555836,4.142759591191903,0.007876826025961573,0.0,0,0,0
0.46787418332936387,0.0638696114757232,2.6334147591518366,15.549154311615798,0.008338075438046341,0.059296322203638896,0,0,0
0.6686350336603962,0.05915687259117839,1.3019537817760218,9.579928100658886,0.034568703638011136,0.08278534011762512,0,0,0
0.2548546547340362,0.020814229622380453,4.487529767433806,15.190244752037481,0.03292302769955,0.09226597681432716,0,7,3
0.48516500353761804,0.14048901844830128,2.5938277483909657,12.607817007574681,0.016785434560952668,0.9047091297754646,0,0,0
1.2370014183530758,0.11980761346825071,0.5063374969929502,6.904599126718348,0.016956709089098354,0.06898773353926733,0,0,0
1.2847924268859594,0.14722121526845433,0.322215860288682,4.322297066814135,0.02039494788808644,0.02759506348045528,0,0,0
0.2762658832926255,0.019611602252010685,2.419371498928266,15.369643505575159,0.020644643908518622,0.018028637139032373,0,0,0
0.579341517436295,0.09535986394444122,2.531683630039071,27.61826108513168,0.007871736494471563,0.6599028164449013,3,0,0
1.476655985495806,0.16824513226405854,0.27618398803849775,7.084118396617618,0.00787667388799111,0.013797531740227577,0,0,0
1.4680637017339022,0.17922752951768398,0.046031407861473195,1.3809422358441958,0.00787658316950646,0.012225999782338173,0,0,0
0.5227324778048246,0.03166567564489919,3.1300839427549736,19.871292534784807,0.00787658316950646,0.0,0,0,0
0.5046327605481044,0.09795232667977966,0.9978510545257189,10.748847993981697,0.04238247772922608,0.22076050784364024,0,0,0
0.35004070174022633,0.03374634467074311,2.623747326477719,22.274142264409768,0.02320124508995576,0.07908594005643595,0,0,0
0.6045532632140694,0.04370634416018565,1.0587049387732512,8.285533572816451,0.024068968759684974,0.34270497764334773,0,0,0
1.2972182747132541,0.09434602570545425,0.3254379190230337,6.904600774549244,0.036916540052308905,0.012939280543639,0,0,0
0.3403198810833021,0.04795997056817777,1.8476706810893473,14.83301747604331,0.03762887152448949,0.14499012750225504,0,0,0
0.3904713009835093,0.028151205107877927,1.9986513519642701,15.19007277841023,0.033437818453956124,0.3752390655825754,0,0,0
0.7011115396994484,0.04833073439954049,0.5063374969929502,5.70327585454435,0.03439492619825748,0.1318095187934559,0,0,0
0.6135233766406845,0.04639293961732871,1.3905861863035027,11.047365913126473,0.03457837597820232,0.02445093855627843,0,0,0
0.569875197919425,0.04366702813939737,3.547584397869043,23.475666272350963,0.008021133830384879,0.43993553848372563,4,0,0
1.895832429321791,0.18297019115806923,0.09206131769483566,2.7618453731547015,0.007954064296651235,0.0,50,0,0
0.513378448088307,0.05805761827569822,4.099951445168606,18.131471632681237,0.007954159133943954,0.012224938773938489,12,11,2
0.331778918618067,0.052845014611490666,1.4733300276918468,10.748840290368776,0.010540663998724883,0.31054273304733554,0,0,0
0.34583608015022554,0.06795049458677095,2.0642004589796152,20.230477166264034,0.009926868666681155,0.03667746884281556,0,1,0
0.35995896274518807,0.033182128843725914,0.700125729348121,6.9046082646898315,0.017301030678792576,0.35454815814162316,0,0,0
0.45685647593883805,0.08153950876683701,1.7144405555218207,15.369645453011703,0.02111380976731173,0.07115579248434442,0,0,0
0.4259394080546377,0.0529148041077723,3.1461957469383828,26.59651370831986,0.008953373768944681,0.5949471261191507,3,0,0
0.597690362212961,0.08242721108152519,3.6888971048940453,15.190140489280891,0.007953566814779081,0.0,0,4,0
0.29237042535296703,0.027777071905702933,3.2778424849875725,16.750686109303004,0.0375984554537213,1.0998393374900013,0,1,0
0.326328988429956,0.04908342311367392,2.4428477266615563,23.834669608489058,0.02295676093584356,0.10544830137585573,0,2,0
0.461268630423945,0.04611737745945501,0.7065708520560962,7.084111880195328,0.022917096301896422,0.2759506348045513,0,0,0
0.30816035124472163,0.09660613914392085,2.7254755075959882,21.575299589841883,0.02523770153120042,0.1318095187934559,0,0,0
0.4609253566705554,0.16853246559569066,3.0904986846869966,25.215577988897785,0.007876887250480122,0.7589937958102397,3,0,0
2.041666666666667,0.0016866332842239375,0.0031350779494218137,1.3436089550457004,0.007954317964318985,0.0,0,0,0
1.1787333490817484,0.17782473383632505,0.3682452707793443,5.523768943376809,0.007954317964318995,0.0,0,0,0
0.38463794804478496,0.05183639339248688,3.314205579459236,16.750574056799906,0.011483828483506419,0.17135306077258464,0,0,0
0.5785412655602599,0.06420526302643394,5.9540645958957175,24.856492560819145,0.032679281165819474,0.20696275158902666,0,12,8
0.30821295159412504,0.048806724664423866,1.3144943105382068,11.357832508797566,0.02731452835702171,0.22006441517874703,0,0,0
0.35386544905927647,0.05713876170344832,2.0185433785523372,17.641548338755193,0.009475651285170703,0.09057503398842788,0,2,0
0.368143906282928,0.01744191257580895,1.7523874544629774,11.047366727679295,0.009750608683664017,0.4553181732368629,0,0,0
0.7360164423341772,0.13152933813443224,1.2564698547676763,12.092447638778676,0.03857033339433821,0.06590475939672795,0,0,0
0.28785040426879804,0.020862279216211917,2.7222533789536634,33.71140987429542,0.007951613836025936,0.48769624904742337,3,0,0
1.3999305936389943,0.1916005594758008,0.36824355304044476,8.464936221227092,0.007952105692500086,0.10544830137585573,0,0,0
0.8709332259664976,0.10658439151295762,0.6444293986337989,11.047329361240639,0.007954064240519964,0.0,0,0,0
0.3561574458972214,0.029440151490768226,2.350787767178877,12.607863296643147,0.011561888872745296,0.2689677511778517,0,0,0
0.5013269702420567,0.07056523985029357,1.5706747296446437,13.436056593824372,0.04596642375609072,0.12417771082391861,0,0,0
0.5588861407594491,0.08329923416745265,2.101945463531078,23.567854981586528,0.04236980725755004,0.04743685192293424,0,3,0
0.6864681602640164,0.1433765935020241,1.959065339888812,15.19011839336618,0.030605278405783438,0.23455796474573923,0,0,0
0.6016628936315908,0.039532631376505846,0.5288924673971991,9.666363756157702,0.036158692515269555,0.08301494114008541,0,0,0
0.8479271714844874,0.08698965589512737,0.5555909635887752,8.629299871868774,0.03741760789248744,0.12939280543639012,0,0,0
0.34725043302060055,0.03051204448713495,2.8999308981892353,19.237420629740942,0.038294560101079525,0.6490331480905153,0,0,0
0.691573853843999,0.07871304272449035,2.301532582844157,23.655165393772307,0.007876948905798485,0.5536004364932415,3,0,0
1.591138775490919,0.060637772697222404,0.18734383525456477,5.523544838371294,0.00795356676721838,0.0,0,0,0
1.1159430334423908,0.24524969247631814,0.32221214517896535,5.523768943376809,0.007953475128705152,0.0,0,0,0
0.2970561460216052,0.020705577573021126,2.255501174982678,12.559360801100826,0.011637031272515651,0.07115579248434356,0,0,0
0.6662005490069031,0.0656482959857007,1.2039381751368476,13.61073795193438,0.04284590639165369,0.3163431882748387,0,0,0
0.4865048702595447,0.0833513419801144,3.6097229435563536,16.750589636292464,0.033601129388088714,0.34232374987188074,0,3,0
0.835108865037297,0.07211952212774367,0.5555900522883355,6.904592310690425,0.03055296968980443,0.22532626880880324,0,0,0
0.8652105073288506,0.10098926595805373,1.0009860143805405,9.929251021744982,0.03410352888751288,0.0,0,0,0
0.2799365381192524,0.055616938226469764,3.136529987686502,18.131518240080826,0.007950316606761033,0.2976033823207415,4,0,0
1.5458345581167279,0.23728752189335767,0.09528473464134124,2.9413981988838587,0.00787655304548724,0.0,0,0,0
0.9732027823180639,0.10626351886838598,0.46030636876339115,5.523649101128059,0.007876284393052622,0.0,0,0,0
0.5304271736362329,0.10520559898042808,2.0778220778241567,12.966807910079357,0.009873849886184356,0.10673317412657485,0,0,0
0.691061011182388,0.04485657165349179,1.196792635948519,9.845982719827827,0.03483109329605346,0.25674281240391317,0,0,0
0.5738345396577728,0.05578021385803147,0.7364905415586886,8.285533572816451,0.033791407626869455,0.03557738164222958,0,0,0
0.6989113548488889,0.17797961247087515,1.529023184350939,12.136123450250453,0.037741056980098324,0.21996797979072927,0,0,0
0.746981600174021,0.05086900181806018,1.8228244859825073,14.954334713026,0.033222243028839415,0.06898758386300756,0,0,0
0.5092572962257731,0.03607038990748794,3.685674906343737,17.109603458627323,0.03433906885544087,0.08301526276504993,0,1,0
0.41297215097236634,0.012731663705720764,1.4762032117596984,11.047360726204163,0.03447801476419964,0.5012577682607875,0,0,0
1.2027456036445072,0.09217712262670615,0.46352921645920897,8.285533572816357,0.04304429673958248,0.06469633253523942,0,0,0
0.31963330718716637,0.052758094402416966,2.7319199746045735,19.237429123566496,0.040038731398505154,0.013181180659708943,0,0,0
0.6416158278684355,0.2136463916786108,2.0414607010914008,17.289013896784343,0.007953689820591303,0.47875330993168697,3,0,0
1.8148148148148149,0.26700771209313834,0.04603065884741804,1.5604588841943046,0.007876674010969226,0.0,0,0,0
0.7824717363358106,0.06955046581826864,1.4301718738062064,9.845982719828,0.007876704359930872,0.0,0,0,0
0.23931476961538245,0.023486068713502676,1.7684984472144951,13.843604381525658,0.02374056366970899,0.5175706602819172,0,0,0
0.3814329201518461,0.020436142444913635,1.1967973747107943,12.136122828571828,0.0403033010782076,0.6490333691990496,0,0,0
0.3815508285991657,0.021236340865756334,3.0444673816874888,13.988732962388202,0.01873938519260145,0.33009668908114465,0,0,0
0.23003836646821932,0.022817672015889082,3.6888971048940453,20.89331767994859,0.022666699241415227,0.06590475939672699,0,3,0
1.0613183914178983,0.17013116385781368,1.443060388375504,15.90828797619933,0.007643424836057836,0.5434507653942104,3,0,0
1.1943768758245121,0.10968581179267844,0.2301530620427362,4.142738024268409,0.007568129165767852,0.06898765870113782,0,0,0
0.42276810360326095,0.05752329417455934,3.547582680130136,19.512384226294177,0.007568156492247484,0.012225999782338173,0,1,0
0.8191496261515862,0.07591003821252795,1.6571034616244988,15.31143221484393,0.043193323147973056,0.5272392190756413,0,0,0
0.2746407582602668,0.017209030477979705,2.6729999123578425,20.050952639222324,0.02891567522423065,0.32451657404525797,0,0,0
1.0004518618783746,0.07152598966390793,0.3682472681501614,6.904592310690338,0.02896482152834768,0.05272472263883768,0,0,0
0.22012585691058628,0.024149206833911852,3.330319078911125,31.014486481534714,0.02078693498768663,0.01802872005473295,2,0,0
1.7675539553787625,0.25773751078115725,0.04603140786147366,2.7617763140587437,0.007876583405023603,0.0,0,0,0
0.4311713181325973,0.10888757224493713,3.139750258773968,13.809302516193112,0.007876583405023603,0.0,0,0,0
0.29433606051210864,0.041694497128695114,1.7095793137451905,14.833038628206376,0.03679910297289776,0.7335480505958236,0,0,0
0.34458868228037437,0.07167204636768953,2.8571252641718274,19.33285259766294,0.020886978901519835,0.11859277305726484,0,0,0
0.3992697901961719,0.10061938226995586,3.3399827484137874,20.893280922083804,0.019717090198070233,0.8313541920898335,0,1,0
0.417710557388525,0.13738077847920638,1.7951950858512038,11.04736591312655,0.03785006740249489,0.23290690941959225,0,0,0
0.640119013146427,0.07940386855123138,0.7291300682076917,9.579909644944625,0.0437395612494884,0.14499069945316484,0,0,0
0.43657922220508394,0.09421395223486036,5.092370202876764,30.918703291616943,0.00794521256053154,0.08278519044136534,3,8,4
2.041666666666667,0.05139231469968614,0.046030908518770175,1.3809272555631054,0.00795406415517565,0.0,0,0,0
0.4797305838746975,0.1647272168296239,3.395680472294261,23.655300815513794,0.00795406415517565,0.0,0,3,0
0.4275084935815489,0.05781753816682798,1.8008792451854054,17.466854786691155,0.03905440023177376,0.42699646848895234,0,1,0
0.425888902228772,0.07085980992541117,4.333328545839508,19.33285454509945,0.03908641770088386,0.08301474816510687,0,8,0
0.49192745504526725,0.04226723654968518,1.4729811180713666,12.136088313991845,0.039120828534651646,0.0905747532566072,0,0,0
0.3582321288086989,0.03976487954850865,3.409490453916534,30.7945078986773,0.011097154014558335,0.5931428345705506,4,1,0
1.5968037001954984,0.1719440494584222,0.10494993712610115,5.703275854544336,0.008031084654516995,0.012938368165221628,0,0,0
0.425429525725201,0.08626087490851471,3.1825594680851417,16.5710671456327,0.008031148896182781,0.0,0,0,0
0.38780126136597176,0.05253064976552505,1.439449509428462,13.78539422180783,0.03682322885709478,0.16821057688435168,0,0,0
0.6993543870628098,0.0882412899282904,0.601620513895384,8.285533572816277,0.04627485038705074,0.07115579248434528,0,0,0
0.34949763567645187,0.05002022518265481,2.446705660483144,26.227180353681533,0.045288874791006524,0.07335493768563289,0,3,0
0.37415831690344414,0.06965181028606322,2.5111985456538894,23.01597987457582,0.045557956211042076,1.0997509559888716,0,4,0
0.6228311019876629,0.11647775824632854,0.8957365858148028,11.35791713240835,0.045776828702356706,0.18453424143229166,0,0,0
0.5542981999603724,0.101193644737797,1.4618716170995938,18.238385602618678,0.04312592413343774,0.07115579248434442,0,0,0
0.36272140741888753,0.03006442823242414,1.2888584477277043,13.988753401109241,0.03745330579753832,0.40111776703576435,0,0,0
0.48573901348360166,0.049651717948932604,1.8440138598984879,16.361002248252543,0.037449798548941086,0.06469633253523989,0,0,0
0.49727122953188063,0.05205628264698584,4.053920037307131,26.237483033168804,0.01522820602204237,0.5134837680431261,0,4,1
1.111822613046691,0.17750459887024436,0.7921878010504422,20.893192238819367,0.0077997761227829995,0.24451575161317535,0,0,0
1.6460938967158554,0.23038495393329902,0.046031407861479856,1.5507575379512195,0.007799716131801998,0.0,0,0,0
0.5137552227792962,0.06010405027641258,1.611071311960166,12.607867191516231,0.007799716131802052,0.0,0,0,0
0.3601156166888076,0.0702319378036649,1.8444484126310656,13.988731230293226,0.04311997349213777,0.5046317306530561,0,0,0
0.732197365426814,0.0334076135263358,1.4676649267223023,18.1655280626853,0.0344934595197043,0.01185895568076246,0,1,0
0.3428919694486583,0.037396717356286684,4.250931396990035,36.083525674121354,0.021360233791261705,0.09014351735796435,0,11,1
0.885427567736465,0.17375910344372245,1.3050883392852868,10.923508939577387,0.03655960398342253,0.23725782016931163,0,0,0
0.22734307012798008,0.014720348217811175,3.373127359444868,23.475640562443587,0.014606581691312225,0.012939210360683656,0,0,0
1.36111111111111,0.00019036864099266696,0.0,0.17951956950492326,0.007954127454312617,0.0,0,0,0
0.8880803920116955,0.014239695210511086,0.5523680341255844,5.523768943376809,0.007954032785420803,0.013797531740227515,0,0,0
0.29546952738234034,0.022053642166516552,2.1206310075034196,11.047313781748116,0.0133976066684418,0.20160790717232774,0,0,0
0.41498811789563045,0.03129702754302111,1.3841441810544504,11.047391978815726,0.0292110803570877,0.26090422937596836,0,0,0
0.4202772374365047,0.05472988940977347,1.5321581950139034,11.098191348180087,0.023080085820416558,0.15527136652366777,0,0,0
0.24498491464064834,0.018682171522406765,2.7190313202193157,17.109622932992654,0.018982844383469703,0.011859470280705088,0,0,0
0.6067421354945718,0.11545689844333727,0.8077306163209447,11.04736591312649,0.01995075790950244,0.28974819460907747,0,0,0
0.2795282439217405,0.02694861526709981,3.744592971219655,24.014225954584468,0.02304351024879611,0.5048036087611864,2,3,0
0.8099042683596013,0.07777051882880015,0.96986578467473,9.846013878812746,0.007949961593770836,0.0,0,0,0
0.6103876041447736,0.04649802756413859,1.936509370799157,9.846071403092203,0.008025207890017325,0.02636178936850903,0,0,0
0.45354266480344657,0.04710283200259599,1.1290766070546128,13.610740094115496,0.041731519826497386,0.1541705406494513,0,0,0
0.4644719348277671,0.027259329096886404,0.8778069636934144,8.285533572816313,0.04021884539012035,0.11859290170725062,0,0,0
0.3464330000883347,0.03325370781695072,1.33488885690377,9.666363756157901,0.014075975842975591,0.25674175139551353,0,0,0
0.4101480696047634,0.07296314575967289,1.0905598170099688,12.092448709869279,0.0045950489713499415,0.19561281349221968,0,0,0
0.46588393039457615,0.09578254351359596,1.9365130859088737,21.790997638139178,0.001637050296321515,0.146709875371264,0,0,0
0.3682370438164879,0.027926751623563183,3.1793374093507927,15.549169891107997,0.00170835414697324,0.35454815814162377,0,0,0
0.8476599634827263,0.04622537130296564,0.7364905415586855,8.465048273729897,0.04596844730958312,0.20696275158902516,0,0,0
0.5112351402255837,0.06374426877383631,0.6588856880694549,10.787645900047853,0.04555123734529282,0.18114978724503555,0,0,0
0.29728664197864846,0.02507916583677654,3.1986720387596,24.272202648738133,0.04025320766270072,0.23725753419385673,0,4,0
0.7584217910470595,0.2004903773836598,1.389663675624272,18.490441431714977,0.039357431737588947,1.0636450049290687,0,0,0
0.742380338117031,0.05579092635192231,0.558813162139072,8.465152536486562,0.044535436964194305,0.04743685192293424,0,0,0
0.9376894941502115,0.08895025369500624,0.36824527077934277,4.322285382194875,0.044680004095584404,0.0474371092229062,0,0,0
0.5010334859227035,0.058312462247252915,2.2587250912718853,17.109663379751662,0.016112813745025677,0.0,0,0,0
0.39669766881009155,0.04843870492676089,3.228590875946615,13.988793847868227,0.0076451978378341565,0.0,0,0,0
0.28544735777022434,0.031197259788776188,2.5381308134719687,14.833017124003623,0.019678208764479992,0.6479676436320524,0,0,0
0.8821990139985297,0.07492348495801321,0.7397126702010098,7.4431692951481665,0.019769799827600413,0.07211499077319879,0,0,0
0.5011247505177782,0.034969410681272774,3.27139822770293,19.871503509807976,0.003512719661758206,0.018028747693299697,0,2,0
0.5264302762394059,0.05992745964284738,2.6269685044963693,22.453865490836804,0.0034246282110158635,0.6724193779446292,0,0,0
0.43033860199696344,0.07983633127158624,2.4557359166580954,11.22687282429394,0.02116146614756011,0.8064308567894011,0,0,0
0.7601580883375968,0.143134638340141,0.6016203740794269,6.904591336972168,0.044447429321584214,0.14499069945316484,0,0,0
0.3460228516601347,0.0492734195336559,3.873019530559783,26.237484306492703,0.039304246762544216,0.027595063480455154,0,4,0
0.5031591780317851,0.07471803151031886,2.7319198347886164,27.797903418040654,0.018721120433386394,0.5305107128380648,3,0,0
1.8375008859247148,0.0826444318625172,0.046030409176067155,1.3809122752820147,0.007722636568152587,0.0,0,0,0
0.40531371423682855,0.0750228579447637,3.409490453916531,16.571041079943537,0.007722607345532708,0.0,0,0,0
0.574954949625902,0.034147377612906094,1.292081505147461,15.36964740044827,0.032759052376532226,0.33114076176546237,0,0,0
0.47978463255309306,0.03639244438767395,1.2460502371019417,12.96689659334351,0.04289132274812571,0.4086097370400757,0,0,0
0.5852805977763104,0.035923903495565936,1.0905599447169205,12.092456949027394,0.045417555109487216,0.059296322203639756,0,0,0
0.8334906407419718,0.08080100647286015,0.7364906114666672,8.285485336311071,0.045330566192281686,0.059296836803581957,0,0,0
0.3814533840413357,0.02764567154535218,1.5652172282715897,13.988808331927558,0.04602519880974677,0.012939280543639,0,0,0
0.47281833162056125,0.04392362042065465,2.0253490591943715,12.607807270391941,0.04458640875027796,0.4916925202923711,0,0,0
0.4893595613367651,0.08974092628289292,1.6603258777341134,12.607799087413365,0.025697623547472057,0.3752390655825754,0,0,0
1.005212961377217,0.05494221246439914,0.46030612408546623,5.523652996001129,0.024895656312457028,0.059296322203639756,0,0,0
0.48534409520310445,0.03568301464760166,4.638509439623323,22.094716246760527,3.318796907430686e-05,0.013797531740227577,0,7,3
0.4297940904764351,0.04636540250997795,3.7284831868774857,23.015964982297373,0.0001900878280188579,1.0276359652156721,4,1,0
2.041666666666667,0.055868877112996686,0.0,0.0,0.007799806254044178,0.0,0,0,0
0.34333736982948926,0.02924179263111276,2.271613466025228,14.833010307975695,0.007799806254044178,0.0,0,0,0
0.3001238070769179,0.014157415216218746,1.246050167193963,8.285477546564879,0.03478413089407884,0.6310048426142849,0,0,0
0.47008291107479466,0.0512945819226741,2.0821409902754495,18.810482012070008,0.034608536746976906,0.103514244349112,0,2,0
0.2001726255853915,0.06429580195965273,2.626970362051231,16.750589636292666,0.02150260664778714,0.5404198277844414,0,0,0
0.834671046529298,0.13428414359014165,0.4635291465512304,5.523679061690168,0.01856278445697503,0.059296322203639756,0,0,0
0.6611681008247103,0.07758739358080573,1.2759772843043629,10.923515015956527,0.01877435518800677,0.0180286924161662,0,0,0
0.2812306107087374,0.026893150760915252,3.3602388448755707,22.633223797615408,0.009866612419519725,0.21634430899399376,0,0,0
0.768756549905464,0.18049510682606026,1.5351213465435924,12.42826380733848,0.007946815528176375,0.20702848869822307,5,0,0
0.8408486117883537,0.27059006173500344,1.5190124909788505,11.047302097129002,0.0075683763226285115,0.0,0,0,0
0.33324532245414384,0.04590967341621325,1.703134407315027,14.77966142929101,0.02793453441447454,0.3234827856034831,0,0,0
0.5221298467344736,0.08212357623142762,1.9988372350626156,20.32876839102775,0.02126683858348168,0.059296322203638896,0,1,0
0.5281132485441592,0.11495414726250397,4.342992679730882,22.633287014401702,0.04428970209600342,0.5746124406943199,0,9,2
0.8170805476241843,0.060662289041505765,0.9270574691869978,9.666431963250282,0.04440783631871439,0.09780640674610984,0,0,0
0.35953410689245285,0.039991028936192545,1.7623626467011888,16.297942226219046,0.04544709560419111,0.09226683474069189,0,2,0
0.3643290772094396,0.05669225747953794,2.3047547114864786,18.131412029887713,0.007876433109459407,0.3752390655825754,3,0,0
0.7122466196489592,0.08778363755519482,2.488880133208439,19.388053885013377,0.007954064240519962,0.0,0,0,0
0.36269019016464066,0.02321913123198971,2.5381316024334395,11.226857244801579,0.03477348728020468,0.7892966044426638,0,0,0
0.5414999590624401,0.05774412948843749,0.9666435861244271,9.845951897899514,0.02973973459110088,0.10544772942494592,0,0,0
0.5607610179217255,0.10789261813152147,1.257166944314783,14.779653354916038,0.02916765719410036,0.09658264734346358,0,0,0
0.9179238178403621,0.060169177664983815,0.3746897952123394,6.904592310690403,0.03249219408235217,0.041392520382553276,0,0,0
0.5528686698776599,0.06983580670122252,1.2985257624321034,5.703291434036548,0.03297978839752775,0.03557841084211398,0,0,0
0.5895803218108173,0.06187827399617576,0.8778048964146188,7.084106037885757,0.04297414407428452,0.2372573912061293,0,0,0
1.1513410969607005,0.07416028094933068,0.4142756974324053,3.1209197158251984,0.0419376570114691,0.06469640271819495,0,0,0
0.3920176382560175,0.06612553517046034,2.3696716972730014,27.570789844272532,0.042476927268681824,0.10351424434911154,0,3,0
0.47579745193718753,0.07954228516629817,3.2350351332312632,12.428286352661717,0.045567377401145685,0.4156776265491157,0,0,0
0.5513827513514453,0.10443086828366009,1.4301727445350454,12.607792889321995,0.03582058591868151,0.25674181770853816,0,0,0
0.712178370501715,0.1746204937489648,0.7825210206427327,7.084106037885714,0.03412115003885877,0.06898765870113782,0,0,0
0.7298350894628339,0.08120060914475927,1.3144941320231138,16.181483652465918,0.03591131104112132,0.035577896242173494,0,0,0
0.3072579552617926,0.04313344168031277,4.313072519285701,24.451727480074474,0.019013589939667234,0.34936064486120766,3,7,3
1.7382519292736516,0.29191566530299756,0.08974779203756908,2.7618453731547015,0.007953875735100337,0.0,0,0,0
0.5005549376179093,0.1333233269809074,2.623746445762024,9.845998299320359,0.007953875719302242,0.0,0,0,0
0.40637875375823834,0.016010530029681908,1.334888996719728,6.904625192407401,0.010898260992244007,0.42693398300615365,0,0,0
0.4086591651352174,0.03421515623462055,2.127075404604025,14.83299659351912,0.004373572825730718,0.33009668908114465,0,0,0
0.8182993813157938,0.052329871990118064,0.3682452707793443,5.523682956563237,0.004375256179745715,0.03954239807730911,0,0,0
0.29235451235636134,0.02638641730892492,2.5349076861442383,23.47563893333799,0.0017943781349730966,0.09014373846649848,0,0,0
0.6008043421720787,0.1768619189182473,2.817536395856097,19.512380331421053,0.0005243755727451876,0.2964816110181979,0,0,0
1.0354413508758313,0.17242931177082044,0.42394299465981344,5.523649101127872,0.041874070471336775,0.07908594005643785,0,0,0
0.28459908317145977,0.026737135266350836,3.274620426253226,39.74289496711335,0.029978649187432118,0.0,3,1,0
1.8087370587686946,0.21649236293117044,0.09206131769483608,2.7618453731547383,0.007645366292046658,0.0,0,0,0
0.3155505974961258,0.07101775550507143,2.5809392338216686,16.750574056800254,0.00764536629204668,0.0,0,0,0
0.5658380656466914,0.08268197743042412,1.2920815051474608,9.845982719828173,0.011925765496770676,0.07908594005643785,0,0,0
0.5936084500510436,0.04178809245623712,0.7707816904002057,9.439190475726638,0.010909154959582326,0.0659047593967289,0,0,0
0.9851126807383929,0.06407783180480629,0.4603066483953058,8.285528179915188,0.009685328195220487,0.09226712071614679,0,0,0
0.27565413196394456,0.04930615313633877,4.3954688092657195,23.655225314896796,0.00019008534065285124,0.08301474816510687,0,7,2
0.5008485702556771,0.12380182542257599,1.6142953680653302,12.428295116126183,0.00975034720019797,0.611290174789236,0,0,0
1.0998709160144793,0.10623481646315298,0.5127816144616416,6.904592310690685,0.03249342089472045,0.03881784163091694,0,0,0
0.458851423615362,0.05239972421037358,0.9978510737504213,9.66643835795778,0.03570609725877241,0.0,0,0,0
0.39102368887825456,0.03166534662344871,4.90503008273192,26.237318849287632,0.040737509138457695,0.2163440878854591,0,7,4
0.7250742370473131,0.054176470090589283,1.0320078357478246,9.666447795534909,0.04393362648907899,0.10544772942494592,0,0,0
0.5512051734098852,0.13674715321875675,3.0016600299311773,30.380257609323216,0.007714468957804697,0.05175712217455577,3,0,0
0.5150655961539617,0.14688179801590287,2.811093856310354,19.871439974690716,0.007722607816754065,0.013797456902098248,0,0,0
0.5520194231125753,0.05758118614146294,1.6727887355895108,13.96006301520162,0.02199437094766742,0.2846641719600579,0,0,0
0.7447522512873292,0.06852159276212892,1.969725669253886,18.810461599555694,0.01762579791989261,0.14231132766871774,0,3,0
0.33544729189261074,0.02669541224892448,4.063587421919513,22.27421267173119,0.016966693041960617,0.4867749301643035,0,6,0
0.8579950055961022,0.1272942716741845,0.7397127401089943,9.666443226549124,0.026867639614983764,0.0,0,0,0
0.3745880522791876,0.04356183546334793,2.4032598570312396,19.332888082203883,0.03180137689165991,0.0776357183533116,0,0,0
0.3678069391359145,0.11931402666768691,2.9524056345579313,37.21410242302457,0.007947863042981982,0.6235159093194748,16,1,0
1.1773614468002762,0.10576784645320352,0.3714691870685496,4.142722444776023,0.00787646322007845,0.0,0,0,0
0.3738719174117405,0.0445473631379364,2.945962166234753,15.190244752037481,0.00681749244401293,0.012225999782339942,0,0,0
0.5558457075564052,0.03408047358731409,1.2888554516714779,5.523768943377009,0.001258102340246337,0.25878589160459997,0,0,0
0.6271565695550274,0.034239823128913126,1.1644580925729857,8.28542931005954,0.0012576391605655195,0.0659047593967289,0,0,0
0.7999532036538897,0.07959765940567205,1.4197434040448467,17.466825043330175,0.0006340184639909532,0.12939322653412114,0,0,0
0.5277401035417514,0.07417372652484149,3.1793371297188786,13.809182673944337,0.000990456118815819,0.04139267005881256,0,0,0
0.4313274244904893,0.11706372588770082,2.811093996126305,14.168238442236513,0.00021181845706458335,0.6357413785976129,0,0,0
0.8191216084798473,0.15875890447511673,1.8444484825390441,11.047358123380315,0.04280618339399537,0.5404198277844404,0,0,0
0.7763921940957397,0.22089191719329027,0.6476513721677954,6.904598480693703,0.04165257544663203,0.0,0,0,0
0.2949345299744859,0.033485823374872624,4.135394640523382,21.252357062388008,0.04073442240826681,0.1423321561629841,0,4,4
0.4998313019771907,0.10676004398261041,2.8272008543202314,19.69198101914841,0.008415876821893488,1.3049157231275748,3,1,0
0.9478898909374838,0.10893691902341958,1.2879379793601333,15.908199292935127,0.007567831589021783,0.0,0,0,0
0.43166376073468854,0.01881375183256371,2.725475717319925,13.809198253436522,0.02299647786736807,0.33206002186031364,0,0,0
0.49942246148628894,0.20045343374943125,2.4525141824965093,13.988714302575474,0.002281469635096773,0.2846641719600579,0,0,0
0.4536560806742998,0.12192184593162064,1.9759953335496263,24.534232905540787,0.003219815907913972,0.09226712071614679,0,3,0
0.37529737121346934,0.03735497283924479,4.309850855032091,25.036111524489694,0.00018985722865368763,0.11859264440727951,0,9,2
0.8269490659304027,0.25177967257048556,6.079270095186911,26.41705765520682,0.04052930401240719,0.7946772537512169,0,11,7
0.3853163258404687,0.047998759591391174,1.1539884200644026,5.523679061690168,0.04385880917875361,0.4349720983594945,0,0,0
0.694800337840369,0.07456539039929103,1.3558840676862076,8.090758109804696,0.046455878693214506,0.04139259522068267,0,0,0
0.6065550227821361,0.08739673426926664,2.53813074356399,34.039731165071935,0.007947591402358773,0.5046322921166975,3,2,0
0.8489893368354835,0.10874968619736096,1.5222309744194304,16.750485373535728,0.007722873232334878,0.0,0,0,0
0.3249689389227451,0.021200606891114564,2.8110902810165883,13.809211286281217,0.026320358040241278,0.5305101513744216,0,0,0
0.6703300872324348,0.09655645625155991,1.1769983659212686,9.929232936792806,0.036841157451395296,0.0,0,0,0
0.2920508070917663,0.019413577734079365,4.4681967159479505,44.907652736213585,0.023510744614992724,0.02759551250923213,0,8,1
0.49049326763437423,0.02751265697932434,1.6142954379733088,12.42824822784622,0.03091275664395049,0.48903203373054877,0,0,0
0.9965703955899986,0.13518351529664965,0.5983989195497542,7.084118396617623,0.042559536038277085,0.219967418327087,0,0,0
0.4419013868333235,0.0638032811749639,1.768498145112156,13.935357409438643,0.041952965109449625,0.02371842596146712,0,0,0
0.3143484080157874,0.05527407568764422,2.1155183515011564,20.815578188658474,0.0074847043008394835,0.7031193911704147,0,0,0
0.5090027429267779,0.1596587480277728,2.9685172764549543,11.227044797921494,0.0075682939525429215,0.0,0,0,0
0.5054337345960007,0.007292500574005281,2.4911792742992525,12.607802027293538,0.02828204180242314,0.9606013974388523,0,0,0
0.6174318326996634,0.08729829035711657,1.0332327954579945,8.236308393511777,0.03869686867795207,0.11862833813374696,0,0,0
0.8237518353759873,0.18094642356819016,0.3682452729639702,5.703260275051802,0.042789043550210744,0.09057496819190765,0,0,0
0.2175423744439761,0.02908638026004764,2.258725091271888,16.57101501425442,0.03883032054664442,0.09487421844581197,0,0,0
0.20063229631325843,0.009065986453271028,1.887255904203338,12.787281524546328,0.038141797104343164,0.6112904400413345,0,0,0
0.6124478373184313,0.028995222693476423,0.9238354166944361,6.904607272246194,0.03783402146113972,0.04743685192293424,0,0,0
0.2885288349975661,0.02580975709318716,4.28315306213351,25.2156180611499,0.0340593185678769,0.0,0,4,4
0.4586337771846043,0.07422378337975093,3.5540287949696454,25.574675101595748,0.012632363400575355,1.5685347607144855,3,4,1
1.3344558722542452,0.13368483642777854,0.2398193605847294,5.703171591787598,0.0077225790886306525,0.2322897518308354,0,0,0
0.35851200598390437,0.011584455621443196,3.317431353303304,18.412947826291475,0.007799449280439029,0.0,0,0,0
0.3543030518331287,0.03645316585644914,1.9352398214225972,13.610748003707325,0.03236299732921751,0.5408611041477857,0,0,0
0.40385983150222854,0.02692480655550746,3.0081033409614024,21.970454964576003,0.028039171710140306,0.2899813989063297,0,1,0
0.6135573824070045,0.14922841899143627,4.053920316939045,22.274238737420408,0.02683480748674813,0.5623869714161812,0,5,0
0.682259331957022,0.059640706665004956,0.6476517819409031,8.464945958409977,0.042865662245717355,0.11862862410920091,0,0,0
0.5766085020859297,0.10945634617525635,0.8317740866720771,9.8459905095742,0.039332059538117074,0.011858955680761602,0,0,0
0.39577050781477024,0.10682946265875341,3.4256020958135616,29.537919397344147,0.017868034541515265,0.5408611041477857,3,3,0
1.2026608939407344,0.41799302631749846,1.8412246361578157,22.81277505041482,0.00787757669859559,0.25043842887811174,0,0,0
1.4780248442393045,0.06339582042950202,0.36824341322448134,7.084119211170413,0.007799537874834001,0.11038026327658673,0,0,0
0.33987976175719875,0.02206691056016295,3.1825596079010956,15.190124909788706,0.007799626848354001,0.0,0,0,0
0.47947890629599654,0.022992933735885915,2.4341659103214033,17.81626199436524,0.04110095009415674,0.11859264440727908,0,3,0
0.3959291973303378,0.05315248874800532,2.317644154833205,22.27434007902206,0.032906173638268255,0.03557789624217264,0,0,0
0.7138336631757426,0.09457963323314744,1.936509370799154,9.666417834972629,0.04177384734308399,0.489031901104499,0,0,0
0.29368248456251905,0.04942426671657779,2.7618386020676526,20.313042621463744,0.037021763718350933,0.08558093746797019,0,1,0
1.4384658681188558,0.17741337991809167,0.2761807023635027,6.904592310690337,0.007954286179060528,0.0,0,0,0
0.34232530558647545,0.03978271626587077,3.2221466186619665,19.332831775071995,0.008184655096061007,0.40345162676677754,0,0,0
0.3238041972674528,0.06619706166455645,1.6635480456996758,13.436062320039293,0.012886097696873811,0.6112915010497324,0,0,0
0.9075694057159845,0.05640740448307666,1.4363146388311865,15.128994566933219,0.012886097684410784,0.04139267005881156,0,0,0
0.34210396184843145,0.08213556239437085,2.4921001945719747,24.091865419553287,0.0007911544971109188,0.018028747693299697,0,0,0
0.32364848096591275,0.03198280533669553,4.244487034843419,22.094704843021646,0.0011494523645065565,1.0269670055820541,0,5,4
0.7808722039106412,0.05117461927698672,1.2888575888582536,6.904598887970093,0.03909545758194991,0.18453309753047395,0,0,0
0.5796874234541588,0.09821875482346519,1.6436771697807813,16.123266800302893,0.03821136212519065,0.0263619323562366,0,0,0
0.34432276580964777,0.020396604621056722,4.557035475565734,28.22578161108128,0.018267676762297954,0.7391766654484798,0,9,2
1.3202846683403986,0.10990359744919656,0.046031407861479856,1.560464726504109,0.017357426699717782,0.0,0,0,0
0.2564391481129582,0.06491000315327951,3.639645286129149,17.951905118720184,0.017281638445620928,0.0,0,1,0
0.4066483237643658,0.03210205147791171,0.8745810500333892,6.904711179221031,0.037524425148582397,0.27595033545203224,0,0,0
0.3541281467494856,0.0441605829532982,1.988981460651513,13.325925995170627,0.04183674714113634,0.04139207135377643,0,0,0
0.4287813263659726,0.06978962206619659,1.0811548097385533,9.666387125396493,0.037767607249162366,0.142332099139333,0,0,0
0.22994981964411457,0.03694324464146715,2.439624669241798,22.191770624380666,0.013299880021510155,0.09780693725030747,0,0,0
0.4880189940586937,0.020963706148807392,2.584161617128771,15.549258574372187,0.01264607052975193,0.7579997849083996,0,0,0
0.8204286181244838,0.08999446956666808,0.7097939247682199,11.04736527646457,0.03777900395497939,0.17135248882167434,0,0,0
0.777790943894277,0.1204813949993029,0.5523669773915865,6.904541153030327,0.03790956290704534,0.012939210360683656,0,0,0
0.2746018879309355,0.02038090126496598,2.4483716903485817,23.65516078733579,0.03699709048562322,0.023718940561410176,0,2,2
0.6073753804698464,0.06982901902721352,4.108698431321396,25.21554143701188,0.007876433135359427,1.4762682119492492,3,4,3
0.42147908326997624,0.03425815738281599,4.681318718842475,40.40571787896755,0.00787716614846737,0.012225999782338173,0,15,4
0.3611801626494901,0.059809811751480514,1.5190124909788505,12.428274293535335,0.030268758989310064,0.38633058937385334,0,0,0
0.8375220598242805,0.09576652324614275,0.711098766899799,11.183219760382109,0.03827670325443563,0.7391768865570141,0,0,0
0.23309134285660546,0.015155397916311536,3.554025219675886,26.32003708462955,0.023715260254045453,0.05272357873701806,0,4,0
0.5446497262026718,0.05096145711978036,2.9556286220697032,15.19010536052161,0.03333498414449884,0.5336675149405005,0,0,0
0.31447997045026793,0.046938075933247995,4.997088672767233,26.596521498066032,0.020812458311304773,0.02371894056140932,0,12,5
0.47672664312682295,0.10227650117724174,4.517449253766339,22.27428892136205,0.007568020419081043,0.012224938773940257,0,12,4
0.46297286459043957,0.04183386073148205,2.15290392286279,14.954304969665015,0.005006591584061672,0.38817855667508067,0,0,0
0.37548785542109075,0.05702623845977899,1.7523877340948917,18.87838998455663,0.00965739335909168,0.32451657404525797,0,0,0
0.7516549443260239,0.10542958104253293,3.91905054394052,20.89332256726531,0.015292473201923335,0.5692453106748709,0,4,2
0.30073926095936687,0.055709723862994054,3.133570472882382,32.42118521535484,0.008183196673936119,0.09487421844581154,0,8,0
0.22264094199139034,0.01930654251940154,3.360236987320709,17.95196539562653,0.007954095895953,0.1655703995922632,32,0,0
0.3501508260096924,0.04051201425982184,1.6154612870703526,15.31148541731277,0.034349580879591834,0.6210856064605823,0,0,0
0.37042937180933727,0.0418650740879612,1.9735215314825811,25.703173128986347,0.037878389440795704,0.013181180659710849,0,3,0
0.48271095454152163,0.05246910680657529,2.63019256060153,18.131524082390616,0.03615547545405445,0.3493607852271182,0,0,0
0.2691051943115561,0.03840960724053289,3.928720180588498,24.856488665946234,0.015077887389724398,0.011859470280705518,3,5,0
0.5339351941686594,0.04690291770680769,5.664993468977076,26.417055707770533,0.0003240484129685786,0.059296322203638896,0,22,11
0.5458280157208141,0.04358007539227902,1.675924787132788,14.833052964341574,0.0010831672140763217,0.16821057688435143,0,0,0
0.30720060934985266,0.016281258949220126,3.990858586459852,33.32144825641201,0.0018422438802460845,0.37860281712515703,0,8,4
0.5041385903854786,0.022141158385572842,3.635501006334345,19.512411640208597,0.031401161272325305,1.174068646241901,0,3,3
0.26783614622304597,0.029173207090632158,3.1333061413052765,17.709455414297917,0.02298465421188582,0.17135248882167411,0,0,0
0.7850033163182565,0.15297913228840537,0.6048444301845942,9.666475808660646,0.008334198027030577,0.23228975183083717,0,0,0
0.24361878747757007,0.023730941015575,3.0840543924483557,19.439698407319995,0.008718332274368978,0.07908594005643785,0,0,0
0.7227900307105214,0.17722482866796055,0.9238380919229734,12.559360801100834,0.04340400932492131,0.16603001093015637,0,0,0
0.23370134490375402,0.01656595625632867,3.2842886697350613,26.41704986546054,0.030639303419400875,0.3966315648184574,0,1,0
0.43152315526816576,0.045213452022853685,1.7521271429321617,17.466854786691115,0.038871330583786126,0.37523906558257636,0,0,0
1.8299385807345818,0.10409072399205573,0.049079384434722574,2.7618397649119735,0.007876795816597658,0.0,0,0,0
0.31537406122178635,0.03852158002079296,5.941176940195873,34.88202872431296,0.007876795816597658,0.0,0,16,7
0.4011394513518857,0.04171906794949759,2.644339251472388,23.6418290864704,0.014154851292180842,0.8834062047778087,0,3,0
0.3881622591791934,0.05684191025375331,4.060364434407737,25.215562409405628,0.02764343334779763,0.7450662649435118,0,8,1
0.2942882938003038,0.051338733632777946,4.145981135291177,34.70256785878461,0.014002253057708913,0.08278522786043017,0,8,0
1.6673599262528171,0.12357126906318251,0.09205882098130938,2.7617646294392673,0.007799537795636237,0.0,0,0,0
0.9506229858543976,0.1913866007089504,1.3542200508347684,13.98860090184731,0.0077996565731634935,0.055190130468947586,0,0,0
0.23832295603232181,0.029399053233356644,5.618962666334563,33.680634052374096,0.004607185751763246,0.4862300479098227,0,24,11
0.23966988191462865,0.020336670087126394,2.987850048308906,21.07269914998709,0.007230083172771386,0.17788948121086148,0,1,0
0.4099638855878584,0.033812423137655624,1.854115402762712,13.809182673944209,0.03486743336889596,0.6326863765496784,0,0,0
0.31009207359694907,0.05012349087644225,4.477863311598859,27.797992101305095,0.007561136423550177,0.32451657404525797,0,6,2
1.4228414948120762,0.1076324739741803,0.0492536064117822,2.7617802089318273,0.009794546110552535,0.011858441080818544,0,0,0
0.24395022205952924,0.022666271018820416,4.704794122660304,26.237506402407345,0.009794546110552532,0.02759506348045503,0,8,3
0.3960201162204718,0.03659505080589893,1.6123263902865632,14.954329336975325,0.03583597749773053,0.15527140161514547,0,0,0
0.4287479021245873,0.009043782896815532,3.133307156843501,25.03611541936271,0.026172436221662237,0.018028692416166118,0,0,0
0.6920309326978066,0.026239854544650682,0.828551394864809,9.666431841535477,0.037803048438331564,0.09658272218159311,0,0,0
0.2906159251169857,0.03282976280946689,4.698349784232466,28.156958885556957,0.024074852643822142,0.013797531740227515,0,6,4
1.9395833333333337,0.26843013203746624,0.046031407861473195,1.3809422358441958,0.007722696104449297,0.0,0,0,0
0.29657933763631955,0.052444312989694035,3.4812990307325524,20.154077722668987,0.007722696104449304,0.0,0,3,2
0.5433303052043253,0.04891417771732295,3.8698042528993715,25.21558188377099,0.041430798520111695,1.079194299146103,0,4,0
0.25722783781358505,0.028240194094570573,4.56347787529552,23.655180973264706,0.0373515640738613,0.17135248882167484,0,12,2
0.4196333085241843,0.023504524622361342,2.176503000961519,13.935396507972296,0.03868318469989337,0.804039437322262,0,0,0
0.3117931519624914,0.08021182426704364,3.3731255018900064,38.376548057516175,0.011016875904301043,0.6129760949209845,3,3,0
1.0793794960074627,0.16080968370195295,0.3254377792070702,5.3938036310780815,0.0074903056785960995,0.012224938773938489,0,0,0
0.8667645681492461,0.1658202563279371,1.3017442458726953,15.190005067539607,0.00841182199887994,0.013797531740227577,0,0,0
0.2066297547190837,0.017321131907259885,4.871883806392919,31.7611616875826,0.020291257615848376,0.4401285651053941,0,13,6
0.3053563644696311,0.02591850536819518,2.7028866796749327,20.893338146757674,0.020713063176323765,0.16225828702262932,0,4,0
0.3932981530441675,0.08066076865005321,3.277842484987572,18.1315162926441,0.024244556634102406,0.47680616657426034,0,1,0
0.30417818129489416,0.026885362537889132,4.0336668669935944,29.17883464337826,0.046157351235706495,0.17135277479712877,0,4,2
0.4483557781098699,0.14756777934371787,3.106607505297749,32.05114318647133,0.008183079871349015,0.8281139547928942,37,3,0
1.5764590301678683,0.3875209087512118,0.09502368130766596,4.0453712651561595,0.007954032896544049,0.036676938338616606,50,0,0
0.4782382221156863,0.03462174028979347,4.974533800983168,32.120222730572266,0.007954064398331741,0.0,23,28,9
0.5002664852788565,0.05717566492237643,1.2092447638778692,12.092447638778726,0.0007024675161419306,0.2587858916046009,0,0,0
0.4011347346498036,0.11792228657298504,2.744808436742885,21.93435828561795,0.000613684946618969,0.013181180659708943,0,0,0
0.3826914009522153,0.03057790261798954,4.004666640619291,26.41700552382861,0.005585995219517278,0.579496333089558,0,9,0
0.5325911506411368,0.09621306555085059,1.6217316145224774,16.18147558838986,0.038612763459260256,0.025878420721367312,0,0,0
0.34531691816237614,0.12639907686877708,3.941605084910044,39.643801932895826,0.0077937618502996065,0.5048036087611864,2,6,0
1.7609381921279361,0.05021242932028375,0.04603090851877101,1.3809272555631302,0.007877259796926822,0.013797606578357281,0,0,0
0.7189083857383919,0.09062114230249813,3.09372084828331,16.930000074449275,0.00787688734630698,0.036057384832332236,0,1,0
0.27683684703987027,0.025974676696612135,4.757268661788627,40.46095377076751,0.03134103217482658,1.0910532548268654,0,5,4
0.3139429950782516,0.031137023501469203,2.4695466680474727,18.06371215410033,0.04069322304231914,0.11862948203556659,0,3,0
0.29435411388399446,0.025585128725858306,3.1857816666354415,17.951889539227796,0.03946585661890904,0.4658140995710038,0,0,0
0.41811411273145244,0.04339118586594812,2.860345605167269,18.878401886396144,0.042852025094097336,0.013797531740227577,0,0,0
0.4343225541623051,0.11750474088580883,2.3838794469892153,37.16052519633815,0.007874820875501053,0.7513147146834244,3,3,0
1.8148142679499464,0.5760126449271148,0.046030908518770175,2.687209670933245,0.007954254199388222,0.0,0,0,0
0.47717575091759734,0.09712567506957404,3.2810665410927338,23.83468788443206,0.007954254199388226,0.0,0,0,0
0.28460009382762935,0.02843296152739302,2.1175221819305152,16.123245831645427,0.04069100775306057,0.5501625631464412,0,0,0
0.2520690930497813,0.040224278656933836,3.096944904388472,25.036196312880655,0.04321222279970303,0.06469633253523965,0,0,0
0.7398327514681324,0.05496094455787703,0.8745809102174344,8.465040483983804,0.043900997491675885,0.21996797979072832,0,0,0
0.28864442054537087,0.03784346606463631,3.149416784516898,23.834695674178228,0.018457910238102268,0.0,1,2,0
1.1619566025419206,0.1976656324905127,0.6969042910470865,5.52367906169014,0.00756743573019183,0.27595065819146686,0,0,0
0.35375439190823005,0.018581932540088553,2.534907546328278,13.988793847868253,0.007567435730191828,0.01379753174022764,0,0,0
0.6178804610226049,0.07099052589350455,2.5425493443728113,20.503459800910747,0.04207039780789823,0.6490332586447827,0,4,0
0.37060933454559547,0.01386399141396213,3.297176325434908,21.252359758838654,0.041845538405355924,0.5048036087611862,0,3,0
0.30954546697953594,0.06070884806190935,3.7703719278210897,40.281462439092394,0.011319971246275456,0.05519012696091031,3,7,0
1.7013895844320066,0.0016294446024607153,0.003135068337070647,1.3484583866764093,0.007723172138143315,0.0,0,0,0
0.3428150388563816,0.033281532336549305,2.991993574096228,21.575306879624232,0.007723051637034693,0.0,0,0,0
0.3065900616426693,0.027486719926006195,2.184254721581712,16.29794366807175,0.045022554870523646,1.2439804953182,0,3,0
0.2228868562313631,0.02689461431632934,3.0734684669312466,23.655165393772307,0.03805558767168032,0.7932631296369135,0,3,0
0.34043521867857757,0.03284043755234813,2.5841612925560145,16.181458875068635,0.04577978000757368,0.31054273304733554,0,0,0
0.34874651072982626,0.06470240874514042,3.0872764511827047,34.0704494178909,0.00795425410054421,0.6469644482796807,3,3,0
1.5799356877497288,0.2659593846116726,0.04925350154981445,1.560458884194477,0.007877010877622664,0.013181180659708943,0,0,0
1.683897722119675,0.3161128684908597,0.046031407861473195,1.380957815336556,0.00787707287115745,0.0,0,0,0
0.5306741477352414,0.09413796012807224,3.0113263459501733,15.549141278771025,0.0078771351009634,0.0,0,0,0
0.4374853733863478,0.07330165360196851,1.9925670983884742,13.436056593824393,0.03336078046499197,0.3493605746782528,0,0,0
0.3906495128350094,0.027338016844153323,2.217832702768095,14.954338997388215,0.02868185908514311,0.10673343142654552,0,0,0
0.31626026255884465,0.027030743033064904,2.5809392338216655,11.226924955672295,0.028242651245130604,0.5932939396679151,0,0,0
0.29951651530740137,0.024244155800816857,2.0253462728620777,16.181480379271395,0.028566265381038892,0.01379753174022764,0,0,0
0.46247417067219115,0.08934208182743407,2.0285719068901886,21.79098715194242,0.007794073053481721,0.5693286246519365,3,0,0
0.5571946725706428,0.04421339559231693,3.0905005072878717,15.190106633845557,0.007645480297501704,0.0,0,0,0
0.5010466907915444,0.03176387129262643,1.8425310204889418,16.472601379797823,0.03372329242190755,0.5434496424669274,0,0,0
0.24762916944842592,0.0314415146740642,2.9491843647850544,16.181516219609367,0.028984516335719055,0.03881763108205143,0,0,0
0.5734975425372555,0.040733599305622266,1.6154619502267362,14.779636876599682,0.04581208191932335,0.194089559069361,0,0,0
0.31094711887387183,0.031165695011953803,3.787403109308258,35.116790608413524,0.00787048917834759,0.6590483089059144,0,5,0
1.7864583333333337,0.002276196741660231,0.046031407861473195,1.3809422358441958,0.007877354534468342,0.01185947028070466,0,0,0
1.708811531593947,0.4088806846748231,0.09206081835213098,2.7618545111262107,0.007954254029327475,0.0,0,0,0
1.1638966922078784,0.2775073820969412,0.7857440431084938,10.025479144798558,0.007954095459088345,0.0,0,0,0
0.4758780724198899,0.04551653011603183,3.2253687473042874,16.750574056800254,0.007953875781090384,0.2200648130568969,0,0,0
0.27509856054270054,0.019506655070962553,1.6205662465423312,13.484591656510299,0.03614666673716356,0.4829130870410589,0,0,0
0.45564555832610737,0.05555020135034253,1.950915191945004,16.29792780897966,0.03991525687789917,0.20783881327455786,0,0,0
0.2654921102911054,0.016146306921938868,2.301532477982186,15.369639610702038,0.020884989411233235,0.2899813989063297,0,0,0
0.6057757665921703,0.04896876053071609,0.7397126876780076,8.28551539518149,0.040669112740976635,0.18453338350592885,0,0,0
0.4357512140825361,0.026397717908039343,1.0905598170099695,8.270229802312691,0.03771567364475537,0.1293926650704793,0,0,0
0.41318636865606123,0.07072139452355362,3.7243408220619507,33.680693973498634,0.012019539302338608,0.07335440718143217,3,4,2
0.3917255807606361,0.04427951228784901,2.4032598570312396,16.750469794043514,0.007645310312303993,0.0,0,0,0
0.276646811271431,0.021230594755318955,2.7158091216690132,16.571067145632526,0.02653873887657615,0.7634170607940138,0,0,0
0.7844585675391312,0.09888327179991145,2.2393425102234947,15.303648653429775,0.02901739689363168,0.2524020254891278,0,0,0
0.2664513027516571,0.044303736745881735,4.8129675466408814,26.237326639034226,0.02555335047539089,0.14499069945316484,0,9,4
0.599239654874374,0.11795525665820873,1.2697071284055192,13.785391338102473,0.03915087743705485,0.1811495065132144,0,0,0
0.32714799077157025,0.08423723164137199,4.333326688284646,30.55974675247273,0.011405724357249089,0.21996797979072832,3,6,1
1.1688765388904698,0.1007910142571475,0.46997268478238585,11.226940535164609,0.007722090935603396,0.11859264440727779,0,0,0
1.5531388650237279,0.16184916125480323,0.0490793700161896,2.687211998495424,0.007646001304401079,0.0,0,0,0
1.4737188347500785,0.11218260409682874,0.4635282876817798,6.9045913369722545,0.007645480092297241,0.0,0,0,0
0.3211271444704716,0.02735341676537548,3.5572485767012614,27.97745856571333,0.007645451636147778,0.08558093746797106,0,1,0
0.7389250825348453,0.060866212853128356,2.149768835301017,17.529965408380974,0.024141262373962566,0.23718580341450124,0,0,0
0.2895475803673468,0.026926644387556643,4.750825425659814,30.380249819577248,0.02236717030857561,0.973549722135772,0,13,4
0.38402725331121546,0.0182283501951794,1.7781649030494435,17.951950799215062,0.04273535812183258,0.14233159469934276,0,0,0
0.33531725661355044,0.06532678684634637,4.07325308879299,34.882105928936866,0.007873994042653059,0.9226676324682803,3,7,0
0.4980069477810091,0.08637517031542453,3.314205719275193,16.750574056800254,0.007877228803056155,0.013797531740227577,0,0,0
0.37465139746807075,0.05183307324976456,2.645559402709056,20.328751912711393,0.04173989247825022,0.4269961877571314,0,4,0
0.5276919155459389,0.061433219873662424,4.37613589759582,29.42145497221235,0.038797635682146205,0.9735499432443073,0,6,2
0.373960555621558,0.14690057610341553,4.342993144119598,48.33215493829734,0.008410752557068713,0.6850906434771148,3,11,2
2.0416666666666665,0.14991210622104612,0.04603065884741804,1.3809422358441958,0.007567831889247649,0.0,0,0,0
1.7155701662142016,0.14038121027896805,0.046031407861479856,1.3809422358443957,0.007567831889247649,0.0,0,0,0
0.2651272718670646,0.05083263080083855,4.326882430999998,28.695573395619046,0.007567858617739083,0.012224938773938489,0,13,0
0.3239038068517107,0.0873679263215622,2.9590670987813703,27.396148013523774,0.015725273956690846,0.1983157824092287,0,4,0
0.31233402261458415,0.03472012418460487,3.327096025860621,19.788985675343966,0.026303092868825102,0.7249534972658243,0,1,0
0.3641463910914264,0.061286771648513066,2.3029401792774165,22.841304943009114,0.0077999574627048264,0.01379753174022764,0,3,0
0.6061203059772554,0.03229706327589824,1.3445571702935828,8.285549152308837,0.01009494679499826,0.23455811442199803,0,0,0
0.38169966699799135,0.058306840127490565,1.7560924908023445,17.03683311903432,0.019364583871555298,0.3105421715836942,0,0,0
0.5242660202322541,0.044790080652981866,2.366896727605584,17.95196539562653,0.03592381883763261,0.5573858403941663,0,0,0
0.3472484761466315,0.039800211141366525,2.9459621662347546,19.057919021605382,0.014206955524160396,0.1940892783375399,0,0,0
0.6553057868339346,0.20984243965487823,3.1001668233068598,15.728781065031926,0.00787729123985626,0.0,0,0,0
0.2553012786337298,0.0207054001835011,3.0412451831371885,13.988761190855428,0.037687251896886424,0.9704461109558801,0,0,0
0.31908230343531385,0.06676920543404823,3.3303190789111263,27.61836534788843,0.034529505776269696,0.08301474816510687,0,3,0
0.4950277405740647,0.05857249136149847,1.3050888308883897,9.439215522762835,0.03971681789564449,0.3031622220967206,0,0,0
0.4088794332662047,0.04995420127018804,1.804014396600654,24.238652097485854,0.03801081394419684,0.3234822241398408,0,2,0
0.5531799714357025,0.248913561323453,3.406268534998143,26.77599058402364,0.012929832056172897,0.08301474816510687,3,0,0
1.5851964923362385,0.20462028478346528,0.23337520816205126,4.322285382194803,0.007954222600219857,0.0,0,0,0
0.4621492690102798,0.04577382665517804,5.878116330741055,44.72799633278235,0.007954190820435433,0.05519012696091031,0,22,7
0.42419152342065125,0.050421281956595315,1.200019688109919,10.74883975482354,0.021597937596840033,0.4829130870410589,0,0,0
0.2367903789894592,0.03244844604118142,3.593614087991612,19.332735302061792,0.025013301302436584,0.09014373846649848,0,2,0
0.3858563664626142,0.09522842770466951,2.2683908505237635,12.428151754835737,0.030261955603127468,0.883125377378698,0,0,0
0.36819181787363603,0.06908758305033169,5.1812128174202305,34.88203628935494,0.025080524031758058,0.013797531740227515,0,8,5
2.041666666666667,0.11387201366229052,0.0032221985503028097,1.3809422358441958,0.007953535981432192,0.0,0,0,0
0.36322871217313596,0.03462109005995475,3.2681743114137136,20.89319223881934,0.007876673858394525,0.0,0,0,0
0.43366266480964666,0.13906470908345156,3.330316432394793,25.036123209109213,0.041454934504452146,0.48291338639357645,0,1,0
0.4060193128145749,0.05169604513538827,1.6499473256796255,20.50342072670312,0.04078994509212955,0.1622583422997625,0,0,0
0.384067494918513,0.12780378610271345,3.130085800309832,22.094776167885122,0.03396759082422795,0.28119375096018984,0,0,0
0.32493041069202594,0.05216257590038898,2.974567225300988,25.39504834817927,0.019908745133058754,0.07115579248434442,1,3,0
1.370985502603532,0.0741006199304354,0.2858507684462088,8.644578554135956,0.007876493113971272,0.013181180659708943,0,0,0
0.3063426675959551,0.03306531739047605,3.2713965099640223,23.655165393772307,0.007954190543957561,0.0,0,2,0
0.32880451519885623,0.0340384473605702,0.8317735584611227,7.084165959010437,0.03743304966614703,0.25043785692720094,0,0,0
0.26366559710052967,0.048694734884596254,2.0185440874632365,15.486099236818744,0.03633449977369029,0.08301500546507841,0,0,0
0.5159148766674576,0.03011336320381656,1.3381119492775126,9.66641978240913,0.03901817282463395,0.2899813989063306,0,0,0
0.29130969973042514,0.022779659021762756,3.8430997235556097,22.11386285610872,0.032518388474864324,0.01185895568076246,0,6,0
0.4329217137666799,0.05631948147724783,2.3636728462703664,24.943948175289158,0.0077973487237602175,1.3882099793703957,3,1,0
2.041666666666667,0.13696640730381424,0.046031407861473195,1.3809422358443957,0.007876948887234406,0.0,0,0,0
1.65277552796766,0.2785759463949348,0.14131614250280825,5.523691153585815,0.007800048360524323,0.0,0,0,0
0.3956094305399051,0.12559418239174866,3.4555218617780046,19.512369845224296,0.0078000788764131315,0.013797531740227563,0,0,0
0.344694872205147,0.018909614149315288,1.580079736916059,16.12327450391581,0.020230672912732502,0.4787534502975978,0,0,0
0.4092982252711408,0.15351103414434233,2.765062588264838,24.272236148399486,0.00032385459596686656,0.09014351735796451,0,0,0
0.7021908051704822,0.04684989281122794,2.630191922067049,17.951957250098527,0.0026902757826713594,0.07115579248434356,0,0,0
0.34002850243533195,0.03329948964972609,2.4396248090577615,20.22686660224129,0.04426769751039958,0.039542684052764496,0,2,0
0.4156760832706578,0.07743906325749281,2.5316836300390704,29.035657481127494,0.007796453551436799,0.7513152866343342,3,1,0
1.1049439788514703,0.23283725409620337,0.6936813322475149,11.047209518991714,0.00780007874734992,0.0,0,0,0
0.34508558214467316,0.04400913636344871,4.007890556908496,30.55982444161513,0.007954032010151855,0.027595063480455154,0,10,0
0.27302164731358275,0.0440996599980829,1.8899577116074207,16.1232601677806,0.024985044585253396,0.5228323564544858,0,0,0
0.40222223298639254,0.048751836505665364,3.7445948287745168,21.252437955906334,0.027001631202216488,0.46458029941797147,0,5,0
0.4205130136301735,0.11296178091951219,3.149418572163778,38.665694709129085,0.0077172518225121795,0.106733174126574,3,5,0
1.0658670514392279,0.17050578508901787,2.5146553047921745,19.69199659864077,0.008030578823575343,0.0,0,0,0
0.9386333864522841,0.16288217885420012,0.5620343620039672,5.703195110828967,0.00803064126047954,0.14670987537126579,0,0,0
0.25811295665322587,0.07955371626709982,2.8539014876985744,13.484567189952363,0.013855717562780636,0.11038025392182062,0,0,0
0.6321452026952575,0.058780624760565864,0.5588131315543314,8.285507507127216,0.041818789602395455,0.1318095187934559,0,0,0
0.31855490618725435,0.029440891332598293,2.9160425400862646,19.057882559588784,0.04061302737132077,0.342545321738557,0,2,0
0.36575273010416126,0.06602024416325246,3.593613553694918,22.812788373502386,0.034382816773850355,0.103514244349112,0,4,0
0.8037150191739172,0.060723806700129834,1.3809222621360617,9.845982719828026,0.008029877079269778,0.45065266626759143,3,0,0
1.5095189346715223,0.38082794581345086,0.5523679094459526,5.703199506605264,0.007954095722527147,0.0,0,0,0
0.8810839836283971,0.06040063273623269,1.068369002756651,11.226859688459866,0.007953907237219254,0.013797531740227577,0,0,0
0.18383394287510027,0.016076653500138535,3.317431353303304,18.786568936454344,0.02231822105512252,0.43879422518677286,0,0,0
0.2596399416481086,0.024634887636070694,4.0539181797522605,21.84703005251093,0.034348770835854976,0.05519102501846426,0,9,0
0.2763926023164816,0.03578358722007391,1.709318862398419,14.954330428663773,0.03841852631605807,0.48769567709651257,0,0,0
1.7101923364828229,0.17557341319879782,0.09206281572294686,2.761780208931801,0.008260362433060971,0.023718940561411037,0,0,0
0.4186279476879194,0.04375538042671212,3.0444673816874883,15.369647400448072,0.007952877200927237,0.011859470280706375,0,0,0
0.3556361420818879,0.042406349598333844,1.2888575888582534,12.607818955011188,0.038312565615896736,0.2846643123259682,0,0,0
0.41773586895950987,0.04005506776777268,1.0457728614541308,10.787667093411317,0.03344101747559232,0.3966313989870558,0,0,0
0.3559623035960038,0.05384929768037642,2.857123406616969,22.541004689936145,0.012978103990403849,0.09057489362251754,0,0,0
0.6638005757197136,0.18095058815884565,3.0734675818463044,26.417006160490523,0.01464710924993001,0.4011174863039418,0,3,0
0.6164504804206744,0.10036177809982903,2.2716137456571395,18.310999684770326,0.039103096411557334,0.21089545884989266,0,0,0
0.5629378586220515,0.044595578446861926,1.7095788493564774,9.666475808660646,0.031122919969146234,0.09658275960065768,0,0,0
1.1577737732950741,0.20459795750822854,0.6969033909818607,6.904599126718261,0.034343644903089894,0.08278519044136534,0,0,0
0.336842263252503,0.0756236111702245,2.2845005424875353,19.3328134991293,0.013502576585385777,0.02636178936850903,0,1,0
1.0073383739586181,0.2058342502189786,0.608066628734891,9.666443226549127,0.0079541590993226,0.0,0,0,0
0.26442421298615315,0.04592511272764795,4.846108582378203,24.85660071844915,0.013702791310935023,0.37949687378324787,0,15,5
0.38008637153026176,0.07801723039399693,2.417282041301415,27.618264980004962,0.035217292025208666,0.5573860735722654,0,3,0
0.531838077844224,0.05544928582594988,2.781173161568475,18.131531872136662,0.030636372008513376,0.44152101568728247,0,0,0
0.3313685851552695,0.057235478209771484,4.4649726598427835,22.09470321391608,0.04359574067314014,0.06469661326706057,0,7,1
0.5381543095889098,0.02072914803782695,2.46217977946201,15.19002064703174,0.007954190808407707,0.01802872005473295,0,0,0
0.28637277792684823,0.02835001004798582,3.958637160220655,24.9439215740547,0.03714008456602888,1.0610214256761277,0,9,0
0.27366007774676343,0.03285539615222385,2.419969498487567,24.27224565714361,0.02313908452945576,0.36057395887759,0,0,0
0.5256102886293624,0.07150524864593444,2.94918482917377,22.094716246760573,0.032227099384997224,0.7352752572800351,0,0,0
0.3708198819368198,0.06345075737384175,3.6589802650778527,39.20423102212358,0.027849480594604185,0.02371842596146712,3,5,0
0.5520414092915268,0.07829239261643613,4.444720558122637,24.85655967247884,0.007954159133943952,0.0,31,12,4
0.32113110536709705,0.07941552019629597,2.028571582317432,20.713810768781233,0.03333885011525528,1.1003222085197848,0,0,0
0.2942076690042643,0.08564369494375029,3.6364214397479238,27.797992101304896,0.03995640602853117,0.18453309753047395,0,8,0
0.73107400119391,0.03565831815496132,2.130299025032677,9.666438517123263,0.03372586698003336,0.8435818353995707,0,0,0
0.3137272477530439,0.04393645354841678,3.268177027838031,22.81281081583607,0.03411470697180477,0.0948742184458124,0,1,0
0.6286594612227636,0.08954453374762834,2.0746033147516685,29.537911607598012,0.0077186252081161135,0.5952064839096624,3,0,0
1.357415668467479,0.26403662789028043,0.3714692788227718,7.263639656085508,0.0076456230888945105,0.0,0,0,0
0.2646845204493958,0.024414722614354723,5.832085869134003,38.72101074543315,0.007722695524773404,0.25674175139551353,0,15,7
0.30921576188033967,0.09311348338879084,1.1967971649868578,10.025472628376251,0.03691164572443339,0.41507472178167526,0,0,0
0.2436879903613198,0.062098177679965595,2.9031548144784396,26.596572356120266,0.030555645858584807,0.10544772942494687,0,3,0
0.3815007542332119,0.03727642957208506,2.4425240978799687,20.81570318365532,0.04379590503554852,0.5404195418089863,0,2,0
0.347945034754874,0.03721574622843932,3.360236987320709,36.127011708894194,0.007795314907909987,0.8798707962356306,3,1,0
1.3161480933621763,0.09377496564295189,0.092058995751262,1.5604588841944786,0.008030893125936819,0.027595063480455154,0,0,0
0.29267966227642556,0.03221041374482068,3.777737442434781,26.23742311204442,0.008031116555026427,0.0,0,4,0
0.32264397223648084,0.04605698582073355,2.3351868134232165,20.765402366576097,0.03988163892835163,0.15417079794942282,0,1,0
0.4097915977102553,0.04172025369810273,2.320866283475529,18.131524082390637,0.03586463863889114,0.4277232594326669,0,0,0
0.3362307445223152,0.03951340058565218,3.225368747304291,42.32524915839583,0.007642857829844312,0.6850906434771148,3,6,0
0.628487089605657,0.05874408343262474,1.505202509356577,13.98880942736076,0.007645566039916408,0.01185947028070466,0,0,0
0.22152140285444732,0.024515713421214474,3.9650814175053033,28.215644694607697,0.029215923713767255,0.8064305994894283,0,13,0
0.2663547620637264,0.05604129693978405,3.718090992924754,26.33877453209369,0.03239727906329219,0.3558861583030567,0,11,0
0.38970753695575894,0.032031460460881046,2.064013813940788,20.815683589448973,0.016301355761979545,0.35577844782178075,0,0,0
0.45250273491616877,0.08707757347669513,5.803085630900308,43.16763560688007,0.012986485042994737,0.9735497221357728,3,9,7
1.471709694469168,0.17166720099257332,0.04925360641178267,2.761845373154733,0.007800109336073109,0.0,0,0,0
0.24146939737048315,0.02053843896366981,2.765059012971067,24.85651203518532,0.007800170678737802,0.0,0,0,0
0.2648876562336991,0.0370871928753827,3.494187405485899,22.992341732903892,0.039388431446239436,0.24584626014618555,0,6,0
0.345006375166985,0.03249551839896461,2.475068294031307,16.68751898200328,0.042831024452178866,0.7908582566625513,0,0,0
0.34345400117061814,0.045943506686023906,2.8078719373919627,35.42056913815957,0.0077186876513691514,0.05408602197136511,3,0,0
0.49418463297456916,0.12522586805043182,3.731705245611831,19.512442948996434,0.007799626415265336,0.0,0,1,0
0.27245113009846517,0.02149332828530895,3.0904986846869966,18.13146968524468,0.03111362502191765,0.8435801918721721,0,0,0
0.23124445462338808,0.014978608385528806,4.75082449688238,25.620671720106188,0.03596328605445898,0.09014329624942918,0,11,5
0.4676093113434576,0.026759667149644967,2.5873833512903603,15.311436499205998,0.023327490413733876,0.11645345470979565,0,1,0
0.4901714638331672,0.10246595944369817,4.619176972368429,34.93727055204934,0.0076319366453004205,0.8022349726078855,3,6,4
1.5608304642367943,0.4103991942498254,0.18734476403199649,5.374419341866497,0.00795400105410262,0.0,0,0,0
0.32375269104882376,0.09645439426685848,2.9584573422765708,21.497678974101888,0.007954063987518608,0.013181180659708943,0,4,0
0.3118826534280416,0.03896666179130615,2.7060215248681376,24.552777847071056,0.03520138221776854,0.20696275158902466,0,5,0
0.25986736163581686,0.02240739093404437,2.7779512426500896,18.131482437208998,0.03424612471948235,0.5305107128380642,0,0,0
0.3285088746575131,0.07213678111785239,3.5443604815798326,28.156928924994574,0.007877072663058047,0.11645345470979565,3,4,0
1.53125,0.09815931460599867,0.04907866862694291,2.687209670933245,0.00795396949574885,0.0,0,0,0
0.4014422104274265,0.02498724384269503,3.274622283808091,19.512396407135277,0.00795393817022293,0.0,0,0,0
0.37175639197546534,0.03969404869561461,2.9559320112195953,25.528442603700054,0.031178258942498933,0.39663145426418944,0,8,0
0.23279645421713754,0.014150266623636214,3.925494406744433,26.237438691536727,0.04034778945328383,0.5667816171529504,0,4,1
0.3268469546051031,0.03914215373638966,3.268177562134724,22.29338114105607,0.007953263485651393,0.37860281712515637,3,1,0
1.161283556111714,0.004518333313213215,1.068371655358721,5.703199932607003,0.007954190783845844,0.4415210156872821,0,0,0
0.6178520336809135,0.10486559436533299,2.2191382203269776,19.691965439655853,0.007954190771304274,0.0,0,0,0
0.2244412059408496,0.021689291489201457,3.179337409350799,21.575276842281923,0.034854557959475174,0.7504781311651508,0,1,0
0.2303669416264449,0.03360673454435576,3.4062685349981394,22.191874619364953,0.03217473563609122,0.15527136652366788,0,4,0
0.43868352553085677,0.06047523533543666,1.798417608974264,11.406385203263875,0.03956418194703857,0.47451506838771346,0,0,0
0.28194114913781493,0.032608525066558404,2.719031040587403,30.6228665718688,0.009715386946523413,0.0131809661781183,2,0,0
1.5820347268306876,0.22886130590482537,0.18412263538967197,5.52369074630942,0.007800232054438096,0.0,0,0,0
0.29577753255972655,0.030103519367842724,4.234821612647863,26.416930023211574,0.00826104746062476,0.036057384832332236,0,7,0
0.38707841544818944,0.0351699412150946,2.8144055713636336,20.503425752589568,0.030208472501341774,0.46874611337458655,0,5,0
0.32325176996986343,0.021409459172797792,4.695127701779342,23.6551760438159,0.03769378352904899,0.103514244349112,0,7,4
0.27429962947475034,0.04488702591994229,3.7906243091731495,24.943915255653142,0.025123978982736966,0.14231158496868884,0,7,0
0.6281717807349262,0.1869569701023107,1.1240704417468415,15.369736083712622,0.00795350574893235,0.48769567709651257,4,0,0
1.8148148148148149,0.44543074266273436,0.046031407861473195,1.560458884194304,0.007954222441786405,0.0,0,0,0
1.2845428907262713,0.2648977874654016,0.9302787739138624,9.845982719827852,0.00795384480904715,0.0,0,0,0
0.25717289816231376,0.06329762238123131,3.4062683951821886,16.570843040627388,0.007953875958591455,0.0,0,0,0
0.37873801153762066,0.02911088807390889,2.248747483851682,22.19167037821406,0.03866298579832443,0.6310046215057502,0,2,0
0.46946027178439625,0.0431232180573925,3.9876363879095518,20.713841721787148,0.03653111018053975,0.5746124406943217,0,8,0
0.30251956306315225,0.04063659965340825,3.7745135960535494,30.076434775395775,0.029588550361958035,0.07115527788440222,1,9,0
0.6032714287909301,0.11212818268717634,0.8745810500333887,8.285653415065376,0.008031116599562961,0.22407663950960077,2,0,0
1.5312500000000024,0.07255262726644668,0.0031350779494218137,1.3436048354666226,0.008031116599562961,0.0,0,0,0
0.5729788562005912,0.05639867005528132,2.4856560771032776,20.713669748159628,0.0080311165849366,0.0,0,0,0
0.2576415661976688,0.02211304243180077,3.271399945441828,17.951905118720333,0.028647150266996855,0.866932428070409,0,0,0
0.4005740475907566,0.0723199149481052,2.692945498192418,27.618369242761702,0.03885511326072121,0.21996797979072832,0,3,0
0.5421685982355648,0.032188760757918246,1.6110733093309817,15.549152963390323,0.04173871669950654,0.8172194740801524,0,0,0
0.7421237035773468,0.17836794841794232,1.7654976958135566,14.77966554887007,0.042845325552245156,0.026361789368509504,0,0,0
0.3252901044190227,0.021901971007898036,2.95240656333536,31.824285781508152,0.0077972734426618425,0.271724961599374,3,3,0
1.4848497661425428,0.176016660724974,0.04925303716109444,2.7618414782816183,0.00780017072563131,0.0,0,0,0
0.595753284810383,0.10677042094405127,1.2225739394606712,11.226924955672196,0.007800109358902482,0.0,0,0,0
0.2382252602774044,0.01680185158204775,2.534909403883139,15.190244752037657,0.024402657801229813,0.486230047909821,0,0,0
0.5302492934153683,0.0625093828910103,2.2998048363017407,19.23746628966238,0.043835334923014,0.23725667626749392,0,3,0
0.42645944865843965,0.10434465232093902,4.0603625768528735,22.992373041691557,0.0328316637241576,0.4217909176997856,0,7,0
0.9107472393133659,0.19376253045278793,1.2249206740651337,9.579898892843264,0.0453692427625129,0.1067336887265162,0,0,0
0.2947839453262086,0.04637398226336237,2.5445741419791896,26.66947820294846,0.007800324942259762,0.02587842072136778,4,0,0
1.03386104439001,0.08471223508515646,0.930282489023579,14.168212075771628,0.007568684924363179,0.0,0,0,0
0.19660656917311856,0.015662200283770016,3.9126058921751388,21.073027517748972,0.01697382928367497,0.4387931959868885,0,6,0
0.5401479204687818,0.07974614360528795,2.442847297226832,23.015963355063644,0.043407447891247446,0.16821064706730685,0,2,0
0.5129106416009345,0.050097560494300995,2.044681900956294,11.944954997186715,0.04542222125675943,0.6985911359464054,0,0,0
0.3635955901375565,0.02723422133086434,2.702349290812784,21.6723221437138,0.04284714019999451,0.0790857970687098,0,3,0
0.385257666826974,0.07439642510384584,3.2746221439921337,31.732590231649166,0.0077218398421577345,1.099750845434604,2,2,0
0.5445547870290336,0.27841612758248485,3.189003725369784,24.014121691827583,0.007646030399369323,0.0,0,0,0
0.34761608458967413,0.0319691973283188,2.8945737920403665,20.50342894526337,0.040813878392016494,0.2846643123259682,0,5,0
0.31851149944906965,0.029173819923743256,1.814529715260011,15.369647400448258,0.04005589759372628,0.02759551250923213,0,0,0
0.566419739035401,0.03294245401650707,1.5415670319483747,12.787331708488239,0.042529741318798844,0.8567630160592796,0,0,0
0.5638678779664391,0.08079915479938005,1.8488012340618927,16.64727412798756,0.03588172006525686,0.07115579248434442,0,0,0
0.3260674197984015,0.033225468732072765,3.093720813329321,42.15537169239522,0.007564764060063123,0.6310048426142842,3,2,0
1.0692652957230546,0.11569329901773832,0.6476539191276792,9.666371545904056,0.007566880730195366,0.0,0,0,0
0.25688307557193046,0.0219326380862014,3.373125501890006,18.310934520547274,0.01148446057821533,0.4401296261137938,0,1,0
0.817608143149116,0.11543300502419244,0.7479400443011192,8.431198335836044,0.04002882856914292,0.7391766654484796,0,0,0
0.29580094021392567,0.06383805842007549,3.948049386023718,31.014490687247093,0.04160693136535931,0.1977142781901829,0,6,2
0.5944909483365441,0.04914126068048519,1.015897052720246,11.047360726204172,0.04254380752943581,0.7117721736183876,0,0,0
0.3599647646557662,0.05276099788194024,3.79706949523523,36.08340583187222,0.015057709449364704,0.09057503398842788,3,5,0
1.2432795239437853,0.25009745937889694,1.6764356314915425,13.146330400739071,0.007563481003496605,0.29760380341847253,0,0,0
1.4461805555555558,0.14613206791218522,0.04603065884741804,1.3809197654225411,0.007954190664277888,0.0,0,0,0
0.2889063252243458,0.022468870451697247,4.284075079243689,27.797920420659743,0.007954190650008668,0.027595063480455127,0,18,1
0.3336716341914127,0.03651768550324227,2.344591035228222,18.98518168170899,0.044753633947812975,0.5048036087611864,0,3,0
0.3402118786702531,0.05407113036378263,4.422167270503301,22.812690262023878,0.039186248035302775,0.288459244490059,0,7,0
0.9888632468041593,0.16165901001281044,1.9415102135106415,20.328737576576206,0.042918237067009854,0.0474373665228773,0,1,0
0.39340364275354306,0.04385709996955092,2.7254755775039676,42.33006682182547,0.007944523336502845,0.2163445301025284,4,3,0
1.5312500000000024,0.029886127895032408,0.0032219189183886523,1.3808223935952713,0.007954222470126502,0.0,0,0,0
0.5177085562968697,0.11851006000434557,5.168322769868829,30.380265399069483,0.00795419067834111,0.0,0,13,5
0.409247008894471,0.057405124486785274,1.5894849611519748,16.123267335848208,0.036973202474294246,0.4277232594326659,0,0,0
0.33580498543108456,0.02604459431683868,3.774514060442265,25.620667737223165,0.041470332016745534,0.2899813989063297,0,7,0
0.40414651250197675,0.023919770201660254,4.796855092063603,28.15703124031486,0.04145052853710941,0.9291608640880428,0,9,4
0.4552235263201481,0.03824330954933768,2.814314624243807,36.26304426990783,0.007789298244759084,0.0,0,1,0
1.0808588975392266,0.10676460889202855,2.2587252310878423,15.190072778410137,0.007867298268153097,0.7117720306306609,0,0,0
0.8630659669967728,0.0012218442291099497,0.09205899575125581,1.5507570024059407,0.0076456230137388285,0.0,0,0,0
0.22207860562709958,0.007094034485892887,4.468196785855928,24.856488665946035,0.0076455656309864775,0.01802872005473295,0,15,1
0.4265643398373478,0.04412393369265218,2.383108846928479,16.18147196784659,0.038593830913736325,0.4146598702946878,0,3,0
0.41107751693194344,0.13165704831308764,4.444720348398699,27.797895066533904,0.04132724148181601,0.25240183201915994,0,7,3
0.7701554562878387,0.01766370123329936,1.0629728621043164,12.495145197150814,0.043721270771450646,0.16821057688435143,0,0,0
0.35691015399770226,0.05678816236314566,3.0444690994263923,47.195963276772304,0.007485617359939714,0.8293201828064437,3,0,0
0.38944989640920785,0.09755582357280936,3.320651694298746,19.512458528488445,0.02134924349290176,0.02636121741760017,0,0,0
0.3651691448442205,0.05283870405952205,2.396815739562542,22.63328371873987,0.0390326881320917,0.7457743156302603,0,0,0
0.4065057342977409,0.02738386051394617,2.159174097986336,16.647277712021335,0.04314993668187363,0.7752341608350788,0,0,0
0.3158482155816458,0.04681785349655915,4.694206514358279,27.79788783854818,0.03764364816234163,0.30354465055119306,0,6,3
0.9601550861890494,0.19677080131075098,0.6476518518488819,6.904651258096631,0.042101568347201176,0.03954289853435484,0,0,0
0.4360109323256163,0.04797989871830838,2.1634412854079774,17.07903751786664,0.026037238175746817,0.11645345470979565,0,0,0
0.4013263266191173,0.06566266523278845,3.3165092021508213,25.620670580668158,0.00794694461304983,1.001753465283922,4,3,0
1.035960443555046,0.14915502186597865,0.4400519900405121,9.84587845707146,0.007876980165729635,0.09658274089112534,0,0,0
0.22333997431420924,0.01646597681549535,4.152425252759868,23.65506113101557,0.012939461034691452,0.4032158143446572,0,8,0
0.311777432882036,0.048926072218948846,2.795594675917474,17.81621321854889,0.028726757682706182,0.1442295393293296,0,5,0
0.42008624624930063,0.06449027719014089,3.9618592888629762,15.369643262145585,0.030381889247789572,0.6195063397917862,0,8,0
0.3711761376813392,0.04733614777550354,4.152426216491288,34.968049315725764,0.007943535294171794,0.03557789624217264,3,7,2
0.8827733925300937,0.03924986438841612,1.7192449806186698,11.047313781748104,0.007561778603123614,0.3493595219339245,0,0,0
0.47472598141020067,0.14382861214884538,2.1666628797536074,16.750589636292617,0.0074905355384910985,0.0,0,0,0
0.46418835185564405,0.07262277912921324,6.07927188283379,35.06151636709354,0.03482951818186887,0.4691165281965136,0,7,6
0.5879679925473175,0.10188292019539097,2.3799727761604994,17.036859452496014,0.033393106909479414,0.2070285150168321,0,2,0
0.40423196910535,0.06995001418159022,4.60629079971642,24.856552481943936,0.029362491337086124,0.03881791181387211,0,12,2
0.4612637260857111,0.06448769782061146,1.9737565730178364,20.713775958352915,0.03607622792173212,0.16821057688435143,0,0,0
0.4040011912980444,0.059793367340829295,4.288799483603503,35.44980781433295,0.007565843576429869,0.19771456416563782,3,11,3
1.2250000332221371,0.0029428792593147704,0.23337544035640892,1.3809422358441958,0.007954159063244341,0.0,0,0,0
0.2585537967091117,0.013074941929494271,3.774515523516393,34.88200166618019,0.007954159063244332,0.0,0,5,0
0.31772108131598903,0.026104137458948434,2.1623091855481094,17.889036575256434,0.04365104273470454,0.4146598702946878,0,0,0
0.32724244186262424,0.024175459733017515,5.257162922652758,29.358263881787792,0.03800546043435085,0.48903150322634714,0,11,5
0.3563099078914906,0.059415927113513956,3.705007713151678,32.658749371922724,0.007719889037297985,0.5408609935935184,3,4,0
1.0007469469014834,0.1978782166796023,0.46030608913147075,6.904592310690337,0.007722637048230548,0.018028692416166118,0,0,0
0.24920242455353325,0.02515566823258067,4.330104489734343,26.41700333530308,0.00887568205760713,0.10673420332645925,0,10,1
0.3798928571376945,0.061806691676008885,2.6313257250612048,18.587512459917857,0.04563374978550757,0.11862833813374696,0,4,0
0.2949440742198158,0.021671387353229935,4.284073221688827,23.171832203212876,0.03518596695832915,0.7174716504918335,0,6,1
0.3468138200132294,0.056768694535643836,3.5540269374147853,31.2777502203729,0.010932845077630959,0.03557789624217264,1,4,0
1.5737848091649345,0.03904477950730415,0.046031407861473195,1.5507575379510463,0.007877291466263524,0.0,0,0,0
0.23849343548656418,0.032963134748467064,2.5809389541897514,17.95188953922777,0.00787732292605705,0.0,0,0,0
0.48683114296513513,0.0496162443606589,1.2032410277907712,9.405204269688628,0.039140378906335614,0.27595093415706934,0,0,0
0.30022259387516526,0.013151457629331858,4.963946569684889,29.178965496133838,0.0319434433022301,0.05175712217455577,0,8,4
0.9575944836036993,0.07510915012546436,1.1604329444973964,9.18313958459418,0.03279963108140147,0.09487421844581154,0,0,0
0.4027037852187379,0.08506837950063434,3.4062683209049585,36.801486656539794,0.0077885992387504805,0.013797569159292335,0,2,0
0.4763756813426446,0.07484724029959317,4.106395702453254,19.512474107981056,0.007877323134629684,0.013797456902098248,0,7,0
0.40372716775986345,0.07240413330768256,1.4796002028153914,17.951889539227825,0.038722352595297015,0.5134837680431265,0,0,0
0.26546526088082,0.030265259972620567,4.244487998574839,27.797917162448645,0.03571315356857384,0.011859212980734418,0,8,1
1.2163821462348097,0.10943752070796725,0.7364905415586886,8.285515296873346,0.03949221609128722,0.07115579248434442,0,0,0
0.5713766366151657,0.08834600956865567,3.3432076633884025,36.587849138307995,0.01146672739411618,0.05408609106778181,0,5,0
0.35279470847758415,0.02775701391742644,3.4555197245912286,19.332831775072194,0.007954095842028486,0.0,0,1,0
0.30417080219389464,0.05910635254371641,7.611173168013852,47.48986885769709,0.03373782171767066,1.075868882694611,0,12,8
0.5009650984567956,0.2580546363931348,1.6602484045671213,18.810462536759932,0.04316172887622333,0.7211481388637148,0,0,0
0.3738624307918695,0.04147560283439879,2.069600129200552,16.123259096690038,0.03562506116564718,0.17788922391088993,0,0,0
0.3835591561904714,0.05404590641278991,2.360266983864893,18.985140269640336,0.04319503964524936,0.08301474816510687,0,3,0
0.18933181783002603,0.013839199728368098,2.5316862540849847,18.87837502674283,0.01594030485680425,0.3449379193150418,0,0,0
0.7417203923597974,0.21736834658671209,0.9238353055906826,8.285444889552098,0.014602977598039833,0.2329069094195913,0,0,0
0.15943488010529244,0.012260499952620548,3.2714000852577856,20.713807866351765,0.02120291296252211,0.18028659249885837,0,0,0
0.6253091546064958,0.056757665374047854,2.7084435153011057,19.87150058865314,0.028924764138231557,0.9885725348527352,0,1,0
0.35699607242184905,0.050430206197443345,2.3968155997465908,18.81048022005312,0.016241902998046384,0.18115006797685668,0,0,0
0.7295851117760402,0.06136739231840974,1.952620083918757,18.13150071315209,0.007954318236165613,0.036057384832332236,0,0,0
0.21020344020738035,0.013439776697391652,3.7874001831600035,21.07282947843269,0.03455735787925579,0.828113954792896,0,5,0
0.4666123539401385,0.09827468973949233,2.018543027358222,19.61426330871902,0.04590302034591022,0.10673317412657485,0,0,0
0.5030368082959308,0.04220687801368356,4.609510676323143,33.68058143413648,0.03814783457353179,0.5134836768627169,0,6,4
0.7939961500761596,0.12410858390734962,0.6476499593400311,9.666430867817203,0.038148086187107015,0.04139259522068267,0,0,0
0.35502416352197136,0.036990653302291836,2.89993082828126,23.655151012702373,0.019875519384994766,0.013797531740227515,0,0,0
0.3387282033376797,0.016988949530926774,2.531687484964751,15.369527558199147,0.007645854741484309,0.0,0,0,0
0.3930383604292174,0.03843490693531474,2.0216786257477994,15.129011045249538,0.04231862746741391,0.16821085761617258,0,0,0
0.23686445344681292,0.0334137730498753,2.853899490327759,18.878367858675297,0.035895384460227955,0.02759551250923313,0,3,0
0.4765089994649126,0.06816458568854328,1.8113075167097081,11.406447446331935,0.04041303027490142,0.8435818353995693,0,0,0
0.5643056661063413,0.04698132109027047,1.341769508243362,16.181476971257446,0.04522238831459999,0.012939210360684125,0,0,0
0.4718818193509173,0.047777267658334475,2.16344109940282,22.09472156710113,0.007636097886789084,0.4867750821764209,0,0,0
0.5725153727487551,0.1738321554391029,3.176115490432408,25.574675101595947,0.007876918542771897,0.013180036757891228,0,0,0
0.4751164803868959,0.06985523019577404,1.7529573840158708,13.43606446222042,0.040812359038656154,0.34232268886348455,0,0,0
0.413930845237333,0.0707293054663608,2.159173995683456,16.472608547865438,0.04558475984534203,0.07908536810552803,0,0,0
0.6094665706843724,0.08178003078786762,2.071379468370437,13.988689585111574,0.04421216113500199,0.4140569773964476,0,0,0
0.7586880574620559,0.06677428549523756,1.2492722958362874,9.845990509574111,0.0381727351545276,0.03557789624217264,0,0,0
0.8174046674855359,0.11239126475590246,1.2665720600684478,11.35788879065177,0.036708947547862414,0.15817159413741935,0,0,0
0.3105666549913905,0.06224833340431079,2.962072914308341,29.17883633334124,0.00755685944730589,0.05929632220364062,13,0,0
1.2104760489828617,0.10280201032391802,0.5063374969929502,15.19002064703194,0.007954032796199327,0.5931428345705506,50,0,0
0.5592440486144382,0.10145030211441529,2.3540099657291798,26.77609484678023,0.007954190575402427,0.0,0,0,0
0.19947399601897206,0.016938044431788833,3.274622283808091,13.484591656510386,0.032289246864670745,0.7892966044426657,0,2,0
0.45097688066002317,0.09464931181026913,1.7977443876334651,12.092388152056753,0.02649222252646455,0.1423321561629841,0,0,0
0.23440143798879562,0.026484097723594984,3.228590341649919,15.128989541046787,0.01650604404555831,0.018028747693300033,0,0,0
0.5071820476914131,0.06487228894112353,2.3507859795319948,15.369631820956032,0.02467878525867105,0.7234158513243232,0,0,0
0.5944462737417255,0.04945266125728639,0.690459667993907,9.618715535501519,0.03826982938881033,0.07115579248434528,0,0,0
0.4216080908622714,0.09442609355962096,3.839877775768972,42.68418987695892,0.007562053674184653,0.7211481388637143,3,7,0
0.6347310599571584,0.06990256219519253,1.985762977210933,13.988825006853173,0.007488443538216261,0.0,0,0,0
0.24597094632407437,0.016336918598466695,4.007889698039043,40.22619588218894,0.026537701735701642,0.699696910762913,0,10,0
0.45505799853790596,0.06666653860668688,2.64869449027083,18.98507315139831,0.041585334179263404,0.6310046215057499,0,4,0
0.4752842411145292,0.03817662909651929,4.954280113849934,34.70258587257266,0.035963575218482986,0.2329070497855019,0,7,5
0.785069717620909,0.06765417351893875,1.5384278593096439,14.954301756393425,0.033828192344831004,0.03557789624217178,0,0,0
0.3110294323726026,0.05938866456286645,3.7970703541046844,34.75113196102713,0.007480791012544829,0.6310048426142849,18,6,0
0.3633775373184354,0.1106435842525555,4.250932185951509,29.358363051249068,0.007951506996706695,0.0,18,12,1
0.41692254685970137,0.03334522945161655,1.2686929204816257,17.4668834589614,0.03741410726451555,1.1358080091584026,0,0,0
0.25041370333029583,0.025246329109758534,2.823835253622369,27.797903418040544,0.03577951691277346,0.6129760949209845,0,4,0
0.8718795520774941,0.1738260063826447,1.2428280385516388,8.285567428251785,0.0450463559452901,0.42699590702531004,0,0,0
0.627824433479167,0.06849760186592314,1.6696456309770475,14.779636876599769,0.041914788090334464,0.03557789624217178,0,0,0
0.2923076877163455,0.03308708062442724,2.3935932613803312,28.156828557111123,0.007869239956332886,0.4916928010241922,4,0,0
0.4481755764075488,0.11594777182941844,4.099949727429704,19.691981019148386,0.007954190274139749,0.0,0,10,1
0.33155137294993126,0.024395535321170194,2.431029916452235,14.284711983866782,0.024506384322668225,0.3364213292260914,0,3,0
0.2578943490995677,0.057520429351974454,2.4525138647897124,17.951845197595873,0.03657171851524955,0.07115566383435887,0,0,0
0.475279361108627,0.08123449165075969,4.0111118965893455,26.416988352681326,0.04171068271500818,0.9885725348527351,0,6,0
0.621397022429483,0.09758621841952608,1.7588314570828465,13.610754430250696,0.04051825167139729,0.013797531740227515,0,0,0
0.4828509879043452,0.07632280173055626,3.2842885998270823,26.416988596110894,0.007865659194082466,0.4658143803028249,4,3,0
1.3705599585025292,0.13276668382748846,0.09850693319164405,4.32222935594355,0.007722696227526933,0.0,0,0,0
0.2152484238867103,0.015494592552400663,3.498329213534317,20.893346685517848,0.008338402378153094,0.059296322203638896,0,1,0
0.7050995724349622,0.05998429695393235,0.7645112983121631,8.285481441437994,0.04608004066287048,0.08278534011762312,0,0,0
0.27437251418545827,0.024506720138884667,4.158869789676431,23.47567406209729,0.04126692433717594,0.023718425961467976,0,5,1
0.8791433501678853,0.1465437325327075,0.8349961602306591,6.904543100466963,0.04517780802276029,0.12939266507047978,0,0,0
0.6259886759725976,0.03038808408335013,4.204900685711635,38.36196052101525,0.019434576895524917,0.10673368872651705,3,5,2
1.020833333333335,0.0019810312244852323,0.04487389601878454,1.348455776360891,0.007954159199117558,0.0,50,0,0
0.7071863480054227,0.06659579274754146,1.015897192536203,11.226824587788911,0.00795415919911756,0.018028692416166118,50,0,0
0.40113999870631156,0.1326515433178691,2.5542405279061597,18.131412029887713,0.02485486614316183,0.20160790717232946,2,0,0
0.6200575305801226,0.10161896239337266,1.6727889717787114,16.68752755072776,0.036141421082431735,0.26090411680723086,0,0,0
0.3030519723393028,0.04789389343081899,3.6000563479054386,30.55981665186885,0.037808478302423246,0.09658309637223869,0,8,0
0.5238727945871107,0.08032180952789765,2.7415862906235677,16.5710410799436,0.030996212312401412,1.120382053646192,0,1,0
0.913602893472213,0.147131867237925,0.7429347988433359,8.465032694237554,0.03451728443564548,0.3822482336470216,0,0,0
0.4709748146754457,0.04820605661991956,2.9063750855659083,38.02710633670848,0.014890497983645674,0.01802869241616616,3,0,0
0.4539118683022221,0.03756798984824498,3.1300838029390166,19.512396622476814,0.0077998359463227075,0.0,0,0,0
0.30304310552309793,0.028237241433591024,2.200825975592756,14.110013005204927,0.04254317368779391,0.3912256269844376,0,0,0
0.27668745618177204,0.043898136335507744,2.5123052558172727,22.453849911344417,0.04164360507070101,0.09226597681432716,0,3,0
0.5691680423410165,0.02244140206152294,1.0041211115546647,10.78765337895473,0.04323519707649591,0.1164537354416168,0,0,0
0.5940512935438392,0.2030781010960083,2.853899464112267,31.63687411032325,0.00847733425176992,0.522832356454486,0,0,0
0.7829026064605394,0.1346850528441472,2.676222505388883,15.728580329264792,0.007483665150873758,0.7117721736183876,0,0,0
1.1888768849044336,0.26941048067797285,0.8317718407222245,13.988705164604049,0.007645942526363486,0.0,0,0,0
0.48639829738327706,0.045443481503883186,3.550804738864484,24.856496455692586,0.015912069257119993,0.7824512539688769,0,2,0
0.5342445501489732,0.058179470653293326,1.9706210130776625,16.297941525890597,0.0395494308243369,0.09226712071614679,0,0,0
0.2468823122456535,0.05178688002040083,2.6237473745394544,21.124463476047783,0.03702973624947873,0.1318095187934559,0,4,0
0.6571963264195831,0.15018704105401956,1.5222338874599344,11.40623989453693,0.02465860149451495,0.5799625654576025,0,0,0
1.1821161280115018,0.06834709736794674,1.6633834921288944,12.267145207432398,0.029892224954983924,0.01185947028070466,0,0,0
0.47062695416116446,0.04069347046275837,1.7063562563254369,15.369579689577629,0.019442406240421102,0.2524020254891278,0,0,0
0.34851810150190293,0.04363343172996855,6.041984779654787,39.02479257084092,0.007490460632770705,0.5822675542807986,0,9,6
0.597659827485161,0.042215814965018396,1.7031341276831125,12.607803974730079,0.008260299538466373,0.0180286924161662,0,0,0
0.2432251846745698,0.06642349441762313,2.830279510907017,17.466876290893897,0.034496073089582975,0.62088900314837,0,4,0
0.24244851549953272,0.03941557232874267,2.9007166872881776,22.81290268241029,0.03835602231516783,0.16821071725026202,0,4,0
0.5037745377644747,0.08442732194112514,1.755609531610585,9.666449742971375,0.029279598734236592,0.6404011031592162,0,0,0
0.6502426545665559,0.04848604555436046,1.4999120524712048,13.610725757980317,0.032622756694114505,0.03557789624217264,0,0,0
0.34427220848723405,0.057095920239985117,4.800076105923337,29.178934337149144,0.008470661727222084,0.4349715264085847,0,8,5
0.4454270065580346,0.0430830203287236,2.0746025257901906,23.530776329789425,0.007949330074553722,0.7504792540924354,3,0,0
0.5808689189655697,0.08296608371301954,2.998437831380876,23.655173183518514,0.007953720821785134,0.08278519044136547,0,1,0
0.30599815450683215,0.03002757854571152,3.084491088447665,20.8932965015763,0.044275775925666595,0.9902895367392367,0,5,0
0.2413169978683427,0.04479719508278759,5.592263582401023,31.761199845167212,0.03943339388353087,0.3622998552218918,0,14,8
0.6664854916539616,0.052119665774714885,1.8444485174930305,25.395241294200186,0.028132659145356693,1.278553799708071,0,0,0
0.38443645684607547,0.06527436776500568,4.3130734131091435,42.98806487971505,0.03811004739495279,0.059296836803581957,0,6,4
0.6512709632793361,0.04982584525950596,3.320651764206723,29.054558989486406,0.007412989227415639,1.3971825578682662,0,1,0
1.1255449767803705,0.19861568322964596,0.0920613176948365,2.7618453731547756,0.007489886526119519,0.0,0,0,0
0.2234592444909469,0.018576410970445902,2.6237464457620234,16.123260167780614,0.007489959270675713,0.03667799934701452,0,0,0
0.4003789224290128,0.05414607733476875,2.648694273306331,20.503435413002443,0.0414319001023329,0.13448493659732375,0,4,0
0.2573987317409901,0.035263065508973644,2.6903463294278414,25.877812817554062,0.02397855538249146,0.3493606141561651,0,4,0
0.4628464618893155,0.056733033643548564,1.6342729095263713,13.43602363719171,0.023827460257930207,0.45071736568128723,0,0,0
0.31066302842412924,0.022835776039632934,3.412713511336285,23.475638942700677,0.018177270958328835,0.6850906434771148,0,2,0
0.9207465245677611,0.14418592143293352,0.8778048265066416,5.70326806479823,0.04009168130066451,0.19408899760571968,0,0,0
0.34607953504593797,0.06387012372958246,3.2714002250737395,40.43015435259087,0.01086408012983641,0.01802872005473295,2,0,0
0.9264792153507279,0.17651473500287632,1.1337333222880275,15.190137231069723,0.007491302807170909,0.0,0,0,0
0.2557885898296444,0.044443750231592555,3.087274593627846,21.575315169334278,0.022922695166194804,0.6285416328785098,0,1,0
0.34896214513180485,0.1015421864931177,2.395337431642156,20.15408703291771,0.04332068711178127,0.22532633313379571,0,2,0
0.6533552712717625,0.04766645279557913,2.6826667976275202,19.332875086809977,0.03876629871989724,0.4553185848465744,0,0,0
0.4747037917592485,0.061605386989387424,3.6718667822763313,41.786638618108334,0.024148078231749297,0.01185947028070466,0,6,2
0.5712580993413904,0.08233824105794789,3.8302112275556186,28.156958681918717,0.007479440942545858,0.8539929369779066,2,5,0
0.424273465205035,0.059154287598528615,2.945962166234748,20.89338518484048,0.00779980585547534,0.0,0,0,0
0.2281734830820236,0.015557008278122578,3.041245183137188,23.567861408129886,0.038054291821451085,0.9704461109558801,0,3,0
0.2138373648146974,0.013837188994039249,5.049564848491271,38.237548087793705,0.034666374283889696,0.1318095187934559,0,12,4
0.49024715958555637,0.016255400571623047,1.9622865397537084,18.670079869750413,0.032876238752724676,1.1994680640794002,0,1,0
0.38700536474371466,0.05369975878080215,4.319516776570349,36.08342141136455,0.024541934817336825,0.0,0,5,3
0.6155126395660601,0.11615470631734344,3.2414794604238937,35.903810237440844,0.007559129431015807,0.8798707962356306,2,3,0
1.4355434789689228,0.2113033316925863,0.09206131769483608,2.761774366622197,0.010181153135249817,0.013181180659710849,0,0,0
0.2558552712713181,0.03575223675176438,2.771506381160769,20.893296501576287,0.010794746909585732,0.08301526276504993,0,0,0
0.4806708862726095,0.050341082759584245,2.306074283632983,20.585881978772548,0.039636989131952974,0.1552713752965373,0,3,0
0.4396040728817301,0.07095077545830787,6.273058220495489,44.06515623105558,0.03354185750045075,0.5012578511520689,0,10,6
0.94404803441113,0.06863795598288643,0.4038653021059694,5.52368295656326,0.0343003833632428,0.04743736652287815,0,0,0
0.3313981404666961,0.03816294677869015,3.468410376347303,25.395108334842572,0.00763546624423492,0.3786027618480234,3,3,0
0.5013505336214099,0.10572630063509042,1.7984190021404107,18.131412029887688,0.007723601675728481,0.0,0,0,0
0.2795467313316863,0.046860552852022314,2.2126938232263655,15.190036226524128,0.02539885802502931,0.6340249571871754,0,0,0
0.46879712451734434,0.056224699169199956,2.0216786257478,22.274238737420298,0.013610154499884218,0.10351424434911154,0,0,0
0.4022167702981274,0.07000247134634581,4.057142288288417,36.0834214113647,0.010237597908769021,0.5868384404766581,0,7,2
0.9676783324171506,0.07237446886293658,0.7825209682117488,6.904600208107369,0.04234540262181383,0.28998125591860247,0,0,0
0.3795210074594848,0.10534610321758603,2.8538993505118015,22.094707108789137,0.01860323514217264,0.11862876709692836,3,0,0
0.4388501259642687,0.0680537230166893,3.68245270779344,22.094611984004196,0.007876826363966005,0.013797531740227577,0,4,0
0.2955826827024232,0.038467787981643534,1.0811540434968456,13.610694943528852,0.039636023920806764,0.2636190375869118,0,0,0
0.2649075139237523,0.028414844347479363,3.7841800169345117,25.395258577699718,0.02081834513497424,0.19408927833754033,0,4,0
0.7321022497994285,0.14190498859893855,1.535121346543592,10.025613368117405,0.02958693348456963,0.3364211537687038,0,0,0
0.3902469698466982,0.14115422442773354,3.862432816081199,44.90753756751886,0.011548264420965156,0.04743685192293424,0,4,2
1.1155698543707018,0.0530858968079187,0.13809422358442006,4.045376092547116,0.007800110002083048,0.0,0,0,0
0.2770352139421411,0.021859745010134296,2.95240656333536,16.5709473033836,0.009337456365261416,0.09487370384586848,0,0,0
0.46283889836912057,0.05230102009100209,1.6759238039265816,15.311382225646682,0.03928970594679104,0.2636201814887295,0,0,0
0.5886426439509939,0.07185853064225205,2.8110926029601635,15.369631820955858,0.029512581049477814,0.43993567884963597,0,0,0
0.5830847658596064,0.066987872560691,1.2492722958362874,13.66409591616183,0.031431601523015176,0.051757122174556,0,0,0
0.3757662344197829,0.11795298598320751,4.83874287551757,48.54442555832179,0.007947789641965821,0.18453366948138378,4,8,4
0.45381084076026507,0.06716987859910294,1.6142937901423835,12.60776292875968,0.007799597151179744,0.0,0,0,0
0.22564796619975966,0.03398887924703143,3.2778443774964234,18.131483036420246,0.025216300843015457,0.41507425542547743,0,0,0
0.8869583345371824,0.1039824535207249,0.6444292238638517,5.523600864622764,0.03577736328947028,0.16225828702262865,0,0,0
0.26314874867553434,0.02303574847674482,3.3634609735178964,24.37335961916766,0.034930950139822815,0.035577831917179434,0,5,0
0.8780056124520774,0.19391891960279148,0.8778048964146188,9.666475808660646,0.03496510311416828,0.24835557132409602,0,0,0
0.419516487564023,0.05684023110335678,4.05714246805179,40.43000188609866,0.009780788639356264,0.018028692416166118,3,7,1
1.173450406988447,0.08705961781351057,0.354437286527888,8.465040483983804,0.007954095696558205,0.0,0,0,0
0.5662233001230428,0.13796741951372957,3.8398797032318117,31.940710651207862,0.01667246871590161,0.39135634406395253,0,4,0
0.3419136956471347,0.05114259861952592,1.6175194241704889,10.787638421141004,0.0410371250833949,0.40860973704007475,0,0,0
0.3589802712749102,0.03959595839551328,3.7906243091731513,41.80215170052837,0.03729401082934854,0.11645353585883766,0,9,0
0.4302454726052803,0.01969296407262428,3.6428674846794524,22.453857701090783,0.03803640652366503,1.039193535868591,0,5,0
0.8019444765700404,0.07844042960239242,1.394662378103916,12.09241896650825,0.0349852105615857,0.07115579248434356,0,0,0
0.5139047556148008,0.07279679955180872,3.520887864094302,41.9661096515025,0.0075628402113045055,0.10817248615979885,3,5,0
0.6054916048500082,0.1438154905536789,1.844446555076204,19.871383667559172,0.007568460481760553,0.0,0,0,0
0.2303769737873368,0.02169471878902615,2.81109441557419,19.159819289889196,0.032673543668972606,0.7824512539688769,0,0,0
0.20378309039098497,0.01917289619995002,4.192012403336699,17.951899276411055,0.026095828544484466,0.11862833813374506,0,6,0
0.3228808701376434,0.03977283061279558,3.701786025803469,19.87160485140988,0.030217268113134663,0.7776770760028423,0,5,0
0.7484578425792318,0.20315283389221442,0.7921882654391561,11.406339288702132,0.03256070554172378,0.05929683680358282,0,0,0
0.37861809637764804,0.0672836231150862,4.53356006300941,47.365584056470574,0.009094646808754395,0.03605741247089907,3,6,3
1.4638962703620364,0.1157563238280458,0.09205899575126203,2.7618264980005027,0.007568182717823964,0.0,0,0,0
0.2785438739757156,0.00873244801800655,3.041247040692053,17.95195725009862,0.007568182717823964,0.01802872005473295,0,0,0
0.6727275521482068,0.06535943456715589,0.5983984551610391,8.285421520313681,0.04604446363175499,0.09658309637224069,0,0,0
0.4600147412132463,0.05865566433615624,2.2436957876408505,17.951949947211663,0.0427549160195605,0.4867748610678866,0,0,0
0.715765225367334,0.07735830357999023,1.4936414049692583,11.357888924538024,0.037287057885458205,0.32348194340801917,0,0,0
0.2988351192982394,0.06009207413454643,3.271399156480356,35.061534643036694,0.007788122901205129,0.027595063480455127,24,1,0
1.0117390656113159,0.09483500754154212,0.18412170661224067,4.322229355943402,0.007877166744560628,0.0,50,0,0
0.3663584502663347,0.026689003320666285,3.0444690994263923,15.190124909788357,0.010335234015607424,0.23455807700293343,5,0,0
0.39587954567443884,0.02317326647686135,1.7623626274764872,10.156621289126242,0.01855234287547702,0.5949471261191507,0,0,0
0.6459191544413888,0.04725227058668526,2.526874451034981,19.614313833461633,0.013406890783453246,0.09780587624191132,0,4,0
0.3590451237662043,0.038403899759663435,3.5079965282387198,22.094716246760573,0.007886224343274257,0.2846226553374363,0,0,0
0.6783578733648934,0.06354226736188597,1.0126747617915433,11.047330110254558,0.042952523213330006,0.23455811442199828,0,0,0
0.9581773758775323,0.08537848743925912,1.6665187966551653,12.267124671330663,0.03982530875143691,0.012939210360683656,0,0,0
0.358310307153487,0.09645379436032558,3.0016590312457687,40.2262374079963,0.007949686042578967,0.03557789624217178,5,1,0
0.47150380023694544,0.02755213773944912,4.241265730116555,16.75057405680023,0.007799626958417568,0.05272472263883768,0,9,0
0.3063004113011248,0.03266682064796392,2.765061694441394,17.888929675921048,0.02573416778940096,0.9057497784206398,0,3,0
0.6935578294898188,0.07327733744618803,2.9559320208319497,20.328761222960118,0.03934453861428157,0.09226597681432716,0,7,0
0.33088144682912757,0.0514085843405225,0.8317755558319412,11.227013638936427,0.04168010052570881,0.5769181573173158,0,0,0
0.27825191473422123,0.051781059368991245,4.48430749897553,36.13698193854794,0.03466719484519214,0.02371842596146712,0,12,3
0.7817783258219891,0.1271482403882389,1.0126739953004926,8.644544698700507,0.03397913733209395,0.18115006797685576,0,0,0
0.44227666187226733,0.04590668365828885,3.9747478558632587,49.89288815071062,0.007940107410469707,0.01185947028070466,3,4,1
0.2551018373093412,0.020310030138775973,3.044467846076205,22.27423593798045,0.007722902592066196,0.0,0,1,0
0.49628403583578645,0.03310047034354384,1.9029936788799002,14.110123158959748,0.04020740738545341,1.1358084513754712,0,2,0
0.5219941750075882,0.06466760103770998,2.072736199968534,18.8495528505811,0.03709065943832908,0.03954297002821797,0,0,0
0.31089251913917376,0.04035804533930256,3.6921199525898634,24.85655772504226,0.028151730945214348,0.5175713621114701,0,6,0
0.5878907876273896,0.09340675979229024,2.0727362576426382,18.810480570217333,0.036063560516386164,0.07115579248434442,0,1,0
0.35702655863397753,0.030079948839092433,3.317429785991389,36.47647314632637,0.007484010985681432,0.7211479177551795,3,0,0
0.45079336181179325,0.04476731652206417,3.9650814175053033,20.893400764332814,0.007568572460087598,0.0,0,6,0
0.30097229450005125,0.022864464251363587,3.6783102156455154,26.41698847439611,0.029705827863582054,1.1257171967477264,0,5,0
0.8651189955059682,0.08314597589351705,0.7016935042144802,12.908694845050473,0.036140658312707,0.027595213156714062,0,0,0
0.28917846779816503,0.027811374022782036,5.21435374829558,40.58524493861302,0.03838135959043166,1.0817222082955722,0,11,5
0.6598818792065609,0.11182313473383869,2.2133667597688427,19.159804253425595,0.031211075520608308,0.14233215616298459,0,1,0
0.5375232025843228,0.06169308217899406,3.8665757033340387,46.2884399745406,0.007404513143145665,0.8281139547928952,3,4,0
2.041666666666667,0.014500663756652918,0.0,0.0,0.007489275924987976,0.0,0,0,0
1.9140625,0.03961233344065601,0.046031407861473195,2.761839530845076,0.007489275924987963,0.0,0,0,0
0.5725775250293048,0.18332680569693782,3.458743920512353,27.797903418040544,0.007489117077552886,0.0,0,0,0
0.27663197972004744,0.042803325013620025,4.438276161022031,22.812790629907344,0.03734257169775729,0.5519012696091026,0,5,2
0.5620570920860153,0.060632854737927365,1.104735812338033,9.666415887535985,0.04403968384728154,0.20160739257238638,0,0,0
0.44961616946297484,0.01992567450885482,2.284129283831258,19.159850845864973,0.04613576277972944,0.03605749538659939,0,2,0
0.3413017893784458,0.049808443642173385,2.307978557867704,18.311046573050543,0.030728592757583495,0.3425453217385574,0,0,0
0.5145854651063456,0.02306376707981192,0.966643853272773,6.904592554119907,0.03297471563302929,0.19408899760571874,0,0,0
0.5983302067153432,0.07558270731748591,1.207074191476053,13.48457077398615,0.035918553414055636,0.013797531740227515,0,0,0
0.3729039396640684,0.045045462009028,2.8110941359422688,30.559741497671023,0.007866207727228467,0.4867750821764209,4,0,0
1.730558809997109,0.15275755329800556,0.13809219188379504,4.1428267075325875,0.007723294762354641,0.0,0,0,0
1.127973135384907,0.15595386274605563,0.37468767050913,12.607747349267466,0.007877291408538961,0.0,0,0,0
0.24524647256075735,0.11710546616327748,3.231813074496921,17.95196444063358,0.01743235586392787,0.3320600218603119,0,0,0
0.6711471041455838,0.17255647081785877,1.628002300473829,13.436053009790593,0.04301971829331082,0.09658249766720456,0,0,0
0.4120786233958255,0.06531072369269321,3.422380895948668,30.380249819577035,0.04335173216193049,0.054086132525632026,0,3,0
0.8286693521273522,0.061980486305529645,1.3812266140002027,9.129756625768188,0.0433202525480682,0.09487421844581154,0,0,0
0.3496277290259006,0.08195841122525495,2.672999912357846,30.55974234967452,0.00794849535986051,0.6850906434771153,18,0,0
1.4291666666666691,0.05708037151092471,0.04603065884741825,1.3809197654225476,0.007954127465540608,0.01379753174022764,50,0,0
0.9688212175996787,0.17503528015168704,0.3875799001881499,7.622769982875416,0.007954064296651223,0.0,50,0,0
0.46761149432363425,0.03472609235303128,3.3634606714155595,24.014216217401447,0.012785167530242236,0.6601933781622911,1,0,0
0.4091024459238893,0.04772022896777745,1.0170296536424226,11.098180596078661,0.02684391620301975,0.2636190375869118,0,0,0
0.30025780619720993,0.056818063755383896,3.8302114597499775,27.977439334777394,0.022064301829994394,0.023718558631765033,0,4,0
0.38431554367077864,0.016062277402041813,4.020779211293751,19.388161068925047,0.0324539029718968,0.7513152866343342,0,6,0
0.6723844091624054,0.09386570481577737,2.1206572694922876,16.29794259698118,0.029095213840288008,0.07115579248434528,0,1,0
0.38364726754337936,0.110380009939606,4.681318370550939,46.96101167501408,0.007476863515837951,0.14422953932932828,0,10,5
0.6809148052477455,0.18370855292952237,2.446069927396483,25.754154523947232,0.0074015174674134775,0.7249532112903695,4,0,0
0.5375901328247789,0.03546237688483176,2.0746034545676197,17.952009381477122,0.022998615463000763,0.5693286246519365,0,0,0
0.3191341057493217,0.09329560057227217,1.479427197956887,13.809086200933764,0.04536565214078194,0.3667736274197612,0,0,0
0.6224308727041435,0.0621571974980163,1.4457199015165054,12.267108934538589,0.04547558734977331,0.207028488698224,0,0,0
0.6229814397710344,0.07803799558708273,0.5063377766248643,6.904651258096617,0.044661495667885444,0.0659047593967289,0,0,0
0.5352014682312672,0.04802398921508668,1.388392094498122,16.181479757592797,0.04500506933395332,0.2524015832720585,0,0,0
0.3816818293767565,0.08545036502606412,3.189003821493256,29.53788320123986,0.036000574327237966,0.5501604411296419,0,2,0
0.3879293323681299,0.037102531165480845,1.0651505892240467,11.047306235431485,0.03564413132257674,0.3493606448612081,0,0,0
1.0245538775386005,0.09515516868483298,0.46352828768177823,5.523649101127928,0.03214530842940908,0.08301526276504993,0,0,0
0.8190459672234572,0.09657108827088406,1.4873712298457127,13.436058736005533,0.03658018186451461,0.09487421844581068,0,0,0
0.355170456320212,0.0861542035327058,3.0904986497330076,26.596471988236903,0.007635396320328872,0.4146601328610722,0,0,0
2.0416666666666665,0.13510716914226167,0.0,1.3809122752819898,0.007877354759844015,0.0,0,0,0
0.39051121551006157,0.12807633946583727,3.2713999454418308,22.094611984003993,0.00787735475984403,0.0,0,0,0
0.5604365868614041,0.04662377712886196,1.7061828460592214,17.466883458961465,0.04039691963457799,0.5012585640170886,0,0,0
0.27143104700371096,0.028880270778099498,4.681317720157067,30.918905974820433,0.04128746077447929,0.15817188011287378,0,6,3
0.44463933130454497,0.041323343290270424,1.9825407087526516,21.072818992235913,0.04177718117202335,0.5931434065214595,0,0,0
0.5685755824686815,0.06445565082247788,1.7238456012426422,14.110039338666532,0.03806872482095085,0.11859264440727951,0,0,0
0.3613377898970193,0.13805485962800088,4.389023669392842,41.786600792898426,0.007412968473823861,0.30648782635195826,3,7,3
0.4223296016636824,0.0926573359021511,3.356095621190584,29.17883537366697,0.0235226439582824,0.24584640051209564,3,3,0
0.4672587535162754,0.04579024144146764,2.42476021370709,17.466826114420737,0.04477855211717373,0.36677405016529596,0,3,0
0.7916177712001188,0.08399865917185094,2.7861899240599617,18.98507127698983,0.04555599675777411,0.11862833813374696,0,5,0
0.37253855577251666,0.043770728764232436,3.9287165353867572,23.834672407929062,0.04240984919937548,0.2163444195482608,0,6,0
0.7792677120870081,0.07570720462110998,1.679658758819276,16.472609618955975,0.04427282609027591,0.012939210360683656,0,1,0
0.470309845197366,0.05268703104434577,2.6269704319592093,23.475658482604782,0.007949092752626138,0.6081462557339874,5,0,0
1.229492568231824,0.22153422547257648,0.4239409972889914,7.08409824813946,0.007954032563821597,0.0,0,0,0
0.2870086845390802,0.09028021563988434,3.45874406032831,20.589458050705648,0.010641285249518677,0.17116081392754245,0,2,0
0.4940433456134665,0.03754343878760498,2.6007724759902704,20.154092017608374,0.016725020524911635,0.1660297536301853,0,4,0
0.35962768046654275,0.0460474052563728,2.5822445599704333,35.44970241354231,0.004353626694546938,0.06112893790329295,0,4,0
0.39133979865052293,0.09291958388405382,3.8665758425258168,25.215577988897884,0.0019083129561629606,0.12225787580658767,0,4,0
0.6941723236964258,0.06873005607042033,0.923836234368115,11.183220162041094,0.0430693513049176,0.10351424434911154,0,0,0
0.3817674608536879,0.07405797718360431,3.360238380486856,27.797939969926702,0.00772005576020141,0.19831578240922804,3,2,0
0.9353492780734759,0.18166958736162978,1.9033664775069747,11.22682069291563,0.00787697971407478,0.0,0,0,0
0.2038614415222935,0.01290916797193574,2.8539013478826205,14.833031703568375,0.02099500049595834,0.6728423075374076,0,1,0
0.6498411002664521,0.12733600863726782,0.3714673295136917,6.904591336972055,0.020990523973206995,0.5048036087611864,0,0,0
0.30050269978141936,0.03838333356628342,2.4852220674069327,21.575291800095666,0.0036188549414484816,0.048902938120954774,0,3,0
0.49268782383188864,0.029830426137829397,4.833219927992944,37.46436364720881,0.0038869539483575525,0.30316257956603865,0,13,6
0.6718758361762646,0.05828638214070158,0.5095595557272959,9.845886246817283,0.045216944431166,0.08301474816510687,0,0,0
0.6976593279118107,0.09497458902844731,1.1111801133151666,13.988730408718396,0.04037605727539296,0.34270517425147323,0,0,0
0.652358116745401,0.030229642659140982,1.5446990560888012,15.311459351623633,0.02788543167777406,0.04743736652287644,0,0,0
0.23226277729040146,0.02260958533658444,2.4000376584809366,22.812790629907358,0.00779064999223268,0.46874611337458694,3,0,0
0.43054720208676694,0.039169168509100454,2.9919917165413694,18.131524082390644,0.00787722860118674,0.1379753255876961,0,0,0
0.35377207026592755,0.04471467833700784,1.6633834921288944,16.29794259698118,0.033081435932335035,0.439935608666681,0,0,0
0.6761009126864379,0.05774026119369685,1.8102846609817462,15.3036674490093,0.041262451769215364,0.171351916870765,0,0,0
0.5967722399488155,0.020101698955327183,2.6762225752968614,20.713794833507173,0.0387368123654892,0.02636178936850903,0,0,0
0.42098900104205905,0.026234145780128625,0.6540956447448143,7.084111880195323,0.0444679934923862,0.09658272218159297,0,0,0
0.5827019816974968,0.1633908944498331,2.122810955914102,20.406354578320965,0.031229690979011127,0.025878561087278117,0,0,0
0.31178610642755455,0.03855942286127882,3.343206995829625,39.10523640835315,0.007562571439960966,0.3064878263519576,3,6,0
1.3398437464961441,0.1355980594565961,0.37146744561086836,9.845886246817287,0.007568046497975373,0.0,0,0,0
0.22852470813672507,0.008478126909609902,3.419158767306341,22.09471624676076,0.011330467563001888,0.39135634406395253,0,0,0
0.8163068492290768,0.12801111983260188,0.8285524285042074,9.666449742971448,0.042162890863150525,0.2016076498723575,0,0,0
0.3054428877073076,0.041106210795795975,3.747816887508859,30.380161136312633,0.040017185375717905,0.2458464005120961,0,7,0
0.6698113223669399,0.06514686274372554,0.9698657497207407,6.904613432886781,0.039562216646537994,0.33114076176546164,0,0,0
0.49110195534556184,0.06249248419877674,1.8527189423052055,21.575307609912954,0.03848043384771799,0.03557789624217178,0,0,0
0.548864763747157,0.0724369967477045,3.2350351332312663,39.38383695294923,0.007722549769399572,0.9622105310026351,4,2,0
1.8046876977508437,0.20234939015804657,0.09206142255680341,2.7618844716885915,0.007876704022367051,0.0,0,0,0
0.44297151006324514,0.04325308708540194,1.4729810831173773,8.46516032623278,0.007876522746550194,0.013797456902098248,0,0,0
0.26636478974852185,0.02484088084570777,1.669653648027738,16.29794152589062,0.04025434080096247,0.207028488698224,0,0,0
0.6488785838514903,0.09659742617548255,0.460306949249284,7.084113827631885,0.03915014730431735,0.09057496380547295,0,0,0
0.6042619199510118,0.047068712992060835,1.701004427521956,20.32873918321209,0.03833854868133411,0.01185921298073356,0,2,0
0.26495237435288876,0.011047885945188022,1.2000197230639083,11.406395314953635,0.03822136709114247,0.3427049776433497,0,0,0
0.6202909417728965,0.04634841464492193,1.0191173937156905,9.666415887535997,0.045893390059326085,0.16557038088273118,0,0,0
0.6908571416363639,0.053489728209714205,0.46352828768177357,8.28551207611297,0.046016365540652346,0.1423321561629841,0,0,0
0.500829778611083,0.11175191563689912,2.909599141671067,28.99928541291668,0.041768159953955476,0.07115579248434442,0,0,0
0.3994028896256148,0.0677502429773025,3.3174296355644004,26.237427006917503,0.007952936140855188,0.5573858403941663,5,2,0
0.3607578580991065,0.11461437139981785,2.176329799977273,12.428248227846293,0.015910284863266445,0.16821113834799464,0,0,0
0.577449517807001,0.0894957402286904,1.2092447831025714,9.43919530311765,0.03683127543811273,0.14233187543116343,0,0,0
1.0141803433745542,0.19365668268084354,0.598398565016434,8.285518592535237,0.036967087653103956,0.024451601686527127,0,0,0
0.23229059868563137,0.013030154007644908,1.9321050277241318,17.951957250098527,0.038443589593755,0.07211454855612949,0,0,0
0.5544427884324722,0.013973637174038864,1.7588319913795432,8.285541362562618,0.04152701676663212,0.30316257956603865,0,0,0
0.5886750369730473,0.05436848051639064,1.0363676083811624,11.272850306078814,0.0460580217279214,0.06590475939672795,0,0,0
0.35262403945326654,0.024158382436258997,3.0209910141382452,26.417005523828525,0.007874426469947309,0.207028488698224,4,2,0
0.5054320279842448,0.08439275646172682,2.5841595748171073,20.893296501576103,0.007954032656680366,0.0,0,0,0
0.32821987658122415,0.01613656517154392,2.301531004921207,20.226844476359958,0.029221409498272486,0.41507477002541965,0,0,0
0.6824224196324454,0.12477021134025773,1.477966044059204,12.092447638778681,0.029217532320335884,0.865377457084509,0,0,0
0.4474406415408864,0.07153717017996895,2.0746020340936733,25.036211892373068,0.018542507738825105,0.32451657404525763,0,0,0
0.4892367737637149,0.040457466353700566,2.577716899824657,14.16833970776656,0.02680828355620039,0.474371349529031,0,0,0
0.8263757699587506,0.08332582562801892,1.1636550381857316,12.787346688769311,0.03928398620140486,0.01185895568076246,0,0,0
0.41854912899619606,0.09562992663286951,4.049777619436434,37.64388224299547,0.015278902185476636,0.03557738164222958,3,5,3
0.9078311084606088,0.06730072884897821,0.9698662490634438,11.04730599200209,0.007954190692201152,0.0,0,0,0
0.2727729895977265,0.055961407072622184,2.446070923897268,14.954306040755663,0.016673403833640115,0.32020055157960725,0,0,0
0.47671941183954963,0.022826456101753573,0.5983987454039864,8.465160326232928,0.04000615097648033,0.14499069945316484,0,0,0
0.7344690874549346,0.09312396605095478,2.5425493443728113,25.70317588524225,0.03883087397554871,0.013181180659710849,0,4,0
0.33246820118785575,0.010252936383562556,1.6142972256201917,11.226820692915483,0.034747102418387944,0.34270497764334773,0,0,0
0.6155260284073475,0.037042740542475056,0.690460342106559,8.285425415186609,0.04507713979318536,0.11862862410920139,0,0,0
0.5990601763457403,0.04644597563151463,1.1089163706087495,12.55928779282732,0.042285908203261,0.05175712217455577,0,0,0
0.4615001766565909,0.07538525630642477,3.4684103763473018,30.918806824084804,0.026188635618839023,0.036057495386599726,0,3,0
0.5638370471666512,0.05686496840321301,2.307974842757984,16.571067145632902,0.007483968136463256,0.20702848869822493,0,0,0
0.4741222952831127,0.106987373693887,2.3507860494399733,15.369640884025962,0.028791461474138514,0.03557789624217264,0,0,0
0.42258247676763455,0.055243560047996854,1.2540317290460574,11.183271356215158,0.028402371367448023,0.12225814105868626,0,0,0
1.0559460273896972,0.2715009248134662,0.9206123180789108,9.666475808660486,0.04051075054270712,0.09014373846649916,0,0,0
0.38543599834727066,0.02561755209343143,2.4412803353489547,24.810780251140137,0.040473204356313824,0.0,0,2,0
0.3066858438959328,0.009129694142799618,2.4000376584809335,11.22687282429385,0.03461023050925596,0.47451564033862137,0,0,0
0.8153115988851937,0.058174032858008984,1.1079579759343459,7.084119707392212,0.03566316012186716,0.09487421844581154,0,0,0
0.7097978420043111,0.09568297455577496,1.4873712298457131,14.832992698645981,0.03334244157374907,0.027595063480455154,0,0,0
0.39948848333255094,0.07294135168382737,3.133306960851489,29.66604067548602,0.007714046830212916,0.7031193911704147,3,0,0
2.0416666666666665,0.046093563444870374,0.0,1.3809197654225411,0.007877417346047709,0.0,0,0,0
2.0416666666666665,0.10763429661676675,0.04603065884741804,1.3809197654225411,0.007877417346047716,0.0,0,0,0
2.0416666666666665,0.03736041890118705,0.0,1.3809197654225411,0.007877417346047709,0.0,0,0,0
0.5498869926043978,0.03752234136965515,1.7031341276831127,12.78738968217633,0.0078005121004834305,0.0,0,0,0
0.3799750479238077,0.01820777311222942,1.952620083918757,14.284681098270125,0.023508178956376077,0.4743710922290594,0,0,0
0.504831466159705,0.08757215885475877,1.400932897898911,10.787654000633319,0.023630967564376815,0.5228324670087532,0,0,0
0.4798647016945908,0.08149618180722924,2.0185433212215287,16.297971269251562,0.034326841283681075,0.03605749538659939,0,0,0
0.5364228140502775,0.03477367617099084,2.2191380455570284,13.80919783679761,0.034477266853253835,0.5140580384159323,0,0,0
0.8870630821034711,0.0996666428927472,1.3052310451165194,12.559280997397545,0.036204343977954044,0.09057503398842788,0,0,0
0.6507335660285002,0.07389993245373781,2.3111998582253186,17.95196638807013,0.03201746643395752,0.5949471261191505,0,0,0
0.5625139397314797,0.04548367314574955,1.7977441416602635,16.123266599473425,0.032227126257440133,0.18115006797685576,0,0,0
0.3604358824258273,0.03481752016171571,3.9287171158726513,28.999375294603638,0.0186149974736192,0.04743736652287815,3,5,0
0.7139602333097113,0.035532128377380685,1.0619284605817192,9.666371545903909,0.0079519122040884,0.26361960953782065,0,0,0
0.4848400562172273,0.039155734200241175,2.903152956923581,16.750477583789696,0.017282957188933704,0.09658272218159297,0,0,0
0.3503115353547596,0.04097720481582113,1.9352393105947916,13.4360587360055,0.04268323470853444,0.46458056467007136,0,0,0
0.7662777569748559,0.15283160233275248,1.9289691354712455,14.779636876599731,0.04570844359026064,0.08278474141258899,0,0,0
0.36146334185120943,0.020681289928541343,1.531812778807619,13.809190463690664,0.04009569493222918,0.05929683680358282,0,0,0
0.5535021531484358,0.04587500557425201,0.7825210206427329,10.787638421141004,0.04198306378355983,0.4867748610678866,0,0,0
0.4996711923226644,0.042150164421356634,2.104981908582233,15.311423556240518,0.04603122684330245,0.21089545884989183,0,0,0
0.3209162144043091,0.01567114031839369,2.1206328650582775,12.428282083281527,0.039244452313099545,0.4217909176997856,0,0,0
0.9676076575871185,0.05900005956448293,0.9795326524674121,8.465051316599558,0.0444074328741533,0.03557789624217178,0,0,0
0.5185485808414892,0.06189564045919796,1.6239618588542681,13.484566879112995,0.037689237824046644,0.04743685192293424,0,0,0
0.28789552529337437,0.04497587470180522,1.893702019042845,20.893296501575957,0.0077173397670973086,0.43993595958145665,4,0,0
0.8429048983167916,0.017709896259762208,1.0715949164166712,13.80918267394431,0.0077992737089892525,0.01379753174022764,0,0,0
0.3774585471723306,0.04439255198696754,1.565040183730607,11.226836272407843,0.007799273693875846,0.0,0,0,0
0.43478059718154133,0.01666064125620559,2.7715055048143222,15.36963144644886,0.028281117418783887,0.43993595958145854,0,0,0
0.693610707790903,0.06952407744371437,1.9415104689245442,12.441727551459353,0.02851405499437759,0.08278534011762412,0,0,0
0.8601492845954457,0.13972924781430499,2.1748494588963916,16.68750371709864,0.03528740091623705,0.011859277305726496,0,3,0
0.281255854408793,0.031969302874139474,1.85733706701632,19.691932782643125,0.027520077377306797,0.28119335308204063,0,0,0
0.5230737444761514,0.11004198731725646,1.660325847149373,11.226904367148357,0.03809305469759491,0.514057716693545,0,0,0
0.7746023347534056,0.06973744108680278,1.1707284846610309,9.61870641999736,0.034086336676606196,0.025878561087278117,0,0,0
0.58790380888669,0.08757044181511926,1.6299696516727857,18.985157293800853,0.020336509898269264,0.3786025960166217,0,0,0
0.704159518379145,0.13901366185481295,2.8571234066169673,25.03600336685979,0.007791898034205795,0.5008768577562225,3,0,0
1.5506980583946266,0.23888657357773938,0.3148502757670204,5.523548733244217,0.007799805992460477,0.5008768577562235,0,0,0
0.721237272727989,0.17502006108474724,1.1967966306901623,12.42829511612617,0.007876887250480094,0.02759506348045503,0,0,0
0.2343248002916576,0.02782749966882755,1.8550716261499376,14.95433257084492,0.027498552700857926,0.42699646848895234,0,0,0
0.5636177729172682,0.08954412599405386,2.210231161379264,16.64727580156655,0.040301214742962305,0.10351425750841604,0,1,0
0.37471126047324727,0.0563980270107036,2.452515181181917,15.369647400448244,0.03138363485306143,0.3083413385988743,0,0,0
0.6832504569162158,0.07900056038319742,1.3445562415161505,12.60781700757459,0.04128451129396851,0.2329069094195913,0,0,0
0.5218097675224248,0.05604559547983248,2.2115630521104572,21.842533964321163,0.014584956441494329,0.02371842596146712,0,0,0
0.6321770504346642,0.034110490822702996,2.2587250912718853,13.809302516193235,0.007946863664238326,0.46133388772800404,5,0,0
0.6774458970077512,0.04941786107593981,1.0223375948951718,9.66636667731254,0.007876918062030981,0.0,0,0,0
0.19678138476356077,0.010222315237367044,1.8872560440192927,13.610714305550493,0.02322295314917531,0.4269337257061821,0,0,0
0.7777933599683128,0.1943198263661162,0.6936831898023763,9.666363756157716,0.04327171211986237,0.22407663950960077,0,0,0
0.22022698169901525,0.024420114092189155,3.0969429769256345,18.670083764623694,0.03673197869845546,0.4867748610678866,0,4,0
0.5137051465198833,0.12335935494269828,2.1197116339447293,20.71379565742265,0.03629610397060642,1.1335632343059001,0,1,0
0.4065018988068001,0.020959421939537762,3.9406847039274493,31.76113505545157,0.03712341113751351,0.13045211468798418,0,6,4
0.45457436988465943,0.1030463136046424,2.2555021037601066,29.24683032945223,0.007792319668312267,1.2258299260588645,3,0,0
2.0416666666666665,0.0005677862881330567,0.0,0.0,0.007877291327019647,0.0,0,0,0
1.7123655755530907,0.018979810396241126,0.18412264412816948,4.142756038056475,0.007877259906789193,0.0,0,0,0
0.5269603799097454,0.13380399668457446,2.1174128036947475,14.168324128274346,0.007877259906789209,0.05519012696091025,0,0,0
0.7821460717551876,0.07852375484790076,1.430171803898228,11.226865034547746,0.042100295200265536,0.11038025392182012,0,0,0
0.4249141852959586,0.045966186129398456,1.183268668751766,9.754568592544478,0.046217148821868975,0.1262009021902966,0,0,0
0.2965648551752732,0.04193673782953733,2.120632470577542,15.486199215213242,0.029096017781611885,0.05272357873701806,0,0,0
0.3954197976291168,0.03742238682479957,2.584161652082761,13.809242595068772,0.02572816042162082,0.2621531311286223,0,0,0
0.9028870395122838,0.10053579850651433,1.015897052720246,8.465056063476089,0.033677640006898095,0.2976032419548312,0,0,0
0.7735415856507767,0.06104907499224518,1.1967976992835518,9.845964443885013,0.036313351476028904,0.05519012696091031,0,0,0
0.8096125404532312,0.06255341435577873,1.353010883618353,13.664089058933495,0.03366861516533017,0.059296322203639756,0,0,0
0.387549661341608,0.042817002876718184,3.9254949173223483,40.226136066394304,0.007946204015268505,0.24584611978027496,4,4,1
2.0416666666666665,0.00010743318319598684,0.0,0.0,0.007954032445426596,0.0,0,0,0
0.5001951260237961,0.08400642403009938,4.671653191784956,24.856556272072037,0.007953938282636942,0.0,0,6,3
0.3931977574234733,0.01787343206960568,1.768632802600032,13.785394922136282,0.03630741289518448,0.2636190375869118,0,0,0
0.26258536174707725,0.027460079738834752,3.928718323033637,24.8565407973246,0.03095075963949556,0.059296322203639756,0,7,0
0.821421403750009,0.14502363022708367,1.2032427455296757,11.047305992001725,0.04093342451401723,0.36229957449007016,0,0,0
0.9918241346249346,0.1901240487310599,0.509559695543253,8.465035240885351,0.04653739051900712,0.3954291283312766,0,0,0
0.7802980769916653,0.08708439508041592,1.3905866506922175,13.80918462138076,0.038869190205702155,0.0,0,0,0
0.7896554916407273,0.03157832384247396,0.900700577322816,9.439193044841772,0.04231398208984184,0.10544773836167928,0,0,0
0.35442167271960767,0.09590727501777659,2.715809121669013,32.53438428575245,0.007408816062073632,0.5408609935935186,3,0,0
2.0416666666666665,0.055761499261257806,0.0,1.3809197654225476,0.007877041551927729,0.0,0,0,0
2.0416666666666665,0.1765232312453279,0.0032221461193189635,1.3809197654225476,0.007877041551927729,0.0,0,0,0
0.5954077490682385,0.044722495164045355,2.6269685044963693,15.369736083712597,0.007876979694581681,0.0,0,0,0
0.2537606176559493,0.02030667497312164,3.4288241545479075,16.571015014254385,0.03748147492475248,0.7827121735279629,0,2,0
0.8407756020954951,0.1586465929551931,0.6476499243860417,5.7032237231659675,0.03917806073228058,0.05408580086283046,0,0,0
0.38333402775110376,0.03764957430600948,3.195448354664751,22.094664115382304,0.038177713198326274,0.013180608708800085,0,0,0
0.5931804662378071,0.04249143564534136,1.8444494462704657,12.6078165207155,0.03815956268959443,0.3295243689345477,0,0,0
0.6857416700467415,0.05495928878292458,0.9114124863897175,12.26711680293461,0.037839151374380514,0.07115579248434442,0,0,0
0.4053363679928849,0.026347034310176765,1.9365099743796488,18.310999591143588,0.00786763012402653,0.1802870347159287,4,0,0
1.222479059291293,0.01109312683830395,0.3714691870685496,7.084009564875108,0.007952731191141978,0.04139267005881206,0,0,0
0.7369017862159214,0.07935550866153356,2.3540062506194577,11.047365913126505,0.007953875719302221,0.02759506348045528,0,0,0
0.5654621888658767,0.04631271969033161,1.4462835157032359,9.84599440444729,0.04138029408808303,0.6340249571871754,0,0,0
0.6715020121655542,0.06111798177352249,1.525888019890357,12.09241950205362,0.042997047764438315,0.03557789624217221,0,0,0
0.7761985604315823,0.1068603539270715,1.9862969232649283,16.297913121392835,0.045770071128251176,0.07763575344478929,0,1,0
0.37750306713018933,0.023433354827693192,2.719031180403362,19.51240639711034,0.03884871349184456,0.06469640271819495,0,0,0
0.7878465120147103,0.13127776372158362,1.2530175211221617,12.55929184312152,0.03979438002508919,0.16821057688435143,0,0,0
0.3584454136996635,0.03933047518522983,3.038023809126525,29.178828126955832,0.007563582604026611,0.05175712217455577,3,0,0
1.395139709187194,0.12474197750483072,0.09528346381415502,3.1208747749818304,0.007568459646009164,0.0,0,0,0
0.34479022456617975,0.02104502296706336,2.077825513301965,19.512458528488672,0.0075684317444629666,0.0,0,0,0
0.5501219733171413,0.029715776951384984,0.96986578467473,9.66637154590408,0.04198807925030213,0.486774861067886,0,0,0
0.49916721343309584,0.10161888028823812,1.7654972234351556,16.123266800302915,0.036550142109420036,0.039542970028218924,0,0,0
0.4172932118616825,0.026834720455792358,1.568264100019811,9.66643933401672,0.036444788129992224,0.23455796474573923,0,0,0
0.4856823972437461,0.0677304483900849,2.379973268965145,21.672357283723294,0.04266113411987059,0.05175712217455577,0,2,0
0.4625785378060862,0.04962424563123554,2.3507860494399733,22.453771714276954,0.007638247989062705,0.45287488921031965,3,0,0
1.3611111111111132,0.045389113192871804,0.0032221461193189345,1.380919765422535,0.0077230220625721015,0.0,0,0,0
0.5911868692300563,0.0851613135163352,3.1793392669056573,27.797887838548334,0.007722754543799116,0.0,0,0,0
0.5209879375206098,0.05191714145914716,1.2953027512015527,12.60776292875968,0.03603199487127979,0.103514244349112,0,0,0
0.5566591146965197,0.0618001681735478,1.4394494325296527,12.136105692996646,0.03515950195127886,0.3966313989870557,0,0,0
0.26111670636068013,0.048398105839609316,2.7319199746045704,22.633269819262615,0.035353623872960184,0.01185921298073356,0,0,0
0.534274042240661,0.027551938964208333,3.409491150499604,19.51239888824432,0.037631321120277596,0.6326863765496774,0,2,0
0.39621296157242764,0.07060602254799425,3.0065525657419827,30.91880755437347,0.02462396255519502,0.11859264440727951,0,3,0
0.7237270640507231,0.031695694022314196,3.406268395182186,33.32155251916843,0.007712246911605514,0.5811047809555756,0,2,0
0.5399502337725443,0.0420399212134916,2.393593541012239,13.809182673944136,0.007799926788773234,0.0,0,0,0
0.7558623475819742,0.14941816035867442,1.0619284605817194,12.428256017592473,0.043434371572821935,0.42699590702531004,0,0,0
0.40274203352191873,0.03994186177870709,1.9912500979736747,17.52993128704089,0.04292799104149576,0.4613333157770947,0,0,0
0.7963431047808124,0.11511458536923007,2.290399318202519,18.1655488382375,0.04383146813996741,0.04139267005881256,0,1,0
0.3591646119954526,0.029483786503874006,1.568265028797242,16.57101501425459,0.03920572963112261,0.1262009021902966,0,0,0
0.673485056007001,0.055770409763644724,1.203241886660221,8.465027451139166,0.043070138742031056,0.2108954588498928,0,0,0
0.40285668199466124,0.09132098890738262,2.715809063620426,29.394684866935552,0.015579017295195823,0.04743685192293424,3,0,0
2.041666666666667,0.02922718287713065,0.0,0.0,0.007722578321447606,0.0,0,0,0
1.2941997862883539,0.3558529385351349,0.4699726847823854,7.084218090388358,0.007645854595882257,0.0,0,0,0
0.5875423065267448,0.04347044111775598,3.0872764511827047,24.193628602994988,0.007645767334589897,0.01379753174022764,0,0,0
0.3022338257127312,0.028732810895183657,2.8764564581028265,22.274130579790484,0.024332239645560264,1.0072197421984832,0,1,0
0.71105329272255,0.06422117199215828,1.2064629467091628,8.465144746740567,0.02276027497247327,0.026362361319419794,0,0,0
0.9209717517737411,0.08392355977737746,1.2000188292404712,8.465092615362087,0.022686335735351358,0.24835542164783622,0,0,0
0.5100459025081484,0.060354269291185064,2.0746015970127614,16.181501883474155,0.022612657392760846,0.02371791136152492,0,0,0
0.7192995767010498,0.066328526685495,1.6142955078812862,12.607869138952962,0.040740328779487585,0.45531847258938,0,0,0
0.4254653869949883,0.042031453351379575,1.0619272996099336,8.285515334324101,0.04073743096835619,0.11038025392182062,0,0,0
0.8016971225011348,0.03750794819633371,1.1675931416853544,9.798239351919191,0.039156725525655994,0.07763582362774468,0,0,0
0.7651480642077187,0.1280138577746703,1.311359006011936,12.092441541801652,0.03314660731878993,0.41466009140322213,0,0,0
0.3096094444027443,0.042778446576051433,3.7777365954247157,29.666041571494464,0.007715921501163638,0.37860281712515637,3,4,0
1.3674343392794,0.1265829131836383,0.14131614250280825,4.322333618699966,0.007800232188526277,0.0,0,0,0
0.5126002729679556,0.09580998054401378,3.1365300575944803,19.512458528488644,0.00849219540531805,0.036057384832332236,0,0,0
0.44954504268982404,0.03316227607560406,2.209471764492023,19.69198491402149,0.039451912318356624,0.7245997104437836,0,0,0
0.6860587162418157,0.08187346347280301,1.048907939403552,12.136086915215015,0.034632426810084445,0.24584640051209564,0,0,0
0.9913678142971344,0.14941175714423485,0.6476499942940204,8.285533572816362,0.03680463525516497,0.02371894056140932,0,0,0
0.3485140365847628,0.06738923120040465,2.3540071793968864,16.297941525890643,0.033078353507944865,0.01185947028070466,0,0,0
0.5416765741408945,0.04475987691334913,2.4428472160836416,13.988717223730324,0.03906109153171208,0.49671114264819255,0,0,0
0.7664832232009781,0.1344781056378304,1.391527172447543,13.484565087096176,0.03531899233695495,0.07763568326183388,0,0,0
0.348510698364026,0.03341602504472241,3.2414792341592262,29.896924006806003,0.007638894522000452,0.3622998552218918,3,3,0
1.1144174833396565,0.1565012530440001,0.09206131769483566,2.76183953084507,0.007800232238874543,0.0,0,0,0
0.8368038122738126,0.04531138456396078,0.47319831881049074,4.322213776451042,0.0077999569462739475,0.11003187602424949,0,0,0
0.5902618566765818,0.012662930598670855,2.0147622048998364,15.369631820955563,0.007799478574672518,0.0,0,0,0
0.5398048444597848,0.03756492411647403,2.4686241765626162,17.10960345862717,0.022315975926204202,0.5381038127070046,0,0,0
0.5830227863291567,0.1470329552616939,1.5190087758691337,12.559256002798984,0.027247133678775726,0.13797576643105225,0,0,0
0.5602130887499394,0.030780101375596544,1.9831613152629985,14.954334713026004,0.030503279434022687,0.7572054131417791,0,0,0
0.350602460678916,0.037397537907199456,2.258724302310413,17.95189805926286,0.0007252044284530751,0.2704305106160426,0,0,0
0.6631259077976414,0.07904343968003238,5.174766934775078,36.442502944570094,0.0007258245022846132,0.5272392190756413,0,13,6
0.7632323299808682,0.06213768459007018,1.1539884025874068,8.28550555969067,0.039614111384814306,0.2108954588498928,0,0,0
0.4895381874758839,0.05109551552172109,2.455413008677865,36.40832461220179,0.007477716882731249,0.036057384832332236,0,1,0
1.7694444444444442,0.13067785125492343,0.09528346381415502,4.142759296267617,0.007954095772319182,0.0,0,0,0
0.535767242894529,0.05925751880830452,2.304752644207681,14.168347497513087,0.007954095760130694,0.0,0,0,0
0.3121918032040265,0.022879580779696266,1.7468607275159287,13.484554572815158,0.04237906247106479,0.4916928010241922,0,0,0
0.46592112779824063,0.032644497506548485,1.6154608374120292,11.047313781748116,0.03749492102905442,0.522832356454486,0,0,0
0.530134807049415,0.026515264199241894,3.590391715295541,16.57103767192961,0.03734793102964737,0.5099489884712312,0,5,0
0.4372326554796368,0.08289743277232599,3.5572495653998146,27.79791390423741,0.029755580635886313,0.3163431882748392,0,7,0
0.6150409262281064,0.04929419198266779,2.623746445762027,27.79779915528418,0.0078759045901375,0.9094867377840259,3,0,0
0.42764291265973414,0.13757740938308743,3.54436062139579,25.21563012027627,0.007877291868385324,0.0,0,2,0
0.3761181523254134,0.02137684602375789,2.3925135603365866,16.862190288340432,0.03775864019434416,0.2609041007259828,0,3,0
0.2592048135080492,0.05932464811998902,3.343206804518952,21.165124573881524,0.03995614488607855,0.14233208598002894,0,8,0
0.39975145750050595,0.011095105865890987,2.6753021462525304,20.713788991197532,0.03806586982267187,1.2126488883868827,0,2,0
0.8019525702298332,0.07173093032643583,2.23934223558489,23.015931098759378,0.03196888492232276,0.05408624307989976,0,2,0
0.35531133562807077,0.07675387938857384,3.51444174488554,34.702518274054164,0.007642903958014589,0.4146598702946872,0,4,0
0.5608727430324331,0.1217860662168797,2.807871937391966,27.977410329208098,0.008337658191213113,0.1778889666109184,0,0,0
0.6009438163769683,0.1478536979289723,1.7623626467011897,16.123245831645338,0.04326296033126577,0.47451449643680366,0,0,0
1.1090309488383667,0.2105081119629173,0.7857440081545106,9.98185643093814,0.03448909894804907,0.1318095187934559,0,0,0
0.2519280307422674,0.013665123267837294,2.7650627280807893,29.358352565052293,0.03414424951108066,0.7211481388637148,0,1,0
0.787306793114856,0.16084653702579513,0.966643586124424,8.465052168603005,0.03889323383207702,0.271724821233463,0,0,0
0.5158203731557692,0.036796498469498194,2.868708238215499,32.54247278173109,0.024894847507964928,0.6670620063380823,0,2,0
0.418332356524114,0.0558758594123537,3.1793382682202442,26.23742944121301,0.007481049718070845,0.5563891335594321,0,0,0
2.041666666666667,0.0007542561571299618,0.0,0.0,0.007954222351556694,0.0,0,0,0
0.5287506845749964,0.16178181952893836,3.0412451831371854,12.607871086389848,0.007954222351556694,0.0,0,0,0
0.3841862934938347,0.045619447675955056,1.8644768888352565,17.641543312868713,0.03721384354709402,0.41405697739644776,0,0,0
0.3302422186905729,0.06724123004560957,4.51422718777592,34.039649073131244,0.040787142970590405,0.013180608708800085,0,12,3
0.575233528684764,0.06693046921206978,0.9282780098193427,11.532557017603379,0.03150850586920388,0.17936792431641613,0,0,0
0.5476291401971246,0.0659748623838944,3.6921195119199286,37.643990400625334,0.0076408590952888895,0.8653776781930437,3,6,0
1.8958331826661448,0.006194557541629011,0.044873948449768414,1.5507570024057662,0.007723416359890691,0.0,0,0,0
0.41707734467469165,0.135326700915726,2.163440356630547,23.475658482604782,0.007723355107325265,0.018028692416166118,0,0,0
0.4006270657651209,0.07193453618469746,2.1143881160243527,16.472597795764024,0.03828293684566168,0.2371855461145297,0,2,0
0.47139180218662674,0.12427715543316979,3.051426391852789,25.036227471865804,0.039172965889918705,0.13045211468798418,0,4,0
0.6722361099454499,0.05871658587777242,1.711305034031053,17.641546196574037,0.032735848621628025,0.44815285005602185,0,0,0
0.39155226938826315,0.04333359603390433,3.0412457286690913,31.761081950354825,0.007638174820715717,0.12620123385309856,3,0,0
0.48636560763711767,0.12268360776318,3.0840543924483557,18.490561273963955,0.007800480684964288,0.0,0,0,0
0.39312920023419884,0.04728386742564411,1.7031341276831158,11.04741804450487,0.003309700435289632,0.42699646848895234,0,0,0
0.8999850621971851,0.08392676653486066,0.6048444301845884,8.285533572816478,0.005350158577412952,0.05518982760839199,0,0,0
0.4471024203918211,0.06293307403537028,3.076690805297507,39.204335284880166,0.0018796436035166556,0.11859264440727951,0,2,0
0.5321486135214452,0.09935978098133973,3.636421439747921,25.036215787246345,0.009441936211810964,0.9250232438967086,0,5,0
0.4916965432109401,0.06603733764566334,1.7811730951730174,13.610725407816096,0.04508407460479449,0.1581716656312832,0,2,0
0.5460163229334914,0.09156680175992654,3.333540313730011,30.918913764566785,0.011855928912786482,0.9555214166595422,4,5,0
0.899549887876095,0.13617181751369625,1.5019804506222318,18.131464161265967,0.007567030032056269,0.26090422937596836,0,0,0
0.5826582167869163,0.024122931746054923,2.3079785578677066,22.14992277720973,0.007646178562900372,0.0,0,0,0
0.2176665174818465,0.02074193646284911,2.626968504496366,18.310999684770376,0.02874793468356541,0.40345162676677754,0,0,0
0.6983273331516967,0.0932036890468735,1.061928600397677,11.406447446331962,0.04483957599065329,0.14499069945316484,0,0,0
0.26136024589107776,0.017872416748482157,4.306628700174276,23.475615489198056,0.035625611090054805,0.05408624307990043,0,6,3
0.9252127032862637,0.06440206199690246,1.2888575888582505,12.607747349267406,0.030888948037809675,0.7776770760028427,0,0,0
1.394457967358211,0.15210264989090277,0.3714674693296488,4.142766786408139,0.035719591637500256,0.035577896242173494,0,0,0
0.5753295458455643,0.08350165816002551,1.2000206867953267,12.267118244787286,0.031574832427637985,0.08301474816510603,0,0,0
0.572757133631403,0.14422933741840283,5.019644293565352,29.178856140081695,0.027893548433804052,0.0721147696646648,0,7,5
0.6481491249306331,0.03518306217515869,1.660238549186272,20.328741860938443,0.03074800323762161,0.4011186092312264,0,0,0
0.5631731258629409,0.10665251972397538,4.296961797427605,32.658729008102995,0.008403803673842674,0.02371842596146712,2,5,2
0.4762363564729319,0.0672121073595447,3.409490384008553,26.237438691536635,0.007954032656680356,0.0180286924161662,0,1,0
0.5064665290876694,0.06203444443096456,2.8757633435685364,21.49769668829184,0.04227223035323137,0.4217909176997856,0,6,0
0.3190347889860901,0.04315014786309209,4.928502805079424,33.32161157424557,0.032063964672531635,0.4687462619318834,0,13,5
0.8365389624458727,0.1035317963036912,1.4842363976978425,14.779657845257217,0.03601362424421474,0.15893481414520427,0,0,0
0.41267434186284735,0.08956222340555575,2.533167845770831,23.475632416915722,0.007711980506404953,0.151772886561568,14,1,0
1.6163232895951865,0.1734918480905796,0.04925350154980825,2.7618844716884174,0.00795412748754679,0.06590590329854662,50,0,0
0.7909208595438068,0.07452589205465336,1.6571029994535538,16.75067831955667,0.007954127487546751,0.0,47,0,0
0.2169753696021346,0.011292509177164381,3.271400085257785,15.190124909788555,0.024040539669729376,0.40321478514477277,0,0,0
0.4485370692302509,0.03133459055211787,0.8317754050928623,10.78765400063332,0.03742150184306,0.7572054131417795,0,0,0
0.35688819020267787,0.05587358656750735,3.05091163897214,21.497686677714697,0.033397216417858575,0.1318095187934559,0,5,0
0.542596614216145,0.05172103698167965,2.8368697369607268,12.42827149409535,0.0392127905793261,1.028115504880954,0,0,0
0.2668821900022615,0.02095935151661948,2.9984369113419427,23.475619384071102,0.01154516630523831,0.09057503398842834,3,2,0
0.4945865279275217,0.03258973686826066,3.629059430520016,19.512474107980832,0.007722607923302549,0.0,0,4,0
0.29109756966124295,0.024790418002135328,4.050698048480763,22.633279524261173,0.026296213288909676,1.2809888440032156,0,5,0
0.42528962348944094,0.04749286870735972,2.7279663585135068,20.678105112703822,0.03724431992862987,0.04890320337305514,0,4,0
0.1824721784537948,0.012186977131365096,3.498331071089175,19.33283177507217,0.029171148219342805,0.5105088989028086,0,5,0
0.9167155784241721,0.0972653821289934,1.9029934234659975,13.610724151344492,0.03985538398058681,0.03557789624217178,0,2,0
0.34407719897551087,0.03994293589456357,3.3174299139479575,36.08343699085702,0.007332639752994982,1.0456647129089713,3,2,0
