step,wall_time,dt,pos_shoulder_pan,pos_shoulder_lift,pos_elbow_flex,pos_wrist_flex,pos_wrist_roll,pos_gripper,qdot_shoulder_pan,qdot_shoulder_lift,qdot_elbow_flex,qdot_wrist_flex,qdot_wrist_roll,qdot_gripper,qddot_shoulder_pan,qddot_shoulder_lift,qddot_elbow_flex,qddot_wrist_flex,qddot_wrist_roll,qddot_gripper,velraw_shoulder_pan,velraw_shoulder_lift,velraw_elbow_flex,velraw_wrist_flex,velraw_wrist_roll,velraw_gripper,load_shoulder_pan,load_shoulder_lift,load_elbow_flex,load_wrist_flex,load_wrist_roll,load_gripper,current_shoulder_pan,current_shoulder_lift,current_elbow_flex,current_wrist_flex,current_wrist_roll,current_gripper
0,1785849399.6523,0.0,-1.4945,-101.6703,96.6154,81.6703,-84.2637,2.5794,0.0000,0.0000,0.0000,0.0000,0.0000,0.0000,0.000,0.000,0.000,0.000,0.000,0.000,0,0,0,0,0,0,-52,-20,0,-96,0,24,1,0,0,4,0,0
1,1785849401.2377,1.58552,-1.4945,-101.6703,96.6154,81.7582,-84.2637,2.5794,0.0000,0.0000,0.0000,0.0554,0.0000,0.0000,0.000,0.000,0.000,0.035,0.000,0.000,0,0,0,0,0,0,0,0,0,0,0,0,0,0,0,0,0,0
2,1785849401.5405,0.30276,-1.4945,-101.6703,96.6154,81.7582,-84.2637,2.5794,0.0000,0.0000,0.0000,0.0000,0.0000,0.0000,0.000,0.000,0.000,-0.183,0.000,0.000,0,0,0,0,0,0,0,0,0,20,0,0,0,0,0,0,0,0
3,1785849401.5738,0.03334,-1.4945,-101.6703,96.6154,81.7582,-84.2637,2.5794,0.0000,0.0000,0.0000,0.0000,0.0000,0.0000,0.000,0.000,0.000,0.000,0.000,0.000,0,0,0,0,0,0,-80,24,-96,116,-96,40,2,0,3,3,3,0
4,1785849401.6073,0.0334,-1.3187,-101.5824,96.8791,81.4066,-83.8242,2.5794,5.2643,2.6321,7.8964,-10.5285,13.1606,0.0000,157.614,78.807,236.422,-315.229,394.036,0.000,0,0,100,-50,200,0,-80,64,-92,128,-116,28,1,0,2,3,2,0
5,1785849401.6406,0.03336,-0.6154,-101.3187,97.1429,80.5275,-82.9451,2.5794,21.0790,7.9046,7.9046,-26.3488,26.3488,0.0000,473.996,158.026,0.247,-474.161,395.272,0.000,250,50,50,-250,400,0,72,-72,32,136,52,36,3,1,1,2,1,0
6,1785849401.6741,0.03343,-0.7033,-101.2308,96.9670,79.9121,-83.3846,2.5794,-2.6297,2.6297,-5.2595,-18.4081,-13.1486,0.0000,-709.204,-157.789,-393.780,237.531,-1181.494,0.000,-100,50,0,-200,-150,0,172,-24,88,-72,68,40,4,0,1,2,0,1
7,1785849401.7074,0.03335,-2.0220,-101.1429,96.5275,80.0879,-83.6484,2.5794,-39.5444,2.6363,-13.1815,5.2726,-7.9089,0.0000,-1106.993,0.197,-237.564,710.134,157.129,0.000,-400,0,-200,0,-50,0,-64,-80,-36,104,-56,36,2,2,1,4,0,1
8,1785849401.7407,0.03337,-2.0220,-100.6154,96.5275,79.6484,-83.2088,2.5794,0.0000,15.8047,0.0000,-13.1706,13.1706,0.0000,1184.874,394.567,394.958,-552.615,631.607,0.000,50,200,0,-100,200,0,36,56,-120,76,72,0,0,1,3,1,2,0
9,1785849401.7743,0.03342,-1.5824,-100.7912,96.9670,79.3846,-84.0000,2.5794,13.1511,-5.2604,13.1511,-7.8907,-23.6720,0.0000,393.465,-630.244,393.465,157.969,-1102.285,0.000,100,-100,150,-50,-150,0,40,-44,32,-32,108,52,0,1,0,1,1,0
10,1785849401.8075,0.03335,-2.1978,-100.8791,96.7912,79.3846,-84.5275,2.5132,-18.4519,-2.6360,-5.2720,0.0000,-15.8159,-1.9831,-947.591,78.693,-552.402,236.596,235.560,-59.461,-100,-100,0,-50,-150,-50,-92,-124,112,0,-84,0,3,2,1,0,2,0
11,1785849401.8409,0.03342,-1.9341,-100.0879,96.2637,79.2967,-83.9121,2.5132,7.8906,23.6718,-15.7812,-2.6302,18.4114,0.0000,788.128,787.091,-314.422,-78.692,1024.031,59.331,50,300,-150,-100,200,0,-32,48,64,-44,-32,32,0,1,1,0,0,0
12,1785849401.8743,0.03337,-1.3187,-99.9121,96.0000,79.5604,-84.0879,2.4471,18.4424,5.2692,-7.9039,7.9039,-5.2692,-1.9821,316.224,-551.504,236.075,315.694,-709.683,-59.400,200,-100,-50,150,0,-50,80,144,-32,60,76,-20,3,4,1,1,1,0
13,1785849401.9077,0.0334,-1.5824,-101.2308,96.0000,79.2088,-84.4396,2.4471,-7.8961,-39.4807,0.0000,-10.5282,-10.5282,0.0000,-788.563,-1339.794,236.638,-551.848,-157.450,59.342,50,-450,0,-200,-150,0,24,-100,-40,44,-40,-20,0,4,0,0,0,0
14,1785849401.9411,0.03335,-2.0220,-101.1429,96.0879,78.9451,-84.2637,2.4471,-13.1796,2.6359,2.6359,-7.9077,5.2718,0.0000,-158.416,1262.806,79.034,78.570,473.741,0.000,-200,50,50,-150,0,0,-64,-112,100,-60,-48,-20,0,2,4,1,0,0
15,1785849401.9744,0.03337,-1.5824,-100.0000,95.9121,79.1209,-84.2637,2.4471,13.1704,34.2431,-5.2682,5.2682,0.0000,0.0000,789.517,947.035,-236.827,394.786,-157.958,0.000,100,400,-100,100,0,0,44,-36,68,60,20,-32,1,0,0,1,0,0
16,1785849402.0078,0.03337,-1.4066,-99.9121,95.7363,79.0330,-84.6154,2.4471,5.2689,2.6345,-5.2689,-2.6345,-10.5378,0.0000,-236.784,-947.215,-0.023,-236.818,-315.787,0.000,0,150,-100,0,-150,0,-36,-48,-44,28,92,24,0,0,1,1,1,0
17,1785849402.0413,0.03342,-1.7582,-100.0000,95.8242,79.0330,-85.1429,2.4471,-10.5219,-2.6305,2.6305,0.0000,-15.7829,0.0000,-472.490,-157.536,236.364,78.828,-156.942,0.000,-150,0,50,0,-150,0,20,20,-24,32,80,0,0,0,1,1,1,0
18,1785849402.0746,0.03336,-1.8462,-99.7363,95.9121,79.0330,-85.5824,2.4471,-2.6350,7.9051,2.6350,0.0000,-13.1752,0.0000,236.399,315.791,0.137,0.000,78.161,0.000,0,100,50,0,-150,0,0,116,-108,32,96,44,0,2,3,1,1,1
19,1785849402.1081,0.03344,-1.8462,-100.5275,96.1758,79.0330,-86.4615,2.4471,0.0000,-23.6616,7.8872,0.0000,-26.2906,0.0000,78.803,-944.021,157.068,0.000,-392.224,0.000,0,-150,100,0,-300,0,60,-92,72,-48,104,-32,1,3,3,0,1,1
20,1785849402.1414,0.03332,-1.7582,-100.4396,96.0879,79.2967,-87.4286,2.4471,2.6384,2.6384,-2.6384,7.9151,-29.0219,0.0000,79.180,789.293,-315.885,237.541,-81.968,0.000,50,0,0,0,-300,0,132,-108,188,40,-76,32,3,3,8,1,3,0
21,1785849402.1747,0.03333,-2.8132,-99.2967,95.1209,79.2967,-87.3407,2.4471,-31.6523,34.2900,-29.0146,0.0000,2.6377,0.0000,-1028.846,949.666,-791.385,-237.481,949.904,0.000,-350,450,-400,50,-50,0,104,-232,352,80,-48,40,1,8,24,2,0,1
22,1785849402.2082,0.0334,-3.9560,-97.0110,93.0989,79.1209,-87.0769,2.4471,-34.2150,68.4299,-60.5342,-5.2638,7.8958,0.0000,-76.722,1022.085,-943.636,-157.589,157.417,0.000,-350,1000,-500,0,150,0,116,-332,392,44,32,-32,1,5,26,1,1,0
23,1785849402.2414,0.03336,-4.6593,-94.5495,90.3736,78.7692,-87.1648,2.4471,-21.0805,73.7816,-81.6868,-10.5402,-2.6351,0.0000,393.691,160.411,-634.024,-158.153,-315.648,0.000,-200,850,-950,-100,50,0,-64,-340,328,200,-204,24,2,8,13,8,9,0
24,1785849402.2749,0.03344,-4.3956,-91.7363,88.0879,77.4505,-85.4945,2.4471,7.8873,84.1311,-68.3565,-39.4365,49.9529,0.0000,866.309,309.512,398.654,-864.170,1572.693,0.000,50,1000,-750,-450,400,0,-164,-288,324,160,-340,-32,4,3,16,2,11,0
25,1785849402.3083,0.03338,-2.9011,-88.8352,85.8022,76.3956,-82.9451,2.4471,44.7770,86.9200,-68.4824,-31.6073,76.3842,0.0000,1105.253,83.557,-3.771,234.571,791.911,0.000,550,900,-750,-300,850,50,-56,-284,348,-60,-336,0,0,3,18,2,5,0
26,1785849402.3416,0.03337,-2.2857,-86.3736,83.4286,76.7473,-80.0440,2.5132,18.4404,73.7616,-71.1273,10.5374,86.9333,1.9819,-789.192,-394.299,-79.255,1262.892,316.111,59.388,350,800,-800,-50,1000,0,-68,-328,348,-40,-296,0,1,7,16,0,2,0
27,1785849402.3751,0.03342,-2.3736,-83.4725,81.0549,77.0110,-76.9670,2.5132,-2.6303,86.8006,-71.0187,7.8910,92.0613,0.0000,-630.434,390.127,3.248,-79.180,153.428,-59.297,-100,950,-800,150,950,0,-172,-296,324,108,-264,-28,6,4,16,3,2,0
28,1785849402.4085,0.03339,-0.9670,-80.4835,78.8571,76.3077,-74.6813,2.5132,42.1258,89.5173,-65.8215,-21.0629,68.4544,0.0000,1340.391,81.360,155.649,-867.133,-706.998,0.000,450,950,-750,-300,800,0,-88,-280,344,164,-324,-40,0,2,19,3,7,1
29,1785849402.4418,0.03335,0.2637,-77.8462,76.5714,75.1648,-71.9560,2.5794,36.9014,79.0745,-68.5312,-34.2656,81.7103,1.9830,-156.639,-313.100,-81.243,-395.849,397.444,59.454,600,900,-800,-400,950,50,60,-312,352,20,-196,24,2,5,20,0,0,0
30,1785849402.4753,0.0334,-0.2637,-75.2088,74.1099,74.9890,-69.9341,2.5794,-15.7930,78.9651,-73.7007,-5.2643,60.5399,0.0000,-1577.720,-3.276,-154.780,868.325,-633.862,-59.372,-100,900,-850,-100,800,0,-108,-300,320,-160,-112,-28,3,4,12,5,0,0
31,1785849402.5086,0.03338,0.1758,-72.4835,71.6484,76.4835,-68.2637,2.5794,13.1684,81.6440,-73.7430,44.7725,50.0399,0.0000,867.628,80.257,-1.266,1499.009,-314.560,0.000,200,950,-850,500,500,0,-140,-300,320,-236,-276,24,2,3,12,4,9,0
32,1785849402.5421,0.03342,1.7582,-69.5824,69.4505,78.5055,-66.0659,2.5794,47.3443,86.7979,-65.7559,60.4955,65.7559,0.0000,1022.507,154.197,238.964,470.414,470.208,0.000,450,950,-750,650,800,0,-40,-280,356,-80,-336,0,0,3,21,0,6,0
33,1785849402.5754,0.03335,2.2857,-66.7692,67.1648,79.3846,-63.1648,2.5794,15.8173,84.3587,-68.5415,26.3621,86.9949,0.0000,-945.397,-73.142,-83.529,-1023.554,636.891,0.000,200,950,-800,400,1000,0,52,-304,352,80,-204,-24,1,5,23,2,0,0
34,1785849402.6088,0.03341,1.6703,-64.0440,64.7912,78.9451,-61.1429,2.5794,-18.4204,81.5758,-71.0499,-13.1574,60.5240,0.0000,-1024.837,-83.300,-75.086,-1182.940,-792.356,0.000,-250,850,-800,-150,700,0,200,-300,336,56,24,-36,7,3,16,0,1,0
35,1785849402.6423,0.0334,0.6154,-61.1429,62.4176,78.6813,-61.0549,2.5794,-31.5815,86.8492,-71.0585,-7.8954,2.6318,0.0000,-394.002,157.868,-0.256,157.527,-1733.100,0.000,-350,1000,-800,-50,0,0,232,-292,336,52,-60,24,4,2,14,2,1,0
36,1785849402.6755,0.03334,-1.2308,-58.3297,60.1319,78.5934,-60.8791,2.5794,-55.3744,84.3801,-68.5588,-2.6369,5.2738,0.0000,-713.655,-74.061,74.976,157.726,79.244,0.000,-600,950,-750,0,-50,0,24,-168,224,-20,20,0,0,0,6,0,0,0
37,1785849402.7089,0.03338,-1.8462,-56.5714,58.5495,78.5055,-60.9670,2.5794,-18.4380,52.6799,-47.4119,-2.6340,-2.6340,0.0000,1106.679,-949.791,633.597,0.086,-236.930,0.000,-150,600,-700,0,50,0,-140,36,28,-100,244,40,5,2,0,3,11,1
38,1785849402.7424,0.03344,-0.8791,-56.5714,58.7253,79.1209,-62.9011,2.5794,28.9219,0.0000,5.2585,18.4049,-57.8439,0.0000,1416.435,-1575.546,1575.263,629.228,-1651.211,0.000,400,-50,0,300,-700,0,-48,228,-124,-116,248,-20,0,9,2,0,1,0
39,1785849402.7757,0.03336,-0.1758,-57.9780,60.1319,80.3516,-65.2747,2.5794,21.0834,-42.1668,42.1668,36.8960,-71.1566,0.0000,-234.983,-1264.078,1106.437,554.327,-399.088,0.000,400,-400,500,450,-950,0,104,248,28,116,132,20,3,4,1,4,0,0
40,1785849402.8091,0.03337,-1.0549,-59.9121,60.7473,79.8242,-66.3297,2.5794,-26.3456,-57.9603,18.4419,-15.8073,-31.6147,0.0000,-1421.356,-473.298,-710.991,-1579.418,1184.994,0.000,-350,-650,50,-100,-400,0,-24,136,148,92,-68,28,1,1,10,1,2,0
41,1785849402.8424,0.03338,-1.2308,-61.2308,60.0440,79.3846,-65.8022,2.5794,-5.2669,-39.5020,-21.0678,-13.1673,15.8008,0.0000,631.425,552.929,-1183.540,79.083,1420.365,0.000,0,-450,-200,-100,250,0,-56,-104,328,60,-252,24,1,3,26,1,11,0
42,1785849402.8758,0.03339,-0.6154,-60.5275,58.0220,79.2967,-63.7802,2.5794,18.4314,21.0645,-60.5604,-2.6331,60.5604,0.0000,709.790,1814.030,-1182.845,315.513,1340.595,0.000,100,0,-700,0,400,0,-216,-296,364,20,-388,-20,9,12,17,0,10,0
43,1785849402.9092,0.03338,0.7912,-57.8022,55.2088,79.0330,-60.7033,2.5794,42.1342,81.6349,-84.2683,-7.9002,92.1685,0.0000,710.010,1814.372,-710.166,-157.774,946.813,0.000,400,900,-950,-100,1050,0,-240,-336,320,-92,-296,0,5,5,11,2,3,0
44,1785849402.9426,0.03337,2.8132,-54.9890,52.9231,79.5604,-57.8901,2.5794,60.5838,84.2906,-68.4861,15.8045,84.2906,0.0000,552.802,79.570,472.877,710.254,-236.043,0.000,650,1000,-800,200,850,0,-88,-284,328,-52,-292,0,0,2,17,0,4,0
45,1785849402.9762,0.03344,4.3077,-52.0879,50.5495,80.0879,-55.3407,2.5794,44.6984,86.7674,-70.9915,15.7759,76.2502,0.0000,-475.110,74.080,-74.935,-0.855,-240.475,0.000,650,1000,-800,150,800,0,76,-288,356,-40,-312,-24,2,1,20,0,5,0
46,1785849403.0094,0.03339,4.3077,-49.2747,48.2637,80.4396,-52.5275,2.5794,0.0000,84.2622,-68.4630,10.5328,84.2622,0.0000,-1338.831,-75.040,75.737,-157.045,239.979,0.000,0,950,-800,150,1000,0,-84,-304,324,-28,-284,-24,2,3,14,0,2,0
47,1785849403.0428,0.03337,4.0440,-46.4615,45.8022,80.6154,-49.5385,2.5794,-7.9042,84.3110,-73.7722,5.2694,89.5805,0.0000,-236.887,1.465,-159.115,-157.742,159.390,0.000,-50,950,-850,50,950,0,-168,-292,332,-32,-288,28,7,2,15,0,3,0
48,1785849403.0762,0.0334,5.1868,-43.4725,43.4286,80.7912,-46.9011,2.5794,34.2175,89.4919,-71.0671,5.2642,78.9634,0.0000,1261.134,155.115,80.991,-0.156,-317.878,0.000,250,1050,-800,100,1000,0,-284,-292,352,-68,-312,-20,11,1,14,1,7,0
49,1785849403.1096,0.03338,7.5604,-40.4835,41.0549,81.2308,-44.2637,2.5794,71.1020,89.5358,-71.1020,13.1670,79.0022,0.0000,1104.876,1.318,-1.046,236.729,1.163,0.000,750,1000,-800,150,850,0,-192,-292,320,-44,-308,-44,0,1,12,0,3,1
50,1785849403.1429,0.03337,9.7582,-37.5824,38.7692,81.4945,-41.5385,2.5794,65.8620,86.9379,-68.4965,7.9034,81.6689,0.0000,-157.027,-77.854,78.079,-157.735,79.913,0.000,750,1000,-800,100,1000,0,-60,-276,344,-24,-296,-28,0,1,18,1,3,0
51,1785849403.1764,0.0334,10.5495,-34.6813,36.4835,81.5824,-38.8132,2.5794,23.6899,86.8629,-68.4374,2.6322,81.5985,0.0000,-1262.692,-2.245,1.769,-157.828,-2.109,0.000,200,950,-800,50,900,0,-40,-288,352,-24,-184,-32,0,1,18,0,0,0
52,1785849403.2913,0.11492,11.5165,-28.2637,31.6484,81.8462,-36.0000,2.5794,8.4149,55.8441,-42.0743,2.2950,24.4796,0.0000,-132.919,-269.917,229.405,-2.935,-497.033,0.000,150,350,-150,100,200,0,28,-40,160,0,-40,-28,0,0,10,0,0,0
53,1785849403.3245,0.03329,11.6923,-27.6484,31.1209,81.8462,-35.6484,2.5794,5.2813,18.4847,-15.8440,0.0000,10.5627,0.0000,-94.123,-1122.188,787.896,-68.935,-418.031,0.000,50,200,-150,0,100,0,-128,-128,220,-104,-128,28,6,3,14,3,3,0
54,1785849403.3579,0.03335,12.1319,-26.4176,29.8022,82.8132,-34.5934,2.5794,13.1818,36.9090,-39.5454,28.9999,31.6363,0.0000,236.923,552.518,-710.769,869.667,631.967,0.000,150,400,-400,400,500,0,-260,-288,380,-288,-300,0,9,7,28,10,12,0
55,1785849403.3913,0.03338,13.7143,-23.7802,27.2527,85.2747,-31.8681,2.5794,47.4094,79.0156,-76.3817,73.7479,81.6494,0.0000,1025.461,1261.516,-1103.620,1340.652,1498.398,0.000,550,1000,-850,750,900,0,-192,-320,336,-280,-328,0,5,1,9,1,6,0
56,1785849403.4247,0.03342,15.7363,-20.5275,24.6154,88.0000,-29.1429,2.5794,60.5068,97.3370,-78.9219,81.5526,81.5526,0.0000,391.935,548.260,-76.013,233.554,-2.897,0.000,700,1150,-1000,950,950,0,-128,-268,304,-220,-300,-60,0,0,11,0,3,1
57,1785849403.458,0.03338,17.3187,-17.4505,22.5055,90.1978,-26.3297,2.7116,47.4094,92.1850,-63.2126,65.8464,84.2834,3.9630,-392.399,-154.356,470.654,-470.560,81.814,118.731,450,1000,-700,700,900,0,-188,-256,364,-148,-308,-52,4,0,22,0,6,0
58,1785849403.4914,0.03337,18.4615,-14.3736,20.1319,91.6044,-23.6044,2.9762,34.2501,92.2119,-71.1349,42.1540,81.6734,7.9283,-394.368,0.808,-237.424,-710.034,-78.218,118.835,450,1050,-850,550,950,150,-252,-288,348,-156,-292,0,5,0,16,2,3,0
59,1785849403.5248,0.03339,20.0440,-11.4725,17.4945,92.9231,-20.6154,3.0423,47.3954,86.8916,-78.9924,39.4962,89.5247,1.9809,393.717,-159.351,-235.340,-79.606,235.155,-178.131,600,950,-850,500,1000,0,-220,-284,312,-116,-280,20,7,0,10,0,3,0
60,1785849403.5582,0.03339,21.9780,-8.3956,15.2088,94.0659,-18.1538,3.0423,57.9273,92.1571,-68.4596,34.2298,73.7257,0.0000,315.443,157.709,315.468,-157.734,-473.196,-59.330,650,1050,-800,400,850,0,-112,-288,332,-176,-320,0,0,0,17,3,6,0
61,1785849403.5916,0.03337,23.6484,-5.1429,12.8352,95.3846,-15.2527,3.0423,50.0482,97.4623,-71.1211,39.5117,86.9258,0.0000,-236.083,158.959,-79.748,158.263,395.516,0.000,750,1100,-750,500,950,0,-80,-264,360,64,-300,0,0,0,23,3,4,0
62,1785849403.625,0.03345,24.7033,-2.0659,10.4615,95.5604,-12.3516,3.0423,31.5423,91.9983,-70.9701,5.2570,86.7412,0.0000,-553.317,-163.371,4.516,-1024.197,-5.519,0.000,350,1050,-850,150,950,0,-160,-272,340,60,-280,-36,1,0,14,0,2,0
63,1785849403.6584,0.03336,25.4066,0.8352,7.8242,95.1209,-9.7143,3.0423,21.0831,86.9677,-79.0616,-13.1769,79.0616,0.0000,-313.540,-150.803,-242.562,-552.605,-230.217,0.000,300,1000,-850,-150,950,0,-64,-272,320,36,-300,-52,0,0,11,0,5,1
64,1785849403.6918,0.03342,26.0220,3.9121,5.3626,95.0330,-6.9011,3.1085,18.4145,92.0723,-73.6578,-2.6306,84.1804,1.9791,-79.855,152.746,161.699,315.582,153.172,59.221,200,1050,-800,-100,900,0,-96,-268,344,276,-228,24,2,0,16,19,0,0
65,1785849403.7252,0.03336,27.0769,7.0769,3.0769,93.0110,-4.9670,3.0423,31.6243,94.8730,-68.5194,-60.6133,57.9780,-1.9826,395.996,83.958,154.036,-1738.161,-785.476,-118.760,350,1050,-800,-600,750,-50,-160,-272,336,312,-124,-32,2,0,16,7,0,0
66,1785849403.7585,0.03339,28.0440,10.3297,0.6154,89.9341,-3.6484,3.0423,28.9627,97.4201,-73.7233,-92.1541,39.4946,0.0000,-79.716,76.285,-155.857,-944.650,-553.577,59.380,350,1050,-800,-1050,500,0,-116,-264,328,180,-160,36,2,0,13,0,0,0
67,1785849403.7919,0.03337,29.0110,13.4066,-1.7582,88.1758,-2.1538,3.0423,28.9757,92.1953,-71.1221,-52.6831,44.7806,0.0000,0.388,-156.551,77.940,1182.691,158.386,0.000,300,1050,-850,-500,550,0,-36,-212,328,136,-80,-20,0,0,13,2,0,0
68,1785849403.8254,0.03342,29.7143,16.0440,-4.0440,87.0330,-1.3626,3.0423,21.0455,78.9205,-68.3977,-34.1989,23.6761,0.0000,-237.304,-397.237,81.524,553.121,-631.530,0.000,300,850,-750,-400,300,0,-68,-176,340,36,-68,-24,1,0,16,0,0,0
69,1785849403.8587,0.03336,30.3297,18.5055,-6.4176,86.8571,-0.9231,3.0423,18.4449,73.7797,-71.1447,-5.2700,13.1750,0.0000,-77.946,-154.084,-82.336,867.086,-314.752,0.000,200,850,-800,-50,200,0,36,-92,332,-56,36,24,2,0,14,1,1,0
70,1785849403.8921,0.03337,30.4176,20.1758,-8.7912,87.2088,-0.9231,3.0423,2.6347,50.0588,-71.1362,10.5387,0.0000,0.0000,-473.824,-710.903,0.257,473.776,-394.845,0.000,0,600,-750,100,0,0,0,24,348,112,-28,-20,0,1,20,3,0,0
71,1785849403.9254,0.03338,30.4176,21.1429,-10.9890,86.5934,-0.9231,3.0423,0.0000,28.9743,-65.8508,-18.4382,0.0000,0.0000,-78.940,-631.734,158.361,-868.209,0.000,0.000,0,300,-800,-150,0,0,-144,-56,344,80,52,0,3,0,20,0,1,0
72,1785849403.9589,0.03344,30.8571,21.9341,-13.4505,85.8022,-1.2747,3.0423,13.1446,23.6604,-73.6100,-23.6604,-10.5157,0.0000,393.079,-158.909,-232.034,-156.164,-314.463,0.000,200,350,-850,-250,-100,0,-76,-28,324,104,116,-24,1,0,12,1,2,0
73,1785849403.9923,0.03337,31.2967,22.4615,-15.8242,85.0989,-2.0659,3.0423,13.1741,15.8089,-71.1403,-21.0786,-23.7134,0.0000,0.883,-235.316,74.022,77.379,-395.550,0.000,150,200,-800,-200,-250,0,20,-40,344,-100,44,20,1,0,16,3,0,0
74,1785849404.0257,0.0334,31.7363,23.5165,-18.2857,85.7143,-2.4176,3.0423,13.1607,31.5857,-73.7000,18.4250,-10.5286,0.0000,-0.402,472.366,-76.639,1182.762,394.763,0.000,200,350,-800,100,-150,0,96,-164,296,40,76,0,3,0,9,1,1,0
75,1785849404.0591,0.03341,31.7363,25.0110,-20.4835,85.8901,-2.9451,3.0423,0.0000,44.7349,-65.7866,5.2629,-15.7888,0.0000,-393.938,393.594,236.869,-393.979,-157.454,0.000,50,500,-750,0,-200,0,204,-148,216,-64,84,-40,12,0,5,1,0,1
76,1785849404.0924,0.03336,30.6813,26.9451,-22.2418,86.2418,-3.5604,3.0423,-31.6220,57.9737,-52.7034,10.5407,-18.4462,0.0000,-947.871,396.833,392.171,158.201,-79.655,0.000,-400,600,-650,200,-200,0,120,-184,288,-168,-36,-44,2,0,12,4,0,0
77,1785849404.1258,0.03339,29.2747,29.0549,-24.0000,87.6484,-3.6484,3.0423,-42.1321,63.1981,-52.6651,42.1321,-2.6333,0.0000,-314.811,156.489,1.146,946.267,473.649,0.000,-450,750,-550,550,-50,0,-40,-92,208,-80,-28,20,1,0,8,1,0,0
78,1785849404.1592,0.03336,28.8352,30.9011,-25.3187,88.1758,-3.5604,3.0423,-13.1752,55.3359,-39.5257,15.8103,2.6350,0.0000,867.942,-235.659,393.837,-788.961,157.910,0.000,-150,600,-400,150,50,0,-96,24,244,40,-48,-20,4,1,12,0,1,0
79,1785849404.1926,0.0334,28.8352,31.6044,-26.2857,87.8242,-3.2967,3.0423,0.0000,21.0564,-28.9525,-10.5282,7.8961,0.0000,394.460,-1026.313,316.556,-788.560,157.514,0.000,0,300,-350,-200,0,0,48,64,60,192,36,-52,0,1,2,6,0,1
80,1785849404.226,0.03343,29.4505,31.6044,-26.3736,86.4176,-3.4725,3.0423,18.4069,0.0000,-2.6296,-42.0730,-5.2591,0.0000,550.575,-629.822,787.352,-943.545,-393.490,0.000,150,0,0,-400,-100,0,64,-20,60,160,-20,-28,2,0,2,1,0,0
81,1785849404.2593,0.03334,29.5385,31.7802,-26.3736,84.7473,-3.2088,3.1085,2.6369,5.2738,0.0000,-50.1010,7.9107,1.9838,-473.017,158.186,78.873,-240.797,395.024,59.503,50,50,0,-600,50,50,-32,-44,136,84,-148,0,0,0,7,0,4,0
82,1785849404.2927,0.0334,29.6264,32.6593,-26.9011,84.1319,-2.2418,3.1085,2.6321,26.3205,-15.7923,-18.4244,28.9526,0.0000,-0.145,630.130,-472.815,948.385,629.985,-59.393,0,250,-150,-150,350,0,-32,-48,108,84,-32,-20,0,0,3,1,0,0
83,1785849404.3262,0.03342,29.3626,33.7143,-27.2527,83.1648,-1.9780,3.1085,-7.8914,31.5657,-10.5219,-28.9352,7.8914,0.0000,-314.880,156.944,157.699,-314.502,-630.184,0.000,-150,400,-100,-250,150,0,80,72,-24,28,0,-20,1,3,0,0,0,0
84,1785849404.3595,0.0334,28.9231,33.8901,-26.8132,82.9011,-1.8901,3.1085,-13.1601,5.2640,13.1601,-7.8961,2.6320,0.0000,-157.740,-787.451,709.020,629.896,-157.462,0.000,-150,50,0,-50,50,0,0,-24,-104,32,-84,-48,0,0,0,0,3,1
85,1785849404.3929,0.03335,28.9231,34.2418,-25.7582,82.9890,-1.1868,3.1085,0.0000,10.5428,31.6283,2.6357,21.0855,0.0000,394.552,158.261,553.694,315.752,553.254,0.000,0,100,400,50,250,0,-88,24,-48,120,-104,32,0,1,0,4,0,0
86,1785849404.4263,0.03342,29.0989,34.5934,-25.1429,82.1099,-0.3077,3.0423,5.2606,10.5213,18.4122,-26.3031,26.3031,-1.9788,157.397,-0.643,-395.423,-865.845,156.111,-59.206,100,100,200,-400,400,-50,-80,20,76,120,-48,-56,2,0,4,0,0,0
87,1785849404.4597,0.0334,29.3626,35.2088,-25.0549,80.8791,0.3956,3.2407,7.8966,18.4254,2.6322,-36.8508,21.0576,5.9407,78.924,236.660,-472.473,-315.810,-157.058,237.121,100,250,0,-350,150,150,-28,72,28,76,-188,0,0,3,0,1,4,0
88,1785849404.4932,0.0334,29.8901,35.3846,-24.9670,80.3516,1.8022,3.3069,15.7925,5.2642,2.6321,-15.7925,42.1132,1.9802,236.401,-394.046,-0.004,630.484,630.404,-118.579,150,100,0,-150,450,50,20,-40,108,100,-60,-24,0,0,5,1,0,0
89,1785849404.5265,0.03338,29.9780,35.8242,-25.1429,79.5604,2.3297,3.3069,2.6335,13.1677,-5.2671,-23.7018,15.8012,0.0000,-394.195,236.762,-236.631,-236.937,-788.216,-59.318,0,100,-50,-300,250,0,56,-112,76,36,36,28,2,0,1,0,1,0
90,1785849404.5598,0.03335,29.7143,36.7912,-25.4945,79.1209,2.0659,3.3069,-7.9082,28.9969,-10.5443,-13.1804,-7.9082,0.0000,-316.099,474.644,-158.240,315.490,-710.937,0.000,0,350,-50,-150,-50,0,88,80,-104,-32,68,-20,2,3,4,0,1,0
91,1785849404.5932,0.03341,29.0989,37.0549,-24.4396,79.0330,1.7143,3.3069,-18.4165,7.8928,31.5711,-2.6309,-10.5237,0.0000,-314.477,-631.577,1260.376,315.711,-78.272,0.000,-250,150,300,-50,-100,0,-100,180,-128,-40,-44,0,4,18,0,1,0,0
92,1785849404.6267,0.03342,29.0110,37.1429,-22.8571,79.4725,1.9780,3.3069,-2.6305,2.6305,47.3496,13.1527,7.8916,0.0000,472.351,-157.458,472.131,472.282,551.028,0.000,0,50,550,50,100,0,-24,136,-36,68,64,-60,0,8,0,2,1,2
93,1785849404.6601,0.03335,29.0110,37.1429,-21.8901,79.1209,1.4505,3.5053,0.0000,0.0000,28.9943,-10.5434,-15.8151,5.9490,78.871,-78.871,-550.343,-710.474,-710.792,178.366,0,0,250,0,-150,150,84,92,-32,152,152,-160,1,4,0,4,3,3
94,1785849404.6934,0.03341,29.0989,37.0549,-21.1868,77.7143,0.2198,4.3651,2.6317,-2.6317,21.0533,-42.1067,-36.8433,25.7380,78.780,-78.780,-237.715,-944.854,-629.485,592.388,50,0,150,-550,-400,400,-80,136,-104,56,-76,48,2,7,0,0,3,2
95,1785849404.7269,0.03341,29.2747,36.9670,-20.2198,77.3626,0.4835,4.4974,5.2632,-2.6316,28.9477,-10.5264,7.8948,3.9596,78.774,0.002,236.312,945.339,1339.215,-651.924,50,-50,350,-100,-50,0,40,120,-52,80,-148,36,1,5,1,2,4,0
96,1785849404.7602,0.03339,29.2747,37.0549,-19.5165,77.0110,1.4505,4.3651,0.0000,2.6327,21.0616,-10.5308,28.9598,-3.9612,-157.617,157.650,-236.163,-0.132,630.833,-237.206,0,0,250,0,400,0,-60,228,-116,-40,56,-72,0,20,1,1,2,1
97,1785849404.7936,0.03335,29.4505,36.7912,-18.3736,76.7473,1.3626,4.8280,5.2721,-7.9082,34.2688,-7.9082,-2.6361,13.8820,158.085,-316.070,396.017,78.641,-947.406,535.033,50,-150,400,-100,-50,50,-68,156,32,56,-76,-196,0,8,1,1,2,5
98,1785849404.827,0.03338,29.7143,36.7033,-18.1099,76.4835,1.8901,5.8862,7.9006,-2.6335,7.9006,-7.9006,15.8011,31.6998,78.739,158.009,-789.894,0.228,552.310,533.755,50,-50,100,-150,150,450,-24,168,-76,72,-140,-192,1,16,3,0,2,4
99,1785849404.8604,0.03344,29.9780,36.6154,-17.6703,75.6923,2.6813,7.2751,7.8860,-2.6287,13.1433,-23.6579,23.6579,41.5292,-0.436,0.145,156.763,-471.161,234.926,293.908,100,0,250,-350,300,700,-56,200,-184,68,-68,-284,1,11,4,1,1,6
100,1785849404.8938,0.03335,30.3297,35.9121,-16.0879,75.3407,3.3846,9.2593,10.5440,-21.0880,47.4479,-10.5440,21.0880,59.4930,79.699,-553.493,1028.606,393.215,-77.059,538.635,100,-250,450,-150,250,800,-32,192,-52,-40,-20,-372,0,8,0,1,0,8
101,1785849404.9272,0.03335,30.3297,35.1209,-15.5604,75.9560,3.5604,11.7063,0.0000,-23.7243,15.8162,18.4523,5.2721,73.3758,-316.160,-79.051,-948.474,869.450,-474.238,416.274,0,-300,200,300,200,1100,152,132,124,-44,80,-360,5,5,5,0,1,5
102,1785849405.0462,0.11899,28.4835,34.8571,-15.8242,75.6044,3.1209,17.3280,-15.5147,-2.2164,-2.2164,-2.9552,-3.6940,47.2435,-130.382,180.748,-151.542,-179.903,-75.349,-219.610,-100,0,0,100,0,350,20,152,80,40,0,-76,0,10,3,1,0,0
103,1785849405.0795,0.03334,28.3956,34.8571,-15.8242,75.6923,3.2967,17.7910,-2.6369,0.0000,0.0000,2.6369,5.2738,13.8863,386.263,66.479,66.479,167.731,268.982,-1000.530,0,0,0,50,100,200,28,76,160,-104,100,64,0,3,11,4,3,2
104,1785849405.1128,0.03338,28.5714,35.2967,-16.6154,76.3077,2.6813,17.5265,5.2674,13.1685,-23.7032,18.4358,-18.4358,-7.9255,236.798,394.504,-710.107,473.309,-710.298,-653.443,0,150,-200,150,-200,0,92,-88,264,-120,-52,116,2,0,14,1,1,1
105,1785849405.1463,0.03342,28.5714,36.2637,-18.0220,77.0110,2.6813,16.8651,0.0000,28.9369,-42.0901,21.0451,0.0000,-19.7906,-157.618,471.847,-550.198,78.076,551.664,-355.047,0,300,-450,250,-50,-300,24,72,208,-40,-88,-36,0,4,8,1,1,1
106,1785849405.1796,0.03336,28.3077,36.5275,-19.0769,77.3626,3.1209,16.9974,-7.9063,7.9063,-31.6252,10.5417,13.1772,3.9653,-237.015,-630.457,313.718,-314.869,395.025,712.157,-100,100,-350,250,150,50,36,128,192,-120,-72,-208,0,8,8,1,1,7
107,1785849405.2131,0.03342,27.8681,36.4396,-19.7802,78.4176,3.4725,18.1217,-13.1545,-2.6309,-21.0473,31.5709,10.5236,33.6476,-157.062,-315.342,316.560,629.331,-79.411,888.288,-150,0,-300,400,50,450,24,40,92,44,96,-92,0,0,3,1,3,0
108,1785849405.2464,0.03337,27.7802,36.6154,-20.2198,78.4176,3.2088,18.7831,-2.6342,5.2684,-13.1710,0.0000,-7.9026,19.8175,315.233,236.696,236.004,-945.994,-552.127,-414.406,0,50,-100,-50,-50,300,-56,-124,128,-52,-32,-40,2,1,3,1,1,0
109,1785849405.2798,0.03338,27.8681,37.7582,-20.8352,78.2418,2.9451,19.4444,2.6339,34.2407,-18.4373,-5.2678,-7.9017,19.8152,157.836,868.028,-157.780,-157.827,0.028,-0.070,50,350,-200,0,-150,350,-148,-60,-68,48,60,-212,5,0,2,1,1,6
110,1785849405.3132,0.0334,28.3956,38.4615,-20.4835,78.3297,2.7692,20.8333,15.7928,21.0571,10.5286,2.6321,-5.2643,41.5841,393.986,-394.725,867.255,236.529,78.966,651.774,200,350,100,100,50,450,64,76,40,116,80,-244,1,2,1,1,0,2
111,1785849405.3465,0.03337,28.6593,38.4615,-20.4835,77.6264,2.3297,22.2884,7.9041,0.0000,0.0000,-21.0776,-13.1735,43.6068,-236.423,-631.076,-315.538,-710.576,-237.038,60.618,100,0,0,-50,0,750,32,44,44,-112,-40,-144,0,1,0,4,1,0
112,1785849405.3801,0.03343,28.6593,38.4615,-20.5714,78.1538,2.3297,23.2804,0.0000,0.0000,-2.6295,15.7773,0.0000,29.6737,-236.421,0.000,-78.653,1102.371,394.034,-416.753,0,0,-50,300,-100,350,-36,68,36,-180,-36,0,1,2,0,4,0,0
113,1785849405.4134,0.03338,28.3956,38.4615,-20.5714,79.5604,2.4176,23.2804,-7.9012,0.0000,0.0000,42.1395,2.6337,0.0000,-236.707,0.000,78.777,789.772,78.902,-888.981,-50,0,0,500,0,-100,20,84,-40,-88,64,48,0,3,1,0,1,0
114,1785849405.4468,0.0334,28.1319,38.4615,-20.2198,80.0000,1.8901,23.2804,-7.8970,0.0000,10.5294,13.1617,-15.7941,0.0000,0.123,0.000,315.280,-867.678,-551.782,0.000,-100,0,50,150,-250,50,52,136,-124,96,56,68,0,8,2,2,0,1
115,1785849405.4802,0.03337,28.0440,38.0220,-19.3407,79.4725,1.4505,23.0159,-2.6343,-13.1715,26.3430,-15.8058,-13.1715,-7.9273,157.699,-394.685,473.857,-868.015,78.586,-237.542,0,0,300,-200,-250,-150,-40,144,-80,-40,-104,48,1,3,0,1,3,0
116,1785849405.5135,0.0334,28.0440,37.5824,-18.6374,79.5604,2.0659,22.8175,0.0000,-13.1588,21.0541,2.6318,18.4224,-5.9397,78.861,0.379,-158.329,551.953,945.804,59.499,0,-200,250,-50,250,-50,-20,116,-76,-64,-60,-24,0,4,1,1,0,0
117,1785849405.5469,0.03335,28.1319,37.2308,-17.9341,79.8242,2.4176,22.8175,2.6358,-10.5433,21.0867,7.9075,10.5433,0.0000,79.029,78.419,0.976,158.181,-236.234,178.089,50,-150,250,150,50,0,20,68,20,60,-20,52,0,2,1,1,0,1
118,1785849405.5803,0.03341,28.1319,37.1429,-17.7582,79.7363,2.4176,22.6852,0.0000,-2.6317,5.2633,-2.6317,0.0000,-3.9597,-78.905,236.838,-473.676,-315.494,-315.618,-118.535,0,0,50,-50,0,-50,24,20,-64,24,-20,88,1,0,1,0,0,2
119,1785849405.6137,0.03339,28.1319,37.1429,-17.5824,79.6484,2.4176,22.1561,0.0000,0.0000,5.2653,-2.6326,0.0000,-15.8445,0.000,78.808,0.057,-0.028,0.000,-355.904,0,0,100,-50,0,-300,-28,-60,-68,-32,24,148,0,0,1,1,0,2
120,1785849405.6472,0.03335,28.2198,37.5824,-17.6703,79.6484,2.4176,21.3624,2.6359,13.1794,-2.6359,0.0000,0.0000,-23.7961,79.032,395.158,-236.900,78.934,0.000,-238.412,50,150,0,0,0,-400,60,56,28,24,80,-64,1,1,1,0,2,2
121,1785849405.6804,0.0334,28.0440,37.4945,-17.5824,79.6484,2.1538,21.4947,-5.2649,-2.6325,2.6325,0.0000,-7.8974,3.9609,-236.582,-473.471,157.755,0.000,-236.480,831.158,-50,-50,50,0,-50,50,40,96,-104,0,-20,-120,0,3,2,0,1,2
122,1785849405.7139,0.03344,27.8681,37.2308,-17.1429,79.6484,2.1538,22.0238,-5.2583,-7.8874,13.1457,0.0000,0.0000,15.8235,0.198,-157.157,314.413,0.000,236.182,354.769,0,-50,200,0,0,200,-48,84,-92,88,48,56,1,1,1,3,1,2
123,1785849405.7472,0.03338,27.7802,36.8791,-16.1758,79.1209,1.9780,22.0899,-2.6333,-10.5333,28.9665,-15.7999,-5.2666,1.9811,78.628,-79.255,473.898,-473.271,-157.757,-414.636,-50,-150,350,-100,-50,50,96,-56,-72,144,-56,28,3,1,0,2,1,0
124,1785849405.7806,0.03338,27.4286,36.8791,-15.9121,78.5055,2.3297,21.9577,-10.5343,0.0000,7.9007,-18.4351,10.5343,-3.9626,-236.690,315.545,-631.067,-78.941,473.349,-178.054,-150,0,50,-200,50,-50,44,-56,96,-68,-92,-32,1,1,3,2,1,0
125,1785849405.814,0.03337,27.2527,37.4945,-16.5275,78.5055,2.7692,21.9577,-5.2688,18.4406,-18.4406,0.0000,13.1719,0.0000,157.788,552.593,-789.347,552.426,79.037,118.742,-50,150,-300,-50,150,0,52,-96,80,68,48,-40,1,0,0,3,1,1
126,1785849405.8474,0.0334,27.2527,37.9341,-16.9670,78.4176,2.6813,22.0899,0.0000,13.1610,-13.1610,-2.6322,-2.6322,3.9605,157.753,-158.080,158.080,-78.811,-473.193,118.581,0,150,-250,0,-50,50,72,28,-124,44,0,-20,1,0,6,0,0,0
127,1785849405.8808,0.0334,26.9890,37.8462,-16.3516,78.2418,2.5055,22.0899,-7.8971,-2.6324,18.4265,-5.2647,-5.2647,0.0000,-236.464,-472.902,945.829,-78.826,-78.826,-118.589,-100,-50,250,-50,-100,0,-40,-92,-68,-140,-72,-44,0,2,0,4,1,1
128,1785849405.9142,0.03342,26.9890,38.4615,-16.0000,79.0330,2.6813,22.2222,0.0000,18.4141,10.5224,23.6753,5.2612,3.9581,236.304,629.773,-236.517,865.970,314.966,118.437,0,50,50,250,100,100,32,-164,-20,-56,32,36,0,3,0,0,0,0
129,1785849405.9476,0.03338,26.9890,39.1648,-16.0879,79.2967,2.7692,22.2222,0.0000,21.0725,-2.6341,7.9022,2.6341,0.0000,0.000,79.651,-394.198,-472.601,-78.715,-118.593,0,350,-50,150,50,0,-40,0,-112,48,-44,0,1,0,5,0,0,0
130,1785849405.981,0.03341,27.0769,38.9890,-16.0000,79.2088,2.9451,22.1561,2.6314,-5.2628,2.6314,-2.6314,5.2628,-1.9797,78.765,-788.279,157.608,-315.296,78.686,-59.256,0,-50,0,-50,100,-50,-52,64,-48,-76,80,32,1,0,0,2,2,0
131,1785849406.0144,0.03337,27.1648,38.8132,-15.9121,79.2967,2.6813,22.1561,2.6346,-5.2691,2.6346,2.6346,-7.9037,0.0000,0.094,-0.189,0.094,157.812,-394.577,59.327,50,0,0,50,-100,0,-96,-136,60,-48,-36,32,2,6,0,1,0,0
132,1785849406.0478,0.03341,27.4286,39.3407,-16.3516,79.4725,2.6813,22.0899,7.8949,15.7899,-13.1582,5.2633,0.0000,-1.9798,157.469,630.401,-472.757,78.691,236.597,-59.266,50,150,-150,50,0,0,24,-92,28,-52,36,104,0,1,0,1,0,4
133,1785849406.0812,0.0334,27.4286,39.6044,-16.7912,79.5604,2.7692,21.6270,0.0000,7.8970,-13.1617,2.6323,2.6323,-13.8625,-236.398,-236.335,-0.105,-78.778,78.820,-355.802,0,100,-100,50,100,-200,28,-36,-28,-44,72,192,0,1,1,1,1,5
134,1785849406.1146,0.03344,27.2527,39.6044,-16.8791,79.5604,2.1538,20.7672,-5.2586,0.0000,-2.6293,0.0000,-18.4052,-25.7150,-157.278,-236.189,315.009,-78.730,-629.201,-354.489,-50,0,0,0,-200,-350,24,-120,40,44,56,-32,0,5,1,0,1,1
135,1785849406.1481,0.03336,27.1648,39.9560,-17.4066,79.4725,1.6264,20.7011,-2.6351,10.5405,-15.8107,-2.6351,-15.8107,-1.9824,78.638,315.944,-395.104,-78.986,77.769,711.368,-100,50,-100,0,-200,-100,64,-72,0,88,68,-124,2,0,0,0,0,2
136,1785849406.1814,0.03339,27.0769,40.1319,-17.5824,78.7692,1.0989,21.4286,-2.6329,5.2658,-5.2658,-21.0630,-15.7973,21.7883,0.067,-157.972,315.810,-551.898,0.401,711.910,-50,50,-100,-350,-250,400,68,28,68,-52,-40,-88,0,0,1,1,0,1
137,1785849406.2148,0.03341,26.7253,40.0440,-18.1099,78.8571,1.2747,22.0238,-10.5261,-2.6315,-15.7892,2.6315,5.2631,17.8176,-236.273,-236.394,-315.003,709.264,630.412,-118.857,-100,-50,-250,50,0,300,-44,-104,60,32,-84,-64,1,4,0,0,1,0
138,1785849406.2482,0.03337,26.7253,40.5714,-18.2857,78.9451,1.6264,22.2884,0.0000,15.8074,-5.2691,2.6346,10.5383,7.9281,315.449,552.582,315.266,0.091,158.089,-296.372,0,100,-150,50,100,200,60,-164,-124,60,116,20,1,5,8,1,4,0
139,1785849406.2815,0.03338,26.5495,40.9231,-18.0220,78.8571,1.0989,22.2884,-5.2669,10.5339,7.9004,-2.6335,-15.8008,0.0000,-157.775,-157.973,394.503,-157.808,-789.007,-237.492,-50,200,50,0,0,0,52,-60,-88,-32,36,36,1,2,3,0,0,0
140,1785849406.315,0.03346,26.3736,40.7473,-17.8462,78.9451,0.6593,22.2222,-5.2551,-5.2551,5.2551,2.6275,-13.1377,-1.9767,0.355,-471.904,-79.064,157.242,79.596,-59.081,-50,-100,50,50,-200,-50,0,72,-52,-108,-120,144,0,0,2,2,4,4
141,1785849406.3484,0.03336,26.3736,40.3077,-17.9341,79.2967,1.1868,21.3624,0.0000,-13.1765,-2.6353,10.5412,15.8118,-25.7734,157.529,-237.455,-236.525,237.222,867.801,-713.339,0,-200,-50,200,150,-150,80,-28,-48,64,-144,300,2,0,0,1,2,12
142,1785849406.3817,0.03337,26.1978,40.3077,-17.8462,78.9451,2.2418,19.5106,-5.2688,0.0000,2.6344,-10.5376,31.6127,-55.4929,-157.885,394.848,157.912,-631.649,473.493,-890.580,-50,0,50,-150,250,-850,52,-24,48,0,52,336,1,0,1,0,1,8
143,1785849406.4152,0.03339,26.0220,40.3077,-18.3736,78.8571,2.1538,17.3942,-5.2665,0.0000,-15.7996,-2.6333,-2.6333,-63.3935,0.067,0.000,-552.162,236.761,-1025.784,-236.652,-50,0,-200,0,0,-950,36,24,112,-80,-64,340,0,0,1,2,1,7
144,1785849406.4485,0.0334,25.7582,40.3956,-19.2527,79.0330,2.5934,15.0794,-7.8963,2.6321,-26.3209,5.2642,13.1605,-69.3057,-78.735,78.805,-315.009,236.450,472.866,-177.010,-50,50,-250,100,200,-1000,64,60,-56,56,-36,280,2,1,1,0,0,1
145,1785849406.4819,0.03337,25.5824,40.3077,-19.0769,78.5055,2.8571,13.2275,-5.2688,-2.6344,5.2688,-15.8064,7.9032,-55.4931,78.736,-157.817,946.627,-631.407,-157.541,413.912,-100,0,0,-150,0,-900,40,64,-168,84,24,100,1,1,6,1,0,0
146,1785849406.5153,0.0334,25.4945,39.7802,-18.1099,77.8901,2.7692,12.4339,-2.6320,-15.7922,28.9523,-18.4242,-2.6320,-23.7614,78.943,-393.934,709.068,-78.375,-315.417,950.028,-50,-200,300,-200,-50,-350,0,32,-104,28,-28,40,0,0,3,0,0,0
147,1785849406.5487,0.03341,25.4945,39.6044,-17.5824,77.6264,2.6813,12.3016,0.0000,-5.2625,15.7875,-7.8937,-2.6312,-3.9590,78.778,315.157,-394.029,315.181,0.023,592.691,0,-50,150,-100,0,0,32,-44,0,64,28,-24,1,1,0,1,0,0
148,1785849406.5822,0.03341,25.4945,39.6044,-17.7582,77.2747,2.5934,12.2354,0.0000,0.0000,-5.2625,-10.5250,-2.6313,-1.9795,0.000,157.509,-630.036,-78.756,-0.000,59.248,0,0,0,-100,-50,50,56,40,52,40,48,128,1,1,0,0,1,3
149,1785849406.6154,0.03332,25.4945,39.6044,-18.1099,77.0989,2.5055,11.6402,0.0000,0.0000,-10.5523,-5.2762,-2.6381,-17.8620,0.000,0.000,-158.738,157.509,-0.205,-476.606,0,0,-150,-50,0,-300,-32,60,-116,-48,24,92,0,1,5,1,0,1
150,1785849406.6489,0.03342,25.4066,39.4286,-17.6703,77.0989,2.4176,10.9788,-2.6304,-5.2609,13.1521,0.0000,-2.6304,-19.7891,-78.705,-157.411,709.265,157.869,0.229,-57.660,0,-50,200,0,-50,-400,-60,28,-60,-88,36,284,1,0,1,3,0,13
151,1785849406.6822,0.03337,25.4945,39.3407,-17.5824,77.2747,2.4176,9.9206,2.6344,-2.6344,2.6344,5.2687,0.0000,-31.7099,157.764,78.705,-315.175,157.882,78.823,-357.218,0,-50,50,100,0,-450,36,36,40,28,96,352,0,1,1,0,3,24
152,1785849406.8013,0.11909,25.3187,39.1648,-17.4066,77.0110,1.6264,8.8624,-1.4764,-1.4764,1.4764,-2.2146,-6.6437,-8.8856,-34.517,9.723,-9.723,-62.836,-55.786,191.653,0,0,0,0,-50,0,32,28,-44,0,28,296,1,0,1,0,0,38
153,1785849406.8346,0.0333,25.3187,39.1648,-17.4066,77.0110,1.6264,8.8624,0.0000,0.0000,0.0000,0.0000,0.0000,0.0000,44.330,44.330,-44.330,66.494,199.483,266.798,0,0,0,0,0,0,56,-72,84,-100,0,376,1,1,2,3,0,62
154,1785849406.8681,0.0334,25.2308,39.6923,-18.1099,77.6264,1.5385,8.5317,-2.6319,15.7917,-21.0556,18.4236,-2.6319,-9.9003,-78.796,472.778,-630.371,551.575,-78.796,-296.399,-50,250,-350,300,0,-150,112,-160,268,-168,-28,388,4,3,10,4,0,64
155,1785849406.9014,0.03338,24.8791,40.9231,-20.4835,78.8571,1.4505,8.3995,-10.5355,36.8741,-71.1143,36.8741,-2.6339,-3.9630,-236.791,631.633,-1499.770,552.779,-0.057,177.882,-150,400,-700,400,0,-100,104,68,320,-32,60,348,2,2,5,0,1,60
156,1785849406.9347,0.03334,24.6154,41.1868,-22.8571,79.2967,1.1868,8.3995,-7.9102,7.9102,-71.1922,13.1837,-7.9102,0.0000,78.738,-868.713,-2.336,-710.545,-158.255,118.862,-100,100,-800,100,-50,0,-52,0,224,-40,56,332,0,0,0,0,0,52
157,1785849406.9682,0.03341,24.5275,41.2747,-24.5275,79.6484,1.0110,8.3995,-2.6312,2.6312,-49.9921,10.5246,-5.2623,0.0000,158.000,-158.000,634.509,-79.585,79.251,0.000,0,50,-500,100,-50,0,20,60,68,64,-40,400,0,1,0,1,1,77
158,1785849407.0015,0.03335,24.5275,41.3626,-24.7033,79.3846,1.0989,8.3333,0.0000,2.6364,-5.2728,-7.9092,2.6364,-1.9834,78.906,0.157,1341.087,-552.812,236.875,-59.480,0,0,-150,0,50,-50,0,-44,-72,84,0,368,0,0,0,0,0,71
159,1785849407.035,0.03345,24.6154,41.7143,-24.4396,78.9451,1.0989,8.3333,2.6282,10.5129,7.8847,-13.1411,0.0000,0.0000,78.574,235.477,393.357,-156.415,-78.818,59.296,0,50,100,-200,0,0,60,-100,108,-80,-36,356,2,0,5,2,0,61
160,1785849407.0683,0.03332,24.6154,42.4176,-25.0549,79.5604,1.2747,8.3333,0.0000,21.1085,-18.4700,18.4700,5.2771,0.0000,-78.883,318.014,-791.000,948.766,158.386,0.000,0,250,-300,300,50,0,52,0,228,-116,-60,348,1,0,7,1,2,54
161,1785849407.1017,0.03342,24.3516,42.7692,-26.6374,80.3516,1.5385,8.3333,-7.8919,10.5225,-47.3514,23.6757,7.8919,0.0000,-236.153,-316.770,-864.231,155.773,78.243,0.000,-50,150,-550,350,100,0,84,68,228,-104,52,340,3,1,6,2,1,51
162,1785849407.1351,0.0334,23.9121,42.9451,-28.2198,81.2308,1.3626,8.3333,-13.1623,5.2649,-47.3842,26.3246,-5.2649,0.0000,-157.817,-157.435,-0.983,79.318,-393.970,0.000,-100,50,-550,250,0,0,192,200,260,-192,84,348,9,19,12,4,1,65
163,1785849407.1685,0.0334,23.0330,43.0330,-29.8022,82.5495,0.9231,8.3333,-26.3203,2.6320,-47.3765,39.4804,-13.1601,0.0000,-393.942,-78.827,0.230,393.878,-236.378,0.000,-300,0,-550,500,-200,0,64,172,324,-216,76,372,1,14,21,4,1,61
164,1785849407.2019,0.03339,22.1538,43.1209,-31.6484,84.6593,0.3956,8.3333,-26.3254,2.6325,-55.2832,63.1808,-15.7952,0.0000,-0.152,0.015,-236.767,709.711,-78.907,0.000,-350,50,-600,700,-200,0,56,88,316,-116,108,328,0,3,16,0,0,48
165,1785849407.2352,0.03336,21.5385,43.1209,-33.4945,85.8901,-0.4835,8.3333,-18.4490,0.0000,-55.3470,36.8980,-26.3557,0.0000,236.130,-78.922,-1.911,-787.950,-316.600,0.000,-250,0,-700,450,-200,0,76,248,220,-80,92,364,1,28,9,1,1,67
166,1785849407.2686,0.0334,20.8352,42.5055,-34.8132,86.6813,-1.4505,8.3333,-21.0537,-18.4220,-39.4757,23.6854,-28.9489,0.0000,-77.974,-551.477,475.118,-395.528,-77.628,0.000,-250,-150,-450,200,-350,0,120,260,196,-252,112,336,1,26,7,8,2,53
167,1785849407.3021,0.03347,20.3956,41.7143,-36.0440,88.8791,-2.2418,8.3333,-13.1340,-23.6412,-36.7752,65.6700,-23.6412,0.0000,236.640,-155.949,80.691,1254.493,158.592,0.000,-150,-250,-400,600,-250,0,140,244,236,-128,104,312,4,22,9,0,1,51
168,1785849407.3354,0.03334,19.7802,41.0989,-37.0989,90.1099,-3.0330,8.3333,-18.4574,-18.4574,-31.6413,36.9148,-23.7310,0.0000,-159.667,155.479,153.983,-862.463,-2.692,0.000,-250,-250,-350,550,-250,0,144,328,92,-28,52,344,4,31,4,0,0,57
169,1785849407.3688,0.03342,18.8132,39.7802,-37.2747,90.1978,-3.3846,8.3333,-28.9385,-39.4616,-5.2615,2.6308,-10.5231,0.0000,-313.646,-628.550,789.414,-1025.951,395.246,0.000,-300,-350,0,0,-150,0,248,428,28,-128,-28,320,10,52,1,4,0,48
170,1785849407.4023,0.03339,17.4945,38.0220,-37.0110,91.5165,-3.4725,8.3333,-39.4943,-52.6591,7.8989,39.4943,-2.6330,0.0000,-316.145,-395.263,394.152,1104.057,236.308,0.000,-450,-600,100,550,-50,0,240,396,140,-108,88,332,11,39,9,0,3,54
171,1785849407.4356,0.03338,15.9121,36.3516,-37.2747,92.4835,-3.9121,8.3333,-47.4037,-50.0372,-7.9006,28.9689,-13.1677,0.0000,-236.938,78.541,-473.297,-315.303,-315.584,0.000,-500,-550,-50,400,-50,0,256,372,244,28,136,324,8,39,18,1,2,48
172,1785849407.4691,0.03337,13.8022,34.5934,-38.1538,92.3077,-4.7912,8.3333,-63.2204,-52.6837,-26.3418,-5.2684,-26.3418,0.0000,-473.929,-79.297,-552.570,-1025.881,-394.748,0.000,-700,-550,-350,-50,-300,0,216,392,112,-88,88,308,2,33,4,2,1,41
173,1785849407.5024,0.0334,11.6044,32.5714,-38.5934,92.6593,-5.6703,8.3333,-65.8112,-60.5463,-13.1622,10.5298,-26.3245,0.0000,-77.580,-235.441,394.651,473.062,0.519,0.000,-700,-700,-200,250,-300,0,136,356,164,-20,188,336,0,25,8,0,5,49
174,1785849407.5357,0.03339,9.9341,30.7253,-39.1209,93.2747,-6.9011,8.3333,-50.0283,-55.2945,-15.7984,18.4315,-36.8630,0.0000,472.716,157.299,-78.957,236.665,-315.640,0.000,-600,-600,-150,350,-300,0,248,376,144,76,144,316,5,33,7,2,0,46
175,1785849407.5692,0.0334,8.1758,28.9670,-39.5604,92.6593,-8.5714,8.3333,-52.6454,-52.6454,-13.1614,-18.4259,-50.0132,0.0000,-78.361,79.318,78.959,-1103.587,-393.743,0.000,-650,-600,-150,-250,-600,0,312,388,104,-20,-40,276,8,32,5,0,1,38
176,1785849407.6026,0.0334,6.0659,27.0330,-39.5604,93.0989,-8.3956,8.3333,-63.1742,-57.9097,0.0000,13.1613,5.2645,0.0000,-315.252,-157.622,394.077,945.782,1655.121,0.000,-700,-700,0,250,150,0,332,360,148,112,-60,324,16,28,8,4,1,42
177,1785849407.636,0.03339,3.7802,25.0989,-39.5604,92.3956,-8.1319,8.3333,-68.4560,-57.9243,0.0000,-21.0634,7.8988,0.0000,-158.187,-0.438,0.000,-1025.012,78.895,0.000,-750,-600,0,-150,150,0,316,372,76,124,-28,308,12,28,3,1,0,46
178,1785849407.6693,0.03338,1.0549,23.2527,-39.6484,91.2527,-7.6923,8.3333,-81.6328,-55.2997,-2.6333,-34.2331,13.1666,0.0000,-394.699,78.619,-78.878,-394.486,157.792,0.000,-900,-650,0,-400,150,0,240,260,168,92,68,296,1,12,15,0,2,38
179,1785849407.7027,0.03339,-1.6703,22.1099,-40.0879,90.4615,-7.9560,8.3333,-81.6224,-34.2287,-13.1649,-23.6968,-7.8989,0.0000,0.312,631.077,-315.423,315.564,-630.916,0.000,-900,-450,-200,-250,-150,0,224,204,192,120,124,296,1,19,8,2,2,43
180,1785849407.7361,0.03338,-3.8681,21.4066,-40.8791,89.3187,-9.0989,8.3333,-65.8371,-21.0679,-23.7014,-34.2353,-34.2353,0.0000,472.862,394.245,-315.629,-315.690,-788.930,0.000,-750,-200,-350,-400,-400,0,140,216,-52,48,-84,320,0,12,1,1,3,46
181,1785849407.7695,0.03337,-5.2747,20.7912,-40.5275,89.2308,-8.7473,8.3333,-42.1536,-18.4422,10.5384,-2.6346,10.5384,0.0000,709.762,78.688,1026.116,947.028,1341.804,0.000,-600,-150,150,0,50,0,24,56,-36,180,24,304,0,1,0,6,1,43
182,1785849407.803,0.03346,-6.0659,20.7912,-39.9121,88.1758,-8.7473,8.3333,-23.6466,0.0000,18.3918,-31.5287,0.0000,0.0000,553.112,551.175,234.711,-863.549,-314.957,0.000,-200,0,150,-400,0,0,180,156,36,124,136,292,5,9,1,2,2,41
183,1785849407.8363,0.03335,-6.7692,20.8791,-39.6484,87.0330,-9.8022,8.3333,-21.0877,2.6360,7.9079,-34.2675,-31.6315,0.0000,76.726,79.037,-314.349,-82.118,-948.440,0.000,-250,50,50,-350,-350,0,80,124,-24,148,52,292,0,6,0,3,0,39
184,1785849407.8697,0.03342,-7.2967,20.9670,-39.1209,85.8901,-10.5055,8.2672,-15.7813,2.6302,15.7813,-34.1929,-21.0418,-1.9788,158.759,-0.172,235.564,2.232,316.832,-59.202,-200,0,150,-450,-300,0,140,92,0,100,-112,292,5,3,0,1,4,44
185,1785849407.9031,0.03337,-8.2637,20.9670,-38.9451,85.0110,-9.8022,8.2672,-28.9810,0.0000,5.2693,-26.3464,21.0771,0.0000,-395.580,-78.825,-315.035,235.152,1262.259,59.301,-300,0,50,-300,200,0,140,184,-40,192,0,300,2,13,0,5,0,40
186,1785849407.9364,0.03337,-9.3187,20.6154,-38.4176,83.6044,-9.8022,8.2672,-31.6109,-10.5370,15.8055,-42.1479,0.0000,0.0000,-78.805,-315.735,315.712,-473.486,-631.565,0.000,-300,-100,150,-500,-100,0,-92,244,32,88,-108,296,4,22,1,0,4,38
187,1785849407.9698,0.03337,-9.6703,20.2637,-38.2418,82.9011,-9.0989,8.2672,-10.5369,-10.5369,5.2685,-21.0739,21.0739,0.0000,631.469,0.001,-315.735,631.471,631.465,0.000,-300,-100,50,-200,150,0,-40,88,156,24,-80,288,1,3,9,0,0,43
188,1785849408.0033,0.03341,-9.8462,20.2637,-38.4176,83.0769,-8.7473,8.2672,-5.2624,0.0000,-5.2624,5.2624,10.5247,0.0000,157.866,315.367,-315.184,788.234,-315.732,0.000,-50,0,-100,50,100,0,52,56,104,-36,112,268,0,2,4,0,4,38
189,1785849408.0366,0.03339,-9.5824,20.2637,-38.5055,83.2527,-9.2747,8.2672,7.8990,0.0000,-2.6330,5.2660,-15.7980,0.0000,394.187,0.000,78.750,0.109,-788.373,0.000,100,-50,-50,0,-250,0,64,-56,-84,88,-28,284,2,0,1,3,1,39
190,1785849408.0701,0.03342,-9.4945,20.4396,-37.8022,82.8132,-9.7143,8.2672,2.6303,5.2607,21.0428,-13.1517,-13.1517,0.0000,-157.639,157.401,708.385,-551.063,79.176,0.000,50,50,250,-150,-300,0,24,112,56,80,-148,292,0,5,3,2,4,36
191,1785849408.1034,0.03338,-9.4945,20.6154,-37.5385,82.2857,-8.5714,8.2672,0.0000,5.2677,7.9016,-15.8031,34.2401,0.0000,-78.805,0.210,-393.712,-79.435,1419.861,0.000,0,50,50,-150,450,0,-52,76,212,76,28,280,2,3,16,1,0,33
192,1785849408.1368,0.03338,-9.4945,20.7912,-37.9780,81.9341,-8.4835,8.2672,0.0000,5.2673,-13.1682,-10.5345,2.6336,0.0000,0.000,-0.013,-631.197,157.834,-946.851,0.000,-50,100,-100,-50,0,0,-148,-28,168,-52,-88,288,3,0,11,1,2,41
193,1785849408.1702,0.03339,-8.8791,20.9670,-38.2418,82.1978,-8.1319,8.2672,18.4313,5.2661,-7.8991,7.8991,10.5322,0.0000,552.031,-0.036,157.812,552.102,236.567,0.000,250,50,-100,100,100,0,-104,-164,108,-48,-92,296,3,2,5,0,2,43
194,1785849408.2036,0.03339,-8.0879,22.1099,-38.8571,82.7253,-7.5165,8.2672,23.6947,34.2257,-18.4292,15.7965,18.4292,0.0000,157.626,867.266,-315.349,236.505,236.497,0.000,200,450,-250,150,250,0,-176,-92,96,-48,-88,276,5,0,1,0,0,42
195,1785849408.237,0.03341,-6.9451,23.3407,-39.3846,82.9011,-6.7253,8.2672,34.2099,36.8415,-15.7892,5.2631,23.6838,0.0000,314.760,78.301,79.025,-315.303,157.289,0.000,400,450,-250,50,300,0,52,-44,-56,28,20,276,2,0,1,0,0,38
196,1785849408.2703,0.03335,-6.5055,24.3956,-38.9451,82.9890,-6.9011,8.2672,13.1818,31.6363,13.1818,2.6364,-5.2727,0.0000,-630.604,-156.096,868.797,-78.771,-868.363,0.000,50,400,200,-100,-150,0,136,96,72,-100,-88,296,5,4,3,1,1,37
197,1785849408.3037,0.0334,-6.5055,24.7473,-38.8571,83.6923,-6.4615,8.2672,0.0000,10.5284,2.6321,21.0567,13.1605,0.0000,-394.663,-631.971,-315.858,551.506,551.889,0.000,0,50,0,250,250,0,-24,148,-52,20,124,304,0,11,1,0,3,46
198,1785849408.3371,0.03339,-6.6813,24.4835,-38.3297,83.8681,-7.1648,8.2672,-5.2655,-7.8983,15.7966,5.2655,-21.0622,0.0000,-157.691,-551.838,394.249,-472.911,-1024.892,0.000,-50,0,100,0,-250,0,-64,-20,-104,88,96,288,1,0,0,1,1,39
199,1785849408.3705,0.0334,-6.9451,24.3077,-37.5385,83.3407,-7.8681,8.2672,-7.8970,-5.2646,23.6909,-15.7939,-21.0585,0.0000,-78.791,78.859,236.373,-630.575,0.109,0.000,-50,-50,300,-200,-300,0,-144,-52,68,108,48,308,4,0,3,4,0,42
200,1785849408.4039,0.03339,-6.5934,24.4835,-37.5385,82.6374,-8.2198,8.2672,10.5321,5.2660,0.0000,-21.0641,-10.5321,0.0000,551.958,315.399,-709.553,-157.845,315.274,0.000,150,100,0,-250,-150,0,-104,76,100,188,72,292,4,2,4,7,1,36
201,1785849408.4373,0.03339,-6.2418,25.0110,-37.4505,81.2308,-8.7473,8.2672,10.5300,15.7951,2.6325,-42.1202,-15.7951,0.0000,-0.060,315.290,78.830,-630.520,-157.600,0.000,150,150,0,-500,-150,0,-128,-40,48,148,56,280,3,0,1,1,1,34
202,1785849408.5588,0.12153,-4.1319,26.1538,-35.5165,79.1209,-9.4505,8.2672,17.3618,9.4043,15.9150,-17.3618,-5.7873,0.0000,56.217,-52.588,109.298,203.731,82.352,0.000,50,0,0,-100,-50,0,-24,52,0,44,20,288,0,1,0,0,0,40
203,1785849408.5921,0.03327,-4.2198,26.1538,-35.5165,79.0330,-9.5385,8.2672,-2.6422,0.0000,0.0000,-2.6422,-2.6422,0.0000,-601.215,-282.644,-478.321,442.395,94.525,0.000,-50,0,0,0,0,0,92,-72,112,-76,-108,244,2,1,5,1,4,24
204,1785849408.6255,0.03341,-4.5714,26.6813,-36.0440,79.5604,-8.9231,8.2672,-10.5261,15.7892,-15.7892,15.7892,18.4207,0.0000,-235.996,472.629,-472.629,551.719,630.490,0.000,-200,200,-150,100,150,0,252,-48,176,-80,-160,220,10,0,6,0,3,27
205,1785849408.6589,0.03339,-5.8901,27.2088,-36.9231,80.0000,-8.0440,8.2672,-39.4881,15.7952,-26.3254,13.1627,26.3254,0.0000,-867.271,0.181,-315.509,-78.651,236.707,0.000,-450,150,-250,100,300,0,144,48,76,20,-96,200,5,0,1,0,1,17
206,1785849408.6923,0.03336,-6.8571,27.6484,-36.9231,80.0000,-6.9890,8.2672,-28.9841,13.1746,0.0000,0.0000,31.6190,0.0000,314.828,-78.547,789.031,-394.515,158.661,0.000,-300,100,-50,0,400,0,28,-60,140,-92,-92,200,0,0,8,1,1,22
207,1785849408.7257,0.03346,-7.5604,28.4396,-37.4505,80.6154,-6.1978,8.2672,-21.0219,23.6497,-15.7665,18.3942,23.6497,0.0000,237.994,313.106,-471.268,549.813,-238.208,0.000,-150,300,-150,150,250,0,56,-28,252,-48,-64,200,0,0,16,0,0,18
208,1785849408.7591,0.03334,-8.1758,29.2308,-38.7692,80.7912,-5.7582,8.2672,-18.4602,23.7345,-39.5576,5.2743,13.1859,0.0000,76.847,2.546,-713.682,-393.567,-313.892,0.000,-200,250,-400,50,200,0,92,24,148,-20,36,200,1,0,4,0,0,19
209,1785849408.7925,0.0334,-8.5275,29.6703,-39.3846,80.6154,-5.7582,8.2672,-10.5272,13.1590,-18.4226,-5.2636,0.0000,0.0000,237.488,-316.597,632.712,-315.472,-394.742,0.000,-50,250,-300,0,0,0,188,132,180,-88,60,200,5,6,11,2,1,23
210,1785849408.8259,0.03344,-9.3187,29.6703,-39.9121,81.4066,-6.1099,8.2672,-23.6574,0.0000,-15.7716,23.6574,-10.5144,0.0000,-392.598,-393.459,79.266,864.749,-314.385,0.000,-250,0,-200,350,-150,0,52,52,128,52,132,200,2,1,5,1,2,22
211,1785849408.8593,0.03336,-9.7582,29.8462,-40.2637,81.1429,-6.9890,8.2672,-13.1759,5.2704,-10.5407,-7.9056,-26.3518,0.0000,314.185,157.980,156.797,-946.107,-474.730,0.000,-100,100,-100,-100,-300,0,-60,-36,28,56,0,200,1,0,1,1,0,23
212,1785849408.8926,0.03337,-10.0220,30.1978,-40.3516,80.8791,-6.9890,8.2672,-7.9045,10.5393,-2.6348,-7.9045,0.0000,0.0000,157.991,157.915,236.949,0.033,789.792,0.000,-50,100,-50,-100,100,0,108,88,100,-48,-36,180,2,3,4,1,1,13
213,1785849408.9261,0.03342,-10.5495,30.2857,-40.4396,81.1429,-6.9011,8.2672,-15.7819,2.6303,-2.6303,7.8909,2.6303,0.0000,-235.691,-236.634,0.135,472.595,78.698,0.000,-150,0,-50,0,50,0,-28,144,132,-52,-28,172,1,10,7,0,0,17
214,1785849408.9594,0.03338,-10.6374,30.3736,-40.5275,81.5824,-6.8132,8.2672,-2.6339,2.6339,-2.6339,13.1695,2.6339,0.0000,393.921,0.107,-0.107,158.149,0.107,0.000,-50,50,-50,150,0,0,-92,188,60,64,-44,240,2,16,2,2,0,28
215,1785849408.9928,0.03337,-10.5495,30.2857,-40.6154,81.4945,-6.6374,8.2672,2.6346,-2.6346,-2.6346,-2.6346,5.2693,0.0000,157.894,-157.894,-0.022,-473.636,78.980,0.000,50,-50,0,-50,50,0,36,120,36,-32,56,224,0,6,1,0,1,22
216,1785849409.0263,0.03342,-10.4615,30.2857,-40.6154,81.4945,-6.9011,8.2672,2.6304,0.0000,0.0000,0.0000,-7.8913,0.0000,-0.126,78.832,78.832,78.832,-393.781,0.000,50,0,0,0,-50,0,32,60,116,72,96,180,0,2,5,1,1,13
217,1785849409.0596,0.03335,-10.3736,30.3736,-40.8791,81.1429,-7.5165,8.2672,2.6359,2.6359,-7.9078,-10.5438,-18.4516,0.0000,0.165,79.036,-237.108,-316.143,-316.639,0.000,0,0,-100,-100,-250,0,-44,-64,168,132,-20,-88,1,0,8,3,0,0
218,1785849409.0931,0.03345,-10.3736,30.9890,-41.5824,80.4396,-7.5165,8.9947,0.0000,18.3955,-21.0234,-21.0234,0.0000,21.7473,-78.795,471.094,-392.059,-313.263,551.567,650.084,0,150,-250,-250,0,250,-164,144,40,20,-24,-340,5,7,1,0,0,12
219,1785849409.1264,0.03337,-9.6703,30.9011,-41.3187,80.1758,-7.5165,10.7804,21.0775,-2.6347,7.9041,-7.9041,0.0000,53.5171,631.684,-630.265,866.944,393.181,0.000,952.128,200,50,0,-50,-100,850,36,284,-172,88,60,-452,0,26,4,3,1,12
220,1785849409.1598,0.0334,-9.4066,30.0220,-39.7363,79.8242,-8.0440,13.6243,7.8973,-26.3245,47.3841,-10.5298,-15.7947,85.1585,-394.668,-709.370,1182.194,-78.625,-472.958,947.473,150,-300,600,-100,-100,1350,56,216,-152,-24,64,-316,1,12,0,1,0,0
221,1785849409.1932,0.03338,-9.2308,29.4945,-37.8901,79.9121,-8.5714,15.9392,5.2674,-15.8021,55.3074,2.6337,-15.8021,69.3476,-78.789,315.231,237.367,394.354,-0.222,-473.666,0,-150,500,0,-150,1100,-72,120,-36,-64,-68,-164,1,6,0,1,2,0
222,1785849409.2266,0.03339,-9.0549,29.3187,-37.4505,80.0000,-8.0440,17.1296,5.2653,-5.2653,13.1633,2.6327,15.7960,35.6506,-0.061,315.540,-1262.067,-0.031,946.251,-1009.107,50,-50,250,0,50,600,-20,196,96,-80,-96,48,0,11,4,2,1,2
223,1785849409.2599,0.03335,-9.1429,29.1429,-37.4505,80.4396,-7.5165,16.9974,-2.6358,-5.2716,0.0000,13.1791,15.8149,-3.9659,-236.895,-0.189,-394.667,316.207,0.568,-1187.799,-50,-50,0,100,200,-50,32,68,-48,-68,28,116,0,2,0,1,0,2
224,1785849409.2933,0.03341,-9.1429,29.0549,-37.0110,81.1429,-7.5165,16.2698,0.0000,-2.6315,13.1575,21.0520,0.0000,-21.7768,78.899,79.028,393.846,235.661,-473.391,-533.139,0,-50,200,150,0,-300,-36,40,-84,-76,-20,116,1,0,0,1,0,0
225,1785849409.3268,0.03346,-9.0549,28.9670,-36.5714,81.4066,-7.7802,15.7407,2.6276,-2.6276,13.1382,7.8829,-7.8829,-15.8145,78.539,0.115,-0.575,-393.615,-235.617,178.210,50,0,200,150,0,-300,0,132,52,-36,-68,72,0,7,1,0,2,0
226,1785849409.3601,0.03331,-9.0549,28.9670,-36.5714,81.7582,-7.2527,15.0132,0.0000,0.0000,0.0000,10.5562,15.8343,-21.8393,-78.880,78.880,-394.399,80.249,711.972,-180.860,0,0,0,150,150,-400,48,196,-64,-52,-104,76,1,14,1,0,2,1
227,1785849409.3935,0.03341,-9.0549,28.6154,-36.1319,82.1099,-6.4615,14.6825,0.0000,-10.5261,13.1577,10.5261,23.6838,-9.8987,0.000,-315.086,393.857,-0.900,234.964,357.427,0,-150,200,150,250,-100,100,76,-48,-68,-44,84,3,3,0,0,0,0
228,1785849409.4269,0.03339,-9.4066,28.5275,-35.8681,82.9011,-5.9341,13.9550,-10.5302,-2.6325,7.8976,23.6929,15.7953,-21.7856,-315.330,236.375,-157.512,394.284,-236.223,-355.955,-100,0,150,250,300,-250,0,60,56,-72,20,28,0,2,2,2,0,0
229,1785849409.4602,0.03336,-9.6703,28.5275,-35.8681,83.0769,-6.0220,13.8228,-7.9055,0.0000,0.0000,5.2703,-2.6352,-3.9649,78.676,78.910,-236.731,-552.217,-552.452,534.172,-100,0,0,0,-50,0,-24,192,28,-88,0,-36,1,13,0,1,0,0
230,1785849409.4937,0.03341,-9.8462,28.4396,-35.6923,83.6044,-6.0220,13.8889,-5.2619,-2.6310,5.2619,15.7858,0.0000,1.9793,79.114,-78.738,157.476,314.702,78.863,177.896,-50,-50,50,200,0,-50,-56,116,92,104,92,-216,1,5,4,3,3,9
231,1785849409.5271,0.03337,-9.7582,28.3516,-35.7802,83.0769,-6.6374,15.0132,2.6345,-2.6345,-2.6345,-15.8070,-18.4415,33.6936,236.637,-0.106,-236.637,-946.759,-552.646,950.397,0,0,0,-200,-100,500,52,176,60,-72,76,-180,0,13,2,2,0,2
232,1785849409.5604,0.03339,-9.6703,28.2637,-35.7802,83.2527,-7.6044,16.1376,2.6332,-2.6332,0.0000,5.2664,-28.9653,33.6770,-0.039,0.039,78.911,631.208,-315.216,-0.496,0,0,0,-150,-350,500,132,264,116,-52,36,-108,3,21,6,0,0,0
233,1785849409.5938,0.03338,-10.1099,27.6484,-35.7802,83.9560,-7.8681,16.7989,-13.1686,-18.4361,0.0000,21.0698,-7.9012,19.8139,-473.401,-473.432,0.000,473.448,631.052,-415.320,-150,-200,0,250,-100,400,-20,172,164,-56,96,20,0,16,12,1,2,0
234,1785849409.6272,0.03336,-10.6374,27.5604,-36.4835,84.6593,-8.3077,17.0635,-15.8108,-2.6351,-21.0811,21.0811,-13.1757,7.9298,-79.198,473.627,-631.896,0.337,-158.101,-356.222,-150,-50,-100,250,-300,150,72,152,276,-240,168,64,2,13,20,9,4,1
235,1785849409.6606,0.0334,-11.1648,27.5604,-38.1538,86.5055,-9.8901,16.8651,-15.7921,0.0000,-50.0084,55.2724,-47.3764,-5.9403,0.559,78.894,-866.062,1023.663,-1023.943,-415.261,-200,0,-600,450,-450,-100,-52,204,268,-136,288,48,2,17,13,0,8,0
236,1785849409.6941,0.03345,-11.2527,27.5604,-39.7363,88.2637,-12.2637,16.5344,-2.6284,0.0000,-47.3115,52.5683,-70.9673,-9.8870,393.572,0.000,80.632,-80.847,-705.327,-117.998,-100,0,-500,650,-800,0,-84,232,176,-40,192,-52,3,24,6,0,0,0
237,1785849409.7273,0.03332,-11.0769,27.1209,-40.3516,88.8791,-14.4615,16.7328,5.2762,-13.1904,-18.4666,18.4666,-65.9521,5.9540,237.202,-395.821,865.584,-1023.332,150.496,475.360,50,-200,-350,150,-750,100,112,252,84,-116,120,32,3,17,4,3,1,0
238,1785849409.7608,0.03343,-11.1648,26.0659,-40.4396,89.8462,-15.6044,16.6667,-2.6299,-31.5583,-2.6299,28.9284,-34.1881,-1.9785,-236.506,-549.467,473.750,312.962,950.207,-237.297,-50,-350,-50,250,-400,-50,116,316,104,-96,200,72,3,33,5,0,4,1
239,1785849409.7941,0.0334,-11.6044,25.0110,-40.4396,90.9011,-17.0989,16.3360,-13.1612,-31.5869,0.0000,31.5869,-44.7482,-9.9014,-315.328,-0.858,78.743,79.601,-316.186,-237.226,-100,-350,0,350,-550,-150,48,260,68,-32,-36,180,1,21,3,0,2,4
240,1785849409.8275,0.03337,-12.3077,24.1319,-40.5275,91.3407,-17.1868,15.2116,-21.0732,-26.3416,-2.6342,13.1708,-2.6342,-33.6891,-237.072,157.170,-78.929,-551.813,1261.884,-712.765,-200,-300,-50,200,50,-450,48,256,-40,-200,0,380,1,23,0,5,0,22
241,1785849409.8609,0.03337,-12.8352,22.7253,-40.3516,92.9231,-17.0110,12.5000,-15.8057,-42.1486,5.2686,47.4172,5.2686,-81.2543,157.841,-473.658,236.805,1026.194,236.805,-1425.292,-200,-450,100,450,50,-1100,92,400,152,0,156,404,2,35,11,0,5,6
242,1785849409.8943,0.0334,-13.4505,21.0549,-40.4396,93.2747,-18.2418,9.9206,-18.4273,-50.0169,-2.6325,10.5299,-36.8546,-77.2374,-78.501,-235.612,-236.592,-1104.566,-1261.351,120.284,-200,-600,0,150,-450,-1100,156,408,164,-40,320,388,3,40,9,0,10,7
243,1785849409.9277,0.03337,-14.0659,19.2967,-40.7912,93.8901,-21.2308,7.2751,-18.4421,-52.6916,-10.5383,18.4421,-89.5758,-79.2814,-0.443,-80.156,-236.926,237.115,-1579.968,-61.255,-200,-600,-100,250,-1050,-1100,108,372,156,-184,252,268,2,33,7,4,0,0
244,1785849409.9611,0.03341,-14.6813,17.1868,-41.2308,95.2967,-23.6044,5.2249,-18.4205,-63.1558,-13.1575,42.1039,-71.0503,-61.3710,0.647,-313.227,-78.399,708.275,554.527,536.114,-200,-700,-200,450,-950,-950,36,352,52,-20,228,100,0,20,1,0,2,0
245,1785849409.9945,0.0334,-15.3846,14.9011,-41.1429,95.6484,-25.8022,4.2989,-21.0566,-68.4340,2.6321,10.5283,-65.8019,-27.7221,-78.926,-158.027,472.737,-945.369,157.137,1007.445,-250,-800,50,200,-750,-250,-76,320,-112,-20,184,-48,1,14,2,0,0,1
246,1785849410.0281,0.0335,-15.5604,12.8791,-40.1758,95.8242,-27.4725,4.2989,-5.2477,-60.3487,28.8624,5.2477,-49.8532,0.0000,471.838,241.317,782.879,-157.606,476.009,827.403,0,-700,400,0,-450,0,36,172,-88,40,-52,-28,0,3,0,0,3,0
247,1785849410.0614,0.03337,-15.5604,11.8242,-39.3846,95.6484,-27.3846,4.2989,0.0000,-31.6091,23.7068,-5.2682,2.6341,0.0000,157.236,861.118,-154.476,-315.085,1572.665,0.000,-50,-300,350,-100,-150,0,-48,-92,68,132,-224,-28,0,4,2,3,10,0
248,1785849410.0947,0.03331,-15.0330,12.4396,-39.3846,94.7692,-25.6264,4.2989,15.8351,18.4743,0.0000,-26.3919,52.7838,0.0000,475.384,1503.543,-711.697,-634.151,1505.535,0.000,150,100,0,-300,500,0,60,-56,-20,-40,-300,0,2,0,0,1,6,0
249,1785849410.1281,0.03339,-15.0330,13.4066,-39.2088,95.2088,-23.1648,4.3651,0.0000,28.9601,5.2655,13.1637,73.7167,1.9806,-474.221,314.022,157.687,1184.588,626.885,59.315,50,350,100,150,900,50,-28,84,28,-204,-140,92,0,5,0,6,0,4
250,1785849410.1615,0.0334,-15.0330,13.6703,-38.9451,96.8791,-21.6703,4.0344,0.0000,7.8968,7.8968,50.0129,44.7484,-9.9014,0.000,-630.678,78.786,1103.338,-867.367,-355.773,0,100,100,600,600,-150,0,304,-28,-128,32,72,0,42,0,0,1,1
251,1785849410.1949,0.0334,-15.0330,13.4066,-38.4176,98.1099,-21.6703,3.8360,0.0000,-7.8961,15.7922,36.8484,0.0000,-5.9403,0.000,-472.828,236.383,-394.136,-1339.739,118.593,0,-200,200,550,100,0,-72,408,-124,56,232,-44,2,53,1,3,9,0
252,1785849410.3112,0.11627,-14.0659,7.5165,-36.5714,97.9341,-27.9121,3.8360,8.3169,-50.6575,15.8777,-1.5122,-53.6818,0.0000,71.529,-367.767,0.736,-329.918,-461.687,51.090,100,-400,0,0,-350,0,32,152,-20,0,56,0,1,4,0,0,1,0
253,1785849410.3444,0.03326,-13.9780,6.8132,-36.4835,98.0220,-28.3516,3.8360,2.6429,-21.1429,2.6429,2.6429,-13.2143,0.0000,-170.576,887.285,-397.875,124.911,1216.559,0.000,50,-300,50,0,-100,0,-28,56,92,-112,-68,124,0,1,3,3,2,3
254,1785849410.3777,0.0333,-14.0659,7.0769,-36.9231,98.9011,-27.9121,3.3069,-2.6399,7.9198,-13.1997,26.3994,13.1997,-15.8885,-158.639,872.735,-475.742,713.393,793.196,-477.122,0,100,-100,450,0,-250,-92,-192,328,-100,-264,72,2,5,26,0,11,0
255,1785849410.4111,0.03341,-13.9780,9.0989,-39.0330,99.8681,-25.4505,2.9762,2.6310,60.5141,-63.1451,28.9415,73.6693,-9.8969,157.751,1574.048,-1494.774,76.080,1809.743,179.319,50,800,-750,400,850,-100,-32,-300,324,40,-332,-28,0,3,10,0,6,0
256,1785849410.4445,0.03338,-13.8901,12.0000,-41.6703,99.8681,-22.7253,2.9762,2.6338,86.9149,-79.0136,0.0000,81.6473,0.0000,0.082,790.951,-475.407,-867.067,239.017,296.504,50,950,-950,0,900,0,-84,-276,304,48,-316,-28,3,0,6,1,5,0
257,1785849410.4779,0.03341,-13.2747,14.9890,-43.8681,99.6044,-19.9121,2.9762,18.4217,89.4770,-65.7919,-7.8950,84.2136,0.0000,472.617,76.696,395.795,-236.340,76.822,0.000,150,1050,-800,-150,900,0,-148,-180,168,104,-304,-28,3,0,3,2,4,0
258,1785849410.5113,0.03338,-12.3956,17.3626,-44.6593,98.9011,-17.1868,2.9762,26.3389,71.1150,-23.7050,-21.0711,81.6506,0.0000,237.203,-550.132,1260.944,-394.762,-76.789,0.000,300,700,-250,-250,950,0,44,40,-24,-20,-292,24,1,3,0,0,3,0
259,1785849410.5446,0.03338,-11.8681,18.1538,-44.1319,98.9011,-14.3736,2.9762,15.8039,23.7058,15.8039,0.0000,84.2874,0.0000,-315.645,-1420.453,1183.748,631.324,79.004,0.000,250,350,0,0,950,0,128,68,-128,-36,-312,-40,4,3,1,0,5,1
260,1785849410.5781,0.03339,-12.1319,18.1538,-42.5495,98.9890,-11.5604,2.9762,-7.8977,0.0000,47.3861,2.6326,84.2419,0.0000,-709.752,-709.880,945.740,78.833,-1.364,0.000,-50,0,550,0,1000,0,192,252,-292,-44,-284,28,14,26,6,0,3,0
261,1785849410.6115,0.03342,-13.0989,17.0110,-39.9121,99.2527,-8.7473,2.9762,-28.9363,-34.1974,78.9170,7.8917,84.1782,0.0000,-629.531,-1023.279,943.492,157.368,-1.907,0.000,-300,-450,900,100,900,0,-20,328,-288,172,-196,0,0,21,0,7,0,0
262,1785849410.6449,0.03343,-13.8022,15.4286,-36.7473,98.1978,-6.7253,2.9762,-21.0404,-47.3408,94.6817,-31.5606,60.4911,0.0000,236.219,-393.210,471.627,-1180.285,-708.642,0.000,-400,-500,1100,-350,600,0,-88,320,-204,180,-120,0,4,22,0,3,1,0
263,1785849410.6782,0.0333,-13.8901,14.0220,-34.2857,96.8791,-5.6703,2.9762,-2.6398,-42.2371,73.9149,-39.5973,31.6778,0.0000,552.530,153.255,-623.583,-241.325,-865.202,0.000,-50,-450,900,-400,350,0,-80,312,-136,120,-92,-20,3,24,0,2,0,0
264,1785849410.7116,0.03345,-13.3626,12.5275,-32.3516,95.8242,-5.1429,2.9762,15.7695,-44.6803,57.8216,-31.5391,15.7695,0.0000,550.374,-73.045,-481.131,240.911,-475.600,0.000,150,-550,650,-350,250,0,-64,280,-164,208,-44,-20,0,13,0,7,0,0
265,1785849410.7451,0.03336,-12.6593,11.1209,-30.3297,94.2418,-4.8791,2.9762,21.0844,-42.1687,60.6176,-47.4398,7.9066,0.0000,159.335,75.296,83.820,-476.694,-235.724,0.000,250,-500,600,-500,100,0,20,208,-112,228,-128,-20,1,12,0,5,4,0
266,1785849410.7784,0.03336,-12.4835,10.0659,-28.6593,92.3077,-4.0000,2.9762,5.2700,-31.6199,50.0648,-57.9697,26.3499,0.0000,-474.005,316.181,-316.299,-315.613,552.799,0.000,50,-300,500,-650,300,0,48,312,-276,88,-100,20,1,25,6,0,0,0
267,1785849410.8118,0.03341,-12.6593,8.5714,-25.8462,91.5165,-3.3846,2.9762,-5.2631,-44.7362,84.2094,-23.6839,18.4208,0.0000,-315.295,-392.623,1022.078,1026.306,-237.347,0.000,-100,-550,950,-450,250,0,-52,304,-276,60,24,-28,1,25,0,2,0,0
268,1785849410.8452,0.03339,-13.0989,6.9011,-22.9451,91.4286,-3.2967,2.9762,-13.1637,-50.0220,86.8804,-2.6327,2.6327,0.0000,-236.602,-158.295,79.988,630.427,-472.811,0.000,-50,-550,1000,50,0,0,-88,300,-276,204,-100,-20,3,17,0,9,3,0
269,1785849410.8786,0.03338,-13.0110,5.3187,-19.7802,89.6703,-2.5934,2.9762,2.6337,-47.4062,94.8124,-52.6736,21.0694,0.0000,473.259,78.364,237.631,-1499.129,552.328,0.000,0,-600,1050,-650,300,0,-76,264,-268,320,-52,-28,2,15,0,11,1,0
270,1785849410.9121,0.03345,-12.4835,3.7363,-16.7033,86.9451,-2.4176,2.9762,15.7707,-47.3121,91.9957,-81.4819,5.2569,0.0000,392.778,2.815,-84.218,-861.328,-472.773,0.000,150,-500,1000,-800,100,0,20,300,-288,316,36,24,0,17,1,3,1,0
271,1785849410.9454,0.03341,-12.1319,2.2418,-13.5385,84.0440,-2.5055,2.9762,10.5240,-44.7270,94.7159,-86.8229,-2.6310,0.0000,-157.021,77.366,81.411,-159.845,-236.066,0.000,100,-550,1100,-1050,0,0,44,312,-260,284,-76,-24,0,21,0,3,1,0
272,1785849410.9787,0.03333,-12.1319,0.6593,-10.3736,81.4066,-2.1538,2.9762,0.0000,-47.4746,94.9493,-79.1244,10.5499,0.0000,-315.734,-82.434,7.001,230.966,395.445,0.000,0,-600,1050,-900,50,0,-24,228,-268,304,-20,-28,0,11,0,6,0,0
273,1785849411.0121,0.03337,-12.3956,-0.6593,-7.4725,78.5934,-2.2418,2.9762,-7.9037,-39.5186,86.9409,-84.3063,-2.6346,0.0000,-236.861,238.429,-239.998,-155.293,-395.116,0.000,-50,-450,1000,-950,0,0,-84,200,-288,320,44,24,3,6,1,7,0,0
274,1785849411.0455,0.03338,-12.4835,-1.8022,-4.4835,75.8681,-2.4176,2.9762,-2.6340,-34.2414,89.5545,-81.6527,-5.2679,0.0000,157.889,158.110,78.308,79.507,-78.898,0.000,0,-350,1000,-950,-50,0,-72,240,-276,304,-24,-40,1,13,0,6,0,0
275,1785849411.0791,0.03342,-12.3956,-2.8571,-1.2308,73.0549,-2.0659,2.9762,2.6302,-31.5624,97.3173,-84.1664,10.5208,0.0000,157.496,80.153,232.252,-75.206,472.375,0.000,50,-400,1100,-950,100,0,-60,148,-172,208,68,32,2,4,0,0,2,0
276,1785849411.1123,0.03341,-11.6923,-3.2088,0.8791,71.3846,-2.5934,2.9762,21.0499,-10.5249,63.1496,-49.9935,-15.7874,0.0000,551.306,629.657,-1022.650,1022.805,-787.412,0.000,300,-150,750,-450,-150,0,-64,72,-108,28,32,-24,2,3,0,0,0,0
277,1785849411.1457,0.03335,-11.2527,-3.2967,2.3736,70.9451,-2.8571,2.9762,13.1818,-2.6364,44.8181,-13.1818,-7.9091,0.0000,-235.953,236.567,-549.737,1103.929,236.260,0.000,150,-50,500,-200,-50,0,-36,232,-124,28,-32,32,0,22,0,0,0,0
278,1785849411.1791,0.03344,-10.9890,-3.7363,3.6923,70.9451,-2.5934,2.9762,7.8868,-13.1447,39.4342,0.0000,7.8868,0.0000,-158.341,-314.245,-161.001,394.191,472.365,0.000,100,-150,600,0,0,0,-64,156,128,68,32,0,1,8,7,2,0,0
279,1785849411.2125,0.03344,-10.9011,-3.8242,3.6044,70.7692,-2.6813,2.9762,2.6293,-2.6293,-2.6293,-5.2586,-2.6293,0.0000,-157.244,314.498,-1258.045,-157.275,-314.519,0.000,50,0,0,-150,0,0,44,0,172,60,80,-20,0,0,13,1,1,0
280,1785849411.2459,0.03335,-10.7253,-3.9121,3.1648,70.3297,-3.1209,2.9762,5.2728,-2.6364,-13.1821,-13.1821,-13.1821,0.0000,79.278,-0.214,-316.472,-237.621,-316.472,0.000,50,0,-200,-150,-150,0,-28,20,56,92,44,0,0,0,1,3,0,0
281,1785849411.2793,0.03341,-10.6374,-3.8242,3.2527,69.5385,-3.6484,2.9762,2.6313,2.6313,2.6313,-23.6817,-15.7878,0.0000,-79.064,157.669,473.312,-314.265,-77.991,0.000,50,0,-50,-300,-100,0,-60,136,-108,144,-156,24,1,5,2,3,6,1
282,1785849411.3127,0.03342,-10.6374,-3.9121,4.3956,68.6593,-2.5934,2.9762,0.0000,-2.6304,34.1950,-26.3039,31.5646,0.0000,-78.730,-157.433,944.407,-78.456,1416.816,0.000,0,-50,400,-300,350,0,0,80,32,-52,-68,40,0,4,2,2,0,1
283,1785849411.3461,0.0334,-10.6374,-3.9121,4.8352,68.9231,-1.9780,2.9762,0.0000,0.0000,13.1602,7.8961,18.4243,0.0000,0.000,78.752,-629.771,1023.928,-393.415,0.000,0,0,100,-50,200,0,-96,48,48,-32,48,0,4,1,1,0,0,0
284,1785849411.3795,0.03338,-10.2857,-3.8242,4.8352,69.1868,-1.9780,2.9762,10.5357,2.6339,0.0000,7.9018,0.0000,0.0000,315.657,78.914,-394.290,0.169,-552.006,0.000,200,0,0,100,-50,0,-80,120,-120,112,-52,36,1,6,2,3,1,0
285,1785849411.413,0.03341,-9.7582,-4.2637,5.9780,68.2198,-1.9780,2.9762,15.7880,-13.1566,34.2073,-28.9446,0.0000,0.0000,157.208,-472.633,1023.870,-1102.862,0.000,0.000,100,-50,300,-400,-50,0,-64,148,-156,196,-24,20,1,4,0,4,0,0
286,1785849411.4463,0.03336,-9.1429,-4.7912,7.6484,66.8132,-1.8901,2.9762,18.4476,-15.8123,50.0721,-42.1660,2.6354,0.0000,79.730,-79.608,475.588,-396.343,79.002,0.000,200,-200,600,-500,50,0,60,52,48,52,60,-24,2,1,2,0,1,0
287,1785849411.4797,0.0334,-9.1429,-4.5275,7.9121,66.1978,-2.2418,2.9762,0.0000,7.8963,7.8963,-18.4247,-10.5284,0.0000,-552.325,709.838,-1262.752,710.818,-394.126,0.000,0,150,0,-250,-250,0,32,60,44,76,100,20,0,2,1,0,0,0
288,1785849411.5131,0.03341,-9.1429,-4.5275,7.9121,65.6703,-3.1209,2.9762,0.0000,0.0000,0.0000,-15.7887,-26.3145,0.0000,0.000,-236.358,-236.358,78.904,-472.519,0.000,0,0,0,-150,-450,0,-68,80,-52,96,52,-20,1,3,1,2,0,0
289,1785849411.5464,0.03337,-9.3187,-4.6154,8.3516,64.9670,-3.7363,2.9762,-5.2684,-2.6342,13.1709,-21.0735,-18.4393,0.0000,-157.860,-78.930,394.651,-158.353,235.971,0.000,-50,0,150,-250,-200,0,-60,28,-48,-36,152,32,1,1,0,1,3,0
290,1785849411.58,0.03341,-9.1429,-4.4396,9.0549,65.1429,-4.7912,2.9762,5.2625,5.2625,21.0498,5.2625,-31.5748,0.0000,315.190,236.349,235.818,788.241,-393.148,0.000,50,50,150,50,-300,0,32,-208,144,-20,-44,28,1,6,8,0,2,0
291,1785849411.6133,0.03339,-8.9670,-2.8571,8.0879,64.9670,-4.7912,2.9762,5.2660,47.3943,-28.9632,-5.2660,0.0000,0.0000,0.107,1261.875,-1497.921,-315.335,945.683,0.000,50,400,-200,-100,-50,0,-24,-176,212,-160,-32,-24,0,0,5,4,0,0
292,1785849411.6467,0.03339,-8.9670,-1.0989,6.4176,65.7582,-4.6154,2.9762,0.0000,52.6538,-50.0211,23.6942,5.2654,0.0000,-157.701,157.504,-630.618,867.269,157.682,0.000,0,600,-600,250,50,0,20,32,44,64,0,0,0,2,0,2,0,0
293,1785849411.6801,0.03338,-9.0549,-0.8352,5.9780,65.4945,-4.7912,2.9762,-2.6338,7.9013,-13.1689,-7.9013,-5.2675,0.0000,-78.905,-1340.746,1104.062,-946.575,-315.557,0.000,0,50,-50,-50,-100,0,40,48,24,44,108,-64,0,0,0,0,2,1
294,1785849411.7135,0.03342,-9.1429,-0.8352,5.8022,65.5824,-5.4945,3.1085,-2.6309,0.0000,-5.2618,2.6309,-21.0472,3.9585,0.086,-236.458,236.630,315.191,-472.228,118.465,0,0,0,50,-250,100,72,-160,224,-64,44,20,1,5,12,1,0,0
295,1785849411.7469,0.03342,-9.1429,0.3077,4.3077,66.0220,-5.8462,3.1085,0.0000,34.1924,-44.7132,13.1509,-10.5207,0.0000,78.712,1022.982,-1180.321,314.742,314.933,-118.433,0,350,-450,100,-100,0,-32,-48,152,-108,80,0,1,0,0,2,2,0
296,1785849411.7802,0.03337,-9.4066,1.1868,2.9890,66.6374,-6.3736,3.1085,-7.9042,26.3474,-39.5211,18.4432,-15.8084,0.0000,-236.891,-235.117,155.608,158.609,-158.473,0.000,-100,250,-350,250,-200,0,36,56,96,-40,-28,28,1,0,1,1,0,0
297,1785849411.8136,0.03344,-9.4945,1.3626,2.3736,67.4286,-6.4615,3.1085,-2.6293,5.2586,-18.4050,23.6635,-2.6293,0.0000,157.763,-630.726,631.542,156.131,394.163,0.000,-50,100,-150,250,-50,0,-52,-116,160,20,68,44,0,2,5,0,1,0
298,1785849411.8471,0.03337,-9.4066,2.1538,1.4945,67.4286,-6.9011,3.0423,2.6342,23.7075,-26.3417,0.0000,-13.1708,-1.9817,157.712,552.798,-237.813,-709.046,-315.863,-59.380,0,250,-300,-50,-200,-50,-44,48,-36,56,-44,-32,0,2,1,1,1,0
299,1785849411.8804,0.03339,-9.1429,2.3297,1.6703,66.6374,-6.8132,3.1085,7.8983,5.2655,5.2655,-23.6948,2.6328,1.9807,157.647,-552.293,946.558,-709.601,473.279,118.664,50,50,50,-300,50,50,44,24,-96,112,60,60,1,0,1,1,2,1
300,1785849411.9139,0.03342,-8.8791,2.2418,2.2857,65.9341,-6.9011,2.9762,7.8911,-2.6304,18.4125,-21.0429,-2.6304,-3.9577,-0.214,-236.248,393.365,79.345,-157.475,-177.679,50,-50,300,-250,50,-50,-20,-44,84,24,68,-28,0,0,3,0,1,0
301,1785849411.9472,0.03337,-9.0549,2.5055,2.0220,65.4945,-7.1648,2.9762,-5.2685,7.9027,-7.9027,-13.1712,-7.9027,0.0000,-394.319,315.618,-788.522,235.872,-157.983,118.591,-50,50,-100,-150,-100,0,-28,20,140,56,-32,24,0,0,5,1,0,0
302,1785849412.063,0.11574,-9.1429,2.8571,1.0549,65.0549,-7.1648,2.9762,-0.7596,3.0382,-8.3551,-3.7978,0.0000,0.0000,38.957,-42.029,-3.909,80.986,68.279,0.000,50,50,-50,-100,0,0,-24,20,76,20,0,24,0,0,3,0,0,0
303,1785849412.0963,0.03331,-9.1429,2.9451,0.9670,64.9670,-7.1648,2.9762,0.0000,2.6392,-2.6392,-2.6392,0.0000,0.0000,22.802,-11.979,171.596,34.782,0.000,0.000,0,0,-50,-50,0,0,112,-64,164,-28,-120,116,4,0,9,0,5,5
304,1785849412.1296,0.03336,-9.4945,3.5604,0.1758,65.0549,-6.3736,2.5794,-10.5402,18.4454,-23.7155,2.6351,23.7155,-11.8943,-315.929,473.770,-631.734,158.089,710.841,-356.517,0,300,-200,0,150,-200,112,-52,260,-44,-272,20,2,0,11,0,8,0
305,1785849412.163,0.03339,-9.9341,4.4396,-1.3187,65.2308,-4.5275,2.5132,-13.1655,26.3311,-44.7629,5.2662,55.2953,-1.9809,-78.633,236.190,-630.403,78.808,945.867,296.923,-150,300,-500,100,600,0,-52,-64,100,48,-172,56,0,0,1,1,0,1
306,1785849412.1964,0.03342,-10.0220,5.3187,-1.8462,65.2308,-2.7692,2.3810,-2.6308,26.3075,-15.7845,0.0000,52.6151,-3.9583,315.252,-0.705,867.172,-157.591,-80.205,-59.173,-50,300,-100,0,450,-50,-80,-68,132,-28,56,48,2,0,7,0,2,0
307,1785849412.2299,0.03339,-9.7582,5.8462,-2.3736,64.9670,-2.8571,2.3148,7.8993,15.7985,-15.7985,-7.8993,-2.6331,-1.9809,315.389,-314.759,-0.419,-236.594,-1654.759,59.226,0,200,-200,-100,50,-50,-80,64,44,44,96,0,1,2,1,0,2,0
308,1785849412.2632,0.03338,-9.2308,5.8462,-2.1978,64.4396,-3.6484,2.3148,15.8040,0.0000,5.2680,-15.8040,-23.7059,0.0000,236.838,-473.350,631.188,-236.838,-631.378,59.351,150,0,50,-200,-250,0,-44,88,-84,120,116,20,0,3,0,2,0,0
309,1785849412.2966,0.03344,-8.7912,5.7582,-1.4066,63.4725,-4.4396,2.2487,13.1431,-2.6286,23.6577,-28.9149,-23.6577,-1.9776,-79.560,-78.598,549.863,-392.026,1.443,-59.130,150,0,300,-300,-200,0,-68,0,-44,80,-36,0,3,0,0,0,1,0
310,1785849412.33,0.03338,-8.7033,6.0220,-1.1429,62.5934,-4.4396,2.2487,2.6339,7.9016,7.9016,-26.3387,0.0000,0.0000,-314.861,315.489,-472.056,77.184,708.790,59.248,0,100,150,-300,0,0,0,-72,56,136,60,44,0,1,1,3,1,1
311,1785849412.3634,0.03335,-8.7912,6.4615,-1.2308,61.6264,-4.7033,2.2487,-2.6361,13.1805,-2.6361,-28.9970,-7.9083,0.0000,-158.023,158.289,-315.979,-79.711,-237.134,0.000,-50,200,-50,-350,-100,0,-52,32,76,-52,24,0,0,0,1,3,0,0
312,1785849412.3969,0.03345,-8.8791,6.5495,-1.4066,61.4505,-4.7912,2.2487,-2.6278,2.6278,-5.2557,-5.2557,-2.6278,0.0000,0.247,-315.434,-78.303,709.665,157.841,0.000,-50,50,-50,-100,0,0,48,-36,52,-28,104,-24,1,0,2,1,4,0
313,1785849412.4302,0.03334,-8.7912,6.6374,-1.4066,61.7143,-5.4066,2.2487,2.6369,2.6369,0.0000,7.9106,-18.4581,0.0000,157.912,0.271,157.640,394.915,-474.821,0.000,50,50,0,150,-150,0,76,48,-32,76,140,0,0,1,1,3,2,0
314,1785849412.4635,0.03338,-8.8791,6.6374,-1.1429,60.9231,-6.4615,2.2487,-2.6339,0.0000,7.9017,-23.7052,-31.6069,0.0000,-157.917,-79.003,236.742,-947.234,-393.949,0.000,0,0,50,-300,-400,0,-40,0,-108,112,-40,24,1,0,1,1,2,0
315,1785849412.497,0.03345,-9.0549,6.6374,-0.2637,59.9560,-6.4615,2.2487,-5.2567,0.0000,26.2833,-28.9116,0.0000,0.0000,-78.413,0.000,549.559,-155.658,944.961,0.000,-50,0,250,-400,50,0,44,40,-56,0,84,20,1,1,0,0,3,0
316,1785849412.5304,0.03336,-9.2308,6.6374,0.1758,59.7802,-6.7253,2.2487,-5.2698,0.0000,13.1745,-5.2698,-7.9047,0.0000,-0.393,0.000,-392.897,708.591,-236.918,0.000,-50,0,200,-50,-50,0,40,-36,44,92,80,28,1,0,1,2,1,0
317,1785849412.5637,0.03339,-9.2308,6.9890,0.0000,59.0769,-7.3407,2.2487,0.0000,10.5323,-5.2661,-21.0645,-18.4315,0.0000,157.836,315.453,-552.317,-473.071,-315.289,0.000,0,200,-50,-300,-200,0,-28,-136,160,132,-28,40,0,2,6,1,0,0
318,1785849412.5971,0.03337,-9.2308,8.0440,-0.9670,57.9341,-7.3407,2.2487,0.0000,31.6164,-28.9817,-34.2510,0.0000,0.0000,0.000,631.883,-710.746,-395.196,552.385,0.000,0,350,-350,-400,50,0,0,72,60,-84,64,36,0,4,0,4,2,0
319,1785849412.6305,0.0334,-9.2308,8.2198,-1.2308,58.1099,-7.5165,2.2487,0.0000,5.2639,-7.8958,5.2639,-5.2639,0.0000,0.000,-788.947,631.273,1183.006,-157.591,0.000,0,0,-150,0,-50,0,0,72,24,-100,72,20,0,1,0,3,1,0
320,1785849412.664,0.03337,-9.1429,8.0440,-1.2308,58.8132,-8.0440,2.2487,2.6341,-5.2682,0.0000,21.0730,-15.8047,0.0000,78.927,-315.575,236.583,473.691,-315.838,0.000,50,-100,0,250,-200,0,32,-40,108,36,-40,40,1,1,4,0,1,1
321,1785849412.6973,0.0334,-9.3187,8.4835,-1.6703,58.5495,-7.9560,2.2487,-5.2644,13.1611,-13.1611,-7.8966,2.6322,0.0000,-236.494,551.800,-394.061,-867.392,552.029,0.000,-100,50,-150,0,50,0,60,-32,160,-36,20,32,1,0,5,0,0,0
322,1785849412.7307,0.03339,-9.3187,8.9231,-2.5495,58.5495,-7.9560,2.2487,0.0000,13.1658,-26.3316,0.0000,0.0000,0.0000,157.681,0.142,-394.487,236.522,-78.841,0.000,0,200,-300,0,50,0,-20,56,88,-68,68,48,0,1,2,2,2,1
323,1785849412.7641,0.03339,-9.3187,9.1868,-2.9011,58.9011,-8.4835,2.2487,0.0000,7.8976,-10.5302,10.5302,-15.7952,0.0000,0.000,-157.757,473.177,315.327,-472.990,0.000,0,100,-150,150,-150,0,-24,-104,144,-32,84,32,0,1,5,0,1,0
324,1785849412.7974,0.03337,-9.3187,9.8901,-3.6923,59.1648,-9.0110,2.2487,0.0000,21.0775,-23.7122,7.9041,-15.8082,0.0000,0.000,394.998,-395.063,-78.702,-0.388,0.000,0,300,-250,50,-200,0,56,-76,192,-84,84,28,1,0,6,3,1,0
325,1785849412.8309,0.03342,-9.4066,10.8571,-4.9231,59.5165,-9.6264,2.2487,-2.6308,28.9387,-36.8311,10.5232,-18.4155,0.0000,-78.727,235.246,-392.584,78.377,-78.026,0.000,0,300,-450,100,-150,0,104,-24,84,-32,48,52,3,0,1,0,0,1
326,1785849412.8642,0.03338,-9.5824,11.2967,-5.3626,59.5165,-9.8022,2.2487,-5.2681,13.1703,-13.1703,0.0000,-5.2681,0.0000,-79.021,-472.459,708.934,-315.299,393.928,0.000,-50,100,-200,0,-100,0,48,32,-124,40,60,-24,2,0,4,0,1,0
327,1785849412.8976,0.03338,-9.5824,11.2967,-4.3956,59.1648,-10.0659,2.2487,0.0000,0.0000,28.9711,-10.5349,-7.9012,0.0000,157.826,-394.565,1262.502,-315.613,-78.884,0.000,-50,0,350,-150,-100,0,-36,-52,-120,-20,28,40,0,0,0,1,0,1
328,1785849412.931,0.03341,-9.4066,11.5604,-3.7802,58.9890,-10.2418,2.2487,5.2634,7.8951,18.4218,-5.2634,-5.2634,0.0000,157.562,236.343,-315.797,157.807,78.964,0.000,50,100,300,-50,-50,0,-20,-88,-36,48,72,32,0,2,0,1,2,0
329,1785849412.9644,0.03338,-9.3187,12.1758,-3.7802,58.4615,-10.5934,2.2487,2.6335,18.4343,0.0000,-15.8008,-10.5339,0.0000,-78.781,315.708,-551.838,-315.655,-157.881,0.000,50,200,50,-200,-150,0,-32,-56,132,56,-24,-20,0,0,3,0,0,0
330,1785849412.9978,0.03342,-9.2308,12.5275,-4.3956,57.9341,-10.5934,2.2487,2.6307,10.5228,-18.4150,-15.7843,0.0000,0.0000,-0.082,-236.744,-551.055,0.495,315.218,0.000,50,100,-250,-200,0,0,-32,100,40,20,-36,20,0,3,0,0,0,0
331,1785849413.0312,0.03337,-9.1429,12.4396,-4.5714,57.7582,-10.5055,2.2487,2.6345,-2.6345,-5.2690,-5.2690,2.6345,0.0000,0.114,-394.292,393.951,315.115,78.949,0.000,0,0,0,-100,50,0,24,52,-32,-48,-68,36,0,1,0,1,2,1
332,1785849413.0645,0.03338,-9.1429,12.2637,-4.5714,57.9341,-10.2418,2.2487,0.0000,-5.2678,0.0000,5.2678,7.9017,0.0000,-78.931,-78.895,157.863,315.689,157.809,0.000,0,0,50,50,100,0,-20,36,60,-40,32,20,0,1,0,0,0,0
333,1785849413.098,0.03339,-9.1429,12.2637,-4.7473,57.8462,-10.2418,2.2487,0.0000,0.0000,-5.2650,-2.6325,0.0000,0.0000,0.000,157.742,-157.658,-236.571,-236.613,0.000,0,0,-50,-50,0,0,-48,88,0,32,64,28,1,3,0,0,1,0
334,1785849413.1315,0.03353,-9.1429,12.2637,-4.6593,57.5824,-10.5055,2.2487,0.0000,0.0000,2.6220,-7.8659,-7.8659,0.0000,0.000,0.000,235.229,-156.087,-234.601,0.000,0,0,0,-150,-150,0,32,20,88,-124,-20,32,0,0,2,6,1,0
335,1785849413.1648,0.03337,-9.0549,12.2637,-5.1868,58.1099,-10.5934,2.2487,2.6342,0.0000,-15.8050,15.8050,-2.6342,0.0000,78.929,0.000,-552.138,709.266,156.763,0.000,0,0,-150,250,-100,0,-24,56,140,20,-88,-20,1,1,3,1,2,0
336,1785849413.1982,0.03331,-9.0549,12.2637,-5.8022,58.1978,-10.2418,2.2487,0.0000,0.0000,-18.4736,2.6391,10.5564,0.0000,-79.077,0.000,-80.113,-395.236,395.975,0.000,0,0,-250,0,150,0,-72,104,0,0,64,24,1,5,0,0,2,0
337,1785849413.2315,0.03334,-8.9670,12.3516,-5.8022,58.0220,-10.4176,2.2487,2.6365,2.6365,0.0000,-5.2730,-5.2730,0.0000,79.070,79.070,554.030,-237.287,-474.728,0.000,0,50,0,-100,-100,0,-60,64,80,-84,-24,32,0,2,2,2,1,1
338,1785849413.265,0.03345,-8.7033,12.4396,-6.0659,58.4615,-10.5055,2.2487,7.8856,2.6285,-7.8856,13.1426,-2.6285,0.0000,156.945,-0.239,-235.775,550.620,79.069,0.000,100,0,0,100,-50,0,-40,-32,184,-116,-40,0,0,0,8,2,1,0
339,1785849413.2983,0.03335,-8.5275,12.7912,-6.9451,59.0769,-10.3297,2.2487,5.2724,10.5449,-26.3622,18.4535,5.2724,0.0000,-78.361,237.387,-554.057,159.257,236.926,0.000,50,150,-300,200,50,0,0,40,116,-32,-80,-20,0,1,3,0,1,0
340,1785849413.3317,0.03338,-8.5275,13.1429,-7.3846,59.0769,-9.8022,2.2487,0.0000,10.5348,-13.1685,0.0000,15.8022,0.0000,-157.954,-0.301,395.261,-552.838,315.456,0.000,0,200,-150,0,200,0,-64,-96,44,44,60,0,2,0,1,1,2,0
341,1785849413.3651,0.03342,-8.5275,13.8462,-7.3846,58.9011,-10.0659,2.2487,0.0000,21.0449,0.0000,-5.2612,-7.8918,0.0000,0.000,314.494,394.044,-157.432,-709.001,0.000,50,250,-50,0,0,0,-108,-64,-56,-48,68,-20,4,0,0,2,0,0
342,1785849413.3985,0.03338,-8.1758,14.3736,-7.3846,58.9890,-10.2418,2.2487,10.5355,15.8032,0.0000,2.6339,-5.2677,0.0000,315.646,-157.042,0.000,236.539,78.618,0.000,100,200,50,0,-50,0,-28,44,84,-20,-24,48,0,0,3,0,0,0
343,1785849413.4319,0.03338,-8.0879,14.2857,-7.5604,58.9890,-10.3297,2.2487,2.6336,-2.6336,-5.2672,0.0000,-2.6336,0.0000,-236.717,-552.313,-157.789,-78.903,78.911,0.000,50,-50,-100,0,-50,0,-68,140,104,-100,60,-28,2,5,3,4,1,0
344,1785849413.4652,0.03339,-7.9121,13.9341,-8.0879,59.4286,-10.5934,2.2487,5.2653,-10.5307,-15.7960,13.1633,-7.8980,0.0000,78.812,-236.491,-315.302,394.197,-157.651,0.000,50,-150,-150,100,-150,0,0,92,-32,-60,-24,28,0,4,0,0,0,0
345,1785849413.4986,0.03338,-7.9121,13.9341,-7.7363,59.4286,-10.8571,2.2487,0.0000,0.0000,10.5355,0.0000,-7.9016,0.0000,-157.751,315.501,788.897,-394.377,-0.108,0.000,0,0,50,-50,-100,0,-76,76,-188,136,64,-24,2,3,6,2,1,1
346,1785849413.5321,0.03339,-7.7363,13.7582,-6.4176,58.2857,-11.2088,2.2487,5.2650,-5.2650,39.4877,-34.2227,-10.5301,0.0000,157.660,-157.660,866.970,-1024.792,-78.709,0.000,50,0,500,-400,-100,0,24,92,-116,112,32,0,0,3,0,0,0,0
347,1785849413.5654,0.03341,-7.7363,13.6703,-5.6264,57.2308,-11.3846,2.2487,0.0000,-2.6317,23.6853,-31.5804,-5.2634,0.0000,-157.611,78.830,-473.054,79.099,157.660,0.000,0,-100,300,-400,-50,0,-24,52,-40,-32,72,0,1,1,0,1,1,0
348,1785849413.5988,0.03337,-7.8242,13.6703,-5.4505,57.1429,-12.0879,2.2487,-2.6345,0.0000,5.2689,-2.6345,-21.0758,0.0000,-78.948,78.864,-551.884,867.425,-473.852,0.000,-50,0,50,0,-200,0,40,116,-120,52,104,-64,1,6,3,1,1,2
349,1785849413.6322,0.03343,-8.0879,13.1429,-4.6593,56.8791,-12.7912,2.6455,-7.8893,-15.7786,23.6679,-7.8893,-21.0381,11.8705,-157.190,-471.993,550.377,-157.190,1.127,355.087,-100,-200,300,-150,-250,100,20,80,-52,0,100,-56,0,2,0,0,2,0
350,1785849413.6656,0.03336,-8.1758,12.8791,-4.2198,56.7912,-13.5824,2.9762,-2.6352,-7.9056,13.1760,-2.6352,-23.7167,9.9125,157.493,235.996,-314.498,157.493,-80.293,-58.691,0,-50,300,-50,-250,200,-44,24,68,44,68,104,1,1,2,0,0,3
351,1785849413.699,0.03338,-8.1758,12.9670,-4.3956,56.3516,-13.9341,2.7116,0.0000,2.6339,-5.2678,-13.1695,-10.5356,-7.9261,78.952,315.770,-552.588,-315.615,394.915,-534.456,0,50,-100,-150,-150,-150,-64,-40,-24,24,24,48,2,0,0,0,0,0
352,1785849413.8166,0.11761,-7.9121,13.1429,-4.4835,56.0879,-14.4615,2.6455,2.2424,1.4949,-0.7475,-2.2424,-4.4848,-0.5623,19.066,-9.684,38.434,92.907,51.447,62.610,0,0,-50,0,0,0,-32,28,0,0,32,48,0,0,0,0,1,1
353,1785849413.8499,0.03327,-7.9121,13.1429,-4.4835,56.0879,-14.4615,2.5794,0.0000,0.0000,0.0000,0.0000,0.0000,-1.9880,-67.403,-44.935,22.468,67.403,134.806,-42.853,0,0,0,0,0,0,44,20,96,32,-96,64,1,0,4,0,3,2
354,1785849413.8832,0.03339,-8.0879,13.4945,-5.1868,56.0879,-13.6703,2.4471,-5.2656,10.5311,-21.0622,0.0000,23.6950,-3.9614,-157.692,315.384,-630.768,0.000,709.614,-59.098,-50,200,-100,0,150,-50,72,-108,308,-28,-228,40,0,1,14,0,6,1
355,1785849413.9166,0.03337,-8.4396,14.5495,-7.3846,56.5275,-11.9121,2.3810,-10.5378,31.6134,-65.8613,13.1723,52.6890,-1.9819,-157.993,631.771,-1342.488,394.731,868.860,59.317,-150,350,-700,100,600,0,40,-56,352,-48,-176,64,0,0,13,0,1,1
356,1785849413.9501,0.03343,-8.7912,15.6044,-9.8462,57.1429,-10.3297,2.2487,-10.5197,31.5590,-73.6376,18.4094,47.3384,-3.9570,0.543,-1.629,-232.630,156.670,-160.064,-59.086,-150,400,-800,250,500,-50,-36,56,280,-108,-60,20,0,2,10,1,0,0
357,1785849413.9835,0.03342,-8.7912,15.8681,-11.3407,58.1978,-9.7143,2.2487,0.0000,7.8921,-44.7221,31.5685,18.4150,0.0000,314.793,-708.214,865.277,393.778,-865.515,118.412,0,50,-600,450,350,0,24,104,232,-100,32,-20,0,4,12,0,0,0
358,1785849414.0168,0.03337,-8.7033,15.7802,-12.5714,59.0769,-9.5385,2.2487,2.6341,-2.6341,-36.8774,26.3410,5.2682,0.0000,78.925,-315.396,235.049,-156.631,-393.915,0.000,50,0,-400,300,50,0,44,-48,276,-152,-80,44,1,1,16,2,1,1
359,1785849414.0502,0.0334,-8.6154,16.0440,-14.2418,60.1319,-9.1868,2.2487,2.6325,7.8974,-50.0168,31.5895,10.5298,0.0000,-0.049,315.357,-393.448,157.163,157.556,0.000,50,100,-550,300,100,0,-32,-28,76,60,52,0,0,0,0,2,1,0
360,1785849414.0836,0.03336,-8.4396,16.5714,-14.7692,59.8681,-9.2747,2.2487,5.2701,15.8103,-15.8103,-7.9052,-2.6351,0.0000,79.060,237.180,1025.294,-1183.802,-394.601,0.000,50,200,-300,50,50,0,-36,-124,108,68,56,0,0,0,4,0,0,0
361,1785849414.117,0.03341,-8.4396,17.8022,-15.1209,59.5165,-9.4505,2.2487,0.0000,36.8335,-10.5239,-10.5239,-5.2619,0.0000,-157.720,629.166,158.209,-78.371,-78.615,0.000,0,400,-100,-150,-50,0,-40,-36,108,-72,-104,44,1,0,5,2,2,0
362,1785849414.1504,0.03335,-8.4396,18.6813,-15.5604,59.2527,-9.0989,2.2487,0.0000,26.3611,-13.1806,-7.9083,10.5444,0.0000,0.000,-314.023,-79.663,78.429,473.966,0.000,0,350,-150,-150,200,0,-44,96,-24,-20,-28,-44,1,4,0,0,0,1
363,1785849414.1838,0.03343,-8.4396,18.4176,-15.2088,59.6923,-8.6593,2.3148,0.0000,-7.8882,10.5176,13.1470,13.1470,1.9781,0.000,-1024.377,708.798,629.753,77.841,59.165,0,-100,-50,100,50,0,-92,192,-76,76,-60,0,3,12,0,1,1,0
364,1785849414.2172,0.03339,-8.0879,17.9780,-14.6813,59.3407,-8.2198,2.3148,10.5311,-13.1638,15.7966,-10.5311,13.1638,0.0000,315.382,-157.993,158.094,-709.105,0.504,-59.241,150,-100,250,-150,0,0,-88,36,80,-120,-172,40,2,1,3,3,4,0
365,1785849414.2506,0.0334,-7.6484,18.0659,-14.6813,59.8681,-6.9890,2.2487,13.1606,2.6321,0.0000,15.7928,36.8498,-1.9802,78.730,472.938,-472.957,788.147,709.167,-59.288,150,0,50,150,500,-50,-60,100,-28,-156,-32,32,1,4,0,3,0,0
366,1785849414.284,0.03338,-7.2967,17.9780,-14.6813,61.4505,-6.7253,2.2487,10.5339,-2.6335,0.0000,47.4025,7.9004,0.0000,-78.686,-157.735,0.000,946.893,-867.199,59.318,100,-50,0,400,100,0,48,108,76,20,84,20,1,5,3,0,2,0
367,1785849414.3174,0.03341,-7.1209,17.8901,-14.9451,61.6264,-7.1648,2.2487,5.2621,-2.6311,-7.8932,5.2621,-13.1554,0.0000,-157.775,0.072,-236.232,-1261.195,-630.167,0.000,50,0,0,50,-100,0,60,128,164,-24,60,32,0,6,6,0,0,1
368,1785849414.3508,0.03342,-7.3846,17.9780,-15.4725,61.6264,-7.6044,2.2487,-7.8925,2.6308,-15.7850,0.0000,-13.1541,0.0000,-393.661,157.466,-236.166,-157.473,0.037,0.000,-50,50,-250,0,-50,0,-20,44,44,-28,-40,-32,0,1,1,0,0,0
369,1785849414.3841,0.03334,-7.6484,18.1538,-15.4725,61.8022,-7.1648,2.2487,-7.9094,5.2729,0.0000,5.2729,13.1823,0.0000,-0.507,79.236,473.388,158.134,789.826,0.000,-100,50,0,100,50,0,-24,-40,128,-72,108,32,0,0,7,1,3,1
370,1785849414.4176,0.03342,-7.7363,18.4176,-16.0000,62.2418,-7.7802,2.2487,-2.6303,7.8908,-15.7817,13.1514,-18.4120,0.0000,157.948,78.327,-472.180,235.720,-945.285,0.000,-50,50,-100,150,-150,0,0,164,260,-72,120,-28,0,10,14,1,2,0
371,1785849414.451,0.03337,-7.7363,18.4176,-17.1429,63.1209,-8.4835,2.2487,0.0000,0.0000,-34.2515,26.3473,-21.0779,0.0000,78.830,-236.490,-553.543,395.483,-79.897,0.000,0,0,-400,350,-250,0,36,136,124,-132,-92,-32,1,8,3,1,3,1
372,1785849414.4843,0.0334,-7.4725,18.5055,-17.4945,64.0879,-8.0440,2.2487,7.8961,2.6320,-10.5282,28.9524,13.1602,0.0000,236.406,78.802,710.265,77.995,1025.070,0.000,50,50,0,250,50,0,64,140,-64,72,-28,24,2,7,1,3,0,0
373,1785849414.5177,0.03338,-7.4725,18.0659,-16.7912,63.8242,-7.6923,2.2487,0.0000,-13.1698,21.0717,-7.9019,10.5358,0.0000,-236.578,-473.443,946.771,-1104.202,-78.630,0.000,0,-150,150,50,200,0,104,116,-136,148,32,-20,3,4,1,3,0,0
374,1785849414.551,0.03337,-7.7363,17.9780,-15.5604,62.6813,-7.5165,2.2487,-7.9045,-2.6348,36.8876,-34.2528,5.2697,0.0000,-236.906,315.745,474.022,-789.767,-157.833,0.000,-100,-100,450,-350,100,0,28,112,44,28,0,0,0,5,2,0,0,0
375,1785849414.5845,0.0334,-8.0879,17.9780,-15.3846,62.4176,-7.5165,2.2487,-10.5273,0.0000,5.2636,-7.8955,0.0000,0.0000,-78.519,78.879,-946.725,789.057,-157.757,0.000,-100,0,0,0,0,0,60,160,80,48,-24,0,1,12,2,1,0,0
376,1785849414.618,0.03345,-8.3516,17.6264,-15.3846,62.5934,-7.5165,2.2487,-7.8853,-10.5137,0.0000,5.2568,0.0000,0.0000,78.992,-314.341,-157.374,393.231,0.000,0.000,-100,-150,0,200,0,0,20,228,-84,48,-64,0,0,21,1,1,2,0
377,1785849414.6512,0.03333,-8.4396,17.1868,-14.5055,62.5055,-7.1648,2.2487,-2.6375,-13.1877,26.3753,-2.6375,10.5501,0.0000,157.442,-80.224,791.310,-236.846,316.524,0.000,-50,-100,300,0,50,0,-28,48,-48,-32,-28,24,0,0,0,0,0,0
378,1785849414.6847,0.03341,-8.3516,17.0989,-13.8901,62.5055,-6.9011,2.2487,2.6317,-2.6317,18.4219,0.0000,7.8951,0.0000,157.737,315.998,-238.091,78.956,-79.480,0.000,0,-50,100,0,50,0,36,40,116,-72,-32,24,1,1,6,2,0,0
379,1785849414.718,0.03337,-8.3516,17.2747,-14.4176,62.5934,-6.9011,2.2487,0.0000,5.2688,-15.8065,2.6344,0.0000,0.0000,-78.862,236.750,-1025.700,78.944,-236.587,0.000,0,50,-50,-50,0,0,-36,120,168,56,40,-20,1,6,5,2,0,0
380,1785849414.7514,0.03342,-8.3516,17.2747,-15.0330,62.8571,-6.9890,2.2487,0.0000,0.0000,-18.4162,7.8927,-2.6309,0.0000,0.000,-157.677,-78.102,157.361,-78.733,0.000,0,0,-250,200,0,0,-32,172,148,120,-36,0,0,9,8,2,1,0
381,1785849414.7848,0.03338,-8.3516,17.0989,-15.4725,62.4176,-6.9011,2.2487,0.0000,-5.2678,-13.1694,-13.1694,2.6339,0.0000,0.000,-157.824,157.197,-631.029,157.735,0.000,0,-100,-200,-150,50,0,-56,-44,216,-80,-92,0,0,0,12,2,2,0
382,1785849414.8182,0.03338,-8.1758,17.5385,-16.2637,62.8571,-6.3736,2.2487,5.2677,13.1694,-23.7049,13.1694,15.8032,0.0000,157.823,552.382,-315.645,789.118,394.558,0.000,50,150,-300,100,150,0,40,-48,64,48,-32,-20,1,0,1,2,1,0
383,1785849414.8516,0.0334,-8.0879,17.8901,-16.2637,62.7692,-6.1099,2.2487,2.6322,10.5288,0.0000,-2.6322,7.8966,0.0000,-78.912,-79.063,709.751,-473.117,-236.735,0.000,50,50,0,0,50,0,-56,128,0,116,-36,20,1,7,0,3,0,1
384,1785849414.885,0.03342,-8.0000,18.0659,-16.0000,62.1538,-6.1099,2.2487,2.6309,5.2618,7.8926,-18.4162,0.0000,0.0000,-0.039,-157.622,236.197,-472.355,-236.315,0.000,0,50,50,-200,50,0,-20,108,136,-72,-96,0,0,5,9,2,3,0
385,1785849414.9183,0.03336,-7.9121,18.0659,-16.1758,62.5934,-5.8462,2.2487,2.6352,0.0000,-5.2704,13.1760,7.9056,0.0000,0.130,-157.724,-394.569,946.992,236.975,0.000,50,0,-50,-100,0,0,28,68,68,48,-48,-24,0,2,3,2,0,0
386,1785849414.9518,0.03342,-7.8242,17.9780,-16.2637,62.5934,-5.4945,2.2487,2.6303,-2.6303,-2.6303,0.0000,10.5211,0.0000,-0.148,-78.696,78.991,-394.219,78.253,0.000,50,0,0,50,150,0,-32,76,136,0,-20,-52,0,3,7,0,0,1
387,1785849414.9851,0.03335,-7.8242,17.9780,-16.4396,62.5934,-5.3187,2.3810,0.0000,0.0000,-5.2717,0.0000,5.2717,3.9660,-78.863,78.863,-79.196,0.000,-157.392,118.910,0,-50,-100,0,200,50,40,48,64,48,-76,-96,1,1,3,1,0,2
388,1785849415.0186,0.03341,-7.8242,18.0659,-16.4396,62.5934,-4.7912,2.8439,0.0000,2.6311,0.0000,0.0000,15.7867,13.8560,0.000,78.746,157.775,0.000,314.703,295.997,0,50,-50,0,300,250,-40,100,-36,96,28,-156,1,4,0,3,0,3
389,1785849415.0521,0.0335,-7.8242,18.0659,-16.1758,62.2418,-4.6154,3.5053,0.0000,0.0000,7.8717,-10.4955,5.2478,19.7399,0.000,-78.530,234.943,-313.257,-314.551,175.615,0,0,150,-100,50,300,36,36,168,72,-64,44,1,1,9,1,1,2
390,1785849415.0853,0.0333,-7.8242,18.4176,-16.6154,61.8901,-4.5275,3.5714,0.0000,10.5605,-13.2006,-10.5605,2.6401,1.9862,0.000,317.144,-632.826,-1.950,-78.311,-533.166,0,200,-200,-100,0,50,-36,-56,116,76,36,96,1,0,3,1,0,1
391,1785849415.1188,0.03342,-7.6484,19.0330,-17.0549,61.4505,-4.4396,3.1746,5.2617,18.4160,-13.1543,-13.1543,2.6309,-11.8754,157.462,235.085,1.385,-77.623,-0.277,-414.822,50,300,-200,-150,100,-200,-112,72,-20,-56,-36,-28,3,2,0,2,0,0
392,1785849415.1521,0.03335,-7.2967,19.2088,-16.9670,61.5385,-4.3516,3.1746,10.5439,5.2720,2.6360,2.6360,2.6360,0.0000,158.383,-394.114,473.460,473.460,0.154,356.075,150,0,0,50,100,0,-76,100,-20,-88,40,24,2,4,0,1,1,0
393,1785849415.1855,0.03337,-6.9451,19.1209,-16.7033,62.0659,-4.4396,3.1746,10.5374,-2.6343,7.9030,15.8060,-2.6343,0.0000,-0.196,-236.917,157.830,394.649,-157.929,0.000,100,-50,50,300,-50,0,24,20,-72,128,-68,36,0,0,0,5,2,0
394,1785849415.219,0.03345,-6.5934,19.1209,-16.0879,61.2747,-4.0879,3.1746,10.5122,0.0000,18.3963,-23.6524,10.5122,0.0000,-0.753,78.751,313.685,-1179.569,393.001,0.000,150,0,150,-350,50,0,48,36,80,20,-76,-36,0,1,3,0,1,0
395,1785849415.2523,0.03331,-6.6813,19.2967,-16.2637,60.7473,-3.9121,3.3730,-2.6390,5.2780,-5.2780,-15.8341,5.2780,5.9561,-394.782,158.440,-710.674,234.696,-157.122,178.795,-50,50,-50,-300,100,50,48,96,92,-80,116,-256,1,4,3,1,3,12
396,1785849415.2857,0.03342,-7.0330,19.3846,-16.5275,61.3626,-4.3516,4.9603,-10.5217,2.6304,-7.8913,18.4130,-13.1522,47.4940,-235.861,-79.219,-78.192,1024.715,-551.454,1242.862,-150,0,-100,250,-100,600,72,20,64,48,92,-400,1,0,1,1,1,16
397,1785849415.3191,0.03339,-7.3846,19.3846,-16.6154,61.2747,-4.9670,7.6058,-10.5315,0.0000,-2.6329,-2.6329,-18.4302,79.2302,-0.293,-78.779,157.485,-630.305,-158.071,950.470,-100,0,0,-100,-300,1200,-24,68,-84,20,72,-396,0,2,2,0,1,5
398,1785849415.3524,0.03336,-7.4725,19.3846,-16.0000,60.9231,-5.7582,10.4497,-2.6353,0.0000,18.4468,-10.5410,-23.7173,85.2492,236.699,0.000,631.884,-237.054,-158.487,180.427,-50,0,200,-200,-250,1250,44,-40,0,64,84,-360,1,0,0,1,1,3
399,1785849415.3859,0.03341,-7.4725,19.3846,-15.8242,60.8352,-6.2857,12.8307,0.0000,0.0000,5.2633,-2.6317,-15.7900,71.2743,78.887,0.000,-394.649,236.768,237.305,-418.343,0,0,50,0,-150,1150,112,-24,76,-40,-24,-264,4,0,3,1,0,0
400,1785849415.4192,0.03337,-7.7363,19.5604,-16.0879,60.8352,-6.2857,14.7487,-7.9038,5.2692,-7.9038,0.0000,0.0000,57.4797,-236.868,157.912,-394.603,78.868,473.206,-413.406,0,50,-150,100,0,900,128,80,112,-140,64,-84,4,3,2,3,2,0
401,1785849415.4526,0.0334,-8.0879,19.5604,-16.6154,61.8901,-6.6374,15.3439,-10.5277,0.0000,-15.7915,31.5830,-10.5277,17.8203,-78.553,-157.751,-236.142,945.536,-315.179,-1187.327,-150,0,-200,300,-100,200,56,52,-40,52,80,-36,1,1,1,2,2,0
402,1785849415.5716,0.11901,-8.7033,19.7363,-15.4725,61.6264,-7.5165,16.2037,-5.1708,1.4774,9.6030,-2.2161,-7.3869,7.2244,45.011,12.414,213.379,-284.000,26.391,-89.032,0,0,50,0,0,50,68,0,-36,-20,40,-24,2,0,0,0,0,0
403,1785849415.605,0.03333,-8.7033,19.8242,-15.3846,61.6264,-7.5165,16.2698,0.0000,2.6375,2.6375,0.0000,0.0000,1.9842,155.133,34.805,-208.974,66.485,221.618,-157.215,0,0,50,0,0,50,120,-92,96,-108,-76,28,6,3,2,4,2,0
404,1785849415.6383,0.03338,-8.7912,20.5275,-16.2637,62.4176,-7.0769,16.2698,-2.6336,21.0689,-26.3361,23.7025,13.1681,0.0000,-78.896,552.156,-867.973,710.065,394.480,-59.442,-100,300,-450,350,50,0,76,-176,248,-204,-48,48,2,3,8,6,0,1
405,1785849415.6718,0.03345,-8.8791,22.0220,-18.3736,63.8242,-6.6374,16.0714,-2.6279,44.6749,-63.0704,42.0469,13.1397,-5.9311,0.170,705.647,-1098.088,548.365,-0.849,-177.297,0,550,-650,500,200,-150,28,44,140,-84,52,56,1,2,0,0,0,0
406,1785849415.7051,0.03329,-8.8791,22.2857,-19.3407,64.4396,-6.8132,15.7407,0.0000,7.9225,-29.0493,18.4859,-5.2817,-9.9337,78.942,-1104.027,1021.981,-707.764,-553.371,-120.238,0,100,-400,250,-100,-150,0,168,-32,36,48,96,0,7,1,0,0,3
407,1785849415.7384,0.0334,-8.7912,21.4945,-19.0769,64.5275,-6.9890,15.3439,2.6324,-23.6913,7.8971,2.6324,-5.2647,-11.8822,78.821,-946.617,1106.292,-474.706,0.508,-58.343,0,-350,150,50,-50,-100,-32,116,-32,-56,-48,260,0,2,0,1,0,9
408,1785849415.772,0.03342,-8.7033,21.0549,-18.9011,64.9670,-6.8132,13.2937,2.6302,-13.1511,5.2605,13.1511,5.2605,-61.3415,-0.064,315.349,-78.885,314.709,314.901,-1479.764,50,-200,100,100,0,-1000,44,108,68,-96,-32,332,2,4,2,3,0,6
409,1785849415.8053,0.03336,-8.7033,20.8791,-19.0769,65.4945,-6.7253,11.3095,0.0000,-5.2710,-5.2710,15.8131,2.6355,-59.4822,-78.852,236.237,-315.724,79.803,-78.693,55.741,0,-50,-100,100,50,-850,44,140,112,-220,56,236,0,7,5,8,1,0
410,1785849415.8386,0.03338,-8.7033,20.7033,-19.6044,67.5165,-6.9011,9.7884,0.0000,-5.2679,-15.8038,60.5813,-5.2679,-45.5762,0.000,0.093,-315.577,1341.319,-236.799,416.641,0,-50,-250,700,-100,-800,-20,52,192,-104,-60,44,0,1,7,0,2,0
411,1785849415.872,0.03342,-8.7033,20.7033,-20.4835,68.3956,-6.6374,9.3915,0.0000,0.0000,-26.3049,26.3049,7.8915,-11.8738,0.000,157.627,-314.213,-1025.614,393.755,1008.441,0,0,-300,100,0,-100,-108,188,24,44,-88,-160,3,13,0,0,1,5
412,1785849415.9054,0.03337,-8.5275,20.4396,-20.2198,68.3077,-6.2857,10.2513,5.2692,-7.9038,7.9038,-2.6346,10.5384,25.7668,157.912,-236.868,1025.193,-867.281,79.326,1128.038,0,-50,0,-50,100,650,-64,224,-136,-84,120,-232,0,14,3,1,4,3
413,1785849415.9388,0.03338,-8.0879,19.7363,-19.0769,68.9231,-7.3407,11.7725,13.1697,-21.0715,34.2411,18.4375,-31.6072,45.5756,236.705,-394.516,789.092,631.343,-1262.726,593.493,150,-200,450,250,-450,700,-64,184,-140,-120,156,-108,0,9,1,1,2,0
414,1785849415.9722,0.0334,-7.6484,18.7692,-17.6703,69.8901,-8.7473,12.5661,13.1593,-28.9506,42.1099,28.9506,-42.1099,23.7599,-0.309,-235.880,235.571,314.733,-314.424,-653.107,150,-300,450,300,-550,350,44,184,-36,32,40,-20,1,5,0,1,0,0
415,1785849416.0056,0.03337,-7.6484,17.9780,-17.2308,70.0659,-9.0989,12.7646,0.0000,-23.7115,13.1731,5.2692,-10.5385,5.9462,-394.369,157.007,-867.200,-709.700,946.156,-533.856,0,-350,200,100,-100,100,64,184,80,-64,68,-76,1,9,2,1,1,0
416,1785849416.039,0.0334,-7.6484,17.7143,-17.2308,70.7692,-9.3626,13.1614,0.0000,-7.8958,0.0000,21.0556,-7.8958,11.8803,0.000,473.496,-394.380,472.617,79.116,177.658,0,-100,0,200,-200,200,20,116,112,-144,132,-64,0,5,4,2,2,0
417,1785849416.0723,0.0334,-7.9121,17.6264,-17.2308,71.8242,-10.5055,13.4921,-7.8958,-2.6319,0.0000,31.5832,-34.2151,9.9002,-236.386,157.592,0.000,315.178,-787.952,-59.281,-50,-50,0,300,-400,100,0,204,88,88,68,-68,0,20,3,3,1,0
418,1785849416.1058,0.03341,-8.0879,17.2747,-17.2308,71.4725,-11.1209,13.8228,-5.2626,-10.5252,0.0000,-10.5252,-18.4191,9.8979,78.814,-236.255,0.000,-1260.351,472.791,-0.070,-50,-50,0,0,-250,200,-40,344,-24,104,92,-52,1,38,0,1,1,0
419,1785849416.1391,0.03334,-8.0879,16.0440,-16.8791,71.1209,-11.8242,14.0873,0.0000,-36.9198,10.5485,-10.5485,-21.0970,7.9358,157.864,-791.765,316.427,-0.698,-80.328,-58.857,0,-400,100,-150,-250,100,-44,300,192,-88,120,-52,0,26,19,3,2,0
420,1785849416.1726,0.03343,-7.9121,15.2527,-17.4945,72.0000,-12.8791,14.3519,5.2593,-23.6671,-18.4077,26.2967,-31.5561,7.9134,157.320,396.422,-866.154,1102.134,-312.858,-0.671,0,-200,-50,350,-300,150,52,240,320,-256,260,-64,1,21,24,9,8,1
421,1785849416.206,0.0334,-7.9121,14.4615,-19.1648,74.1099,-15.3407,14.6825,0.0000,-23.6876,-50.0071,63.1668,-73.6946,9.9003,-157.457,-0.614,-946.036,1103.834,-1261.563,59.485,50,-250,-600,700,-850,200,72,184,160,-168,304,-72,1,7,3,0,4,1
422,1785849416.2393,0.03336,-8.0879,13.6703,-19.9560,75.9560,-18.1538,15.0794,-5.2708,-23.7187,-23.7187,55.3436,-84.3332,11.8960,-158.008,-0.933,788.068,-234.522,-318.919,59.826,-50,-250,-250,700,-900,200,-36,152,136,-84,184,48,0,7,8,0,0,1
423,1785849416.2728,0.03348,-8.5275,13.2308,-20.4835,76.8352,-19.7363,15.0794,-13.1282,-13.1282,-15.7538,26.2563,-47.2614,0.0000,-234.672,316.303,237.884,-868.738,1107.207,-355.291,-200,-150,-200,250,-650,0,32,200,228,-120,48,-40,0,12,13,2,0,0
424,1785849416.3062,0.03335,-8.7912,12.8791,-21.3626,77.9780,-20.2637,15.2116,-7.9080,-10.5440,-26.3600,34.2679,-15.8160,3.9662,156.524,77.485,-318.020,240.224,942.873,118.924,-100,-50,-350,300,-150,100,-32,296,88,-220,-116,48,0,32,2,4,3,1
425,1785849416.3395,0.03334,-8.7912,12.0879,-21.4505,80.0000,-19.4725,15.1455,0.0000,-23.7283,-2.6365,60.6390,23.7283,-1.9835,237.160,-395.398,711.466,790.868,1185.931,-178.430,0,-300,0,700,300,0,92,240,40,-124,56,88,4,20,1,0,2,2
426,1785849416.373,0.0334,-8.7912,11.2088,-21.4505,81.0549,-19.7363,14.6164,0.0000,-26.3231,0.0000,31.5878,-7.8969,-15.8426,0.000,-77.696,78.943,-869.869,-946.941,-414.979,0,-250,0,300,50,-200,120,232,44,44,180,140,3,23,1,2,5,2
427,1785849416.4063,0.03341,-9.1429,10.1538,-21.3626,80.9670,-21.2308,13.8889,-10.5257,-31.5772,2.6314,-2.6314,-44.7344,-21.7763,-315.062,-157.268,78.766,-1024.268,-1102.639,-177.611,-150,-400,0,100,-500,-250,-56,276,-108,72,52,-64,1,16,1,1,0,1
428,1785849416.4398,0.03345,-9.4066,8.9231,-20.1319,80.6154,-21.6703,14.0212,-7.8851,-36.7971,36.7971,-10.5135,-13.1418,3.9547,78.949,-156.064,1021.475,-235.654,944.543,769.298,-100,-400,400,-150,-50,-50,20,264,-36,-48,28,0,0,20,0,0,0,0
429,1785849416.4731,0.03332,-9.4945,7.7802,-19.4286,80.8791,-21.6703,14.0873,-2.6388,-34.3039,21.1101,7.9163,0.0000,1.9852,157.474,74.836,-470.861,553.186,394.464,-59.118,-50,-400,150,150,150,50,-20,332,44,60,192,100,0,26,1,2,6,1
430,1785849416.5064,0.0334,-9.4066,6.2857,-18.9011,80.7033,-23.2527,13.7566,2.6322,-44.7477,15.7933,-5.2644,-47.3799,-9.9013,157.821,-312.703,-159.193,-394.651,-1418.626,-355.899,0,-550,50,0,-500,-150,-68,412,-176,-48,280,92,2,38,4,1,6,1
431,1785849416.5399,0.03343,-8.7912,4.0000,-17.2308,80.9670,-25.7143,13.0952,18.4086,-68.3750,49.9663,7.8894,-73.6346,-19.7844,471.937,-706.787,1022.253,393.485,-785.383,-295.645,250,-750,600,0,-900,-100,-20,360,-88,-136,288,268,0,21,0,3,2,11
432,1785849416.5732,0.03332,-8.4396,1.5385,-15.9121,81.8462,-28.3516,11.3095,10.5545,-73.8814,39.5793,26.3862,-79.1586,-53.5970,-235.737,-165.270,-311.759,555.168,-165.800,-1014.860,100,-850,450,300,-900,-750,100,304,-28,40,268,416,2,13,0,1,3,13
433,1785849416.6066,0.03341,-8.6154,-0.5714,-15.0330,81.8462,-31.2527,8.6640,-5.2627,-63.1522,26.3134,0.0000,-86.8343,-79.1839,-473.432,321.139,-397.068,-789.779,-229.746,-765.857,0,-650,250,0,-900,-1100,-28,272,-148,56,312,404,0,11,1,1,4,7
434,1785849416.64,0.03337,-8.7912,-2.2418,-13.5385,81.7582,-33.8901,5.6217,-5.2695,-50.0601,44.7906,-2.6347,-79.0422,-91.1791,-0.204,392.374,553.764,-78.964,233.531,-359.497,0,-650,500,0,-850,-1350,-32,208,36,92,312,244,0,6,2,2,5,0
435,1785849416.6733,0.03338,-8.9670,-3.2967,-13.1868,81.4066,-36.7912,3.8360,-5.2670,-31.6022,10.5341,-10.5341,-86.9061,-53.4933,0.073,552.928,-1026.197,-236.634,-235.572,1128.925,-50,-350,50,-100,-1000,-950,28,212,96,-36,312,108,0,14,4,1,4,0
436,1785849416.7068,0.03341,-9.1429,-4.2637,-13.0989,81.4945,-39.6044,3.1746,-5.2619,-28.9406,2.6310,2.6310,-84.1910,-19.7932,0.153,79.653,-236.518,393.993,81.256,1008.553,-50,-350,0,50,-950,-300,20,324,-76,-20,292,0,0,25,1,0,4,0
437,1785849416.7402,0.03337,-8.7912,-5.7582,-12.2198,81.4945,-42.4176,2.9762,10.5377,-44.7854,26.3443,0.0000,-84.3019,-5.9458,473.464,-474.815,710.612,-78.841,-3.325,414.960,150,-450,300,0,-1000,-50,96,204,-160,-28,296,112,4,8,1,0,4,2
438,1785849416.7735,0.03338,-8.8791,-7.1648,-10.6374,81.4945,-45.1429,2.5132,-2.6337,-42.1395,47.4069,0.0000,-81.6453,-13.8697,-394.598,79.267,631.004,0.000,79.589,-237.389,-50,-450,550,0,-900,-200,68,184,-108,-60,172,52,1,4,0,1,0,0
439,1785849416.807,0.03338,-9.2308,-8.3956,-9.4066,82.0220,-47.0769,2.3148,-10.5352,-36.8731,36.8731,15.8028,-57.9434,-5.9443,-236.723,157.778,-315.587,473.441,710.093,237.439,-100,-400,450,250,-750,-50,-32,264,-60,-76,0,40,0,16,0,0,0,1
440,1785849416.8403,0.03338,-9.4945,-9.3626,-8.1758,82.5495,-47.2527,2.2487,-7.9000,-28.9666,36.8666,15.8000,-5.2667,-1.9811,78.935,236.832,-0.194,-0.083,1577.887,118.715,-150,-300,400,300,0,-50,-116,236,-240,124,36,20,3,20,5,4,0,0
441,1785849416.8738,0.03344,-9.1429,-10.8571,-5.9780,81.6703,-47.3407,2.2487,10.5157,-44.6918,65.7233,-26.2893,-2.6289,0.0000,550.705,-470.248,862.932,-1258.642,78.879,59.243,150,-400,800,-300,50,0,-80,228,-216,244,-64,68,4,6,0,8,1,2
442,1785849416.9071,0.03332,-8.2637,-12.3516,-3.6923,80.0000,-47.0769,2.1164,26.3860,-44.8562,68.6036,-50.1334,7.9158,-3.9701,476.332,-4.934,86.451,-715.659,316.491,-119.159,400,-500,850,-600,150,-50,-80,188,-132,108,64,52,1,7,0,0,1,1
443,1785849416.9405,0.03342,-7.5604,-13.3187,-1.7582,78.9451,-47.5165,2.1164,21.0464,-28.9389,57.8777,-31.5697,-13.1540,0.0000,-159.789,476.333,-320.977,555.528,-630.523,118.807,250,-350,600,-450,-200,0,-124,304,-304,152,264,52,1,22,6,5,11,0
444,1785849416.974,0.03341,-6.6813,-15.1648,1.3187,77.8901,-49.7143,2.0503,26.3102,-55.2514,92.0856,-31.5722,-65.7754,-1.9794,157.532,-787.476,1023.767,-0.076,-1574.844,-59.238,300,-550,1050,-300,-850,0,-20,376,-272,268,320,48,0,21,0,9,4,0
445,1785849417.0072,0.03332,-6.3297,-17.6264,4.5714,75.8681,-52.7033,1.9841,10.5527,-73.8692,97.6129,-60.6783,-89.6984,-1.9847,-472.870,-558.711,165.871,-873.456,-717.912,-0.162,100,-800,1150,-700,-1000,-50,24,340,-244,264,252,44,0,17,0,6,0,1
446,1785849417.0406,0.03341,-6.0659,-20.0000,7.5604,73.5824,-55.0769,1.9841,7.8947,-71.0525,89.4736,-68.4210,-71.0525,0.0000,-79.566,84.315,-243.645,-231.770,558.147,59.412,50,-800,1050,-750,-850,0,-92,328,-276,156,196,64,2,13,0,0,1,2
447,1785849417.074,0.03337,-5.8901,-22.5495,10.5495,72.0879,-57.0110,1.9841,5.2691,-76.4017,89.5744,-44.7872,-57.9599,0.0000,-78.685,-160.302,3.021,708.255,392.359,0.000,50,-900,1000,-550,-750,0,0,332,-284,96,320,56,0,12,0,1,8,1
448,1785849417.1074,0.03343,-5.8901,-25.0989,13.7143,71.1209,-59.8242,1.9841,0.0000,-76.2576,94.6646,-28.9253,-84.1463,0.0000,-157.606,4.309,152.256,474.451,-783.273,0.000,0,-850,1050,-350,-950,0,0,320,-256,160,280,44,0,11,0,3,0,1
449,1785849417.1408,0.03336,-5.7143,-27.3846,16.7033,70.0659,-62.4615,1.9841,5.2700,-68.5106,89.5908,-31.6203,-79.0507,0.0000,157.961,232.203,-152.079,-80.778,152.732,0.000,0,-800,1050,-450,-900,0,24,332,-268,-52,176,48,0,13,0,2,0,1
450,1785849417.1741,0.03337,-5.5385,-29.9341,19.7802,70.1538,-64.3077,1.9841,5.2684,-76.3919,92.1971,2.6342,-55.3183,0.0000,-0.049,-236.155,78.095,1026.404,711.121,0.000,50,-800,1050,0,-550,0,84,332,-276,-64,120,68,3,11,0,1,2,2
451,1785849417.2075,0.03337,-5.7143,-32.3077,22.7692,70.8571,-65.4505,1.9841,-5.2692,-71.1341,89.5763,21.0768,-34.2498,0.0000,-315.797,157.567,-78.541,552.697,631.392,0.000,-100,-850,1050,250,-300,0,0,316,-264,-160,208,28,0,10,0,3,4,0
452,1785849417.3238,0.11626,-5.5385,-37.6703,29.4505,71.8242,-68.2637,1.9180,1.5123,-46.1265,57.4690,8.3179,-24.1975,-0.5689,58.331,215.102,-276.169,-109.745,86.464,-4.893,200,-250,300,0,-150,0,24,112,-20,32,44,32,1,4,0,1,1,0
453,1785849417.3571,0.03328,-5.3626,-38.0220,29.9780,71.8242,-68.7033,1.9180,5.2828,-10.5656,15.8484,0.0000,-13.2070,0.0000,113.288,1068.461,-1250.532,-249.919,330.219,17.093,50,-100,200,0,-150,0,-96,-20,112,144,-92,52,4,0,5,7,3,1
454,1785849417.3904,0.03339,-5.0110,-37.8462,29.7143,70.9451,-67.9121,1.9180,10.5313,5.2657,-7.8985,-26.3283,23.6955,0.0000,157.184,474.122,-711.183,-788.491,1105.172,0.000,50,0,-100,-250,200,0,-276,-232,304,272,-288,24,14,8,26,12,13,0
455,1785849417.4239,0.03346,-3.2527,-36.0000,28.1319,69.0110,-65.5385,1.9180,52.5441,55.1713,-47.2897,-57.7985,70.9345,0.0000,1255.528,1491.402,-1177.183,-940.469,1411.712,0.000,650,600,-400,-700,750,0,-220,-252,268,180,-348,60,5,3,10,0,8,1
456,1785849417.4573,0.03338,-1.4066,-33.8901,26.5495,67.2527,-62.6374,1.8519,55.3087,63.2099,-47.4074,-52.6749,86.9136,-1.9814,82.824,240.828,-3.528,153.496,478.716,-59.361,600,750,-600,-700,1050,-50,-156,-52,68,144,-300,-40,1,0,0,2,2,1
457,1785849417.4906,0.03336,0.5275,-32.8352,26.5495,66.1099,-59.9121,1.9180,57.9808,31.6259,0.0000,-34.2614,81.7002,1.9827,80.107,-946.848,1421.213,552.014,-156.292,118.839,650,500,50,-350,900,50,-112,68,-112,120,-308,0,0,1,2,1,5,0
458,1785849417.524,0.03337,1.6703,-32.8352,27.7802,65.4945,-57.2747,1.9841,34.2459,0.0000,36.8803,-18.4401,79.0291,1.9818,-711.219,-947.676,1105.124,474.087,-80.040,-0.027,400,0,350,-200,900,50,-196,108,-156,-36,-304,0,3,4,0,1,3,0
459,1785849417.5574,0.03337,2.6374,-33.2747,29.3626,65.4945,-54.1099,1.9841,28.9758,-13.1708,47.4150,0.0000,94.8299,0.0000,-157.912,-394.646,315.659,552.533,473.450,-59.383,300,-200,550,0,1050,0,-124,68,-124,128,-280,0,1,2,0,6,3,0
460,1785849417.5909,0.0334,3.5165,-33.5385,31.0330,64.7033,-51.6484,1.9841,26.3199,-7.8960,50.0078,-23.6879,73.6957,0.0000,-79.515,157.923,77.626,-709.189,-632.736,0.000,350,-100,600,-250,850,0,0,152,-136,156,-316,0,0,7,0,3,8,0
461,1785849417.6242,0.03341,4.2198,-33.8901,32.9670,63.9121,-48.9231,1.9841,21.0499,-10.5249,57.8871,-23.6811,81.5682,0.0000,-157.734,-78.686,235.830,0.204,235.626,0.000,200,-150,700,-250,900,0,-24,124,-92,-60,-248,24,0,6,0,1,0,0
462,1785849417.6576,0.03338,4.2198,-34.2418,34.4615,64.0879,-46.6374,1.9841,0.0000,-10.5340,44.7695,5.2670,68.4710,0.0000,-630.571,-0.272,-392.952,867.171,-392.340,0.000,0,-100,450,50,700,0,-80,188,-180,108,-168,36,1,7,0,4,1,0
463,1785849417.691,0.03338,4.2198,-35.0330,36.3956,63.6484,-44.7033,1.9841,0.0000,-23.7033,57.9413,-13.1685,57.9413,0.0000,0.000,-394.528,394.603,-552.295,-315.453,0.000,-100,-200,700,-100,750,0,-188,-36,52,104,-304,32,7,0,3,1,11,0
464,1785849417.7244,0.0334,5.1868,-34.8571,36.8352,63.3846,-42.1538,1.9841,28.9505,5.2637,13.1593,-7.8956,76.3241,0.0000,866.706,867.198,-1340.659,157.857,550.336,0.000,350,-50,50,-100,800,0,-88,-40,200,-96,-336,-24,2,0,14,2,5,0
465,1785849417.7579,0.03345,6.5055,-34.3297,36.2198,64.0879,-39.3407,1.9841,39.4256,15.7702,-18.3986,21.0270,84.1079,0.0000,313.180,314.120,-943.510,864.719,232.716,0.000,450,200,-200,250,1000,0,-40,-100,224,24,-296,0,0,1,19,1,2,0
466,1785849417.7911,0.03332,7.0330,-33.5385,35.1648,64.0879,-36.6154,1.9841,15.8293,23.7440,-31.6586,0.0000,81.7848,0.0000,-708.117,239.290,-397.930,-631.014,-69.714,0.000,150,300,-350,50,900,0,20,80,52,56,-276,-32,1,3,0,1,3,0
467,1785849417.8245,0.03338,6.6813,-33.7143,35.1648,63.6484,-34.0659,1.9841,-10.5352,-5.2676,0.0000,-13.1690,76.3805,0.0000,-789.871,-869.175,948.479,-394.539,-161.911,0.000,-100,0,50,-100,900,0,32,288,-136,136,-208,-44,0,24,3,3,0,1
468,1785849417.8579,0.03341,6.5055,-35.3846,36.7473,62.7692,-31.9560,1.9841,-5.2619,-49.9877,47.3567,-26.3093,63.1423,0.0000,157.815,-1338.330,1417.237,-393.246,-396.176,0.000,0,-450,450,-300,700,0,-28,408,-320,-88,-156,36,0,26,8,4,0,0
469,1785849417.8913,0.03335,6.5934,-38.2857,39.8242,63.5604,-30.6374,1.9841,2.6358,-86.9814,92.2530,23.7222,39.5370,0.0000,236.790,-1109.155,1346.091,1500.056,-707.740,0.000,0,-1000,1050,50,550,0,-56,320,-280,-148,-212,-48,0,5,0,2,4,1
470,1785849417.9248,0.03343,7.2088,-41.0110,43.0769,64.5275,-28.5275,2.0503,18.4071,-81.5170,97.2944,28.9254,63.1099,1.9783,471.741,163.450,150.796,155.634,705.100,59.173,250,-850,1100,300,650,0,84,304,-244,44,-296,-40,3,7,0,1,6,0
471,1785849417.9581,0.03337,7.2088,-43.3846,46.1538,64.2637,-26.0659,2.1825,0.0000,-71.1287,92.2038,-7.9032,73.7631,3.9638,-551.590,311.298,-152.546,-1103.614,319.235,59.499,-50,-750,1000,-100,800,50,28,352,-260,200,-164,36,0,16,0,8,0,0
472,1785849417.9915,0.03342,6.8571,-45.9341,49.2308,62.9451,-24.3956,2.1825,-10.5219,-76.2835,92.0663,-39.4570,49.9788,0.0000,-314.830,-154.240,-4.115,-944.138,-711.661,-118.603,-100,-900,1050,-400,450,0,-112,320,-288,192,76,-24,2,8,0,5,3,0
473,1785849418.0249,0.03334,7.1209,-48.7473,52.2198,61.2747,-24.7473,2.1825,7.9109,-84.3826,89.6565,-50.1021,-10.5478,0.0000,552.896,-242.934,-72.284,-319.305,-1815.519,0.000,150,-900,1050,-600,0,0,64,300,-272,204,192,24,1,4,0,4,6,0
474,1785849418.0582,0.03341,7.4725,-51.2967,55.4725,59.4286,-26.2418,2.1825,10.5257,-76.3116,97.3631,-55.2601,-44.7344,0.0000,78.270,241.585,230.678,-154.392,-1023.292,0.000,150,-900,1100,-650,-500,0,36,328,-260,336,200,36,1,10,0,11,3,0
475,1785849418.0919,0.03346,7.5604,-53.8462,58.5495,56.6154,-28.3516,2.1825,2.6274,-76.1950,91.9595,-84.0772,-63.0579,0.0000,-236.056,3.485,-161.496,-861.252,-547.633,0.000,50,-850,1100,-850,-800,0,80,316,-272,320,200,20,3,9,0,5,0,0
476,1785849418.1251,0.03335,6.8571,-56.4835,61.6264,53.8022,-30.1978,2.1825,-21.0912,-79.0921,92.2741,-84.3649,-55.3645,0.0000,-711.300,-86.881,9.435,-8.626,230.720,0.000,-200,-900,1000,-950,-600,0,-64,212,-188,212,88,40,1,0,0,0,0,0
477,1785849418.1584,0.03337,6.7692,-58.4176,63.8242,52.1319,-30.6374,2.1825,-2.6345,-57.9598,65.8634,-50.0562,-13.1727,0.0000,553.107,633.289,-791.472,1028.158,1264.397,0.000,0,-750,900,-550,-150,0,-48,-36,44,36,-116,-28,0,1,3,0,4,0
478,1785849418.1919,0.03342,7.2967,-58.2418,64.2637,51.7802,-29.8462,2.1825,15.7810,5.2603,13.1509,-10.5207,23.6715,0.0000,550.960,1891.432,-1577.064,1182.831,1102.312,0.000,150,0,150,-200,300,0,-24,-132,112,112,-84,0,0,2,5,4,0,0
479,1785849418.2252,0.03336,7.5604,-57.4505,64.2637,51.1648,-29.4945,2.1825,7.9069,23.7206,0.0000,-18.4493,10.5425,0.0000,-236.069,553.442,-394.265,-237.703,-393.612,0.000,150,300,0,-200,250,0,60,-52,40,40,44,-24,1,0,0,0,1,0
480,1785849418.2585,0.03338,7.2967,-56.8352,64.3516,51.0769,-29.5824,2.1825,-7.9010,18.4357,2.6337,-2.6337,-2.6337,0.0000,-473.574,-158.324,78.900,473.807,-394.733,0.000,-150,150,0,0,0,0,44,-164,-28,116,104,24,1,3,0,6,2,0
481,1785849418.2921,0.03344,6.6813,-55.6044,64.7033,50.4615,-30.2857,2.1825,-18.4044,36.8088,10.5168,-18.4044,-21.0336,0.0000,-314.126,549.486,235.762,-471.658,-550.290,0.000,-200,450,150,-300,-300,0,20,32,-36,52,160,0,0,1,0,0,2,0
482,1785849418.3254,0.03334,6.5055,-55.2527,65.2308,50.1099,-31.6044,2.1825,-5.2730,10.5460,15.8190,-10.5460,-39.5475,0.0000,393.813,-787.626,159.014,235.675,-555.235,0.000,-50,50,200,-150,-400,0,52,148,-44,-132,152,0,2,6,0,4,2,0
483,1785849418.3587,0.03334,6.6813,-55.9560,65.5824,51.1648,-33.0110,2.1825,5.2741,-21.0964,10.5482,31.6446,-42.1928,0.0000,316.376,-949.161,-158.105,1265.570,-79.351,0.000,100,-200,250,450,-450,0,112,-64,148,-140,108,0,4,1,8,1,0,0
484,1785849418.3921,0.03339,6.1538,-55.6044,65.4066,52.2198,-33.8901,2.1825,-15.7987,10.5325,-5.2662,31.5974,-26.3311,0.0000,-631.166,947.338,-473.669,-1.415,475.084,0.000,-250,50,-50,300,-250,0,-20,-44,20,60,52,60,0,0,0,3,0,2
485,1785849418.4254,0.03335,5.7143,-55.1648,65.6703,52.2198,-34.1538,2.1825,-13.1788,13.1788,7.9073,0.0000,-7.9073,0.0000,78.548,79.343,394.967,-947.348,552.381,0.000,-250,150,100,50,50,0,56,116,-172,24,208,0,0,3,3,0,6,0
486,1785849418.4589,0.0334,5.5385,-55.9560,67.3407,52.3956,-35.8242,2.1825,-5.2642,-23.6890,50.0102,5.2642,-50.0102,0.0000,236.966,-1103.837,1260.575,157.613,-1260.575,0.000,-50,-400,450,50,-550,0,48,268,-108,-132,176,0,0,9,0,3,1,0
487,1785849418.4922,0.0334,5.5385,-57.6264,68.8352,53.6264,-37.4945,2.1825,0.0000,-50.0156,44.7508,36.8536,-50.0156,0.0000,157.630,-788.308,-157.487,945.896,-0.160,0.000,0,-600,550,450,-550,0,84,140,100,-148,176,-24,2,0,5,0,3,0
488,1785849418.5256,0.03338,4.9231,-58.5934,68.8352,54.8571,-39.0769,2.1825,-18.4357,-28.9703,0.0000,36.8713,-47.4060,0.0000,-552.295,630.472,-1340.642,0.533,78.177,0.000,-200,-350,0,500,-550,0,48,64,84,-68,296,28,1,1,3,0,10,0
489,1785849418.559,0.03336,4.1319,-59.2967,68.6593,55.4725,-41.5385,2.1825,-23.7149,-21.0799,-5.2700,18.4449,-73.7796,0.0000,-158.234,236.500,-157.957,-552.295,-790.496,0.000,-300,-250,-150,250,-850,0,52,-32,48,24,340,-24,1,1,1,0,5,0
490,1785849418.5924,0.0334,3.7802,-58.9451,68.6593,55.6484,-44.6154,2.1825,-10.5277,10.5277,0.0000,5.2638,-92.1173,0.0000,394.800,946.272,157.773,-394.616,-548.994,0.000,-150,-50,0,50,-1000,0,76,-128,140,-92,296,0,2,3,9,2,2,0
491,1785849418.6259,0.03347,3.6923,-57.7143,68.5714,56.2637,-47.5165,2.1825,-2.6264,36.7691,-2.6264,18.3845,-86.6699,0.0000,236.051,783.957,-78.462,391.979,162.739,0.000,0,450,-50,150,-1000,0,72,-116,180,44,296,32,1,1,12,1,5,0
492,1785849418.6592,0.03334,2.9890,-56.4835,68.2198,56.2637,-50.1538,2.1825,-21.0966,36.9190,-10.5483,0.0000,-79.1122,0.0000,-554.046,4.498,-237.632,-551.475,226.707,0.000,-200,500,-150,50,-900,0,-156,-256,168,168,228,0,6,5,10,6,0,0
493,1785849418.6926,0.0334,3.6044,-54.3736,67.6923,55.1209,-52.0879,2.1825,18.4255,63.1732,-15.7933,-34.2188,-57.9088,0.0000,1183.350,786.089,-157.043,-1024.562,634.861,0.000,300,650,-250,-450,-650,0,-84,-156,-32,88,32,-20,1,0,0,0,0,0
494,1785849418.726,0.03335,4.4835,-52.7033,67.9560,54.3297,-52.6154,2.1825,26.3619,50.0875,7.9086,-23.7257,-15.8171,0.0000,237.984,-392.396,710.739,314.654,1262.187,0.000,300,600,100,-350,-50,0,112,-84,124,-56,-28,0,5,0,9,1,0,0
495,1785849418.7594,0.03344,4.0440,-51.3846,68.0440,54.5934,-52.5275,2.1825,-13.1444,39.4332,2.6289,7.8866,2.6289,0.0000,-1181.376,-318.602,-157.881,945.319,551.600,0.000,-100,450,0,100,0,0,56,-120,240,0,28,-20,0,0,27,0,1,0
496,1785849418.7928,0.03342,3.1648,-50.4176,67.3407,54.5934,-52.4396,2.1825,-26.3076,28.9384,-21.0461,0.0000,2.6308,0.0000,-393.908,-314.057,-708.472,-236.007,0.056,0.000,-250,250,-250,-50,50,0,-36,96,64,104,108,28,1,4,2,2,4,0
497,1785849418.8261,0.03334,3.5165,-50.8571,67.3407,53.9780,-53.2308,2.1825,10.5485,-13.1856,0.0000,-18.4598,-23.7340,0.0000,1105.579,-1263.601,631.324,-553.743,-790.871,0.000,0,-50,0,-200,-350,0,132,160,-28,116,236,-36,3,3,0,4,7,0
498,1785849418.8595,0.03339,3.1648,-51.9121,67.9560,53.3626,-55.4286,2.1825,-10.5310,-31.5929,18.4292,-18.4292,-65.8186,0.0000,-631.276,-551.254,551.909,0.916,-1260.328,0.000,-50,-350,200,-200,-750,0,80,56,140,156,160,28,1,0,8,3,0,0
499,1785849418.8931,0.03339,2.1978,-52.0000,67.6044,52.4835,-56.5714,2.1825,-28.9586,-2.6326,-10.5304,-26.3260,-34.2238,0.0000,-551.830,867.242,-867.220,-236.476,946.134,0.000,-400,50,0,-250,-450,0,-64,-40,280,-80,128,36,1,0,20,2,1,1
500,1785849418.9263,0.03336,2.1099,-51.8242,66.1978,52.9231,-57.8022,2.1825,-2.6350,5.2700,-42.1602,13.1751,-36.8901,0.0000,789.003,236.867,-948.046,1183.975,-79.919,0.000,-50,50,-450,-50,-400,0,0,164,136,-184,228,-20,0,9,2,4,6,0
501,1785849418.9597,0.03341,2.8132,-52.6154,65.6703,54.5055,-59.9121,2.1825,21.0530,-23.6846,-15.7898,47.3693,-63.1590,0.0000,709.095,-866.750,789.391,1023.595,-786.353,0.000,350,-250,-100,500,-700,0,44,116,72,-112,196,-20,1,2,3,0,2,0
502,1785849419.0771,0.11733,2.7253,-52.7033,65.4945,56.1758,-65.9780,2.1825,-0.7493,-0.7493,-1.4985,14.2361,-51.6994,0.0000,-185.819,195.476,121.803,-282.391,97.669,0.000,250,0,0,100,-350,0,40,32,124,0,56,20,0,0,9,0,0,0
503,1785849419.1102,0.03321,2.6374,-52.7033,65.4066,56.2637,-66.3297,2.1825,-2.6471,0.0000,-2.6471,2.6471,-10.5883,0.0000,-57.144,22.561,-34.583,-348.951,1237.878,0.000,0,0,-50,0,-150,0,-68,112,136,88,-72,24,2,4,8,2,2,0
504,1785849419.1438,0.03349,2.4615,-52.9670,65.4066,55.5604,-65.7143,2.1825,-5.2506,-7.8759,0.0000,-21.0024,18.3771,0.0000,-77.749,-235.197,79.049,-706.241,864.990,0.000,-200,-50,0,-100,350,0,-120,64,244,280,-268,-24,5,0,25,13,16,0
505,1785849419.177,0.03331,3.3407,-53.2308,64.7912,53.5385,-63.6044,2.1825,26.3899,-7.9170,-18.4729,-60.6968,63.3358,0.0000,949.802,-1.233,-554.531,-1191.568,1349.594,0.000,250,-100,-300,-650,600,0,-164,-68,216,256,-364,0,3,1,17,3,8,0
506,1785849419.2104,0.03338,4.7473,-52.8791,63.4725,51.6044,-60.7033,2.1825,42.1413,10.5353,-39.5075,-57.9443,86.9164,0.0000,471.908,552.828,-630.190,82.466,706.471,0.000,500,200,-400,-700,1000,0,-52,-192,304,72,-300,0,0,5,18,0,2,0
507,1785849419.2439,0.03342,5.5385,-51.2088,61.6264,51.0769,-58.0659,2.1825,23.6777,49.9862,-55.2479,-15.7851,78.9255,0.0000,-552.541,1180.604,-471.047,1261.652,-239.134,0.000,150,450,-650,-300,800,0,-68,28,136,-116,-312,-24,1,1,1,4,8,0
508,1785849419.2772,0.03337,5.9780,-51.0330,61.0110,51.8681,-55.2527,2.1825,13.1737,5.2695,-18.4431,23.7126,84.3114,0.0000,-314.806,-1340.163,1103.041,1183.748,161.414,0.000,200,100,-100,200,900,0,-76,156,-64,-148,-300,20,0,6,1,3,3,0
509,1785849419.3106,0.03341,6.1538,-52.1758,61.7143,52.8352,-52.3516,2.1825,5.2619,-34.2023,21.0476,28.9404,86.8213,0.0000,-236.775,-1181.273,1181.839,156.454,75.113,0.000,50,-450,100,300,1050,0,68,272,-100,56,-272,-24,2,9,0,2,2,0
510,1785849419.344,0.03337,6.3297,-54.0220,63.1209,52.9231,-49.8022,2.1825,5.2686,-55.3201,42.1487,2.6343,76.3945,0.0000,0.200,-632.797,632.296,-788.265,-312.440,0.000,0,-600,450,0,1000,0,100,272,-88,-24,-308,0,2,10,0,0,3,0
511,1785849419.3774,0.03338,5.8022,-56.0440,64.1758,53.0989,-47.0769,2.1825,-15.8024,-60.5760,31.6049,5.2675,81.6459,0.0000,-631.262,-157.460,-315.879,78.887,157.328,0.000,-200,-650,400,0,900,0,-48,264,-148,-156,-256,0,1,4,0,5,1,0
512,1785849419.4107,0.03337,5.4505,-58.5934,65.5824,54.5934,-44.5275,2.1825,-10.5384,-76.4031,42.1535,44.7880,76.4031,0.0000,157.756,-474.314,316.125,1184.371,-157.119,0.000,-150,-850,500,550,950,0,-128,100,68,-148,-140,0,4,0,4,0,0,0
513,1785849419.4442,0.03341,6.2418,-59.2088,65.8462,55.9121,-42.8571,2.1825,23.6838,-18.4208,7.8946,39.4731,49.9992,0.0000,1024.399,1735.630,-1025.495,-159.097,-790.368,0.000,350,-50,50,350,550,0,-140,52,124,-108,-220,-24,3,1,7,1,3,0
514,1785849419.4775,0.03337,7.9121,-59.3846,65.7582,57.0549,-41.2747,2.1825,50.0544,-5.2689,-2.6344,34.2477,47.4200,0.0000,790.240,394.120,-315.522,-156.586,-77.293,0.000,600,0,-50,350,600,0,-40,220,0,-124,-64,20,0,13,0,0,0,0
515,1785849419.5109,0.03339,8.2637,-60.7912,66.3736,57.7582,-40.5714,2.1825,10.5300,-42.1199,18.4275,21.0600,21.0600,0.0000,-1183.544,-1103.491,630.691,-394.903,-789.340,0.000,150,-450,50,300,250,0,132,352,-196,76,-120,0,6,17,3,2,3,0
516,1785849419.5443,0.03342,7.4725,-63.6044,68.2198,57.5824,-39.5165,2.1825,-23.6732,-84.1715,55.2376,-5.2607,31.5643,0.0000,-1023.372,-1258.198,1101.371,-787.524,314.294,0.000,-350,-1050,650,-100,400,0,168,316,-192,48,-264,-40,3,3,0,0,8,0
517,1785849419.5777,0.03337,6.0659,-66.4176,70.5055,57.4066,-37.1429,2.1825,-42.1510,-84.3020,68.4954,-5.2689,71.1298,0.0000,-553.718,-3.910,397.293,-0.244,1185.648,0.000,-450,-1000,800,0,700,0,-48,292,-156,152,-160,-28,1,5,0,6,0,0
518,1785849419.6111,0.03341,5.8901,-68.8791,72.7033,56.3516,-35.9121,2.1825,-5.2620,-73.6686,65.7756,-31.5723,36.8343,0.0000,1104.008,318.234,-81.398,-787.205,-1026.391,0.000,-50,-800,650,-350,450,0,92,328,-308,260,60,-44,3,9,4,9,2,1
519,1785849419.6445,0.03337,5.9780,-71.9560,75.7802,54.2418,-36.5275,2.3148,2.6347,-92.2159,92.2159,-63.2338,-18.4432,3.9643,236.668,-555.865,792.422,-948.900,-1656.676,118.811,50,-1050,1050,-750,-250,50,180,284,-288,212,196,44,5,2,0,0,6,0
520,1785849419.6779,0.0334,4.3077,-74.5055,79.0330,52.4835,-37.8462,2.3148,-50.0110,-76.3326,97.3899,-52.6432,-39.4824,0.0000,-1576.256,475.559,154.912,317.091,-629.930,-118.695,-400,-950,1050,-700,-450,0,-36,328,-264,36,228,-20,1,7,0,0,5,0
521,1785849419.7113,0.03338,3.9560,-77.4066,81.8462,52.1319,-39.6044,2.3148,-10.5350,-86.9135,84.2798,-10.5350,-52.6749,0.0000,1182.656,-316.992,-392.763,1261.512,-395.231,0.000,-100,-950,950,-100,-600,0,-40,320,-220,-100,196,48,0,5,0,2,2,1
522,1785849419.7447,0.03346,4.7473,-80.2198,84.4835,52.8352,-41.6264,2.2487,23.6491,-84.0855,78.8302,21.0214,-60.4365,-1.9768,1021.753,84.528,-162.887,943.212,-231.993,-59.087,350,-950,900,250,-650,0,112,292,-116,40,192,-24,6,4,0,1,2,0
523,1785849419.7781,0.03335,4.2198,-82.6813,86.4176,52.7473,-43.2967,2.2487,-15.8160,-73.8082,57.9921,-2.6360,-50.0841,0.0000,-1183.344,308.162,-624.820,-709.356,310.411,59.275,50,-850,650,50,-600,0,28,320,-268,100,252,-20,0,7,3,3,4,0
524,1785849419.8115,0.03341,3.7802,-86.0220,88.9670,52.0440,-45.4945,2.2487,-13.1580,-100.0006,76.3163,-21.0528,-65.7899,0.0000,79.567,-784.055,548.522,-551.295,-470.143,0.000,-200,-1150,750,-250,-750,0,-24,280,-296,-40,248,56,0,3,1,1,1,2
525,1785849419.8449,0.0334,4.0440,-88.7473,92.0440,52.3956,-47.7802,2.1825,7.8952,-81.5833,92.1102,10.5269,-68.4247,-1.9799,630.243,551.337,472.804,945.362,-78.875,-59.269,100,-900,1050,150,-750,-50,104,284,-116,-204,224,32,4,2,0,7,3,0
526,1785849419.8782,0.03335,3.9560,-90.7692,94.1538,54.2418,-49.9780,2.1825,-2.6358,-60.6225,63.2583,55.3510,-65.8940,0.0000,-315.736,628.442,-865.032,1343.907,75.874,59.360,-200,-750,700,500,-750,0,112,276,84,-216,256,56,3,5,6,3,5,1
527,1785849419.9116,0.03342,2.7253,-92.8791,94.2418,56.4396,-52.3516,2.1825,-36.8277,-63.1332,2.6305,65.7637,-71.0248,0.0000,-1023.107,-75.125,-1814.132,311.575,-153.526,0.000,-400,-800,-150,700,-750,0,-24,28,180,-328,348,36,1,0,13,6,7,0
528,1785849419.945,0.03338,2.4615,-93.8462,93.4505,59.0769,-55.4286,2.1825,-7.9018,-28.9732,-23.7053,79.0178,-92.1875,0.0000,866.647,1023.464,-789.048,397.105,-634.052,0.000,-50,-350,-300,900,-1000,0,-24,-140,56,-276,300,-24,0,5,0,1,3,0
529,1785849419.9784,0.03341,2.7253,-93.4066,93.2747,61.5385,-58.3297,2.1825,7.8933,13.1555,-5.2622,73.6706,-86.8261,0.0000,472.726,1260.856,551.980,-160.035,160.459,0.000,150,150,-50,850,-1000,0,52,72,48,-256,284,48,0,2,2,3,4,1
530,1785849420.0119,0.03338,2.8132,-93.1429,93.7143,64.3516,-60.8791,2.1825,2.6336,7.9008,13.1680,84.2754,-76.3745,0.0000,-157.565,-157.415,552.118,317.689,313.100,0.000,100,100,100,1150,-800,0,108,212,128,-100,316,-28,3,9,9,0,5,0
531,1785849420.0453,0.03348,2.0220,-94.6374,93.7143,65.4945,-63.6923,2.1825,-23.6348,-44.6434,0.0000,34.1391,-84.0347,0.0000,-784.681,-1569.586,-393.351,-1497.656,-228.822,0.000,-250,-500,0,350,-950,0,36,124,-36,-76,252,52,0,0,0,0,0,1
532,1785849420.0786,0.03332,1.2308,-95.7802,93.6264,66.0220,-66.3297,2.1825,-23.7432,-34.2958,-2.6381,15.8288,-79.1442,0.0000,-3.256,310.520,-79.167,-549.469,146.759,0.000,-250,-300,0,200,-750,0,-32,-136,108,-164,180,36,1,5,4,2,2,0
533,1785849420.112,0.0334,1.2308,-94.9011,93.4505,67.6044,-67.6484,2.1825,0.0000,26.3184,-5.2637,47.3731,-39.4776,0.0000,710.806,1814.618,-78.601,944.347,1187.505,0.000,0,100,-50,500,-450,0,80,-168,140,-44,248,-20,2,1,7,0,5,0
534,1785849420.1454,0.0334,1.2308,-92.9670,93.3626,68.2198,-70.1978,2.1825,0.0000,57.9084,-2.6322,18.4254,-76.3338,0.0000,0.000,945.843,78.790,-866.731,-1103.520,0.000,50,800,-50,150,-800,0,40,20,96,44,280,24,0,0,4,1,3,1
535,1785849420.1787,0.0333,0.5275,-92.9670,93.2747,68.1319,-72.4835,2.1825,-21.1172,0.0000,-2.6396,-2.6396,-68.6309,0.0000,-634.065,-1738.757,-0.224,-632.499,231.287,0.000,-250,0,0,-50,-800,0,-60,100,92,92,264,36,2,2,4,2,6,1
536,1785849420.2121,0.03341,0.6154,-93.9341,93.1868,67.6923,-75.0330,2.1825,2.6315,-28.9467,-2.6315,-13.1576,-76.3140,0.0000,710.882,-866.477,0.243,-314.839,-229.984,0.000,-50,-350,-50,-200,-800,0,-48,-104,-48,104,328,20,1,4,1,3,6,1
537,1785849420.2455,0.03337,1.1429,-93.4945,93.4505,66.9890,-78.0220,2.1825,15.8047,13.1706,7.9023,-21.0729,-89.5598,0.0000,394.707,1261.960,315.626,-237.166,-396.883,0.000,250,50,100,-250,-1000,0,-40,-88,108,164,164,-24,0,1,5,4,0,0
538,1785849420.279,0.03344,1.2308,-92.1758,93.5385,66.0220,-79.5165,2.1825,2.6289,39.4339,2.6289,-28.9182,-44.6918,0.0000,-394.008,785.382,-157.696,-234.607,1341.736,0.000,50,600,0,-300,-350,0,68,108,72,-40,-44,24,1,4,2,1,2,0
539,1785849420.3123,0.03337,1.1429,-92.7912,93.5385,66.2857,-79.6044,2.1825,-2.6346,-18.4421,0.0000,7.9038,-2.6346,0.0000,-157.740,-1734.459,-78.785,1103.499,1260.391,0.000,0,-300,0,-50,-100,0,48,104,-84,-144,-156,-20,0,1,1,3,5,0
540,1785849420.3457,0.03339,0.6154,-94.0220,94.1538,67.3407,-78.4615,2.1825,-15.7959,-36.8572,18.4286,31.5919,34.2245,0.0000,-394.136,-551.466,551.872,709.375,1103.801,0.000,-200,-500,150,300,400,0,-80,-60,-20,-72,-108,-44,1,2,0,0,1,1
541,1785849420.3791,0.0334,0.9670,-93.4945,94.7692,67.8681,-77.4945,2.2487,10.5278,15.7917,18.4237,15.7917,28.9515,1.9801,788.094,1576.231,-0.147,-473.033,-157.866,59.280,100,150,200,100,300,0,-68,60,-28,128,-64,20,1,2,0,5,1,0
542,1785849420.4124,0.03337,1.7582,-93.4945,95.1209,67.1648,-77.1429,2.2487,23.7100,0.0000,10.5378,-21.0756,10.5378,0.0000,395.029,-473.229,-236.316,-1104.797,-551.801,-59.336,400,-50,100,-50,250,0,80,112,-28,188,32,-56,2,4,0,6,0,1
543,1785849420.4459,0.03339,1.1429,-94.7253,95.3846,65.7582,-77.1429,2.3810,-18.4326,-36.8652,7.8997,-42.1316,0.0000,3.9620,-1262.296,-1104.221,-79.019,-630.691,-315.638,118.675,-150,-450,100,-500,0,100,104,160,-64,196,0,44,1,4,1,3,0,1
544,1785849420.4793,0.03342,0.2637,-95.7802,96.0000,64.4396,-77.1429,2.3810,-26.3019,-31.5623,18.4113,-39.4528,0.0000,0.0000,-235.437,158.654,314.492,80.145,0.000,-118.538,-250,-350,150,-400,0,0,-68,152,-176,-32,72,64,1,1,4,2,2,1
545,1785849420.5127,0.03343,0.3516,-97.0989,96.7033,64.6154,-77.4945,2.2487,2.6299,-39.4484,21.0391,5.2598,-10.5196,-3.9570,865.495,-235.913,78.611,1337.580,-314.693,-118.374,100,-450,350,-100,0,-100,-76,56,-100,-164,248,-20,1,0,1,4,9,0
546,1785849420.5461,0.03336,1.1429,-97.7143,97.0549,66.0220,-79.5165,2.2487,23.7140,-18.4443,10.5396,42.1583,-60.6025,0.0000,631.932,629.534,-314.692,1105.918,-1501.082,118.599,250,-300,200,400,-650,0,44,92,0,-168,180,32,0,2,0,2,0,1
547,1785849420.5795,0.0334,1.0549,-97.7143,96.9670,67.5165,-81.2747,2.2487,-2.6321,0.0000,-2.6321,44.7457,-52.6420,0.0000,-788.807,552.224,-394.362,77.468,238.339,0.000,0,50,0,550,-450,0,80,132,-24,-164,152,28,2,4,1,2,3,0
548,1785849420.6129,0.03337,0.5275,-98.8571,96.8791,69.0989,-82.5055,2.2487,-15.8078,-34.2503,-2.6346,47.4235,-36.8849,0.0000,-394.864,-1026.448,-0.076,80.250,472.224,0.000,-200,-450,-50,550,-300,0,68,164,-60,-132,308,-24,0,2,1,0,10,1
549,1785849420.6462,0.03339,0.0879,-100.0000,96.9670,70.4176,-85.0549,2.2487,-13.1643,-34.2272,2.6329,39.4930,-76.3531,0.0000,79.170,0.691,157.756,-237.510,-1182.024,0.000,-150,-350,50,550,-900,0,-48,-40,-24,-36,268,40,1,1,1,0,1,0
550,1785849420.6798,0.03346,0.1758,-100.2637,97.0549,70.9451,-87.5165,2.2487,2.6271,-7.8814,2.6271,15.7628,-73.5599,0.0000,471.907,787.311,-0.171,-709.144,83.470,0.000,0,-150,0,200,-750,0,52,-136,-92,-100,92,-36,1,4,4,2,0,0
551,1785849420.713,0.03328,0.3516,-99.3846,97.0549,72.0000,-88.8352,2.2487,5.2825,26.4127,0.0000,31.6952,-39.6190,0.0000,79.780,1030.346,-78.931,478.679,1019.734,0.000,50,300,0,450,-550,0,80,-56,72,-128,-36,-40,2,0,1,0,0,0
552,1785849420.8302,0.11725,-0.1758,-99.3846,96.6154,73.7582,-89.3626,2.4471,-4.4985,0.0000,-3.7488,14.9950,-4.4985,1.6921,-83.417,-225.259,-31.971,-142.426,299.523,14.431,100,200,0,100,-100,0,48,44,20,-24,24,0,1,1,1,0,0,0
553,1785849420.8636,0.03333,-0.1758,-99.2967,96.6154,73.9341,-89.5385,2.4471,0.0000,2.6380,0.0000,5.2759,-5.2759,0.0000,134.985,79.156,112.488,-291.639,-23.327,-50.776,50,0,0,100,-50,0,-68,-80,-20,92,-76,80,1,3,0,3,1,2
554,1785849420.897,0.03341,-0.1758,-99.2088,96.6154,73.3187,-88.8352,2.2487,0.0000,2.6317,0.0000,-18.4219,21.0536,-5.9396,0.000,-0.187,0.000,-709.406,788.187,-177.805,-50,-50,0,-250,300,-100,-20,-172,68,56,52,40,0,3,3,0,2,0
555,1785849420.9303,0.03336,0.2637,-97.7143,96.5275,73.0549,-88.8352,2.1164,13.1779,44.8049,-2.6356,-7.9067,0.0000,-3.9656,395.070,1264.342,-79.014,315.241,-631.181,59.181,150,500,0,0,50,-50,40,24,60,-52,-24,20,0,1,1,0,0,0
556,1785849420.9637,0.03338,0.4396,-97.1868,96.2637,73.4066,-88.8352,2.1164,5.2679,15.8036,-7.9018,10.5358,0.0000,0.0000,-236.993,-868.908,-157.782,552.557,0.000,118.813,50,-50,-100,200,-50,0,-20,88,96,64,-128,24,0,1,2,2,3,0
557,1785849420.9971,0.03341,0.4396,-98.2418,95.6484,73.0549,-87.9560,2.1164,0.0000,-31.5742,-18.4183,-10.5247,26.3118,0.0000,-157.666,-1418.003,-314.754,-630.334,787.505,0.000,0,-350,-200,-150,300,0,20,52,92,24,60,56,0,0,1,0,1,1
558,1785849421.0305,0.03339,0.2637,-98.4176,95.3846,72.9670,-88.0440,2.1164,-5.2665,-5.2665,-7.8997,-2.6332,-2.6332,0.0000,-157.747,787.996,315.063,236.374,-866.993,0.000,-50,-100,-100,0,-50,0,24,140,-20,-36,-44,36,0,3,0,0,0,0
559,1785849421.0639,0.03339,0.2637,-98.9451,95.4725,73.1429,-88.0440,2.1164,0.0000,-15.7966,2.6328,5.2655,0.0000,0.0000,157.719,-315.356,315.425,236.551,78.860,0.000,0,-250,0,100,0,0,76,-80,32,36,36,20,2,3,1,1,0,0
560,1785849421.0973,0.03341,0.0000,-98.9451,95.4725,73.0549,-88.1319,2.1164,-7.8928,0.0000,0.0000,-2.6309,-2.6309,0.0000,-236.210,472.747,-78.791,-236.319,-78.737,0.000,-50,-300,0,-50,-50,0,32,-136,-36,-36,-88,-28,0,1,1,0,3,0
561,1785849421.1307,0.03339,-0.5275,-97.5385,95.5604,73.3187,-87.5165,2.1164,-15.7990,42.1306,2.6332,7.8995,18.4322,0.0000,-236.807,1261.908,78.869,315.411,630.888,0.000,-200,400,0,150,100,0,-80,60,-88,32,-160,32,1,1,2,0,3,0
562,1785849421.1641,0.03338,-0.1758,-97.6264,96.0000,73.4066,-86.3736,2.1164,10.5358,-2.6339,13.1697,2.6339,34.2413,0.0000,789.019,-1341.196,315.687,-157.762,473.658,0.000,50,-50,100,50,450,0,24,-28,-152,32,64,52,0,0,3,0,2,1
563,1785849421.1975,0.03339,0.2637,-98.1538,96.7033,73.3187,-86.9011,2.1164,13.1641,-15.7969,21.0625,-2.6328,-15.7969,0.0000,78.713,-394.207,236.375,-157.730,-1498.554,0.000,150,-350,250,-50,-250,0,40,36,40,32,68,-40,1,0,1,1,0,0
564,1785849421.2309,0.03338,0.0000,-97.6264,96.7033,73.3187,-87.2527,2.1164,-7.9017,15.8035,0.0000,0.0000,-10.5357,0.0000,-631.149,946.772,-631.049,78.881,157.630,0.000,-100,200,0,0,-200,0,72,40,40,20,-48,32,2,0,1,0,0,1
565,1785849421.2642,0.03338,-0.2637,-97.6264,96.7033,73.3187,-86.9011,2.1164,-7.9016,0.0000,0.0000,0.0000,10.5355,0.0000,0.003,-473.479,0.000,0.000,631.300,0.000,-100,0,0,0,150,0,28,-36,76,-48,80,44,0,1,1,1,2,0
566,1785849421.2977,0.03344,-0.3516,-97.8022,96.5275,73.4945,-87.5165,2.1164,-2.6292,-5.2584,-5.2584,5.2584,-18.4044,0.0000,157.684,-157.264,-157.264,157.264,-865.512,0.000,-50,0,-50,50,-250,0,52,-88,108,28,112,28,0,2,3,0,0,0
567,1785849421.331,0.03337,-0.4396,-97.5385,95.8242,73.4945,-88.3956,2.1164,-2.6347,7.9040,-21.0773,0.0000,-26.3467,0.0000,-0.164,394.468,-474.082,-157.591,-238.023,0.000,0,50,-200,0,-400,0,-48,-40,56,-20,-56,24,2,0,0,0,1,0
568,1785849421.3645,0.03344,-0.5275,-96.9231,95.5604,73.4945,-87.9560,2.1164,-2.6289,18.4024,-7.8867,0.0000,13.1446,0.0000,0.172,313.943,394.450,0.000,1180.942,0.000,-50,250,-50,0,150,0,-28,-64,-44,64,-88,64,0,1,1,2,1,2
569,1785849421.3979,0.03334,-0.5275,-96.3077,95.5604,73.4945,-87.4286,2.1164,0.0000,18.4580,0.0000,0.0000,15.8211,0.0000,78.852,1.667,236.557,0.000,80.281,0.000,0,200,0,0,200,0,80,-168,-44,-24,20,-28,1,4,1,0,1,0
570,1785849421.4312,0.0334,-0.7033,-95.3407,95.8242,73.7582,-87.3407,2.1164,-5.2646,28.9554,7.8969,7.8969,2.6323,0.0000,-157.635,314.317,236.453,236.453,-394.906,0.000,-50,250,100,100,100,0,-40,44,-72,-68,52,32,1,2,0,0,0,0
571,1785849421.4647,0.03346,-0.8791,-94.9011,96.0879,74.2857,-87.6923,2.1164,-5.2549,13.1372,7.8823,15.7646,-10.5097,0.0000,0.291,-472.759,-0.437,235.141,-392.776,0.000,-50,300,50,250,-200,0,20,204,92,100,44,32,0,8,2,3,0,0
572,1785849421.498,0.03331,-0.7033,-96.6593,95.7363,73.9341,-87.9560,2.1164,5.2780,-52.7797,-10.5559,-10.5559,-7.9170,0.0000,316.180,-1978.724,-553.488,-790.102,77.831,0.000,0,-750,0,-150,-50,0,60,20,108,-20,-48,36,1,0,1,0,1,1
573,1785849421.5314,0.03341,-0.7033,-97.0989,95.3846,73.7582,-87.8681,2.1164,0.0000,-13.1582,-10.5265,-5.2633,2.6316,0.0000,-157.995,1186.064,0.881,158.435,315.770,0.000,50,-250,-150,-50,50,0,-44,-136,68,40,-28,60,1,4,3,0,0,1
574,1785849421.5648,0.03335,-1.0549,-95.7802,95.3846,73.9341,-87.5165,2.1164,-10.5457,39.5464,0.0000,5.2729,10.5457,0.0000,-316.259,1580.577,315.684,315.972,237.338,0.000,-100,300,0,50,150,0,-24,-64,20,-40,68,24,0,0,1,0,1,0
575,1785849421.5981,0.0334,-1.1429,-95.5165,95.6484,74.1099,-87.6044,2.1164,-2.6321,7.8964,7.8964,5.2643,-2.6321,0.0000,236.937,-947.618,236.423,-0.257,-394.552,0.000,-100,50,50,0,-50,0,-64,56,-156,-52,44,40,1,0,4,1,0,1
576,1785849421.6315,0.03341,-0.9670,-96.3077,96.3516,74.1099,-87.8681,2.1164,5.2632,-23.6844,21.0528,0.0000,-7.8948,0.0000,236.343,-945.356,393.830,-157.583,-157.535,0.000,50,-300,250,50,-100,0,-28,-36,-48,128,-40,36,0,0,0,3,1,0
577,1785849421.6649,0.03337,-0.4396,-96.2198,96.6154,73.4066,-87.8681,2.1164,15.8054,2.6342,7.9027,-21.0739,0.0000,0.0000,315.893,788.625,-394.036,-631.470,236.564,0.000,200,0,50,-250,-50,0,28,-92,72,-64,32,44,0,1,1,3,0,1
578,1785849421.6983,0.03341,-0.4396,-95.6044,96.6154,73.5824,-88.3956,2.1164,0.0000,18.4187,0.0000,5.2625,-15.7874,0.0000,-473.063,472.434,-236.531,788.258,-472.524,0.000,50,150,0,0,-250,0,52,52,0,-44,64,44,1,0,0,0,1,1
579,1785849421.7318,0.03338,-0.7912,-95.3407,96.6154,73.7582,-88.6593,2.0503,-10.5342,7.9006,0.0000,5.2671,-7.9006,-1.9813,-315.569,-315.085,0.000,0.138,236.262,-59.352,-150,50,0,50,-150,-50,-48,-48,36,36,40,32,1,1,0,0,0,0
580,1785849421.765,0.03337,-0.7912,-95.4286,96.6154,73.6703,-88.9231,1.9841,0.0000,-2.6347,0.0000,-2.6347,-7.9042,-1.9822,315.712,-315.748,0.000,-236.820,-0.108,-0.027,0,-50,0,0,-100,0,24,-64,80,84,-44,64,0,1,2,3,1,1
581,1785849421.7984,0.0334,-0.5275,-94.9011,96.0879,73.3187,-88.7473,1.9841,7.8955,15.7911,-15.7911,-10.5274,5.2637,0.0000,236.370,551.618,-472.741,-236.283,394.211,59.340,50,200,-100,-100,50,0,-28,40,72,24,-48,-24,0,1,1,0,0,0
582,1785849421.8319,0.03341,-0.2637,-94.9011,95.8242,73.5824,-88.4835,1.9841,7.8949,0.0000,-7.8949,7.8949,7.8949,0.0000,-0.018,-472.705,236.370,551.471,78.766,0.000,100,-50,-150,50,50,0,-56,-68,-44,-48,48,40,1,1,1,0,0,0
583,1785849421.8652,0.03337,-0.2637,-94.7253,96.0000,73.7582,-88.7473,1.9841,0.0000,5.2684,5.2684,5.2684,-7.9026,0.0000,-236.564,157.862,394.426,-78.702,-473.357,0.000,0,-50,100,0,-100,0,52,-48,-96,80,-32,-20,1,0,4,1,0,0
584,1785849421.8987,0.0334,-0.2637,-93.9341,96.4396,73.4066,-88.7473,1.9841,0.0000,23.6903,13.1613,-10.5290,0.0000,0.0000,0.000,551.586,236.328,-473.004,236.618,0.000,0,350,150,-150,0,0,56,80,36,68,56,-20,1,1,1,2,0,0
585,1785849421.932,0.03338,-0.6154,-94.5495,96.5275,73.1429,-89.1868,1.9841,-10.5332,-18.4332,2.6333,-7.8999,-13.1666,0.0000,-315.512,-1261.763,-315.354,78.751,-394.390,0.000,-100,-250,0,-100,-200,0,-56,-88,184,-36,20,0,1,2,6,1,0,0
586,1785849421.9654,0.03337,-0.6154,-94.1099,95.5604,73.1429,-89.1868,1.9841,0.0000,13.1713,-28.9769,0.0000,0.0000,0.0000,315.626,947.020,-947.191,236.719,394.532,0.000,-50,-50,-350,0,0,0,-56,-84,64,-60,-32,60,1,0,0,1,0,1
587,1785849421.9989,0.03339,-0.0879,-93.0549,95.3846,73.5824,-89.1868,1.9841,15.7961,31.5921,-5.2654,13.1634,0.0000,0.0000,473.041,551.644,710.082,394.200,0.000,0.000,200,450,-150,100,0,0,52,128,0,-24,-88,-20,1,5,0,0,1,0
588,1785849422.0322,0.0334,0.0000,-93.9341,95.3846,73.6703,-88.9231,1.9841,2.6317,-26.3172,0.0000,2.6317,7.8952,0.0000,-394.085,-1733.560,157.623,-315.274,236.347,0.000,50,-350,0,50,100,0,0,52,76,60,40,20,0,0,3,2,1,0
589,1785849422.0656,0.03337,-0.4396,-94.6374,95.3846,73.2308,-88.7473,1.9841,-13.1718,-21.0749,0.0000,-13.1718,5.2687,0.0000,-473.566,157.090,0.000,-473.566,-78.703,0.000,-150,-500,0,-200,0,0,-68,-88,48,140,24,32,2,2,1,3,0,0
590,1785849422.099,0.03342,-0.3516,-93.9341,95.3846,72.3516,-88.8352,1.9841,2.6309,21.0470,0.0000,-26.3088,-2.6309,0.0000,472.915,1260.552,0.000,-393.142,-236.406,0.000,50,200,0,-350,0,0,20,-60,-20,-48,44,28,0,1,0,2,1,0
591,1785849422.1324,0.03342,0.0879,-93.7582,95.3846,72.4396,-89.1868,1.9841,13.1519,5.2608,0.0000,2.6304,-10.5215,0.0000,314.795,-472.335,0.000,865.877,-236.093,0.000,200,0,0,0,-100,0,72,24,-56,-40,64,20,2,0,0,0,2,0
592,1785849422.1659,0.03338,-0.3516,-93.9341,95.7363,72.7912,-89.4505,1.9841,-13.1696,-5.2679,10.5357,10.5357,-7.9018,0.0000,-788.619,-315.448,315.660,236.851,78.490,0.000,-200,-100,100,100,-200,0,24,64,48,-32,60,32,0,1,2,0,0,0
593,1785849422.1991,0.03333,-0.8791,-94.2857,95.7363,72.9670,-89.8022,1.9841,-15.8274,-10.5516,0.0000,5.2758,-10.5516,0.0000,-79.748,-158.544,-316.136,-157.830,-79.510,0.000,-150,-150,-50,150,-150,0,-20,20,108,-24,-36,28,1,0,3,1,1,0
594,1785849422.2325,0.03341,-0.7912,-94.2857,95.5604,73.0549,-89.8022,1.9841,2.6314,0.0000,-5.2627,2.6314,0.0000,0.0000,552.504,315.828,-157.523,-79.153,315.828,0.000,0,0,-100,0,0,0,-32,-40,-32,-68,-60,20,1,0,0,1,1,0
595,1785849422.2659,0.03337,-0.4396,-94.0220,95.5604,73.4066,-89.6264,1.9841,10.5370,7.9027,0.0000,10.5370,5.2685,0.0000,236.888,236.802,157.695,236.888,157.868,0.000,100,150,0,150,50,0,-72,-48,100,60,-104,-20,1,0,3,2,1,0
596,1785849422.2993,0.03341,-0.0879,-93.4945,95.4725,73.3187,-88.9231,1.9841,10.5251,15.7877,-2.6313,-2.6313,21.0503,0.0000,-0.354,236.005,-78.757,-394.138,472.363,0.000,100,200,-50,-50,250,0,-44,84,60,-20,116,44,0,2,2,0,3,0
597,1785849422.3327,0.03338,0.0879,-94.1099,95.4725,73.4066,-89.7143,1.9841,5.2668,-18.4339,0.0000,2.6334,-23.7008,0.0000,-157.513,-1025.113,78.821,157.705,-1340.523,0.000,100,-150,-50,0,-300,0,76,96,20,-68,52,-32,2,0,1,0,0,0
598,1785849422.366,0.03337,0.0879,-94.8132,95.4725,73.6703,-90.4176,1.9841,0.0000,-21.0749,0.0000,7.9031,-21.0749,0.0000,-157.825,-79.139,0.000,157.910,78.686,0.000,50,-200,0,100,-350,0,76,-92,80,56,-60,24,0,3,1,1,1,0
599,1785849422.3994,0.03341,-0.5275,-94.1978,95.4725,73.4945,-89.9780,1.9841,-18.4177,18.4177,0.0000,-5.2622,13.1555,0.0000,-551.218,1181.962,0.000,-394.020,1024.472,0.000,-250,100,0,-100,100,0,-48,84,28,-56,-44,20,1,3,0,1,0,0
600,1785849422.4329,0.03336,-0.7912,-94.3736,95.4725,73.7582,-89.7143,1.9841,-7.9056,-5.2704,0.0000,7.9056,7.9056,0.0000,315.103,-710.056,0.000,394.707,-157.368,0.000,-200,0,0,50,50,0,-56,72,-28,0,24,32,1,0,0,0,0,0
601,1785849422.4662,0.0334,-0.1758,-94.9890,95.5604,73.6703,-89.8901,1.9841,18.4252,-18.4252,2.6322,-2.6322,-5.2643,0.0000,788.367,-393.867,78.810,-315.510,-394.319,0.000,200,-250,0,-50,-100,0,-20,-20,-76,-52,-112,28,0,0,0,0,2,0
602,1785849422.5863,0.12012,-0.0879,-96.3956,95.3846,74.6374,-88.6593,1.9841,0.7319,-11.7098,-1.4637,8.0505,10.2461,0.0000,-147.295,55.905,-34.098,88.932,129.123,0.000,50,0,0,50,0,0,-24,28,72,0,20,32,0,0,3,0,0,0
603,1785849422.6197,0.03333,0.2637,-96.0440,95.3846,74.7253,-88.8352,1.9841,10.5500,10.5500,0.0000,2.6375,-5.2750,0.0000,294.559,667.828,43.914,-162.397,-465.656,0.000,150,100,0,50,-100,0,24,-64,64,108,56,40,0,1,2,4,1,1
604,1785849422.653,0.03337,0.1758,-95.8681,95.3846,74.0220,-89.0110,1.9841,-2.6343,5.2687,0.0000,-21.0747,-5.2687,0.0000,-395.077,-158.258,0.000,-710.553,0.189,0.000,-50,0,0,-100,-50,0,-60,-272,100,108,-40,-28,2,18,4,0,1,0
605,1785849422.6864,0.0334,0.1758,-93.8462,95.2088,73.0549,-88.8352,1.9841,0.0000,60.5403,-5.2644,-28.9541,5.2644,0.0000,78.875,1654.896,-157.621,-235.916,315.372,0.000,-50,750,-50,-350,100,0,-60,-192,108,-60,108,28,0,1,4,1,4,0
606,1785849422.7198,0.03337,0.8791,-92.0879,95.2088,73.4066,-89.6264,1.9841,21.0738,52.6844,0.0000,10.5369,-23.7080,0.0000,631.459,-235.397,157.743,1183.317,-868.135,0.000,200,550,0,200,-50,0,40,40,60,0,88,52,0,2,2,0,0,1
607,1785849422.7532,0.0334,0.9670,-92.3516,95.2088,73.4945,-89.9780,1.9841,2.6322,-7.8966,0.0000,2.6322,-10.5287,0.0000,-552.161,-1813.861,0.000,-236.675,394.601,0.000,0,150,-50,50,-100,0,-32,40,52,44,-96,32,0,0,1,1,3,0
608,1785849422.7867,0.03341,0.8791,-92.8791,95.2088,73.3187,-89.2747,1.9841,-2.6310,-15.7862,0.0000,-5.2621,21.0483,0.0000,-157.518,-236.123,0.000,-236.260,945.041,0.000,-50,-200,0,-100,200,0,20,-64,128,-32,44,40,0,2,9,0,1,0
609,1785849422.82,0.03336,0.8791,-92.6154,95.0330,73.4066,-89.1868,1.9841,0.0000,7.9046,-5.2698,2.6349,2.6349,0.0000,78.857,710.056,-157.943,236.685,-551.882,0.000,0,150,-50,0,50,0,-92,32,104,-20,28,48,3,1,4,0,0,1
610,1785849422.8534,0.03344,1.2308,-92.4396,95.0330,73.4945,-89.1868,1.9841,10.5173,5.2587,0.0000,2.6293,0.0000,0.0000,314.560,-79.137,157.611,-0.166,-78.806,0.000,150,100,0,100,50,0,-160,-28,156,0,56,52,4,0,10,0,1,1
611,1785849422.8868,0.03339,2.6374,-92.4396,94.9451,73.4945,-89.3626,1.9841,42.1273,0.0000,-2.6330,0.0000,-5.2659,0.0000,946.715,-157.497,-78.857,-78.748,-157.713,0.000,400,50,-50,0,-100,0,96,-64,-56,-32,-44,32,4,2,1,0,1,1
612,1785849422.9202,0.03337,2.2857,-92.1758,95.3846,73.4945,-89.5385,1.9841,-10.5367,7.9025,13.1709,0.0000,-5.2684,0.0000,-1578.012,236.789,473.542,0.000,-0.073,0.000,-50,100,200,0,-150,0,60,-72,-40,32,24,48,0,0,0,1,0,1
613,1785849422.9536,0.03343,1.4066,-91.8242,95.6484,73.4066,-89.2747,1.9841,-26.2975,10.5190,7.8892,-2.6297,7.8892,0.0000,-471.458,78.267,-157.992,-78.665,393.588,0.000,-250,50,150,0,150,0,0,-72,84,-60,-20,44,0,2,2,1,0,1
614,1785849422.987,0.03334,1.7582,-91.8242,95.3846,73.4066,-89.5385,1.9841,10.5473,0.0000,-7.9105,0.0000,-7.9105,0.0000,1105.124,-315.507,-473.898,78.877,-473.898,0.000,0,0,-50,0,-150,0,32,-24,120,-28,-44,56,0,0,4,0,1,2
615,1785849423.0203,0.03341,1.9341,-91.7363,95.0330,73.7582,-89.4505,1.9841,5.2634,2.6317,-10.5267,10.5267,2.6317,0.0000,-158.178,78.781,-78.318,315.122,315.585,0.000,50,50,-100,200,0,0,-36,-72,100,68,-36,44,1,1,4,1,0,1
616,1785849423.0538,0.03339,1.9341,-91.3846,94.9451,73.4945,-89.1868,1.9841,0.0000,10.5314,-2.6328,-7.8985,7.8985,0.0000,-157.630,236.584,236.411,-551.810,157.734,0.000,0,200,-50,-150,50,0,20,-56,180,0,-32,32,0,0,10,0,1,1
617,1785849423.0871,0.03338,2.0220,-90.9451,94.5934,73.4945,-89.0989,1.9841,2.6338,13.1690,-10.5352,0.0000,2.6338,0.0000,78.907,79.021,-236.749,236.635,-157.728,0.000,0,150,-150,0,0,0,48,64,44,-36,24,32,1,1,1,0,0,0
618,1785849423.1205,0.03339,1.9341,-91.3846,94.5055,73.6703,-89.0989,1.9841,-2.6329,-13.1643,-2.6329,5.2657,0.0000,0.0000,-157.731,-788.653,236.665,157.703,-78.879,0.000,0,-150,-50,50,0,0,120,128,32,-24,56,24,4,2,1,0,1,0
619,1785849423.1539,0.03337,1.1429,-92.0879,94.5055,73.7582,-89.5385,1.9841,-23.7070,-21.0729,0.0000,2.6341,-13.1706,0.0000,-631.447,-236.966,78.889,-78.851,-394.631,0.000,-300,-250,0,0,-150,0,-32,64,96,-52,40,28,1,0,4,1,0,0
620,1785849423.1873,0.03337,0.7033,-92.8791,94.5055,73.9341,-89.5385,1.9841,-13.1709,-23.7077,0.0000,5.2684,0.0000,0.0000,315.703,-78.947,0.000,78.932,394.641,0.000,50,-400,0,50,0,0,-160,-36,56,0,-40,40,6,1,2,0,0,0
621,1785849423.2206,0.03337,1.8462,-92.8791,94.5055,74.0220,-89.5385,1.9841,34.2443,0.0000,0.0000,2.6342,0.0000,0.0000,1420.736,710.370,0.000,-78.930,0.000,0.000,350,0,0,50,0,0,0,-36,-20,60,-20,20,0,0,0,2,0,0
622,1785849423.254,0.0334,2.2857,-92.4396,94.6813,73.7582,-89.8901,1.9841,13.1611,13.1611,5.2644,-7.8967,-10.5289,0.0000,-631.262,394.063,157.625,-315.309,-315.250,0.000,50,150,50,-100,-200,0,68,28,0,52,32,48,2,0,0,0,0,2
623,1785849423.2874,0.03343,1.4066,-92.7033,94.8571,73.4945,-89.8901,1.9841,-26.3002,-7.8901,5.2600,-7.8901,0.0000,0.0000,-1180.545,-629.777,-0.131,0.197,314.987,0.000,-350,50,50,-200,50,0,36,60,84,-56,28,36,0,0,4,0,0,1
624,1785849423.3208,0.03336,1.3187,-93.1429,94.9451,74.0220,-89.9780,1.9841,-2.6355,-13.1774,2.6355,15.8129,-2.6355,0.0000,709.437,-158.508,-78.681,710.584,-79.008,0.000,-100,-200,0,200,-100,0,-48,36,-24,-44,-44,24,1,0,0,0,1,0
625,1785849423.3543,0.03342,1.9341,-93.2308,95.0330,74.2857,-89.9780,1.9841,18.4116,-2.6302,2.6302,7.8907,0.0000,0.0000,629.708,315.561,-0.157,-237.024,78.851,0.000,250,-50,50,100,0,0,44,-52,68,52,-32,64,1,1,2,1,0,1
626,1785849423.3877,0.03336,1.9341,-92.7912,95.0330,74.1978,-90.1538,1.9841,0.0000,13.1751,0.0000,-2.6350,-5.2701,0.0000,-551.861,473.742,-78.837,-315.493,-157.962,0.000,0,200,0,0,-100,0,36,-120,132,40,36,0,0,2,7,1,1,0
627,1785849423.421,0.03341,1.5824,-92.0000,94.7692,74.0220,-89.9780,1.9841,-10.5240,23.6790,-7.8930,-5.2620,5.2620,0.0000,-314.959,314.357,-236.220,-78.619,315.200,0.000,-100,300,-50,-100,100,0,60,40,204,76,124,32,2,1,14,3,3,0
628,1785849423.4544,0.0334,1.4066,-91.5604,94.0659,73.4066,-90.8571,1.9841,-5.2649,13.1623,-21.0596,-18.4272,-26.3245,0.0000,157.480,-314.916,-394.263,-394.220,-945.832,0.000,-50,150,-250,-200,-300,0,84,24,84,192,56,40,0,0,3,7,0,1
629,1785849423.4878,0.0334,1.0549,-92.0000,93.9780,72.0879,-91.3846,1.9841,-10.5291,-13.1614,-2.6323,-39.4843,-15.7937,0.0000,-157.623,-788.191,551.756,-630.498,315.316,0.000,-150,-150,-50,-450,-200,0,-40,-112,-48,28,-112,28,0,4,1,0,3,0
630,1785849423.5212,0.03338,0.7912,-91.5604,94.3297,71.5604,-90.6813,1.9841,-7.9010,13.1684,10.5347,-15.8020,21.0694,0.0000,78.734,788.788,394.456,709.473,1104.345,0.000,-150,100,100,-300,350,0,-68,20,56,-144,52,0,2,1,2,2,1,0
631,1785849423.5546,0.03341,1.4066,-91.0330,94.5055,72.8791,-90.9451,1.9841,18.4210,15.7894,5.2631,39.4736,-7.8947,0.0000,787.926,78.459,-157.799,1654.625,-867.014,0.000,200,250,50,400,-50,0,64,72,20,-24,-60,20,2,2,0,0,1,0
632,1785849423.588,0.03339,1.4945,-91.6484,94.8571,73.0549,-90.7692,1.9841,2.6330,-18.4307,10.5318,5.2659,5.2659,0.0000,-472.850,-1024.888,157.796,-1024.514,394.159,0.000,0,-250,50,0,150,0,24,-68,-112,36,-112,24,0,2,1,0,1,0
633,1785849423.6214,0.03336,0.7912,-91.3846,95.4725,72.7912,-89.6264,1.9841,-21.0838,7.9064,18.4483,-7.9064,34.2612,0.0000,-710.993,789.548,237.325,-394.887,869.235,0.000,-250,-150,250,-150,300,0,-84,-80,68,-68,-80,44,2,0,3,1,1,1
634,1785849423.6548,0.03344,1.3187,-91.0330,95.3846,73.0549,-89.3626,1.9841,15.7748,10.5166,-2.6291,7.8874,7.8874,0.0000,1102.311,78.060,-630.352,472.338,-788.745,0.000,150,150,-50,50,150,0,52,20,160,-112,-40,60,1,0,5,1,0,1
635,1785849423.6881,0.03331,1.4945,-91.1209,94.9451,73.9341,-89.0989,1.9841,5.2792,-2.6396,-13.1980,26.3960,7.9188,0.0000,-315.136,-395.020,-317.336,555.730,0.943,0.000,50,-50,-250,300,100,0,28,68,-20,136,20,-28,0,1,0,5,0,0
636,1785849423.7215,0.03338,1.4066,-91.4725,95.1209,73.2308,-89.0989,1.9841,-2.6337,-10.5347,5.2673,-21.0693,0.0000,0.0000,-237.053,-236.520,553.184,-1421.964,-237.231,0.000,-100,-150,50,-150,0,0,-24,-56,-24,144,-24,20,0,1,0,2,0,0
637,1785849423.7549,0.03341,1.2308,-91.2967,95.2967,72.4396,-88.8352,1.9841,-5.2619,5.2619,5.2619,-23.6785,7.8928,0.0000,-78.655,472.744,-0.163,-78.086,236.209,0.000,0,50,50,-250,50,0,20,-28,108,-76,28,32,0,0,4,2,0,0
638,1785849423.7883,0.03339,1.2308,-91.2088,95.2088,72.7912,-89.0989,1.9841,0.0000,2.6327,-2.6327,10.5307,-7.8980,0.0000,157.576,-78.736,-236.415,1024.449,-472.882,0.000,0,50,0,200,-100,0,0,28,108,-20,32,-20,0,1,4,0,1,0
639,1785849423.8216,0.03335,1.3187,-91.2967,95.1209,73.0549,-89.0989,1.9841,2.6358,-2.6358,-2.6358,7.9075,0.0000,0.0000,79.030,-157.965,-0.095,-78.649,236.804,0.000,50,-50,-50,150,0,0,40,48,140,108,44,44,0,0,8,3,1,1
640,1785849423.855,0.0334,1.3187,-91.3846,95.0330,72.4396,-89.1868,1.9841,0.0000,-2.6317,-2.6317,-18.4222,-2.6317,0.0000,-78.907,0.123,0.123,-788.207,-78.784,0.000,0,0,-50,-200,0,0,-32,60,68,-44,40,-20,1,1,2,1,1,0
641,1785849423.8884,0.0334,1.3187,-91.8242,94.9451,72.7033,-89.1868,1.9841,0.0000,-13.1622,-2.6324,7.8973,0.0000,0.0000,0.000,-315.323,-0.021,788.109,78.805,0.000,0,-150,0,150,0,0,-44,-36,-48,-20,-32,28,1,1,0,0,0,0
642,1785849423.9219,0.03345,1.4066,-91.7363,95.1209,72.8791,-89.0110,1.9841,2.6282,2.6282,5.2564,5.2564,5.2564,0.0000,78.572,472.064,235.842,-78.952,157.143,0.000,50,100,50,100,50,0,48,68,-20,-28,48,44,0,1,0,0,1,1
643,1785849423.9552,0.03333,1.3187,-92.0000,95.3846,73.0549,-89.3626,1.9841,-2.6375,-7.9126,7.9126,5.2750,-10.5501,0.0000,-157.981,-316.242,79.690,0.560,-474.223,0.000,0,50,100,0,-200,0,92,96,-68,-52,40,-24,1,0,0,0,0,0
644,1785849423.9887,0.03344,0.5275,-93.0549,95.7363,73.2308,-89.4505,1.9841,-23.6622,-31.5496,10.5165,5.2583,-2.6291,0.0000,-628.774,-706.900,77.876,-0.502,236.887,0.000,-300,-300,100,0,0,0,-48,-84,80,96,-32,48,0,2,3,2,0,1
645,1785849424.022,0.03338,0.5275,-92.6154,95.4725,72.7033,-89.2747,1.9841,0.0000,13.1685,-7.9011,-15.8022,5.2674,0.0000,708.880,1339.679,-551.761,-630.935,236.567,0.000,0,200,-50,-200,50,0,0,-36,180,-48,-52,24,0,0,7,1,1,0
646,1785849424.0554,0.03335,0.8791,-92.0000,94.9451,72.8791,-89.3626,1.9841,10.5448,18.4535,-15.8173,5.2724,-2.6362,0.0000,316.207,158.480,-237.381,631.962,-237.004,0.000,200,300,-200,50,0,0,-20,-32,84,32,-64,20,0,0,3,1,1,0
647,1785849424.0888,0.0334,0.8791,-92.3516,94.8571,72.7912,-88.9231,1.9841,0.0000,-10.5293,-2.6323,-2.6323,13.1617,0.0000,-315.742,-867.828,394.794,-236.691,473.034,0.000,0,-50,-50,-50,100,0,-60,-40,-52,44,60,0,2,0,0,1,1,0
648,1785849424.1222,0.03338,0.7033,-92.4396,95.1209,72.5275,-89.0110,1.9841,-5.2667,-2.6333,7.9000,-7.9000,-2.6333,0.0000,-157.759,236.519,315.489,-157.790,-473.128,0.000,-50,0,100,-100,-50,0,44,-100,104,-56,56,32,1,2,4,1,0,0
649,1785849424.1556,0.03342,0.9670,-91.4725,95.2088,72.7912,-89.7143,1.9841,7.8923,28.9384,2.6308,7.8923,-21.0461,0.0000,393.781,944.782,-157.682,472.584,-551.001,0.000,0,300,0,100,-250,0,32,28,0,-60,-52,-24,0,0,0,0,1,0
650,1785849424.189,0.0334,1.0549,-91.7363,95.2088,73.2308,-89.7143,1.9841,2.6322,-7.8966,0.0000,13.1611,0.0000,0.0000,-157.494,-1102.895,-78.769,157.755,630.151,0.000,50,-100,0,150,50,0,-36,96,-28,60,-56,52,1,2,0,1,1,1
651,1785849424.2223,0.03335,1.0549,-92.3516,95.4725,73.2308,-89.1868,1.9841,0.0000,-18.4506,7.9074,0.0000,15.8148,0.0000,-78.920,-316.433,237.083,-394.599,474.165,0.000,0,-250,50,0,200,0,48,60,24,-28,52,28,1,0,1,0,1,0
652,1785849424.3418,0.11939,0.7912,-92.8791,95.4725,73.1429,-89.3626,1.9841,-2.2090,-4.4180,0.0000,-0.7363,-1.4727,0.0000,-18.502,117.534,-66.230,-6.167,-144.795,0.000,0,0,0,0,0,0,20,28,32,20,0,36,0,0,0,0,0,0
653,1785849424.375,0.03324,0.8791,-92.8791,95.4725,73.1429,-89.3626,1.9841,2.6444,0.0000,0.0000,0.0000,0.0000,0.0000,145.992,132.893,0.000,22.149,44.298,0.000,0,0,0,0,0,0,-56,-84,-96,104,-80,32,1,2,4,5,2,1
654,1785849424.4084,0.03337,1.0549,-92.4396,96.0000,72.3516,-88.8352,1.9841,5.2691,13.1726,15.8072,-23.7107,15.8072,0.0000,78.654,394.754,473.705,-710.557,473.705,0.000,50,100,250,-300,100,0,40,40,-116,112,-212,64,1,1,2,1,5,2
655,1785849424.4418,0.03339,1.2308,-92.2637,96.2637,71.6484,-87.3407,1.9841,5.2661,5.2661,7.8992,-21.0646,44.7623,0.0000,-0.087,-236.809,-236.852,79.255,867.241,0.000,0,100,100,-200,550,0,-60,-36,76,-28,28,-20,1,0,2,1,1,0
656,1785849424.4751,0.03336,1.2308,-92.2637,96.2637,71.7363,-86.9011,1.9841,0.0000,0.0000,0.0000,2.6356,13.1779,0.0000,-157.878,-157.878,-236.817,710.526,-946.892,0.000,0,50,0,0,250,0,-56,-108,100,-20,116,-20,0,3,3,0,2,0
657,1785849424.5085,0.03342,1.2308,-91.3846,95.7363,71.9121,-87.5165,1.9841,0.0000,26.3061,-15.7836,5.2612,-18.4142,0.0000,0.000,787.160,-472.296,78.567,-945.337,0.000,0,250,-200,50,-200,0,68,72,116,-32,-72,48,2,2,2,0,1,0
658,1785849424.5419,0.03338,1.3187,-91.5604,95.4725,72.0879,-87.3407,1.9841,2.6334,-5.2669,-7.9003,5.2669,5.2669,0.0000,78.885,-945.776,236.148,0.169,709.375,0.000,0,-50,-150,50,150,0,56,76,-80,-44,-104,36,1,1,2,1,1,0
659,1785849424.5753,0.03338,0.9670,-92.4396,95.9121,72.1758,-86.4615,1.9841,-10.5346,-26.3365,13.1683,2.6337,26.3365,0.0000,-394.485,-631.200,631.167,-78.885,631.200,0.000,-150,-300,100,50,300,0,-44,52,-96,40,-52,24,1,0,0,1,0,0
660,1785849424.6086,0.03336,0.9670,-92.7912,96.2637,72.0879,-85.7582,1.9841,0.0000,-10.5402,10.5402,-2.6351,21.0805,0.0000,315.762,473.474,-78.771,-157.924,-157.543,0.000,-100,-250,100,-50,250,0,-116,-136,40,-20,-48,44,2,5,1,0,0,1
661,1785849424.642,0.03341,2.1099,-92.0000,96.3516,72.0879,-85.5824,1.9841,34.2120,23.6852,2.6317,0.0000,5.2634,0.0000,1024.150,1024.554,-236.746,78.882,-473.493,0.000,350,250,50,0,50,0,84,-32,108,32,-32,40,3,0,2,0,0,1
662,1785849424.6754,0.03337,1.9341,-91.3846,95.8242,72.0879,-85.4945,1.9841,-5.2694,18.4429,-15.8082,0.0000,2.6347,0.0000,-1183.247,-157.109,-552.640,0.000,-78.781,0.000,-100,200,-150,0,-50,0,20,-60,60,52,-44,28,0,1,0,1,0,0
663,1785849424.7088,0.03344,1.6703,-91.1209,95.5604,71.9121,-85.1429,1.9841,-7.8877,7.8877,-7.8877,-5.2584,10.5169,0.0000,-78.305,-315.681,236.883,-157.266,235.735,0.000,-200,200,-50,-50,150,0,-108,-92,52,-36,-36,48,2,1,0,0,0,1
664,1785849424.7422,0.03337,2.2857,-90.5934,95.5604,71.8242,-85.2308,1.9841,18.4430,15.8083,0.0000,-2.6347,-2.6347,0.0000,789.129,237.382,236.393,78.633,-394.153,0.000,250,250,0,-50,-150,0,-52,44,80,24,-36,-24,0,0,3,0,1,0
665,1785849424.7757,0.03337,2.5495,-90.7692,95.5604,71.9121,-85.2308,1.9841,7.9028,-5.2685,0.0000,2.6343,0.0000,0.0000,-315.836,-631.560,0.000,157.883,78.948,0.000,50,-50,0,0,0,0,-76,52,-32,24,-40,24,1,0,1,0,0,0
666,1785849424.809,0.03342,3.1648,-91.1209,95.6484,71.8242,-84.8791,1.9841,18.4150,-10.5229,2.6307,-2.6307,10.5229,0.0000,314.573,-157.234,78.723,-157.551,314.891,0.000,150,-150,0,-50,150,0,-48,-60,-96,-44,-40,32,0,1,2,0,1,0
667,1785849424.8424,0.03337,3.6923,-90.9451,96.0879,72.0879,-84.9670,1.9841,15.8055,5.2685,13.1712,7.9027,-2.6342,0.0000,-78.194,473.181,315.842,315.630,-394.247,0.000,200,0,250,100,-50,0,64,-28,44,20,44,-28,1,0,0,1,0,0
668,1785849424.8758,0.03339,3.4286,-90.7692,96.0879,72.0879,-85.0549,1.9841,-7.8995,5.2663,0.0000,0.0000,-2.6332,0.0000,-710.019,-0.064,-394.509,-236.705,0.032,0.000,-150,50,0,0,-50,0,36,56,192,24,120,28,0,0,7,0,2,0
669,1785849424.9091,0.03336,3.1648,-91.2088,95.2967,72.0879,-86.0220,1.9841,-7.9052,-13.1753,-23.7156,0.0000,-28.9857,0.0000,-0.171,-552.768,-710.848,0.000,-789.888,0.000,-150,-150,-250,0,-400,0,-48,128,56,68,-64,24,1,2,0,2,1,0
670,1785849424.9426,0.03343,3.1648,-91.8242,95.2088,71.8242,-85.5824,1.9841,0.0000,-18.4093,-2.6299,-7.8897,13.1495,0.0000,236.485,-156.576,630.782,-236.022,1260.482,0.000,-50,-200,0,-150,150,0,-32,-36,-60,-36,-120,28,0,0,1,0,2,0
671,1785849424.9759,0.03335,3.2527,-92.1758,95.4725,71.9121,-84.9670,1.9841,2.6358,-10.5432,7.9074,2.6358,18.4507,0.0000,79.028,235.844,315.934,315.580,158.941,0.000,50,-100,100,-50,200,0,56,-48,0,-28,64,-24,1,1,0,0,3,0
672,1785849425.0093,0.03339,3.3407,-91.7363,95.5604,72.1758,-85.0549,1.9841,2.6326,13.1628,2.6326,7.8977,-2.6326,0.0000,-0.097,709.888,-157.958,157.569,-631.346,0.000,0,250,0,100,100,0,72,40,0,-32,160,36,1,1,0,0,3,1
673,1785849425.0428,0.03352,2.8132,-92.0879,95.5604,72.3516,-86.0220,1.9841,-15.7362,-10.4908,0.0000,5.2454,-28.8496,0.0000,-547.996,-705.660,-78.538,-79.127,-782.137,0.000,-200,0,0,50,-350,0,-20,-56,0,-48,-32,-20,0,1,0,0,0,0
674,1785849425.0761,0.03333,2.5495,-92.0879,95.5604,72.7033,-86.0220,1.9841,-7.9118,0.0000,0.0000,10.5491,0.0000,0.0000,234.722,314.713,0.000,159.107,865.462,0.000,-100,0,0,100,50,0,-68,-96,68,-60,-40,32,1,3,2,1,0,0
675,1785849425.1096,0.03338,2.9011,-91.5604,95.4725,72.9670,-86.1099,1.9841,10.5341,15.8011,-2.6335,7.9005,-2.6335,0.0000,552.570,473.341,-78.890,-79.341,-78.890,0.000,150,100,0,100,0,0,-64,-100,144,40,-128,-24,0,1,5,1,2,0
676,1785849425.1429,0.03338,3.1648,-90.8571,94.9451,72.7912,-85.2308,1.9841,7.9005,21.0679,-15.8009,-5.2670,26.3349,0.0000,-78.892,157.772,-394.441,-394.445,867.774,0.000,100,250,-150,-100,300,0,-56,32,52,52,52,0,1,0,2,0,2,0
677,1785849425.1763,0.03336,3.5165,-91.1209,94.9451,72.4396,-85.2308,1.9841,10.5397,-7.9047,0.0000,-10.5397,0.0000,0.0000,79.103,-868.372,473.588,-158.034,-789.313,0.000,100,-100,0,-100,-100,0,56,48,20,24,68,48,0,0,0,0,0,0
678,1785849425.2098,0.03344,3.6923,-91.2967,95.2088,72.4396,-85.5824,1.9841,5.2571,-5.2571,7.8857,0.0000,-10.5143,0.0000,-157.947,79.163,235.782,315.135,-314.376,0.000,50,-50,50,0,-100,0,92,72,0,-32,112,32,1,0,0,0,2,1
679,1785849425.2431,0.03339,3.0769,-91.5604,95.3846,72.6154,-86.3736,1.9841,-18.4316,-7.8993,5.2662,5.2662,-23.6978,0.0000,-709.512,-79.136,-78.458,157.730,-394.866,0.000,-250,0,50,50,-350,0,-100,-44,136,-52,-64,-28,3,1,8,0,1,0
680,1785849425.2765,0.03341,3.3407,-91.5604,94.9451,72.8791,-85.9341,1.9841,7.8939,0.0000,-13.1565,7.8939,13.1565,0.0000,787.949,236.433,-551.408,78.650,1103.085,0.000,100,0,-50,50,100,0,48,-92,220,64,-36,0,2,4,13,1,0,0
681,1785849425.3098,0.03331,3.8681,-90.8571,94.1538,72.7912,-86.0220,1.9841,15.8340,21.1120,-23.7510,-2.6390,-2.6390,0.0000,238.352,633.754,-318.034,-316.183,-474.159,0.000,100,250,-350,50,0,0,88,-48,44,72,-28,40,2,0,1,1,0,1
682,1785849425.3433,0.03341,3.0769,-90.9451,94.0659,72.5275,-85.9341,1.9841,-23.6821,-2.6313,-2.6313,-7.8940,2.6313,0.0000,-1182.782,-710.677,632.146,-157.292,157.750,0.000,-150,-50,0,-150,0,0,-36,32,-116,-44,88,-28,1,0,2,0,2,0
683,1785849425.3766,0.03337,2.9011,-91.1209,95.0330,72.7033,-86.2857,1.9841,-5.2683,-5.2683,28.9757,5.2683,-10.5366,0.0000,551.743,-79.012,947.057,394.390,-394.558,0.000,-50,-50,300,50,-50,0,-64,84,-28,-28,-36,36,2,1,0,0,0,0
684,1785849425.41,0.0334,3.4286,-91.6484,95.3846,72.9670,-86.3736,1.9841,15.7906,-15.7906,10.5271,7.8953,-2.6318,0.0000,630.428,-315.000,-552.284,78.643,236.642,0.000,250,-300,150,0,0,0,28,-52,84,20,-32,-24,0,0,4,0,0,0
685,1785849425.4434,0.03337,3.5165,-91.4725,95.2967,73.0549,-86.2857,1.9841,2.6341,5.2682,-2.6341,2.6341,2.6341,0.0000,-394.208,630.984,-394.348,-157.641,157.781,0.000,100,50,0,0,0,0,52,-56,80,72,56,0,0,1,2,2,1,0
686,1785849425.4768,0.03341,3.2527,-91.3846,95.2967,72.6154,-86.3736,1.9841,-7.8950,2.6317,0.0000,-13.1583,-2.6317,0.0000,-315.188,-78.925,78.852,-472.746,-157.631,0.000,-100,150,-50,-150,-100,0,-20,44,-32,0,32,0,0,0,0,0,0,0
687,1785849425.5102,0.03341,3.3407,-91.5604,95.4725,72.6154,-86.7253,1.9841,2.6313,-5.2626,5.2626,0.0000,-10.5253,0.0000,315.065,-236.287,157.518,393.844,-236.267,0.000,50,-100,50,-100,-200,0,-40,-36,28,56,20,20,1,0,1,2,0,0
688,1785849425.5437,0.03344,3.3407,-91.5604,95.4725,72.5275,-86.8132,1.9841,0.0000,0.0000,0.0000,-2.6292,-2.6292,0.0000,-78.694,157.389,-157.389,-78.630,236.148,0.000,0,0,0,0,-50,0,-24,-24,48,-36,-40,20,0,0,1,0,1,0
689,1785849425.577,0.03337,3.3407,-91.5604,95.4725,72.7912,-86.7253,1.9841,0.0000,0.0000,0.0000,7.9042,2.6347,0.0000,0.000,0.000,0.000,315.685,157.759,0.000,0,0,0,100,0,0,0,-84,104,24,-84,-20,0,2,3,1,2,0
690,1785849425.6104,0.0334,3.3407,-91.2088,95.2967,72.8791,-86.3736,1.9841,0.0000,10.5288,-5.2644,2.6322,10.5288,0.0000,0.000,315.245,-157.622,-157.850,236.358,0.000,0,50,-50,100,0,0,-80,-20,-20,-32,-60,0,3,0,0,0,0,0
691,1785849425.6439,0.03346,3.3407,-91.1209,95.2967,72.8791,-86.1978,1.9841,0.0000,2.6274,0.0000,0.0000,5.2548,0.0000,0.000,-236.145,157.334,-78.667,-157.622,0.000,0,50,0,0,50,0,-32,44,80,-36,52,24,0,0,2,0,1,0
692,1785849425.6772,0.03333,3.3407,-91.2088,95.2088,73.0549,-86.5495,1.9841,0.0000,-2.6379,-2.6379,5.2759,-10.5518,0.0000,0.000,-157.995,-79.156,158.312,-474.302,0.000,0,0,0,50,-150,0,-24,-68,132,36,-20,-20,0,1,5,0,0,0
693,1785849425.7106,0.03337,3.4286,-90.9451,95.0330,73.0549,-86.6374,1.9841,2.6344,7.9032,-5.2688,0.0000,-2.6344,0.0000,78.944,315.882,-78.838,-158.100,237.255,0.000,50,150,-100,0,-100,0,60,96,-68,52,-68,32,1,4,2,0,1,0
694,1785849425.744,0.0334,3.5165,-91.4725,95.4725,72.7912,-86.3736,1.9841,2.6323,-15.7938,13.1615,-7.8969,7.8969,0.0000,-0.063,-709.545,551.848,-236.452,315.332,0.000,0,-200,200,-50,100,0,20,-24,40,-32,0,-24,0,0,1,1,0,0
695,1785849425.7773,0.03339,3.4286,-91.4725,95.4725,72.8791,-86.1099,1.9841,-2.6332,0.0000,0.0000,2.6332,7.8997,0.0000,-157.718,473.070,-394.225,315.408,0.083,0.000,-50,0,50,0,100,0,-24,-52,160,0,64,0,1,1,6,0,2,0
696,1785849425.8108,0.03335,3.4286,-91.2088,95.0330,72.9670,-86.4615,1.9841,0.0000,7.9082,-13.1804,2.6361,-10.5443,0.0000,78.958,237.132,-395.219,0.086,-553.050,0.000,0,0,-150,50,-100,0,40,-76,72,-44,32,0,0,0,1,0,0,0
697,1785849425.8441,0.03342,3.5165,-90.7692,94.8571,72.9670,-86.4615,1.9841,2.6304,13.1519,-5.2608,0.0000,0.0000,0.0000,78.703,156.894,236.960,-78.873,315.492,0.000,0,200,-50,0,0,0,-24,52,20,24,24,0,0,0,1,0,0,0
698,1785849425.8775,0.03337,3.4286,-90.8571,94.9451,72.9670,-86.7253,1.9841,-2.6347,-2.6347,2.6347,0.0000,-7.9041,0.0000,-157.793,-473.121,236.625,0.000,-236.884,0.000,-50,-50,0,0,-100,0,20,0,24,-40,-60,-24,1,0,1,0,1,0
699,1785849425.9109,0.0334,3.5165,-90.8571,94.9451,73.0549,-86.6374,1.9841,2.6320,0.0000,0.0000,2.6320,2.6320,0.0000,157.678,78.880,-78.880,78.798,315.438,0.000,50,0,0,50,50,0,24,64,-48,48,44,-48,0,0,1,1,2,1
700,1785849425.9442,0.03336,3.5165,-91.3846,95.3846,72.9670,-86.3736,2.0503,0.0000,-15.8130,13.1775,-2.6355,7.9065,1.9827,-78.904,-474.057,395.048,-157.913,158.125,59.440,0,-150,200,0,100,50,-20,100,-64,36,124,36,1,0,0,0,3,0
701,1785849425.9777,0.03339,3.5165,-92.0879,95.8242,72.8791,-87.0769,2.0503,0.0000,-21.0629,13.1643,-2.6329,-21.0629,0.0000,0.000,-157.228,-0.395,0.079,-867.602,-59.381,0,-150,100,-50,-200,0,32,-48,100,72,-68,-24,0,1,3,2,2,0
702,1785849426.0951,0.11745,3.5165,-91.5604,95.2967,72.4396,-86.9890,2.0503,0.0000,4.4911,-4.4911,-3.7425,0.7485,0.0000,0.000,217.574,-150.323,-9.448,185.709,0.000,0,-50,0,0,50,0,28,-32,76,40,0,0,0,1,3,1,0,0
703,1785849426.1284,0.03331,3.5165,-91.5604,95.2967,72.4396,-86.9011,2.0503,0.0000,0.0000,0.0000,0.0000,2.6391,0.0000,0.000,-134.818,134.818,112.349,56.753,0.000,0,0,0,0,0,0,-28,-44,-56,72,-68,32,0,1,1,1,2,0
704,1785849426.1618,0.03334,3.5165,-91.5604,95.5604,72.1758,-86.5495,2.0503,0.0000,0.0000,7.9096,-7.9096,10.5462,0.0000,0.000,0.000,237.214,-237.214,237.139,0.000,0,0,100,-50,100,0,-60,-120,-68,108,32,0,1,3,0,2,0,0
705,1785849426.1951,0.03341,3.5165,-90.7692,96.0000,71.6484,-86.5495,2.0503,0.0000,23.6833,13.1574,-15.7889,0.0000,0.0000,0.000,708.915,157.083,-235.851,-315.679,0.000,0,250,250,-200,0,0,-56,-148,76,-68,0,-20,0,4,2,1,0,0
706,1785849426.2286,0.0334,3.7802,-89.8901,95.6484,71.5604,-86.9011,2.0503,7.8954,26.3181,-10.5272,-2.6318,-10.5272,0.0000,236.364,78.877,-709.044,393.881,-315.153,0.000,50,250,-50,-100,-250,0,136,-100,220,-32,-28,28,4,2,9,0,0,0
707,1785849426.262,0.03343,3.3407,-89.1868,94.5934,71.8242,-86.6374,2.0503,-13.1474,21.0359,-31.5539,7.8885,7.8885,0.0000,-629.402,-157.993,-628.916,314.666,550.822,0.000,-200,200,-400,0,150,0,-44,52,136,28,132,32,1,2,3,1,3,0
708,1785849426.2954,0.0334,2.9011,-89.0110,94.0659,71.9121,-87.2527,2.0503,-13.1601,5.2640,-15.7921,2.6320,-18.4241,0.0000,-0.378,-472.197,471.895,-157.374,-787.776,0.000,-200,100,-100,100,-250,0,-64,92,-20,-28,28,-32,1,2,0,0,0,0
709,1785849426.3288,0.03333,3.2527,-89.8901,94.3297,71.9121,-87.5165,2.0503,10.5516,-26.3791,7.9137,0.0000,-7.9137,0.0000,711.499,-949.491,711.322,-78.977,315.376,0.000,50,-300,0,50,0,0,-28,-96,-124,56,-80,-24,0,3,1,1,2,0
710,1785849426.3622,0.03343,3.7802,-89.4505,95.2967,71.3846,-87.4286,2.0503,15.7785,13.1487,28.9272,-15.7785,2.6297,0.0000,156.353,1182.412,628.585,-471.988,315.391,0.000,150,0,350,-200,100,0,-24,20,-48,-48,28,28,0,0,0,1,1,0
711,1785849426.3956,0.03341,3.6923,-89.4505,95.6484,71.3846,-87.4286,2.0503,-2.6309,0.0000,10.5238,0.0000,0.0000,0.0000,-550.939,-393.502,-550.760,472.203,-78.700,0.000,-50,0,50,0,-150,0,40,52,48,-84,-48,-20,0,1,1,2,1,0
712,1785849426.4289,0.03336,3.6923,-89.8901,95.5604,71.7363,-87.4286,2.0503,0.0000,-13.1758,-2.6352,10.5406,0.0000,0.0000,78.862,-394.944,-394.438,315.955,0.000,0.000,0,-200,50,150,0,0,-24,-20,128,56,56,0,0,0,3,1,2,0
713,1785849426.4623,0.03337,3.4286,-89.8901,95.2088,71.8242,-87.2527,2.0503,-7.9034,0.0000,-10.5379,2.6345,5.2689,0.0000,-236.841,394.840,-236.821,-236.925,157.894,0.000,-100,-50,-150,50,100,0,20,-40,0,84,48,0,0,0,0,1,0,0
714,1785849426.4958,0.0334,3.6044,-89.8901,95.2088,71.3846,-87.5165,2.0503,5.2644,0.0000,0.0000,-13.1611,-7.8966,0.0000,394.263,0.000,315.518,-472.941,-394.196,0.000,100,0,0,-150,-50,0,36,28,48,-36,60,24,0,0,2,1,1,0
715,1785849426.5291,0.03336,3.6923,-89.8901,95.2088,71.3846,-87.8681,2.0503,2.6350,0.0000,0.0000,0.0000,-10.5400,0.0000,-78.812,0.000,0.000,394.480,-79.231,0.000,50,0,0,0,-200,0,-28,0,0,0,-64,-20,0,0,0,0,2,0
716,1785849426.5625,0.03342,3.6923,-89.8901,95.2967,71.4725,-87.7802,2.0503,0.0000,0.0000,2.6309,2.6309,2.6309,0.0000,-78.856,0.000,78.732,78.732,394.157,0.000,0,0,0,50,-50,0,-20,-60,-56,92,-24,-24,0,2,2,3,0,0
717,1785849426.5959,0.03337,3.6923,-89.8901,95.5604,71.0330,-87.6923,2.0503,0.0000,0.0000,7.9027,-13.1712,2.6342,0.0000,0.000,0.000,157.968,-473.501,0.101,0.000,0,0,150,-150,50,0,-28,52,-60,76,48,24,0,1,0,1,0,0
718,1785849426.6292,0.03341,3.6923,-89.9780,95.7363,70.5934,-87.7802,2.0503,0.0000,-2.6312,5.2624,-13.1560,-2.6312,0.0000,0.000,-78.752,-79.025,0.455,-157.594,0.000,0,0,100,-100,0,0,28,40,104,68,-60,0,0,0,3,2,1,0
719,1785849426.6627,0.03336,3.6923,-90.0659,95.4725,70.3297,-87.6044,2.0503,0.0000,-2.6350,-7.9051,-7.9051,5.2700,0.0000,0.000,-0.114,-394.672,157.388,236.826,0.000,0,0,-100,-100,-50,0,32,-80,0,-56,-148,0,0,1,0,1,3,0
720,1785849426.696,0.03341,3.6923,-89.8022,95.4725,70.5055,-86.6374,2.0503,0.0000,7.8935,0.0000,5.2623,28.9429,0.0000,0.000,315.114,236.595,394.094,708.517,0.000,0,100,0,50,400,0,28,60,-72,-44,88,0,0,0,1,0,2,0
721,1785849426.7294,0.0334,3.6923,-90.0659,95.9121,70.6813,-86.9011,2.0503,0.0000,-7.8961,13.1601,5.2641,-7.8961,0.0000,0.000,-472.730,394.006,0.051,-1102.933,0.000,0,-100,100,0,-100,0,-44,-56,24,48,88,0,0,1,0,0,0,0
722,1785849426.7628,0.03338,3.6923,-89.8022,95.9121,70.5934,-87.6044,2.0503,0.0000,7.9014,0.0000,-2.6338,-21.0704,0.0000,0.000,473.284,-394.271,-236.615,-394.695,0.000,0,150,50,0,-300,0,-20,-56,76,-64,-88,24,0,0,1,1,2,0
723,1785849426.7962,0.03343,3.6923,-89.6264,95.6484,70.7692,-87.2527,2.0503,0.0000,5.2597,-7.8896,5.2597,10.5194,0.0000,0.000,-79.025,-236.014,236.131,944.997,0.000,0,100,-100,50,150,0,32,20,48,40,-36,-20,0,0,1,0,0,0
724,1785849426.8296,0.03334,3.6923,-89.7143,95.5604,70.7692,-86.9011,2.0503,0.0000,-2.6366,-2.6366,0.0000,10.5462,0.0000,0.000,-236.816,157.542,-157.743,0.804,0.000,0,-50,-50,50,100,0,-64,-44,-32,24,60,0,1,1,1,0,1,0
725,1785849426.863,0.0334,3.8681,-89.7143,95.6484,70.7692,-87.2527,2.0503,5.2640,0.0000,2.6320,0.0000,-10.5281,0.0000,157.601,78.936,157.737,0.000,-630.948,0.000,100,0,0,0,0,0,-68,-72,0,0,-48,-28,2,2,0,0,0,0
726,1785849426.8963,0.0334,4.2198,-89.7143,95.8242,70.7692,-86.9011,2.0503,10.5290,0.0000,5.2645,0.0000,10.5290,0.0000,157.645,0.000,78.822,0.000,630.492,0.000,100,0,50,0,100,0,56,-52,44,-20,-96,0,1,1,0,0,1,0
727,1785849426.9298,0.03336,4.2198,-89.5385,95.8242,70.6813,-86.1978,2.0503,0.0000,5.2702,0.0000,-2.6351,21.0807,0.0000,-315.598,157.968,-157.799,-78.984,316.274,0.000,50,50,0,0,200,0,40,-84,72,56,-64,40,1,3,2,0,1,0
728,1785849426.9631,0.03337,4.0440,-88.9231,95.5604,70.4176,-85.8462,2.0503,-5.2684,18.4392,-7.9025,-7.9025,10.5367,0.0000,-157.860,394.595,-236.790,-157.833,-315.936,0.000,-100,200,-100,-100,100,0,28,-180,36,-24,40,0,0,5,1,0,0,0
729,1785849426.9966,0.03346,4.0440,-87.9560,95.4725,70.1538,-86.1978,2.0503,0.0000,28.8972,-2.6270,-7.8810,-10.5081,0.0000,157.431,312.507,157.645,0.642,-628.866,0.000,0,250,-50,-150,-100,0,-40,28,-60,-96,116,-20,1,0,0,2,2,0
730,1785849427.0299,0.03335,4.0440,-88.1319,95.6484,70.5934,-86.9011,2.0503,0.0000,-5.2722,5.2722,13.1805,-21.0887,0.0000,0.000,-1024.587,236.862,631.541,-317.268,0.000,0,0,0,150,-200,0,-52,72,-96,24,-68,-40,1,0,2,0,2,1
731,1785849427.0633,0.0334,4.2198,-88.7473,95.9121,70.6813,-86.7253,2.1164,5.2637,-18.4229,7.8955,2.6318,5.2637,1.9800,157.580,-393.694,78.535,-315.796,788.917,59.275,50,-250,150,50,0,50,-44,-60,100,-28,-56,0,0,1,2,0,1,0
732,1785849427.0967,0.03335,4.4835,-88.7473,95.5604,70.6813,-86.5495,2.1164,7.9082,0.0000,-10.5443,0.0000,5.2721,0.0000,79.298,552.416,-552.924,-78.917,0.254,-59.370,50,0,-200,0,50,0,-24,32,48,36,-56,-20,0,1,0,0,1,0
733,1785849427.1301,0.03342,4.4835,-88.7473,95.3846,70.6813,-86.2857,2.1825,0.0000,0.0000,-5.2604,0.0000,7.8906,1.9787,-236.603,0.000,158.086,0.000,78.341,59.201,0,0,0,0,100,0,-52,0,0,28,64,-20,1,0,0,0,1,0
734,1785849427.1635,0.03337,4.5714,-88.7473,95.3846,70.5934,-86.5495,2.1825,2.6341,0.0000,0.0000,-2.6341,-7.9024,0.0000,78.927,0.000,157.619,-78.927,-473.210,-59.290,0,0,0,0,50,0,28,0,68,72,100,28,0,0,3,1,2,0
735,1785849427.1969,0.0334,4.5714,-88.7473,95.3846,70.4176,-86.9011,2.1825,0.0000,0.0000,0.0000,-5.2648,-10.5296,0.0000,-78.875,0.000,0.000,-78.772,-78.668,0.000,0,0,0,-50,-150,0,-64,32,-48,-52,-96,32,2,1,1,2,3,0
736,1785849427.2302,0.03337,4.7473,-88.8352,95.5604,70.4176,-86.3736,2.1825,5.2682,-2.6341,5.2682,0.0000,15.8045,0.0000,157.849,-78.924,157.849,157.748,789.042,0.000,50,0,50,0,250,0,28,-24,56,-72,28,-20,0,0,2,1,1,0
737,1785849427.2637,0.03343,4.7473,-88.9231,95.4725,70.5934,-86.2857,2.1825,0.0000,-2.6301,-2.6301,5.2602,2.6301,0.0000,-157.610,0.119,-236.296,157.372,-394.144,0.000,0,0,0,100,100,0,-40,-32,72,52,-32,20,0,0,1,1,1,0
738,1785849427.297,0.03335,4.8352,-88.8352,95.2967,70.5934,-86.2857,2.1825,2.6359,2.6359,-5.2718,0.0000,0.0000,0.0000,79.034,157.894,-79.208,-157.719,-78.860,0.000,50,0,-50,0,0,0,-40,-48,52,-44,36,-20,1,1,1,1,0,0
739,1785849427.3304,0.03342,5.0110,-88.8352,95.2967,70.5934,-86.2857,2.1825,5.2609,0.0000,0.0000,0.0000,0.0000,0.0000,78.543,-78.870,157.741,0.000,0.000,0.000,100,50,0,0,0,0,-48,36,20,-76,-52,32,1,1,1,1,1,1
740,1785849427.3638,0.03337,5.1868,-88.9231,95.2967,70.8571,-86.1099,2.1825,5.2685,-2.6342,0.0000,7.9027,5.2685,0.0000,0.227,-78.934,0.000,236.802,157.868,0.000,50,-50,0,100,50,0,-44,-96,76,48,36,-20,0,3,2,0,0,0
741,1785849427.3972,0.0334,5.3626,-88.5714,95.2088,70.8571,-86.1099,2.1825,5.2636,10.5272,-2.6318,0.0000,0.0000,0.0000,-0.147,394.010,-78.787,-236.582,-157.721,0.000,100,150,-50,0,50,0,36,-92,-20,-24,20,0,0,2,0,0,0,0
742,1785849427.4307,0.03337,5.2747,-88.3956,95.2088,70.8571,-86.1099,2.1825,-2.6343,5.2687,0.0000,0.0000,0.0000,0.0000,-236.668,-157.574,78.864,0.000,0.000,0.000,-50,0,0,0,0,0,36,92,0,-48,-24,0,1,3,0,1,0,0
743,1785849427.464,0.03337,5.2747,-88.9231,95.2088,71.0330,-86.0220,2.1825,0.0000,-15.8056,0.0000,5.2685,2.6343,0.0000,78.938,-631.487,0.000,157.871,78.935,0.000,0,-200,0,50,0,0,-32,-56,44,32,-28,0,0,2,1,0,0,0
744,1785849427.4973,0.0334,5.3626,-88.9231,95.2088,71.0330,-86.0220,2.1825,2.6323,0.0000,0.0000,0.0000,0.0000,0.0000,78.816,473.254,0.000,-157.751,-78.876,0.000,50,0,0,0,0,0,-40,-112,108,-64,-48,32,1,3,5,1,1,0
745,1785849427.5308,0.03342,5.3626,-88.5714,94.9451,71.2088,-85.8462,2.1825,0.0000,10.5234,-7.8926,5.2617,5.2617,0.0000,-78.774,314.925,-236.194,157.462,157.462,0.000,0,100,-150,50,50,0,-84,56,108,24,-20,0,3,2,3,0,0,0
746,1785849427.5642,0.03342,5.6264,-88.7473,94.7692,71.3846,-85.8462,2.1825,7.8916,-5.2611,-5.2611,5.2611,0.0000,0.0000,236.137,-472.312,78.741,-0.019,-157.444,0.000,50,-50,-100,100,0,0,28,0,-24,28,40,-20,0,0,0,0,0,0
747,1785849427.5977,0.03343,5.8901,-88.7473,94.8571,71.3846,-85.9341,2.1825,7.8886,0.0000,2.6295,0.0000,-2.6295,0.0000,-0.092,157.363,236.014,-157.363,-78.651,0.000,150,0,50,0,-50,0,68,24,32,28,-32,24,0,0,1,0,0,0
748,1785849427.631,0.03332,5.5385,-88.7473,94.8571,71.2967,-85.8462,2.1825,-10.5536,0.0000,0.0000,-2.6384,2.6384,0.0000,-553.484,0.000,-78.917,-79.183,158.100,0.000,-100,0,0,0,0,0,-64,44,84,-28,-28,36,1,1,3,0,0,0
749,1785849427.6643,0.0334,5.5385,-88.8352,94.7692,71.4725,-85.8462,2.1825,0.0000,-2.6324,-2.6324,5.2649,0.0000,0.0000,316.018,-78.826,-78.826,236.657,-79.005,0.000,0,0,0,50,0,0,-24,-44,96,-48,20,-20,0,1,4,0,0,0
750,1785849427.6978,0.03343,5.6264,-88.8352,94.6813,71.7363,-85.8462,2.1825,2.6297,0.0000,-2.6297,7.8892,0.0000,0.0000,78.664,78.745,0.081,78.503,0.000,0.000,0,0,-50,50,0,0,28,-68,36,64,-44,-20,0,2,0,3,0,1
751,1785849427.7311,0.03335,5.7143,-88.5714,94.5934,71.3846,-85.5824,2.1825,2.6363,7.9090,-2.6363,-10.5453,7.9090,0.0000,0.198,237.177,-0.198,-552.820,237.177,0.000,50,100,0,-50,100,0,-60,40,-24,32,0,0,1,1,1,0,0,0
752,1785849427.8495,0.11834,5.8022,-89.8022,94.9451,71.5604,-85.4945,2.1825,0.7429,-10.4002,2.9715,1.4857,0.7429,0.0000,-16.000,-154.715,47.387,101.664,-60.555,0.000,0,-50,0,0,0,0,0,24,24,0,0,0,0,0,0,0,0,0
753,1785849427.8827,0.03325,5.8022,-89.8901,94.9451,71.5604,-85.4945,2.1825,0.0000,-2.6439,0.0000,0.0000,0.0000,0.0000,-22.342,233.268,-89.367,-44.683,-22.342,0.000,0,-50,0,0,0,0,-60,-32,-56,96,-32,-20,2,0,1,4,1,0
754,1785849427.9161,0.03337,5.8901,-89.8901,95.3846,70.7692,-85.4945,2.1825,2.6344,0.0000,13.1722,-23.7099,0.0000,0.0000,78.945,79.230,394.725,-710.505,0.000,0.000,0,0,150,-350,0,0,40,0,68,180,-68,24,0,0,3,4,1,0
755,1785849427.9496,0.03343,6.0659,-89.6264,95.3846,69.4505,-84.9670,2.1825,5.2593,7.8890,0.0000,-39.4449,15.7779,0.0000,78.516,235.978,-394.010,-470.671,471.956,0.000,50,150,0,-500,150,0,-32,-20,76,-28,-100,-32,0,0,2,1,1,0
756,1785849427.9829,0.03337,6.2418,-89.8022,95.3846,69.3626,-84.3516,2.1825,5.2682,-5.2682,0.0000,-2.6341,18.4386,0.0000,0.265,-394.224,0.000,1102.952,79.721,0.000,0,-100,0,-50,200,0,28,-96,112,-68,52,36,0,3,5,1,2,0
757,1785849428.0162,0.03337,6.1538,-89.2747,95.1209,69.7143,-84.3516,2.1825,-2.6345,15.8067,-7.9034,10.5378,0.0000,0.0000,-236.817,631.550,-236.839,394.721,-552.548,0.000,0,50,-50,100,50,0,-20,-196,252,20,-36,24,0,5,21,0,0,0
758,1785849428.0497,0.0334,6.0659,-87.5165,94.0659,69.7143,-84.0879,2.1825,-2.6324,52.6475,-31.5885,0.0000,7.8971,0.0000,0.062,1103.131,-709.209,-315.536,236.465,0.000,-50,550,-400,0,100,0,-60,-80,188,60,-48,0,2,0,7,2,0,0
759,1785849428.083,0.03339,6.0659,-86.9011,93.4505,69.7143,-83.6484,2.1825,0.0000,18.4293,-18.4293,0.0000,13.1638,0.0000,78.833,-1024.753,394.085,0.000,157.725,0.000,0,50,-350,0,100,0,-64,72,-28,-32,20,24,1,0,0,0,0,0
760,1785849428.1164,0.03337,6.4176,-87.5165,93.5385,69.8901,-83.7363,2.1825,10.5375,-18.4405,2.6344,5.2687,-2.6344,0.0000,315.764,-1104.838,631.192,157.882,-473.406,0.000,100,-300,50,50,-50,0,44,-112,64,-120,40,32,1,4,2,3,1,0
761,1785849428.1498,0.03338,6.6813,-86.9011,93.6264,70.6813,-84.0000,2.1825,7.9010,18.4357,2.6337,23.7030,-7.9010,0.0000,-78.983,1104.736,-0.021,552.253,-157.778,0.000,150,250,0,300,-100,0,40,0,-48,60,-32,20,0,0,0,2,1,0
762,1785849428.1832,0.03341,6.3297,-86.8132,93.8901,70.5055,-83.9121,2.1825,-10.5264,2.6316,7.8948,-5.2632,2.6316,0.0000,-551.611,-473.085,157.488,-867.084,315.286,0.000,-100,-50,0,-100,50,0,-20,-72,-76,-32,40,28,0,1,0,0,0,0
763,1785849428.2166,0.03337,6.0659,-86.7253,94.2418,70.6813,-84.1758,2.1825,-7.9028,2.6343,10.5370,5.2685,-7.9028,0.0000,78.615,0.080,79.174,315.578,-315.658,0.000,-200,-150,150,50,-100,0,-76,-76,-28,-36,-52,20,3,0,0,0,1,0
764,1785849428.25,0.03339,6.5055,-86.2857,94.2418,70.5055,-83.9121,2.1825,13.1642,13.1642,0.0000,-5.2657,7.8985,0.0000,630.926,315.358,-315.569,-315.484,473.226,0.000,150,200,0,-50,50,0,-52,68,24,44,-60,0,0,1,0,1,0,0
765,1785849428.2833,0.03341,6.8571,-86.6374,94.3297,70.4176,-83.5604,2.1825,10.5250,-10.5250,2.6313,-2.6313,10.5250,0.0000,-78.992,-709.032,78.755,78.850,78.613,0.000,100,-150,0,0,100,0,-44,40,68,36,-56,48,1,0,2,0,1,1
766,1785849428.3168,0.0334,7.0330,-86.9890,94.3297,70.5055,-83.2967,2.1825,5.2643,-10.5287,0.0000,2.6322,7.8965,0.0000,-157.510,-0.110,-78.782,157.592,-78.700,0.000,50,-100,0,0,100,0,40,52,56,-28,32,24,0,0,2,0,0,0
767,1785849428.3501,0.03335,7.0330,-87.3407,94.3297,70.6813,-83.2967,2.1825,0.0000,-10.5447,0.0000,5.2723,0.0000,0.0000,-157.859,-0.479,0.000,79.169,-236.788,0.000,0,-150,0,0,0,0,-36,-76,72,-28,28,44,1,2,3,0,0,1
768,1785849428.3836,0.03343,7.0330,-86.9890,94.2418,70.6813,-83.4725,2.1825,0.0000,10.5175,-2.6294,0.0000,-5.2587,0.0000,0.000,629.947,-78.642,-157.690,-157.283,0.000,0,100,0,50,0,0,20,-96,-20,24,-60,28,0,2,0,0,2,0
769,1785849428.4169,0.03339,7.1209,-86.7253,94.3297,70.5055,-83.1209,2.1825,2.6328,7.8983,2.6328,-5.2655,10.5311,0.0000,78.846,-78.437,157.589,-157.692,472.870,0.000,50,50,0,-100,50,0,24,48,-76,68,-64,52,0,0,1,2,1,1
770,1785849428.4504,0.03343,7.0330,-86.9890,94.7692,70.3297,-82.8571,2.1825,-2.6295,-7.8885,13.1475,-5.2590,7.8885,0.0000,-157.398,-472.194,314.503,0.196,-79.041,0.000,0,-150,150,-100,100,0,-56,0,68,84,-28,36,2,0,3,0,0,0
771,1785849428.4838,0.03337,7.2088,-86.9890,94.6813,69.5385,-82.8571,2.1825,5.2689,0.0000,-2.6344,-23.7100,0.0000,0.0000,236.690,236.394,-472.936,-552.919,-236.394,0.000,50,0,-50,-400,0,0,-60,-44,148,-120,44,44,1,1,6,4,0,0
772,1785849428.5172,0.03342,7.5604,-86.9011,94.2418,70.3297,-82.9451,2.1825,10.5226,2.6306,-13.1532,23.6758,-2.6306,0.0000,157.209,78.718,-314.760,1417.956,-78.718,0.000,150,50,-150,300,0,0,-32,-68,20,-40,32,24,0,1,0,0,0,0
773,1785849428.5505,0.03337,7.9121,-86.7253,94.2418,70.6813,-82.8571,2.1825,10.5370,5.2685,0.0000,10.5370,2.6342,0.0000,0.432,79.042,394.131,-393.699,157.760,0.000,200,100,0,0,0,0,68,-108,44,44,-48,36,2,4,1,0,0,0
774,1785849428.5839,0.03337,7.6484,-86.2857,94.2418,70.4176,-82.7692,2.1825,-7.9032,13.1721,0.0000,-7.9032,2.6344,0.0000,-552.588,236.841,0.000,-552.588,0.005,0.000,-100,150,0,-100,50,0,56,-92,116,-28,136,24,0,2,3,0,4,0
775,1785849428.6173,0.03338,7.2088,-86.0220,93.9780,70.3297,-83.5604,2.1825,-13.1670,7.9002,-7.9002,-2.6334,-23.7006,0.0000,-157.675,-157.918,-236.649,157.857,-788.861,0.000,-100,0,-150,-50,-200,0,-24,100,-60,36,-36,48,1,2,1,1,1,1
776,1785849428.6507,0.03339,7.2088,-86.6374,94.1538,70.5934,-83.7363,2.1825,0.0000,-18.4277,5.2651,7.8976,-5.2651,0.0000,394.286,-788.392,394.235,315.352,552.052,0.000,-50,-150,100,100,-100,0,-28,-40,108,0,-92,24,0,1,5,0,2,0
777,1785849428.6841,0.0334,7.2088,-86.6374,93.9780,70.5934,-83.2088,2.1825,0.0000,0.0000,-5.2649,0.0000,15.7947,0.0000,0.000,551.803,-315.311,-236.487,630.617,0.000,0,-50,-100,50,150,0,0,-88,200,0,-48,36,0,2,10,0,0,0
778,1785849428.7175,0.03341,7.2088,-86.1099,93.3626,70.5934,-82.9451,2.1825,0.0000,15.7858,-18.4168,0.0000,7.8929,0.0000,0.000,472.426,-393.600,0.000,-236.479,0.000,0,250,-200,0,100,0,56,-28,140,64,36,24,1,0,6,2,0,0
779,1785849428.7509,0.03336,6.8571,-86.1099,93.0989,70.3297,-82.9451,2.1825,-10.5406,0.0000,-7.9055,-7.9055,0.0000,0.0000,-315.953,-473.177,315.075,-236.965,-236.589,0.000,-100,0,-50,-100,0,0,-24,-108,68,-48,60,20,0,2,3,1,1,0
780,1785849428.7842,0.03338,6.5055,-85.5824,93.0989,70.5055,-83.1209,2.1825,-10.5352,15.8027,0.0000,5.2676,-5.2676,0.0000,0.163,473.440,236.842,394.656,-157.813,0.000,-150,250,0,-50,-50,0,-60,-76,148,-56,44,-24,2,2,9,0,0,0
781,1785849428.8177,0.03339,6.6813,-85.0549,92.6593,71.1209,-83.3846,2.1825,5.2659,15.7978,-13.1649,18.4308,-7.8989,0.0000,473.244,-0.146,-394.289,394.240,-78.809,0.000,100,150,-50,200,100,0,60,-120,204,36,-92,52,2,1,12,1,2,1
782,1785849428.8511,0.0334,6.8571,-84.2637,92.0440,71.1209,-82.9451,2.1164,5.2640,23.6879,-18.4239,0.0000,13.1599,-1.9801,-0.059,236.218,-157.449,-551.797,630.477,-59.281,150,200,-250,0,100,-50,36,96,-32,-20,36,-32,0,3,0,0,1,0
783,1785849428.8844,0.03339,6.3297,-84.9670,92.4835,71.1209,-82.8571,2.1164,-15.7994,-21.0659,13.1662,0.0000,2.6332,0.0000,-630.911,-1340.508,946.217,0.000,-315.306,59.309,-150,-150,200,50,50,0,-104,-44,-120,52,-44,24,3,1,1,0,0,0
784,1785849428.9178,0.03337,6.8571,-85.1429,93.3626,70.7692,-82.6813,2.1825,15.8089,-5.2696,26.3481,-10.5393,5.2696,1.9822,947.331,473.429,395.077,-315.872,79.015,59.409,250,-50,400,-100,0,50,28,52,36,-28,-28,36,0,0,1,0,0,0
785,1785849428.9512,0.03342,7.2967,-85.5824,93.4505,70.6813,-82.6813,2.1825,13.1536,-13.1536,2.6307,-2.6307,0.0000,0.0000,-79.458,-235.922,-709.729,236.658,-157.690,-59.316,200,-250,0,0,0,0,-20,32,48,-20,24,24,0,0,1,0,0,0
786,1785849428.9847,0.03343,7.2088,-85.8462,93.5385,70.7692,-82.5934,2.1825,-2.6301,-7.8903,2.6301,2.6301,2.6301,0.0000,-472.208,157.463,-0.018,157.391,78.686,0.000,-50,-150,0,0,50,0,32,52,0,-72,-20,-28,0,1,0,2,0,0
787,1785849429.0179,0.03334,7.2088,-86.0220,93.6264,71.0330,-82.5934,2.1825,0.0000,-5.2743,2.6371,7.9114,0.0000,0.0000,78.896,78.475,0.211,158.425,-78.896,0.000,0,-50,0,100,0,0,-20,-36,-20,-76,40,36,0,0,0,0,1,1
788,1785849429.0514,0.03342,7.2088,-86.0220,93.6264,71.1209,-82.6813,2.1825,0.0000,0.0000,0.0000,2.6303,-2.6303,0.0000,0.000,157.807,-78.904,-158.010,-78.700,0.000,0,0,0,0,0,0,28,-76,-32,64,68,-24,0,2,1,1,1,0
789,1785849429.0848,0.0334,7.2088,-85.7582,93.7143,71.0330,-83.1209,2.1825,0.0000,7.8962,2.6321,-2.6321,-13.1604,0.0000,0.000,236.413,78.804,-157.557,-315.270,0.000,0,100,50,0,-200,0,-36,-96,72,72,-32,48,1,3,2,2,1,1
790,1785849429.1182,0.03339,7.2967,-85.4066,93.5385,70.7692,-83.1209,2.1825,2.6330,10.5319,-5.2660,-7.8990,0.0000,0.0000,78.858,78.939,-236.548,-157.744,394.157,0.000,50,100,0,-100,50,0,32,-72,160,0,-76,24,0,1,7,0,1,0
791,1785849429.1517,0.03339,7.2088,-85.0549,93.0989,70.6813,-82.5934,2.1825,-2.6325,10.5300,-13.1625,-2.6325,15.7950,0.0000,-157.674,-0.057,-236.461,157.702,472.978,0.000,-50,100,-150,0,200,0,44,-64,-24,64,60,20,1,1,0,2,1,0
792,1785849429.1849,0.03338,7.1209,-84.9670,93.3626,70.3297,-82.8571,2.1825,-2.6334,2.6334,7.9003,-10.5338,-7.9003,0.0000,-0.028,-236.545,630.947,-236.686,-709.805,0.000,0,50,100,-200,0,0,-48,-100,-72,52,56,-24,0,2,0,0,0,0
793,1785849429.2183,0.03341,7.2088,-84.6154,93.8022,69.8022,-83.2967,2.1825,2.6316,10.5265,13.1581,-15.7897,-13.1581,0.0000,157.608,236.275,157.389,-157.334,-157.389,0.000,50,150,100,-200,-50,0,32,60,36,28,-36,72,1,1,1,0,0,2
794,1785849429.2519,0.03346,7.2088,-84.8791,93.8901,69.5385,-83.1209,2.1164,0.0000,-7.8810,2.6270,-7.8810,5.2540,-1.9763,-78.638,-550.054,-314.691,236.329,550.192,-59.057,0,-100,0,-50,100,-50,56,100,84,80,72,-24,1,1,3,3,1,0
795,1785849429.2852,0.03332,7.0330,-85.4945,93.8022,69.0989,-83.4725,2.1164,-5.2769,-18.4693,-2.6385,-13.1923,-10.5539,0.0000,-158.375,-317.782,-158.030,-159.407,-474.435,59.315,-50,-200,0,-250,-100,0,-36,-48,140,64,72,-20,0,1,5,0,1,0
796,1785849429.3185,0.03338,6.7692,-85.1429,93.4505,68.7473,-83.7363,2.1825,-7.9004,10.5339,-10.5339,-10.5339,-7.9004,1.9812,-78.589,868.814,-236.514,79.636,79.486,59.349,-100,100,-100,-250,-100,0,-52,-28,0,-64,-40,0,1,0,0,2,1,0
797,1785849429.3519,0.03337,6.7692,-85.4945,93.7143,69.0989,-83.7363,2.1825,0.0000,-10.5373,7.9030,10.5373,0.0000,0.0000,236.740,-631.407,552.468,631.407,236.740,-59.368,0,-200,50,150,-100,0,-28,20,-24,0,-24,36,0,0,0,0,0,1
798,1785849429.3853,0.03342,6.8571,-85.7582,93.9780,69.1868,-83.6484,2.1825,2.6303,-7.8910,7.8910,2.6303,2.6303,0.0000,78.699,79.178,-0.359,-236.575,78.699,0.000,0,-100,100,0,0,0,-72,28,116,-72,-44,20,2,0,5,1,1,0
799,1785849429.4187,0.03335,7.2088,-85.8462,93.8022,69.6264,-83.4725,2.1825,10.5435,-2.6359,-5.2717,13.1793,5.2717,0.0000,237.260,157.563,-394.657,316.291,79.197,0.000,100,-100,-50,50,150,0,-28,-52,112,32,-80,60,0,0,5,1,0,1
800,1785849429.4521,0.03342,7.6484,-85.6703,93.6264,69.7143,-82.9451,2.1164,13.1539,5.2616,-5.2616,2.6308,15.7847,-1.9792,78.117,236.331,0.304,-315.667,314.601,-59.227,150,100,-50,0,200,0,68,36,68,-24,0,28,0,1,2,1,0,0
801,1785849429.4855,0.0334,7.3846,-85.6703,93.6264,69.8022,-82.7692,2.1164,-7.8962,0.0000,0.0000,2.6321,5.2641,0.0000,-630.232,-157.529,157.529,0.038,-314.982,59.256,0,0,0,0,50,0,20,-76,-24,44,-28,24,0,2,0,0,0,0
802,1785849429.6022,0.11667,7.2967,-85.4066,93.6264,69.7143,-82.9451,2.1164,-0.7535,2.2606,0.0000,-0.7535,-1.5071,0.0000,61.223,19.377,0.000,-29.020,-58.039,0.000,50,0,0,0,0,0,36,-40,44,28,0,32,0,1,1,1,0,0
803,1785849429.6356,0.03336,7.2967,-85.4066,93.6264,69.7143,-82.9451,2.1164,0.0000,0.0000,0.0000,0.0000,0.0000,0.0000,22.588,-67.765,0.000,22.588,45.176,0.000,0,0,0,0,0,0,-92,-152,32,128,-124,48,3,6,1,5,5,1
804,1785849429.6688,0.03334,7.5604,-84.4396,93.6264,68.9231,-82.0659,2.1164,7.9098,29.0027,0.0000,-23.7295,26.3661,0.0000,237.227,869.834,0.000,-711.682,790.758,0.000,100,300,0,-250,200,0,-220,-232,96,104,-192,44,6,7,4,2,4,1
805,1785849429.7022,0.03337,8.9670,-83.0330,93.2747,67.8681,-80.7473,2.1164,42.1518,42.1518,-10.5380,-31.6139,39.5174,0.0000,1026.141,394.044,-315.794,-236.274,394.108,0.000,500,450,-150,-350,450,0,-32,-56,128,96,-20,36,0,0,3,1,0,0
806,1785849429.7357,0.03345,9.7582,-82.3297,92.9231,67.2527,-80.5714,2.1164,23.6533,21.0252,-10.5126,-18.3970,5.2563,0.0000,-553.017,-631.585,0.759,395.120,-1024.239,0.000,350,300,-50,-100,0,0,92,-120,56,224,44,-32,2,3,2,7,0,0
807,1785849429.769,0.03334,8.9670,-81.4505,92.9231,65.4945,-80.7473,2.1164,-23.7307,26.3675,0.0000,-52.7349,-5.2735,0.0000,-1421.189,160.232,315.304,-1029.898,-315.820,0.000,-350,250,0,-600,-100,0,24,-72,32,156,-72,-20,0,0,1,1,1,0
808,1785849429.8025,0.03345,8.7033,-80.9231,92.9231,64.3516,-80.1319,2.1825,-7.8836,15.7672,0.0000,-34.1623,18.3951,1.9770,473.702,-316.863,0.000,555.174,707.500,59.096,-200,150,0,-300,200,50,64,56,-48,-52,60,72,1,1,0,2,2,2
809,1785849429.8358,0.03337,8.7033,-81.3626,93.2747,64.5275,-80.6593,2.1164,0.0000,-13.1726,10.5381,5.2690,-15.8071,-1.9820,236.253,-867.259,315.802,1181.665,-1024.961,-118.641,100,-300,200,-50,-300,-50,68,108,0,-32,-48,-32,1,1,0,0,1,1
810,1785849429.8692,0.03336,7.9121,-82.2418,93.5385,64.7912,-80.5714,2.1164,-23.7204,-26.3560,7.9068,7.9068,2.6356,0.0000,-711.137,-395.238,-78.886,79.080,552.913,59.420,-300,-400,150,50,-50,0,-36,100,108,-48,-76,48,0,2,4,1,1,1
811,1785849429.9027,0.03341,8.0000,-82.6813,93.5385,65.3187,-80.1319,2.1164,2.6311,-13.1553,0.0000,15.7863,13.1553,0.0000,788.653,395.075,-236.637,235.820,314.835,0.000,-50,-150,0,250,150,0,0,124,32,-72,32,0,0,1,0,0,0,0
812,1785849429.936,0.03343,8.3516,-83.3846,93.5385,65.8462,-80.3956,2.1164,10.5203,-21.0406,0.0000,15.7805,-7.8902,0.0000,236.024,-235.907,0.000,-0.175,-629.621,0.000,200,-150,0,250,-100,0,0,-116,96,-24,-36,28,0,3,4,0,0,0
813,1785849429.9694,0.03335,8.0879,-82.9451,93.3626,65.9341,-80.3077,2.1164,-7.9073,13.1788,-5.2715,2.6358,2.6358,0.0000,-552.495,1025.964,-158.051,-394.103,315.589,0.000,-100,0,0,0,0,0,56,-92,120,-140,-40,36,1,0,5,4,0,1
814,1785849430.0027,0.03338,7.8242,-82.0659,93.0989,66.9011,-80.1319,2.1164,-7.9018,26.3395,-7.9018,28.9734,5.2679,0.0000,0.164,394.308,-78.807,789.108,78.862,0.000,-100,350,-100,300,100,0,20,-24,172,-84,-68,24,0,0,17,0,0,0
815,1785849430.0364,0.03355,7.8242,-81.8901,92.3956,67.8681,-79.5165,2.1164,0.0000,5.2405,-20.9621,28.8228,18.3418,0.0000,235.518,-628.864,-389.265,-4.489,389.673,0.000,0,50,-300,450,300,0,88,48,332,-168,32,32,3,1,25,3,1,1
816,1785849430.0697,0.03332,7.5604,-81.6264,90.7253,69.5385,-79.6923,2.1164,-7.9158,7.9158,-50.1335,50.1335,-5.2772,0.0000,-237.586,80.297,-875.556,639.622,-708.904,0.000,0,150,-500,550,150,0,200,100,404,-208,84,60,5,2,35,2,1,2
817,1785849430.1029,0.03332,5.8901,-82.5055,88.1758,71.2967,-80.0440,2.0503,-50.1257,-26.3820,-76.5077,52.7639,-10.5528,-1.9848,-1266.698,-1029.259,-791.476,78.937,-158.317,-59.561,-600,-250,-850,600,-100,-50,56,-24,244,-64,20,48,0,0,5,0,0,1
818,1785849430.1364,0.03344,5.2747,-82.7692,86.2418,71.7363,-79.9560,1.9841,-18.4028,-7.8869,-57.8374,13.1449,2.6290,-1.9778,948.660,553.086,558.327,-1184.791,394.195,0.207,-400,-50,-600,100,0,-50,-152,-24,60,124,52,-36,6,0,0,4,1,0
819,1785849430.1697,0.03335,6.5055,-82.7692,86.2418,70.7692,-80.1319,1.9841,36.9006,0.0000,0.0000,-28.9933,-5.2715,0.0000,1658.092,236.464,1734.066,-1263.376,-236.870,59.298,400,0,-200,-300,-50,0,-36,-64,-84,164,-28,20,0,1,1,4,0,0
820,1785849430.2031,0.03339,7.2967,-82.2418,87.0330,69.8022,-80.0440,1.9841,23.6964,15.7976,23.6964,-28.9623,2.6329,0.0000,-395.460,473.132,709.698,0.930,236.735,0.000,150,100,300,-300,-50,0,156,-164,112,96,-156,44,8,4,6,1,4,0
821,1785849430.2366,0.03341,6.0659,-80.9231,86.9451,69.0989,-78.9011,1.9841,-36.8359,39.4671,-2.6311,-21.0491,34.2048,0.0000,-1811.684,708.409,-787.962,236.834,944.921,0.000,-300,550,-50,-250,400,0,200,84,168,120,84,-32,3,2,11,3,3,0
822,1785849430.2699,0.03335,4.3956,-81.3626,86.8571,68.2198,-79.2527,1.9841,-50.0894,-13.1814,-2.6363,-26.3629,-10.5451,0.0000,-397.442,-1578.810,-0.154,-159.347,-1341.950,0.000,-600,-250,-50,-250,100,0,28,120,44,64,100,0,0,2,1,0,1,0
823,1785849430.3033,0.0334,3.7802,-82.5055,86.7692,67.7802,-80.1319,1.9841,-18.4265,-34.2207,-2.6324,-13.1618,-26.3236,0.0000,948.085,-629.981,0.118,395.280,-472.456,0.000,-50,-350,-50,-150,-300,0,-100,-84,-28,-76,48,32,3,3,0,1,0,1
824,1785849430.3367,0.03336,4.8352,-82.3297,87.0330,67.8681,-80.4835,1.9841,31.6192,5.2699,7.9048,2.6349,-10.5397,0.0000,1499.991,1183.627,315.824,473.466,473.080,0.000,150,50,100,50,-150,0,-92,-136,-168,72,-48,36,0,4,4,2,1,0
825,1785849430.37,0.0334,5.7143,-81.3626,88.5275,67.6923,-80.6593,1.9841,26.3209,28.9530,44.7456,-5.2642,-5.2642,0.0000,-158.631,709.075,1103.015,-236.500,157.950,0.000,300,350,400,-50,-50,0,-24,-100,-76,-44,32,-20,0,0,0,1,1,0
826,1785849430.4035,0.0334,5.8022,-80.3077,89.6703,67.9560,-80.6593,1.9841,2.6318,31.5815,34.2133,7.8954,0.0000,0.0000,-709.174,78.689,-315.300,393.954,157.592,0.000,0,500,450,50,0,0,28,116,84,-56,24,40,0,4,4,1,0,1
827,1785849430.4368,0.03337,5.5385,-80.8352,89.6703,68.3956,-80.4835,1.9841,-7.9022,-15.8044,0.0000,13.1704,5.2681,0.0000,-315.627,-1419.808,-1025.121,158.052,157.847,0.000,-100,-150,0,150,100,0,-36,76,100,-68,80,-28,0,1,4,0,2,0
828,1785849430.4703,0.03341,5.1868,-81.5385,89.3187,68.6593,-80.7473,1.9841,-10.5240,-21.0481,-10.5240,7.8930,-7.8930,0.0000,-78.465,-156.929,-314.960,-157.939,-393.884,0.000,-100,-100,-200,0,-150,0,-84,-60,104,-88,-44,32,2,1,4,0,0,0
829,1785849430.5037,0.03336,5.4505,-81.2747,89.1429,69.6264,-80.6593,1.9841,7.9066,7.9066,-5.2711,28.9909,2.6355,0.0000,552.537,868.039,157.480,632.498,315.638,0.000,150,0,-100,450,0,0,24,88,-20,116,-40,-20,0,3,0,4,0,0
830,1785849430.537,0.03339,6.0659,-81.4505,89.6703,69.1868,-80.6593,1.9841,18.4276,-5.2650,15.7951,-13.1626,0.0000,0.0000,315.049,-394.423,630.823,-1262.279,-78.921,0.000,150,0,200,-200,0,0,20,184,-104,36,-24,0,1,6,1,0,0,0
831,1785849430.5705,0.03346,5.9780,-83.0330,90.6374,68.8352,-80.4835,1.9841,-2.6270,-47.2863,28.8972,-10.5081,5.2540,0.0000,-629.160,-1255.691,391.520,79.323,157.002,0.000,0,-600,400,-150,50,0,-36,-88,0,-140,64,0,1,3,0,5,1,0
832,1785849430.6038,0.03334,5.7143,-82.5055,91.0769,69.8901,-80.6593,1.9841,-7.9096,15.8193,13.1827,31.6385,-5.2731,0.0000,-158.429,1892.579,-471.287,1264.006,-315.716,0.000,-100,-50,150,350,0,0,36,-36,88,20,68,32,0,0,3,0,1,1
833,1785849430.6372,0.0334,5.8022,-81.9780,91.1648,69.9780,-81.1868,1.9841,2.6321,15.7928,2.6321,2.6321,-15.7928,0.0000,315.626,-0.793,-315.890,-868.466,-314.965,0.000,50,250,50,-50,-250,0,-44,68,32,52,-68,-24,0,0,0,0,1,0
834,1785849430.6707,0.03339,6.2418,-82.4176,90.9890,69.6264,-80.8352,1.9841,13.1654,-13.1654,-5.2662,-10.5323,10.5323,0.0000,315.484,-867.334,-236.564,-394.292,788.470,0.000,150,-200,-100,-100,200,0,-44,-48,-36,36,-60,0,0,1,1,1,0,0
835,1785849430.704,0.03343,6.5055,-82.5055,91.2527,69.5385,-80.1319,1.9841,7.8891,-2.6297,7.8891,-2.6297,21.0377,0.0000,-157.828,315.153,393.513,236.390,314.246,0.000,100,-50,0,-50,350,0,-68,92,36,-20,108,32,2,2,2,0,3,0
836,1785849430.7375,0.03343,6.6813,-82.5055,91.5165,69.8901,-80.8352,1.9841,5.2599,0.0000,7.8899,10.5198,-21.0397,0.0000,-78.655,78.670,0.022,393.379,-1258.776,0.000,100,-100,50,150,-250,0,0,48,112,-20,64,-24,0,1,7,0,0,0
837,1785849430.7708,0.03335,6.8571,-83.0330,91.4286,69.8901,-81.3626,1.9841,5.2716,-15.8148,-2.6358,0.0000,-15.8148,0.0000,0.350,-474.162,-315.583,-315.408,156.653,0.000,50,-150,-50,0,-100,0,48,-40,80,28,20,-32,1,0,3,0,0,1
838,1785849430.8042,0.03343,6.7692,-83.0330,91.4286,69.8022,-81.4505,1.9841,-2.6299,0.0000,0.0000,-2.6299,-2.6299,0.0000,-236.371,473.096,78.849,-78.672,394.424,0.000,-50,50,0,0,-50,0,-52,-76,68,80,-24,24,1,1,2,2,0,0
839,1785849430.8377,0.03336,6.5934,-82.2418,91.4286,69.4505,-81.2747,1.9841,-5.2708,23.7184,0.0000,-10.5415,5.2708,0.0000,-79.167,711.018,0.000,-237.171,236.841,0.000,-50,250,0,-150,50,0,-116,-72,0,84,60,40,3,1,0,3,1,0
840,1785849430.871,0.0334,7.4725,-81.9780,91.5165,68.9231,-81.4505,1.9841,26.3216,7.8965,2.6322,-15.7929,-5.2643,0.0000,945.900,-473.722,78.809,-157.232,-315.429,0.000,200,100,50,-200,-100,0,64,-20,36,36,44,-28,1,0,1,0,0,0
841,1785849430.9044,0.03338,7.5604,-81.9780,91.5165,68.7473,-81.9780,1.9841,2.6338,0.0000,0.0000,-5.2675,-15.8025,0.0000,-709.663,-236.570,-78.857,315.331,-315.714,0.000,0,0,0,-150,-250,0,-36,88,-28,-88,32,0,1,1,0,2,0,0
842,1785849430.9378,0.03341,7.1209,-82.5055,91.6923,69.1868,-81.9780,1.9841,-13.1579,-15.7895,5.2632,13.1579,0.0000,0.0000,-472.712,-472.647,157.549,551.552,473.037,0.000,-150,-100,50,150,0,0,-40,-76,60,-20,80,0,0,1,2,0,2,0
843,1785849430.9711,0.03339,7.6484,-82.1538,91.8681,69.3626,-82.5055,1.9841,15.7950,10.5300,5.2650,5.2650,-15.7950,0.0000,866.987,788.130,0.055,-236.351,-472.977,0.000,50,50,0,50,-150,0,-36,-28,128,-40,-52,0,0,0,6,1,1,0
844,1785849431.0046,0.03342,7.9121,-81.9780,91.8681,69.4505,-82.5055,1.9841,7.8912,5.2608,0.0000,2.6304,0.0000,0.0000,-236.488,-157.659,-157.533,-78.829,472.598,0.000,100,50,0,0,-150,0,-52,56,32,44,-32,0,0,1,1,1,0,0
845,1785849431.0379,0.03335,7.9121,-82.3297,91.8681,69.4505,-82.3297,1.9841,0.0000,-10.5450,0.0000,0.0000,5.2725,0.0000,-236.635,-473.973,0.000,-78.878,158.108,0.000,0,-150,0,0,150,0,-24,-68,68,-32,-32,0,0,2,3,0,0,0
846,1785849431.0714,0.03343,7.9121,-82.3297,91.8681,69.5385,-82.1538,1.9841,0.0000,0.0000,0.0000,2.6296,5.2591,0.0000,0.000,315.413,0.000,78.653,-0.400,0.000,0,-50,0,50,100,0,-64,-36,112,-72,-20,0,0,0,5,0,0,0
847,1785849431.1048,0.03339,8.2637,-81.9780,91.7802,69.9780,-82.1538,1.9841,10.5328,10.5328,-2.6332,13.1660,0.0000,0.0000,315.487,315.487,-78.872,315.597,-157.525,0.000,100,150,0,100,100,0,56,68,96,48,56,0,1,1,3,2,1,0
848,1785849431.1382,0.03342,8.5275,-82.1538,91.7802,69.9780,-82.4176,1.9841,7.8927,-5.2618,0.0000,0.0000,-7.8927,0.0000,-79.009,-472.680,78.803,-394.015,-236.203,0.000,100,-150,-50,0,0,0,80,52,-24,-32,-40,24,2,0,0,0,0,0
849,1785849431.1716,0.03333,7.8242,-82.7692,92.0440,70.1538,-82.2418,1.9841,-21.1006,-18.4630,7.9127,5.2751,5.2751,0.0000,-869.867,-396.066,237.400,158.267,395.067,0.000,-250,-250,50,50,50,0,-36,-92,136,-24,44,-20,1,3,7,0,0,0
850,1785849431.2049,0.03344,7.6484,-82.3297,91.9560,70.2418,-82.1538,1.9841,-5.2586,13.1466,-2.6293,2.6293,2.6293,0.0000,473.808,945.393,-315.296,-79.133,-79.133,0.000,-100,150,0,100,150,0,-60,-64,96,28,28,20,1,0,4,0,0,0
851,1785849431.2387,0.03359,8.0879,-82.0659,91.8681,70.2418,-82.5055,1.9841,13.0856,7.8514,-2.6171,0.0000,-10.4685,0.0000,546.103,-157.637,0.363,-78.274,-389.918,0.000,200,50,0,0,-150,0,36,64,164,-28,-44,-20,0,2,10,0,1,0
