t,goal_shoulder_pan,goal_shoulder_lift,goal_elbow_flex,goal_wrist_flex,goal_wrist_roll,goal_gripper,pos_shoulder_pan,pos_shoulder_lift,pos_elbow_flex,pos_wrist_flex,pos_wrist_roll,pos_gripper
0.0015273110002453905,2057,894,3015,2894,988,1402,2063,896,3017,2892,991,1406
0.004408508000778966,2057,894,3015,2893,988,1402,2063,896,3017,2892,991,1406
0.011319589000777341,2059,895,3015,2893,989,1402,2063,896,3017,2892,991,1406
0.02178908400128421,2061,896,3015,2893,990,1402,2063,896,3017,2892,991,1406
0.03165283599992108,2064,897,3015,2892,993,1402,2063,896,3017,2892,991,1406
0.041666860999612254,2066,898,3015,2893,995,1402,2063,896,3017,2892,991,1406
0.05226802499964833,2068,898,3015,2893,997,1402,2063,896,3017,2892,991,1406
0.06318285000088508,2069,898,3015,2895,998,1402,2063,896,3017,2892,991,1406
0.07152110400056699,2068,897,3015,2896,999,1402,2063,896,3017,2892,991,1406
0.08344938099980936,2067,896,3015,2898,1000,1402,2063,896,3017,2892,991,1406
0.09141223699953116,2065,894,3015,2900,1000,1402,2063,896,3017,2892,992,1406
0.10326227699988522,2061,891,3015,2903,999,1402,2064,896,3017,2892,993,1406
0.11134448700067878,2058,889,3015,2904,998,1402,2064,896,3017,2893,993,1406
0.12188293200051703,2055,887,3015,2904,996,1402,2064,896,3017,2894,994,1406
0.13166713400096342,2053,886,3015,2904,994,1402,2064,896,3017,2896,994,1406
0.1424844960001792,2051,885,3015,2902,992,1402,2064,896,3017,2897,994,1406
0.1514468469995336,2050,885,3014,2900,990,1402,2064,895,3017,2899,994,1406
0.16163539199988008,2049,885,3014,2897,987,1402,2064,895,3017,2899,994,1406
0.17167936400073813,2049,886,3014,2893,985,1402,2061,894,3017,2899,993,1406
0.1816177670007164,2048,887,3015,2889,984,1402,2059,893,3017,2899,993,1406
0.19193197899949155,2048,889,3016,2885,985,1402,2057,892,3017,2899,993,1406
0.2015364420003607,2047,891,3017,2882,986,1402,2054,891,3017,2899,993,1406
0.21127489799982868,2046,894,3018,2880,986,1402,2052,890,3017,2899,992,1406
0.22141222600112087,2046,896,3017,2879,985,1402,2051,889,3017,2897,991,1406
0.23291855699972075,2045,899,3015,2878,983,1402,2051,889,3019,2894,990,1406
0.24133810400053335,2044,901,3012,2878,980,1402,2051,889,3019,2892,990,1406
0.2517898360001709,2043,903,3008,2878,975,1402,2051,889,3020,2890,989,1406
0.2613177639996138,2043,905,3003,2879,969,1402,2052,889,3021,2890,988,1406
0.2716449110012036,2042,908,2996,2880,962,1402,2052,892,3021,2889,987,1406
0.28153628499967454,2042,911,2989,2881,956,1402,2052,895,3021,2888,985,1406
0.2922741460006364,2041,914,2981,2882,950,1402,2052,897,3021,2888,983,1406
0.3012192349997349,2042,917,2973,2883,945,1402,2051,898,3021,2887,980,1406
0.3117933779994928,2042,921,2966,2883,942,1402,2049,898,3020,2887,976,1406
0.32177240700002585,2043,925,2958,2884,940,1402,2047,899,3019,2887,972,1406
0.3316455370004405,2045,929,2951,2884,939,1402,2045,901,3017,2887,968,1406
0.3439832269996259,2046,933,2944,2885,940,1402,2044,905,3013,2887,963,1406
0.35166935000052035,2048,938,2937,2885,941,1402,2044,908,3010,2887,960,1406
0.3636915750012122,2050,943,2930,2885,944,1402,2044,912,3005,2887,957,1406
0.37172067500068806,2053,949,2924,2885,949,1402,2044,914,3002,2887,955,1406
0.38239256199995,2056,954,2917,2885,954,1402,2044,917,2996,2887,953,1406
0.39129176400092547,2059,961,2910,2884,961,1402,2045,919,2992,2887,953,1406
0.4020122430010815,2062,968,2903,2884,969,1402,2047,924,2986,2887,953,1406
0.4117164840008627,2066,976,2896,2883,978,1402,2048,928,2980,2887,953,1406
0.4214407529998425,2070,985,2888,2882,989,1402,2049,932,2974,2887,954,1406
0.43146812400118506,2075,995,2880,2881,1001,1402,2050,936,2968,2887,956,1406
0.4425412780001352,2079,1006,2872,2879,1012,1402,2053,941,2961,2887,959,1406
0.45152040100037993,2082,1016,2865,2878,1022,1402,2055,947,2955,2887,962,1406
0.4621242089997395,2085,1026,2859,2876,1032,1402,2058,954,2948,2887,967,1406
0.4738183250010479,2088,1036,2853,2875,1040,1402,2061,959,2941,2887,970,1406
0.4813447369997448,2090,1046,2847,2873,1046,1402,2064,965,2935,2886,976,1406
0.4938424789997953,2091,1055,2842,2871,1052,1402,2068,974,2928,2885,984,1406
0.5015943460002745,2092,1065,2837,2869,1056,1402,2071,981,2922,2884,989,1406
0.5120187960001203,2092,1076,2833,2867,1059,1402,2074,989,2915,2883,996,1406
0.5214209069999924,2091,1086,2828,2865,1061,1402,2076,997,2909,2882,1004,1406
0.5323586060003436,2090,1097,2824,2863,1061,1402,2079,1005,2903,2880,1010,1406
0.5414425560011296,2089,1109,2820,2860,1060,1402,2082,1013,2897,2878,1017,1406
0.5517419900006644,2087,1120,2816,2858,1058,1402,2084,1023,2890,2877,1024,1406
0.5612648490005085,2084,1129,2813,2856,1055,1402,2084,1031,2884,2875,1028,1406
0.5715177359998052,2082,1138,2810,2854,1052,1402,2084,1041,2878,2873,1032,1406
0.5815919249998842,2080,1145,2808,2852,1048,1402,2083,1050,2873,2871,1035,1406
0.5914613380009541,2079,1151,2806,2851,1044,1402,2082,1060,2868,2869,1036,1406
0.6017422770000849,2078,1155,2805,2850,1040,1402,2080,1069,2863,2867,1039,1406
0.6123674049995316,2077,1158,2803,2850,1037,1402,2078,1078,2859,2866,1039,1406
0.621415268000419,2076,1160,2802,2849,1034,1402,2078,1088,2854,2864,1039,1406
0.631286314001045,2076,1160,2802,2850,1031,1402,2077,1097,2851,2862,1039,1406
0.6421257270012575,2077,1159,2801,2850,1028,1402,2077,1106,2848,2861,1038,1406
0.6512605839998287,2078,1157,2800,2851,1026,1402,2077,1113,2845,2860,1037,1406
0.6615810980001697,2081,1153,2799,2853,1024,1402,2078,1122,2843,2859,1035,1406
0.6714141520005796,2084,1148,2798,2855,1023,1402,2078,1128,2841,2859,1034,1406
0.6818216200008465,2088,1143,2796,2858,1023,1402,2079,1132,2839,2859,1032,1406
0.6916602740002418,2092,1139,2793,2860,1024,1402,2079,1134,2838,2859,1031,1406
0.7015806230010639,2096,1137,2790,2863,1026,1402,2080,1135,2838,2859,1030,1406
0.7116226520010969,2100,1135,2786,2866,1028,1402,2080,1134,2837,2859,1029,1406
0.7216169000002992,2104,1135,2782,2869,1031,1402,2080,1134,2835,2860,1028,1406
0.7316199760007294,2107,1137,2777,2871,1034,1402,2081,1133,2833,2861,1028,1406
0.7414158200008387,2111,1139,2771,2874,1038,1402,2084,1132,2831,2862,1028,1406
0.7522472580003523,2115,1143,2765,2876,1042,1402,2087,1132,2827,2864,1028,1406
0.7615152250000392,2118,1149,2758,2879,1046,1402,2090,1132,2824,2866,1029,1406
0.7716061259998241,2122,1155,2750,2881,1051,1402,2093,1133,2820,2867,1030,1406
0.7817190180012403,2126,1163,2742,2884,1056,1402,2097,1135,2816,2869,1031,1406
0.7916337370006659,2129,1172,2732,2886,1062,1402,2102,1137,2812,2871,1033,1406
0.8016640929999994,2133,1183,2722,2889,1068,1402,2106,1139,2808,2872,1034,1406
0.811627713001144,2137,1195,2712,2891,1075,1402,2110,1142,2803,2875,1037,1406
0.8217418080002972,2141,1208,2700,2893,1082,1402,2113,1146,2797,2877,1041,1406
0.8315180650006369,2145,1223,2688,2895,1090,1402,2115,1150,2791,2879,1045,1406
0.8423068320007587,2149,1238,2676,2896,1098,1402,2117,1155,2784,2881,1049,1406
0.851525608000884,2153,1254,2664,2897,1106,1402,2119,1160,2777,2883,1053,1406
0.8621738599995297,2156,1268,2653,2896,1113,1402,2122,1167,2769,2885,1058,1406
0.8715869210009259,2159,1282,2644,2895,1119,1402,2125,1174,2761,2887,1063,1406
0.8815334099999745,2161,1294,2636,2893,1125,1402,2128,1183,2753,2888,1070,1406
0.8915404420004052,2163,1304,2629,2890,1130,1402,2131,1193,2743,2889,1077,1406
0.9016437560003396,2164,1314,2624,2886,1135,1402,2135,1204,2734,2889,1082,1406
0.9117142790000798,2165,1323,2619,2882,1139,1402,2140,1214,2725,2889,1088,1406
0.9214196419998189,2166,1331,2616,2876,1143,1402,2144,1225,2715,2889,1092,1406
0.9316506470004242,2166,1339,2612,2870,1147,1402,2148,1237,2706,2889,1098,1406
0.9424458270004834,2165,1346,2609,2865,1150,1402,2152,1249,2697,2888,1103,1406
0.9538797410004918,2165,1352,2606,2860,1153,1402,2154,1259,2689,2886,1108,1406
0.961287498999809,2165,1357,2603,2857,1156,1402,2155,1269,2682,2884,1114,1406
0.9715134150010272,2164,1363,2599,2854,1159,1402,2156,1279,2675,2881,1119,1406
0.9817724920012552,2164,1368,2594,2853,1162,1402,2156,1289,2668,2878,1124,1406
0.9913006910010154,2163,1374,2588,2852,1165,1402,2156,1299,2663,2874,1127,1406
1.0014093350000621,2163,1381,2582,2853,1168,1402,2156,1308,2657,2871,1131,1406
1.0114156560011907,2163,1388,2574,2854,1172,1402,2156,1315,2652,2868,1136,1406
1.021587740000541,2163,1396,2565,2857,1176,1402,2155,1323,2647,2867,1140,1406
1.0317973250002979,2163,1405,2554,2860,1181,1402,2155,1331,2642,2866,1144,1406
1.0413114170005429,2163,1415,2542,2864,1186,1402,2155,1339,2636,2865,1149,1406
1.052166749999742,2163,1425,2528,2870,1191,1402,2156,1347,2630,2865,1153,1406
1.0618722140006867,2163,1436,2515,2875,1197,1402,2157,1355,2624,2865,1156,1406
1.0714382440000918,2163,1445,2502,2881,1202,1402,2157,1362,2617,2866,1158,1406
1.0825955769996654,2164,1454,2490,2886,1206,1402,2158,1371,2610,2867,1163,1406
1.0914178229995741,2164,1461,2480,2891,1209,1402,2159,1379,2603,2869,1167,1406
1.1027996800003166,2165,1467,2471,2895,1212,1402,2160,1389,2593,2871,1172,1406
1.111720533001062,2166,1472,2463,2898,1214,1402,2161,1397,2585,2874,1176,1406
1.1215677439995488,2166,1475,2457,2901,1216,1402,2161,1406,2576,2877,1181,1406
1.1314101059997483,2167,1478,2452,2902,1217,1402,2161,1414,2566,2881,1186,1406
1.1415808170004311,2169,1479,2449,2902,1217,1402,2161,1423,2556,2884,1189,1406
1.1521524750005483,2170,1480,2447,2902,1217,1402,2162,1430,2547,2887,1193,1406
1.161777246001293,2172,1480,2445,2900,1218,1402,2162,1437,2537,2889,1196,1406
1.1716428820000147,2175,1481,2444,2898,1219,1402,2163,1444,2529,2891,1198,1406
1.18164347200036,2177,1483,2442,2896,1222,1402,2163,1450,2521,2892,1200,1406
1.1915280329994857,2180,1486,2440,2893,1226,1402,2163,1454,2513,2892,1202,1406
1.2012574920008774,2182,1490,2436,2891,1232,1402,2164,1458,2507,2892,1204,1406
1.2116875020001316,2185,1496,2431,2890,1238,1402,2166,1462,2501,2892,1207,1406
1.2217652689996612,2188,1503,2426,2888,1246,1402,2168,1465,2497,2892,1211,1406
1.2321674360009638,2191,1511,2419,2886,1255,1402,2170,1469,2492,2892,1213,1406
1.241952410000522,2194,1520,2412,2885,1265,1402,2172,1472,2487,2892,1214,1406
1.2516589549995842,2197,1530,2405,2884,1275,1402,2174,1476,2483,2892,1218,1406
1.2627323899996554,2200,1540,2397,2883,1285,1402,2177,1481,2478,2891,1223,1406
1.2714371149995713,2203,1549,2391,2883,1294,1402,2180,1487,2472,2890,1228,1406
1.281873527001153,2205,1556,2385,2882,1302,1402,2182,1493,2466,2890,1234,1406
1.291518857000483,2207,1563,2381,2882,1308,1402,2186,1499,2460,2889,1241,1406
1.3025950270002795,2208,1569,2377,2882,1313,1402,2188,1507,2454,2889,1249,1406
1.3115949390012247,2209,1573,2375,2882,1317,1402,2190,1514,2448,2889,1255,1406
1.3218166670012579,2210,1577,2373,2883,1320,1402,2193,1521,2442,2889,1262,1406
1.331662464999681,2210,1579,2373,2883,1321,1402,2195,1528,2436,2888,1270,1406
1.3424980210002104,2210,1580,2374,2884,1321,1402,2198,1536,2430,2888,1276,1406
1.3514346829997521,2210,1581,2376,2885,1320,1402,2199,1542,2426,2888,1281,1406
1.3619454560011945,2209,1580,2378,2886,1317,1402,2201,1548,2422,2888,1287,1406
1.371530372000052,2208,1579,2382,2887,1313,1402,2202,1554,2419,2888,1291,1406
1.381592128000193,2207,1577,2386,2889,1308,1402,2203,1559,2416,2888,1294,1406
1.3916891400003806,2205,1574,2391,2891,1302,1402,2204,1562,2416,2888,1296,1406
1.401415853000799,2204,1571,2396,2893,1295,1402,2204,1565,2415,2889,1298,1406
1.4118708109999716,2202,1569,2400,2895,1288,1402,2204,1567,2415,2889,1298,1406
1.4215211600003386,2200,1568,2403,2896,1282,1402,2204,1568,2415,2889,1298,1406
1.4317446510012815,2199,1569,2404,2898,1277,1402,2204,1568,2415,2889,1297,1406
1.4412375629999588,2198,1570,2403,2900,1273,1402,2204,1568,2415,2890,1295,1406
1.4521470489999047,2198,1573,2402,2901,1271,1402,2203,1568,2415,2891,1293,1406
1.4616687550005736,2198,1577,2398,2902,1269,1402,2203,1568,2415,2892,1291,1406
1.4713201869999466,2198,1582,2393,2903,1269,1402,2202,1568,2415,2893,1289,1406
1.4826005020004231,2198,1589,2387,2904,1269,1402,2202,1567,2415,2895,1286,1406
1.4912905090004642,2199,1597,2380,2905,1271,1402,2202,1568,2415,2896,1284,1406
1.5027210080006626,2200,1606,2370,2906,1273,1402,2201,1570,2415,2897,1281,1406
1.5116877270011173,2201,1616,2360,2907,1277,1402,2200,1573,2414,2898,1280,1406
1.5226979620001657,2202,1628,2348,2908,1281,1402,2200,1577,2412,2899,1279,1406
1.531258725999578,2204,1641,2335,2909,1287,1402,2200,1582,2411,2900,1279,1406
1.542731323001135,2206,1656,2320,2910,1294,1402,2199,1588,2408,2902,1279,1406
1.5518103350004822,2208,1669,2306,2910,1301,1402,2199,1594,2404,2903,1279,1406
1.5625241910001932,2209,1682,2293,2911,1308,1402,2199,1601,2399,2904,1280,1406
1.5714356259995839,2211,1694,2281,2912,1316,1402,2199,1607,2394,2904,1282,1406
1.58174226400115,2212,1704,2271,2913,1323,1402,2200,1615,2387,2905,1285,1406
1.591596598000251,2213,1713,2262,2914,1329,1402,2201,1623,2379,2906,1288,1406
1.601519472000291,2214,1721,2254,2915,1336,1402,2202,1633,2370,2907,1291,1406
1.6120658720010397,2215,1727,2248,2916,1343,1402,2203,1643,2361,2908,1294,1406
1.6215124869995634,2215,1732,2243,2917,1350,1402,2205,1653,2351,2909,1299,1406
1.6318459249996522,2215,1735,2239,2919,1357,1402,2206,1662,2342,2909,1304,1406
1.641256021001027,2216,1738,2237,2921,1365,1402,2207,1672,2333,2910,1310,1406
1.6516199369998503,2215,1739,2235,2923,1373,1402,2208,1681,2324,2911,1315,1406
1.6614339549996657,2215,1738,2234,2926,1382,1402,2210,1690,2316,2912,1321,1406
1.6717047750007623,2216,1737,2234,2930,1393,1402,2212,1698,2308,2914,1327,1406
1.6812102510011755,2216,1735,2232,2934,1404,1402,2212,1706,2301,2915,1333,1406
1.691621837000639,2217,1733,2230,2938,1416,1402,2214,1712,2295,2916,1339,1406
1.7023691360009252,2219,1733,2225,2943,1427,1402,2214,1717,2290,2918,1345,1406
1.7115234400007466,2221,1732,2220,2948,1440,1402,2214,1720,2287,2920,1353,1406
1.7215539059998264,2224,1732,2214,2953,1453,1402,2215,1721,2283,2924,1360,1406
1.7315199510012462,2227,1733,2209,2957,1464,1402,2215,1723,2279,2929,1368,1406
1.74244151899984,2231,1734,2203,2960,1475,1402,2215,1724,2275,2933,1377,1406
1.7515210820001812,2235,1735,2199,2962,1484,1402,2215,1725,2271,2936,1386,1406
1.7630753539997386,2238,1736,2196,2963,1492,1402,2215,1727,2266,2939,1395,1406
1.7714647240009072,2242,1737,2194,2964,1499,1402,2216,1729,2261,2942,1405,1406
1.781818530000237,2247,1739,2193,2963,1504,1402,2218,1731,2255,2945,1416,1406
1.7915409260003798,2251,1741,2193,2962,1509,1402,2220,1732,2250,2947,1426,1406
1.8017182290004712,2257,1743,2195,2959,1514,1402,2224,1733,2245,2950,1434,1406
1.8132121070011635,2262,1745,2197,2956,1518,1402,2226,1735,2241,2952,1444,1406
1.8216211440012557,2268,1747,2200,2952,1521,1402,2230,1737,2238,2952,1452,1406
1.8322612709998793,2272,1748,2202,2949,1523,1402,2233,1738,2236,2952,1461,1406
1.841533005999736,2275,1749,2205,2947,1524,1402,2238,1740,2234,2952,1467,1406
1.8518742190008197,2277,1749,2207,2945,1525,1402,2244,1742,2233,2951,1474,1406
1.8620021200003976,2279,1749,2208,2945,1526,1402,2248,1744,2233,2950,1481,1406
1.8714112140005454,2280,1748,2209,2946,1528,1402,2253,1745,2233,2950,1486,1406
1.8815260800001852,2280,1747,2209,2947,1529,1402,2257,1747,2233,2949,1491,1406
1.8916227219997381,2281,1747,2208,2949,1530,1402,2260,1748,2233,2948,1496,1406
1.9021735099995567,2282,1749,2207,2950,1531,1402,2264,1749,2233,2948,1499,1406
1.9116131820010196,2284,1752,2205,2951,1532,1402,2267,1750,2233,2948,1503,1406
1.9217466829995828,2287,1756,2203,2950,1532,1402,2268,1750,2234,2949,1506,1406
1.9317443769996316,2292,1761,2201,2949,1532,1402,2270,1750,2234,2949,1509,1406
1.9418488840001373,2297,1768,2199,2947,1533,1402,2272,1750,2234,2949,1511,1406
1.9514087930001551,2302,1775,2197,2944,1533,1402,2274,1750,2233,2949,1513,1406
1.9615909450003528,2308,1782,2195,2941,1532,1402,2275,1751,2232,2949,1516,1406
1.9716367210003227,2314,1789,2194,2939,1532,1402,2275,1753,2231,2949,1518,1406
1.9825914410012047,2318,1793,2194,2936,1531,1402,2277,1757,2229,2948,1521,1406
1.9915305390004505,2322,1797,2194,2934,1530,1402,2280,1761,2227,2947,1523,1406
2.0014124950012047,2324,1799,2195,2932,1529,1402,2284,1766,2225,2946,1523,1406
2.0114375709999877,2326,1800,2197,2930,1527,1402,2288,1772,2223,2944,1523,1406
2.0215112890000455,2327,1800,2199,2929,1526,1402,2292,1777,2222,2942,1523,1406
2.03214639700127,2327,1798,2202,2928,1524,1402,2296,1783,2222,2940,1523,1406
2.041664768001283,2326,1795,2205,2928,1521,1402,2301,1787,2222,2939,1523,1406
2.0517130179996457,2325,1791,2209,2928,1519,1402,2308,1791,2222,2938,1523,1406
2.061712165001154,2322,1785,2213,2929,1516,1402,2312,1793,2223,2937,1521,1406
2.0717687610012945,2320,1781,2216,2929,1515,1402,2314,1794,2223,2936,1520,1406
2.0814581040012854,2319,1777,2217,2930,1514,1402,2315,1794,2223,2936,1520,1406
2.092344435000996,2318,1775,2217,2932,1514,1402,2315,1794,2223,2935,1520,1406
2.101539245000822,2318,1774,2215,2933,1514,1402,2315,1794,2223,2935,1520,1406
2.112812606999796,2319,1775,2212,2934,1516,1402,2315,1792,2224,2935,1519,1406
2.1217330590006895,2320,1776,2208,2935,1518,1402,2314,1791,2224,2935,1518,1406
2.131415759000447,2322,1780,2203,2937,1521,1402,2310,1790,2224,2935,1518,1406
2.141410739001003,2325,1784,2196,2938,1524,1402,2309,1790,2224,2935,1518,1406
2.1516633049996017,2329,1790,2188,2940,1528,1402,2308,1790,2223,2935,1521,1406
2.1616372549997322,2333,1797,2179,2941,1533,1402,2308,1790,2223,2935,1521,1406
2.1718957020002563,2338,1805,2170,2942,1538,1402,2309,1790,2222,2935,1522,1406
2.1813068100000237,2343,1813,2162,2943,1542,1402,2311,1791,2221,2935,1523,1406
2.1916167930012307,2348,1820,2155,2943,1546,1402,2313,1794,2220,2935,1524,1406
2.201660284999889,2352,1826,2150,2943,1549,1402,2316,1797,2217,2937,1526,1406
2.211715647999881,2355,1831,2146,2943,1551,1402,2320,1801,2213,2938,1529,1406
2.2217464450004627,2359,1836,2144,2942,1553,1402,2326,1805,2209,2938,1530,1406
2.231287438000436,2361,1839,2143,2941,1553,1402,2330,1809,2204,2939,1532,1406
2.2412356400000135,2364,1843,2143,2940,1554,1402,2335,1814,2200,2939,1536,1406
2.2515116600006877,2367,1845,2145,2938,1553,1402,2340,1819,2194,2939,1538,1406
2.261539842000275,2369,1848,2149,2936,1552,1402,2343,1824,2190,2939,1540,1406
2.2715870100000757,2371,1850,2154,2933,1550,1402,2346,1829,2186,2939,1542,1406
2.2816350699995382,2372,1851,2160,2929,1547,1402,2349,1833,2183,2938,1543,1406
2.2914081210001314,2373,1853,2166,2926,1544,1402,2352,1836,2182,2937,1544,1406
2.301529718999518,2374,1854,2171,2923,1542,1402,2354,1839,2182,2937,1544,1406
2.311658492000788,2374,1855,2174,2921,1541,1402,2356,1842,2182,2937,1544,1406
2.3216545039995253,2374,1857,2176,2919,1540,1402,2357,1845,2182,2937,1544,1406
2.331707782999729,2374,1859,2176,2918,1540,1402,2359,1847,2182,2934,1544,1406
2.3417398530000355,2373,1862,2175,2917,1541,1402,2359,1850,2183,2932,1544,1406
2.3512581230006617,2373,1866,2173,2916,1542,1402,2361,1853,2184,2929,1542,1406
2.3613243569998303,2372,1869,2169,2916,1544,1402,2362,1855,2184,2927,1542,1406
2.3715132720008114,2372,1873,2164,2916,1546,1402,2363,1858,2185,2926,1542,1406
2.381821483000749,2371,1875,2159,2917,1549,1402,2364,1860,2185,2925,1543,1406
2.391612929000985,2371,1876,2155,2918,1551,1402,2365,1863,2185,2925,1543,1406
2.4016645250012516,2370,1875,2152,2920,1553,1402,2366,1866,2185,2924,1543,1406
2.4116865460000554,2370,1874,2150,2921,1555,1402,2367,1868,2184,2924,1543,1406
2.4225069929998426,2371,1870,2149,2923,1556,1402,2368,1871,2183,2924,1544,1406
2.4312536270008422,2371,1866,2150,2926,1557,1402,2368,1873,2181,2924,1545,1406
2.4412747860005766,2372,1860,2152,2928,1557,1402,2368,1874,2180,2924,1546,1406
2.451404901001297,2373,1853,2155,2930,1557,1402,2368,1874,2179,2924,1548,1406
2.461612031000186,2374,1844,2160,2933,1556,1402,2368,1875,2179,2924,1549,1406
2.4712321030001476,2375,1835,2165,2936,1555,1402,2369,1875,2179,2925,1550,1406
2.4824989219996496,2377,1824,2172,2939,1554,1402,2369,1874,2179,2926,1551,1406
2.4914296740007558,2379,1812,2180,2942,1553,1402,2369,1874,2179,2928,1551,1406
2.5019023550012207,2382,1799,2188,2946,1551,1402,2368,1871,2179,2930,1551,1406
2.5115133300005255,2384,1788,2196,2949,1550,1402,2368,1869,2179,2931,1551,1406
2.521662651000952,2387,1777,2204,2951,1549,1402,2367,1866,2180,2932,1551,1406
2.531712644000436,2390,1768,2210,2953,1549,1402,2367,1861,2182,2933,1551,1406
2.5427639270001237,2392,1760,2216,2955,1548,1402,2369,1856,2186,2935,1551,1406
2.551638623001054,2395,1754,2221,2957,1549,1402,2371,1850,2190,2938,1552,1406
2.561537441000837,2398,1749,2226,2958,1549,1402,2373,1844,2195,2941,1553,1406
2.5715563360008673,2401,1745,2229,2959,1550,1402,2376,1837,2200,2945,1553,1406
2.5814119420010684,2404,1743,2232,2959,1552,1402,2379,1829,2205,2948,1553,1406
2.591403305001222,2407,1742,2234,2960,1554,1402,2382,1821,2210,2949,1553,1406
2.601432620000196,2411,1742,2236,2960,1556,1402,2386,1814,2214,2950,1553,1406
2.611523871000827,2415,1743,2236,2959,1560,1402,2390,1807,2218,2951,1553,1406
2.6212342729995726,2419,1746,2236,2959,1564,1402,2394,1801,2223,2951,1552,1406
2.631230826000319,2423,1751,2236,2958,1568,1402,2396,1795,2226,2953,1552,1406
2.6415149010008463,2428,1756,2234,2957,1574,1402,2399,1790,2229,2954,1552,1406
2.651710530000855,2433,1763,2232,2956,1580,1402,2402,1787,2231,2954,1554,1406
2.6617587900000217,2439,1771,2229,2955,1587,1402,2405,1785,2232,2954,1556,1406
2.6713135190002504,2446,1780,2227,2953,1596,1402,2407,1784,2232,2954,1558,1406
2.681306324000616,2452,1789,2224,2953,1605,1402,2409,1784,2232,2954,1562,1406
2.691254626000955,2459,1797,2223,2953,1614,1402,2411,1784,2232,2954,1565,1406
2.7012852130010288,2464,1803,2222,2953,1622,1402,2415,1785,2232,2954,1570,1406
2.7113118220004253,2469,1809,2221,2953,1629,1402,2420,1787,2232,2954,1575,1406
2.7213369780001813,2473,1815,2220,2953,1635,1402,2425,1789,2232,2954,1582,1406
2.731331617000251,2477,1820,2218,2952,1639,1402,2430,1792,2232,2954,1587,1406
2.7413318670005538,2479,1826,2215,2951,1642,1402,2435,1796,2232,2954,1591,1406
2.7520155559996056,2481,1834,2212,2949,1644,1402,2440,1801,2232,2954,1597,1406
2.761431402999733,2482,1842,2208,2946,1644,1402,2446,1805,2232,2954,1603,1406
2.771640667000611,2483,1851,2202,2942,1644,1402,2454,1809,2232,2954,1609,1406
2.78163361299994,2483,1861,2197,2938,1643,1402,2459,1815,2232,2954,1614,1406
2.79166698500012,2483,1869,2191,2934,1642,1402,2463,1820,2232,2954,1618,1406
2.8016491810012667,2482,1877,2186,2930,1641,1402,2466,1825,2232,2952,1621,1406
2.811636165000891,2482,1883,2182,2927,1641,1402,2469,1831,2231,2950,1624,1406
2.8216543680009636,2481,1888,2179,2924,1641,1402,2471,1838,2230,2948,1625,1406
2.8316576440010977,2480,1891,2177,2921,1642,1402,2472,1845,2228,2945,1626,1406
2.8416874790000293,2479,1894,2175,2920,1645,1402,2472,1852,2224,2942,1628,1406
2.851714038000864,2478,1895,2174,2919,1649,1402,2472,1859,2221,2939,1629,1406
2.8612232510004105,2477,1895,2173,2918,1653,1402,2472,1865,2218,2937,1630,1406
2.8715849929994874,2476,1894,2172,2919,1658,1402,2471,1871,2215,2934,1632,1406
2.8816538820010464,2475,1893,2170,2921,1663,1402,2470,1876,2212,2931,1634,1406
2.891662197000187,2475,1893,2167,2924,1668,1402,2470,1881,2210,2930,1637,1406
2.901627520999682,2475,1894,2163,2928,1672,1402,2469,1884,2209,2929,1640,1406
2.911635725000451,2476,1895,2157,2932,1676,1402,2469,1886,2208,2928,1643,1406
2.9216565340011584,2476,1898,2150,2937,1679,1402,2469,1888,2206,2928,1647,1406
2.931690266001169,2477,1901,2141,2942,1681,1402,2469,1889,2204,2928,1651,1406
2.941653777001193,2478,1905,2131,2949,1682,1402,2469,1890,2202,2929,1654,1406
2.951892756000234,2480,1910,2120,2955,1684,1402,2470,1892,2199,2931,1658,1406
2.9613304550002795,2482,1916,2108,2962,1685,1402,2471,1893,2194,2933,1661,1406
2.9716086690004886,2483,1922,2096,2968,1686,1402,2471,1896,2189,2936,1664,1406
2.9816563479998877,2485,1928,2087,2974,1687,1402,2472,1899,2183,2939,1666,1406
2.991652910000994,2487,1933,2079,2978,1688,1402,2472,1903,2177,2943,1669,1406
3.0012088010007574,2488,1937,2072,2982,1689,1402,2473,1907,2169,2946,1671,1406
3.011529254999914,2489,1941,2066,2985,1690,1402,2474,1912,2161,2951,1673,1406
3.021732356999564,2491,1945,2062,2987,1692,1402,2476,1916,2153,2955,1674,1406
3.03173627400065,2492,1948,2060,2989,1694,1402,2477,1922,2145,2959,1676,1406
3.041534332000083,2493,1951,2059,2990,1697,1402,2479,1927,2139,2963,1678,1406
3.0512263600012375,2495,1954,2059,2990,1700,1402,2480,1931,2132,2966,1679,1406
3.06123447400023,2496,1956,2061,2989,1703,1402,2482,1935,2125,2970,1681,1406
3.0712319890008075,2497,1958,2064,2988,1707,1402,2485,1939,2119,2972,1683,1406
3.0812064390011074,2499,1960,2069,2988,1711,1402,2487,1943,2113,2974,1686,1406
3.0914582240002346,2500,1962,2073,2988,1715,1402,2489,1946,2109,2976,1688,1406
3.101680492000014,2500,1963,2077,2989,1717,1402,2491,1949,2106,2976,1691,1406
3.1116554340005678,2501,1965,2079,2990,1719,1402,2492,1952,2104,2976,1694,1406
3.1212332459999743,2501,1966,2080,2993,1720,1402,2493,1954,2104,2977,1696,1406
3.131242272000236,2501,1968,2080,2997,1721,1402,2494,1957,2104,2978,1699,1406
3.1412792210012412,2501,1970,2080,3001,1722,1402,2495,1960,2104,2979,1702,1406
3.1512877160002972,2501,1972,2078,3007,1723,1402,2496,1962,2104,2982,1705,1406
3.1613066810004966,2501,1974,2075,3013,1724,1402,2496,1964,2104,2986,1707,1406
3.1713315970009717,2501,1976,2071,3019,1724,1402,2496,1967,2104,2988,1709,1406
3.18133629499971,2500,1977,2067,3025,1726,1402,2496,1970,2104,2991,1711,1406
3.1913326970006892,2500,1978,2062,3029,1727,1402,2497,1972,2104,2994,1712,1406
3.2012896350006486,2499,1978,2057,3033,1729,1402,2497,1975,2103,2997,1713,1406
3.211306526000044,2498,1978,2051,3035,1731,1402,2497,1976,2102,3001,1715,1406
3.2212323250005284,2498,1977,2046,3037,1734,1402,2497,1978,2100,3004,1716,1406
3.231216354000935,2497,1976,2039,3037,1738,1402,2497,1978,2097,3009,1718,1406
3.2414289040007134,2496,1974,2032,3037,1743,1402,2497,1979,2095,3015,1720,1406
3.2515107780000108,2495,1972,2023,3035,1748,1402,2497,1979,2092,3019,1721,1406
3.2615303740003583,2494,1970,2014,3033,1753,1402,2497,1979,2089,3022,1724,1406
3.2715545789997122,2494,1969,2005,3030,1758,1402,2497,1979,2085,3023,1727,1406
3.281531263999568,2494,1969,1997,3027,1762,1402,2497,1979,2080,3024,1730,1406
3.2916876880008203,2495,1970,1989,3025,1764,1402,2497,1979,2074,3024,1733,1406
3.30171413700009,2496,1972,1983,3022,1765,1402,2497,1979,2068,3024,1737,1406
3.3111792970012175,2498,1976,1976,3020,1765,1402,2497,1979,2062,3023,1740,1406
3.321733591999873,2500,1980,1971,3019,1763,1402,2497,1979,2055,3022,1744,1406
3.3312118770008965,2502,1986,1966,3018,1761,1402,2496,1979,2049,3022,1747,1406
3.3412171760010096,2505,1993,1961,3017,1757,1402,2496,1979,2042,3022,1749,1406
3.3512409899994964,2509,2001,1957,3017,1751,1402,2496,1980,2035,3022,1751,1406
3.3613173630001256,2513,2011,1952,3017,1745,1402,2496,1981,2028,3021,1751,1406
3.3712538620002306,2518,2021,1948,3018,1738,1402,2496,1984,2022,3021,1751,1406
3.3812798199996905,2522,2031,1945,3019,1731,1402,2496,1986,2015,3021,1750,1406
3.391507278000063,2526,2039,1943,3020,1724,1402,2498,1990,2008,3021,1749,1406
3.401302170001145,2530,2046,1941,3021,1718,1402,2500,1995,2003,3021,1748,1406
3.4113139119999687,2532,2052,1939,3023,1713,1402,2503,2001,1997,3021,1746,1406
3.4217644010004733,2535,2056,1938,3024,1709,1402,2505,2008,1991,3021,1744,1406
3.431735825999567,2537,2059,1938,3025,1706,1402,2508,2014,1986,3022,1740,1406
3.441337833999569,2538,2061,1938,3027,1704,1402,2511,2021,1982,3022,1736,1406
3.451334245999533,2539,2061,1938,3028,1702,1402,2514,2028,1979,3022,1731,1406
3.4613304280010198,2540,2060,1938,3029,1702,1402,2518,2035,1977,3022,1725,1406
3.4714100170003803,2540,2057,1939,3031,1702,1402,2522,2041,1975,3021,1722,1406
3.481464329001028,2539,2054,1939,3032,1703,1402,2526,2048,1974,3020,1719,1406
3.4917651859996113,2539,2049,1941,3033,1705,1402,2529,2052,1973,3020,1717,1406
3.5015610000009474,2537,2042,1942,3035,1708,1402,2531,2054,1973,3021,1716,1406
3.5116119850008545,2536,2034,1943,3036,1713,1402,2533,2055,1973,3023,1715,1406
3.521641269000611,2534,2025,1945,3037,1718,1402,2533,2056,1973,3025,1714,1406
3.5315801730012026,2531,2017,1947,3039,1724,1402,2533,2056,1973,3029,1714,1406
3.541633302000264,2529,2009,1948,3040,1730,1402,2533,2056,1973,3031,1714,1406
3.551810105000186,2528,2002,1949,3041,1736,1402,2533,2055,1973,3032,1714,1406
3.5612787410009332,2526,1997,1949,3042,1742,1402,2532,2053,1973,3032,1715,1406
3.5713064030005626,2525,1994,1949,3042,1747,1402,2530,2051,1972,3032,1717,1406
3.5813030050012458,2524,1991,1949,3043,1752,1402,2528,2048,1972,3032,1720,1406
3.5913096370004496,2523,1990,1948,3043,1757,1402,2526,2045,1972,3032,1723,1406
3.601279047999924,2523,1990,1947,3044,1761,1402,2525,2042,1972,3033,1727,1406
3.611305758000526,2523,1992,1945,3044,1765,1402,2524,2039,1972,3035,1731,1406
3.6214061160007986,2523,1995,1943,3044,1769,1402,2524,2037,1972,3037,1735,1406
3.631427956001062,2524,1999,1941,3044,1773,1402,2524,2035,1972,3040,1739,1406
3.6414330450006673,2525,2005,1938,3044,1776,1402,2524,2034,1972,3041,1744,1406
3.6516102380010125,2526,2012,1934,3044,1780,1402,2524,2033,1972,3041,1748,1406
3.6615587300002517,2527,2020,1930,3044,1783,1402,2525,2033,1972,3041,1751,1406
3.6714333630006877,2529,2030,1925,3044,1786,1402,2527,2033,1970,3041,1754,1406
3.681428412999594,2531,2040,1920,3044,1788,1402,2528,2033,1969,3041,1757,1406
3.6914645100005146,2533,2049,1915,3044,1789,1402,2528,2034,1967,3041,1761,1406
3.701536455000678,2535,2057,1910,3044,1790,1402,2529,2035,1964,3042,1764,1406
3.7115305730003456,2536,2064,1906,3044,1790,1402,2529,2038,1961,3042,1767,1406
3.721581818001141,2537,2069,1902,3043,1790,1402,2530,2041,1957,3042,1770,1406
3.7315585230007855,2538,2073,1898,3043,1789,1402,2530,2045,1953,3042,1772,1406
3.741657259000931,2538,2076,1894,3043,1787,1402,2530,2050,1949,3042,1775,1406
3.751764450000337,2539,2078,1890,3043,1785,1402,2530,2054,1945,3042,1777,1406
3.7617303850001917,2539,2078,1886,3044,1782,1402,2530,2059,1941,3042,1777,1406
3.7714021250012593,2539,2077,1881,3044,1778,1402,2530,2064,1937,3042,1778,1406
3.781460133001019,2538,2074,1876,3045,1774,1402,2530,2069,1934,3042,1778,1406
3.7914382710005157,2537,2071,1869,3046,1770,1402,2530,2072,1930,3042,1778,1406
3.801437308000459,2537,2069,1863,3047,1767,1402,2531,2075,1927,3042,1778,1406
3.8114071910003986,2537,2069,1856,3048,1766,1402,2531,2077,1924,3042,1778,1406
3.821461833000285,2537,2069,1850,3050,1765,1402,2532,2077,1921,3042,1778,1406
3.831510072999663,2537,2072,1843,3052,1766,1402,2534,2077,1919,3042,1776,1406
3.841584502000842,2538,2075,1836,3053,1767,1402,2535,2077,1915,3042,1774,1406
3.8519544000009773,2538,2080,1828,3055,1770,1402,2537,2077,1910,3043,1772,1406
3.8617675059995236,2539,2086,1820,3057,1773,1402,2537,2076,1904,3044,1772,1406
3.8715132050001557,2540,2093,1812,3059,1777,1402,2538,2076,1899,3046,1772,1406
3.881512842999655,2542,2102,1802,3061,1782,1402,2538,2076,1892,3048,1772,1406
3.8917079200000444,2544,2112,1792,3063,1787,1402,2538,2077,1884,3049,1772,1406
3.901289039000403,2546,2122,1782,3065,1793,1402,2538,2079,1877,3051,1773,1406
3.911332220000986,2548,2133,1773,3067,1798,1402,2538,2083,1868,3052,1775,1406
3.9213031140006933,2550,2143,1765,3068,1803,1402,2537,2087,1860,3053,1777,1406
3.931302451999727,2552,2151,1759,3069,1807,1402,2536,2093,1851,3055,1779,1406
3.9415332460011996,2554,2158,1754,3069,1810,1402,2536,2100,1843,3058,1782,1406
3.9512562029995024,2556,2164,1751,3068,1812,1402,2537,2107,1836,3059,1786,1406
3.9612757089998922,2557,2169,1749,3067,1813,1402,2538,2115,1828,3060,1790,1406
3.971407185999851,2559,2172,1748,3065,1812,1402,2539,2122,1821,3061,1794,1406
3.981453833001069,2560,2174,1749,3063,1811,1402,2541,2131,1814,3062,1796,1406
3.991508375000194,2562,2175,1752,3059,1809,1402,2542,2139,1808,3062,1797,1406
4.0012768270007655,2563,2175,1756,3055,1806,1402,2544,2147,1803,3061,1798,1406
4.0112353479999,2564,2173,1761,3051,1802,1402,2547,2153,1799,3059,1800,1406
4.02124043600088,2565,2171,1768,3046,1797,1402,2550,2159,1796,3058,1800,1406
4.031240115000401,2565,2167,1776,3041,1792,1402,2553,2163,1794,3058,1800,1406
4.04133169600027,2564,2163,1782,3036,1787,1402,2556,2166,1794,3057,1799,1406
4.0518903600004705,2562,2160,1788,3033,1784,1402,2558,2168,1794,3056,1799,1406
4.06133033200058,2560,2157,1792,3030,1782,1402,2559,2169,1794,3056,1797,1406
4.071579130000828,2558,2155,1794,3029,1782,1402,2559,2169,1795,3054,1796,1406
4.081553441001233,2555,2154,1795,3028,1782,1402,2559,2169,1796,3051,1793,1406
4.091208719999486,2551,2154,1795,3029,1784,1402,2559,2169,1798,3046,1791,1406
4.1012150309998106,2547,2154,1794,3030,1787,1402,2559,2169,1800,3041,1790,1406
4.111370573000386,2542,2155,1791,3032,1792,1402,2559,2168,1801,3038,1789,1406
4.121409245000905,2537,2157,1786,3034,1797,1402,2559,2168,1801,3038,1789,1406
4.1315096440011985,2532,2160,1781,3038,1805,1402,2557,2168,1801,3039,1789,1406
4.141553595000005,2527,2164,1774,3042,1812,1402,2554,2168,1801,3041,1789,1406
4.151729506000265,2523,2168,1767,3045,1820,1402,2552,2167,1801,3041,1789,1406
4.161729696001203,2519,2172,1760,3049,1828,1402,2549,2167,1801,3041,1791,1406
4.171206647999497,2517,2177,1753,3052,1835,1402,2546,2168,1801,3042,1794,1406
4.181206307001048,2516,2181,1747,3054,1841,1402,2543,2170,1800,3042,1798,1406
4.19145658799971,2515,2185,1741,3056,1846,1402,2540,2172,1797,3043,1802,1406
4.202457896000851,2516,2189,1735,3057,1851,1402,2537,2176,1794,3046,1807,1406
4.211400680000224,2518,2193,1730,3058,1856,1402,2534,2178,1790,3047,1811,1406
4.221460292001211,2520,2198,1725,3059,1860,1402,2531,2182,1787,3049,1816,1406
4.231509584000378,2524,2202,1720,3059,1864,1402,2528,2185,1782,3050,1822,1406
4.241201942000771,2529,2206,1715,3059,1867,1402,2525,2189,1778,3051,1827,1406
4.251211359000081,2534,2211,1710,3058,1870,1402,2524,2192,1773,3052,1831,1406
4.261727381999663,2540,2214,1707,3057,1872,1402,2524,2196,1768,3053,1836,1406
4.271204644999671,2545,2216,1705,3055,1872,1402,2523,2200,1764,3054,1840,1406
4.281208381000397,2549,2217,1705,3054,1872,1402,2523,2203,1759,3054,1844,1406
4.291208489999917,2552,2217,1705,3053,1871,1402,2524,2207,1755,3054,1848,1406
4.30125563799993,2554,2216,1706,3052,1870,1402,2525,2211,1751,3053,1851,1406
4.31127568500051,2556,2214,1709,3052,1867,1402,2527,2214,1747,3053,1854,1406
4.321274912001172,2556,2210,1713,3051,1864,1402,2530,2217,1745,3052,1855,1406
4.331312242000422,2555,2206,1718,3050,1861,1402,2533,2218,1744,3052,1857,1406
4.341301290000047,2553,2200,1724,3050,1857,1402,2536,2218,1743,3051,1857,1406
4.351302291001048,2551,2194,1730,3049,1853,1402,2540,2218,1743,3051,1857,1406
4.361309543999596,2550,2190,1735,3049,1851,1402,2544,2218,1743,3051,1857,1406
4.371527534000052,2548,2187,1738,3048,1850,1402,2546,2218,1743,3053,1856,1406
4.381525860000693,2548,2185,1741,3047,1851,1402,2547,2218,1743,3053,1855,1406
4.391557328999625,2548,2185,1742,3046,1853,1402,2547,2218,1743,3053,1854,1406
4.401570662999802,2549,2185,1742,3045,1856,1402,2547,2217,1745,3053,1853,1406
4.411580080000931,2551,2187,1742,3043,1860,1402,2547,2216,1746,3052,1853,1406
4.421431718999884,2553,2190,1740,3041,1865,1402,2547,2216,1747,3051,1853,1406
4.431428572001096,2556,2194,1737,3039,1872,1402,2547,2216,1748,3051,1853,1406
4.441402571999788,2560,2199,1734,3036,1879,1402,2547,2216,1748,3050,1854,1406
4.4516248609998,2563,2203,1730,3034,1886,1402,2544,2216,1748,3049,1855,1406
4.46163482799966,2566,2207,1726,3032,1892,1402,2543,2216,1748,3047,1857,1406
4.471231035000528,2569,2211,1723,3030,1896,1402,2544,2216,1748,3045,1860,1406
4.481206939000913,2572,2214,1719,3028,1899,1402,2545,2217,1748,3043,1864,1406
4.491230112000267,2574,2216,1716,3027,1901,1402,2547,2218,1748,3042,1868,1406
4.50175883799966,2577,2218,1713,3026,1902,1402,2549,2219,1748,3039,1873,1406
4.511411000999942,2579,2220,1710,3024,1901,1402,2550,2221,1748,3038,1878,1406
4.521509266000066,2582,2222,1708,3023,1899,1402,2553,2222,1746,3037,1881,1406
4.531555822999508,2586,2222,1707,3022,1897,1402,2555,2224,1744,3035,1883,1406
4.541585888000554,2589,2222,1707,3021,1894,1402,2558,2226,1742,3034,1885,1406
4.551483805000316,2591,2221,1709,3020,1890,1402,2562,2227,1740,3033,1886,1406
4.561432796999725,2593,2218,1712,3019,1886,1402,2566,2228,1739,3031,1886,1406
4.571465338000053,2595,2213,1716,3017,1881,1402,2570,2228,1739,3030,1886,1406
4.58151601300051,2596,2208,1721,3015,1875,1402,2574,2229,1739,3029,1886,1406
4.591233048000504,2597,2203,1727,3014,1870,1402,2578,2229,1739,3028,1885,1406
4.60120783900129,2598,2199,1732,3012,1865,1402,2580,2229,1739,3026,1885,1406
4.611205934999816,2598,2196,1735,3010,1862,1402,2583,2229,1739,3025,1883,1406
4.621232965000672,2599,2194,1738,3009,1858,1402,2585,2229,1739,3023,1881,1406
4.631229287000679,2600,2194,1740,3008,1856,1402,2588,2228,1739,3021,1878,1406
4.641511588999492,2601,2195,1741,3007,1855,1402,2589,2228,1740,3019,1875,1406
4.651528059001066,2601,2197,1740,3006,1854,1402,2591,2228,1742,3018,1872,1406
4.661527837000904,2603,2201,1739,3005,1853,1402,2592,2227,1744,3016,1870,1406
4.673427952000566,2604,2206,1736,3005,1853,1402,2593,2227,1745,3015,1867,1406
4.681213191999632,2606,2212,1733,3004,1854,1402,2593,2227,1745,3015,1865,1406
4.691760372999852,2608,2219,1728,3003,1854,1402,2593,2227,1746,3013,1864,1406
4.701281609000944,2611,2226,1722,3002,1855,1402,2593,2228,1746,3013,1863,1406
4.711304120000932,2614,2232,1717,3001,1855,1402,2593,2228,1746,3011,1862,1406
4.7213020760009385,2616,2236,1712,3000,1855,1402,2594,2230,1746,3011,1862,1406
4.731301232999613,2618,2240,1708,2999,1854,1402,2596,2231,1746,3010,1862,1406
4.7414014610003505,2619,2243,1706,2997,1854,1402,2598,2234,1746,3009,1862,1406
4.751513081000667,2618,2245,1704,2995,1853,1402,2600,2237,1744,3008,1862,1406
4.761557043000721,2617,2248,1703,2994,1852,1402,2602,2240,1741,3007,1862,1406
4.771332438000172,2615,2251,1703,2991,1852,1402,2603,2242,1739,3006,1862,1406
4.781525311000223,2612,2254,1703,2989,1851,1402,2605,2245,1736,3004,1860,1406
4.791410784000618,2608,2257,1704,2986,1851,1402,2607,2248,1734,3002,1857,1406
4.802534333000949,2604,2261,1705,2983,1851,1402,2610,2251,1733,3000,1857,1406
4.811453743001039,2601,2263,1707,2981,1851,1402,2610,2254,1733,2999,1856,1406
4.821581443000468,2599,2265,1707,2979,1852,1402,2611,2257,1733,2997,1856,1406
4.83158202300001,2599,2267,1708,2978,1853,1402,2611,2261,1733,2995,1856,1406
4.841708280000603,2599,2268,1708,2976,1854,1402,2611,2263,1733,2993,1855,1406
4.8514013399999385,2600,2269,1708,2975,1856,1402,2611,2267,1733,2991,1855,1406
4.86140519699984,2602,2270,1708,2975,1858,1402,2611,2269,1732,2989,1855,1406
4.871516045001044,2605,2270,1708,2974,1860,1402,2610,2271,1732,2987,1855,1406
4.881551631000548,2608,2271,1709,2973,1860,1402,2609,2273,1732,2986,1855,1406
4.891252164999969,2612,2272,1711,2972,1859,1402,2607,2274,1732,2984,1855,1406
4.9012572539995745,2614,2273,1714,2971,1858,1402,2606,2275,1732,2983,1855,1406
4.911229049999747,2617,2275,1718,2969,1855,1402,2606,2275,1732,2982,1855,1406
4.921265768000012,2619,2278,1722,2967,1851,1402,2606,2276,1732,2981,1855,1406
4.931251460000567,2621,2281,1724,2965,1848,1402,2606,2277,1732,2980,1855,1406
4.941332030999547,2622,2285,1725,2963,1846,1402,2606,2278,1732,2978,1856,1406
4.95140993700079,2623,2289,1724,2961,1845,1402,2607,2279,1732,2977,1856,1406
4.961456183000337,2623,2294,1722,2960,1845,1402,2608,2281,1732,2975,1855,1406
4.971590225000909,2622,2299,1719,2959,1845,1402,2609,2283,1732,2973,1853,1406
4.981629869000244,2622,2305,1714,2958,1846,1402,2611,2285,1732,2972,1850,1406
4.991730448000453,2621,2312,1708,2956,1849,1402,2613,2288,1732,2970,1849,1406
5.001305345000219,2620,2320,1700,2955,1851,1402,2615,2292,1732,2968,1849,1406
5.011337093999828,2619,2328,1691,2954,1855,1402,2617,2296,1732,2967,1849,1406
5.021508355999686,2618,2335,1683,2953,1858,1402,2618,2301,1732,2966,1849,1406
5.031525977999991,2617,2341,1675,2953,1861,1402,2619,2306,1731,2964,1849,1406
5.041249345000324,2616,2345,1669,2952,1863,1402,2619,2312,1730,2963,1849,1406
5.052833013000054,2616,2349,1663,2952,1864,1402,2619,2318,1726,2962,1851,1406
5.061209809000502,2616,2351,1659,2952,1865,1402,2619,2324,1724,2961,1853,1406
5.071508410999741,2616,2352,1657,2952,1865,1402,2619,2331,1719,2960,1854,1406
5.08150790900072,2617,2352,1656,2951,1864,1402,2619,2336,1715,2960,1856,1406
5.091252336000252,2617,2352,1656,2951,1863,1402,2619,2342,1711,2959,1857,1406
5.101340000001073,2618,2352,1658,2950,1862,1402,2617,2346,1707,2958,1858,1406
5.111410982999587,2618,2352,1661,2949,1859,1402,2615,2350,1703,2958,1858,1406
5.121513465999669,2618,2353,1666,2947,1857,1402,2614,2352,1700,2956,1858,1406
5.131578346999959,2618,2355,1672,2945,1855,1402,2613,2353,1699,2955,1858,1406
5.141235348999544,2618,2356,1677,2943,1854,1402,2613,2354,1697,2955,1858,1406
5.15125562600042,2619,2357,1682,2941,1854,1402,2613,2355,1697,2954,1858,1406
5.161335666000014,2620,2359,1686,2940,1856,1402,2613,2355,1697,2952,1858,1406
5.171401579000303,2621,2360,1689,2938,1859,1402,2613,2356,1697,2951,1858,1406
5.181409393000649,2623,2361,1691,2937,1863,1402,2613,2357,1696,2949,1858,1406
5.1916799130012805,2625,2361,1692,2937,1868,1402,2613,2359,1696,2947,1858,1406
5.2020668820005085,2627,2362,1692,2936,1875,1402,2613,2360,1696,2946,1858,1406
5.211526932000197,2630,2362,1692,2936,1882,1402,2614,2361,1697,2944,1859,1406
5.2217098960009025,2633,2363,1691,2936,1891,1402,2615,2363,1698,2944,1860,1406
5.231731936999495,2637,2363,1689,2936,1901,1402,2617,2365,1699,2944,1862,1406
5.241732327000136,2640,2363,1688,2936,1910,1402,2618,2367,1699,2943,1864,1406
5.252529269000661,2643,2363,1687,2936,1918,1402,2620,2368,1699,2942,1868,1406
5.261451444999693,2645,2363,1686,2936,1925,1402,2621,2369,1700,2942,1872,1406
5.271605674999591,2647,2364,1685,2935,1931,1402,2624,2370,1700,2942,1877,1406
5.281651680001232,2649,2364,1686,2934,1935,1402,2626,2370,1700,2942,1883,1406
5.291335202000482,2650,2365,1686,2933,1938,1402,2628,2371,1700,2942,1889,1406
5.301332146000277,2650,2365,1688,2932,1940,1402,2631,2371,1700,2942,1895,1406
5.311326995000854,2650,2366,1690,2931,1940,1402,2634,2371,1700,2941,1901,1406
5.321405672000765,2650,2367,1693,2929,1940,1402,2637,2371,1700,2940,1907,1406
5.331400742001279,2649,2368,1697,2926,1938,1402,2640,2371,1699,2939,1912,1406
5.341407975000038,2648,2368,1701,2924,1934,1402,2642,2371,1699,2938,1916,1406
5.351516468001137,2647,2368,1705,2922,1931,1402,2644,2371,1699,2937,1919,1406
5.361557625001296,2646,2367,1709,2921,1928,1402,2644,2371,1699,2935,1921,1406
5.37158025700046,2646,2366,1711,2920,1926,1402,2645,2371,1701,2933,1921,1406
5.381583712000065,2646,2363,1712,2920,1925,1402,2646,2371,1702,2931,1921,1406
5.391550919999645,2647,2359,1712,2921,1926,1402,2646,2371,1705,2929,1921,1406
5.401559093999822,2648,2353,1712,2923,1928,1402,2646,2371,1707,2928,1921,1406
5.411524077000649,2649,2347,1713,2924,1931,1402,2646,2372,1710,2927,1921,1406
5.4215493140000035,2650,2342,1715,2925,1933,1402,2645,2372,1711,2927,1921,1406
5.431504849000703,2649,2339,1719,2926,1934,1402,2644,2372,1712,2927,1922,1406
5.4412305599998945,2648,2336,1723,2925,1935,1402,2643,2372,1713,2927,1923,1406
5.451592031000473,2646,2334,1728,2924,1934,1402,2642,2372,1713,2927,1924,1406
5.4615487290011515,2644,2333,1732,2924,1934,1402,2641,2372,1714,2927,1926,1406
5.471528369000225,2642,2333,1734,2923,1934,1402,2641,2372,1716,2927,1927,1406
5.4815516020007635,2641,2333,1735,2922,1933,1402,2641,2372,1718,2927,1928,1406
5.491531313000451,2639,2334,1734,2922,1933,1402,2641,2371,1721,2927,1928,1406
5.501706342000034,2638,2336,1732,2923,1933,1402,2640,2370,1725,2927,1929,1406
5.511680712999805,2637,2338,1728,2923,1933,1402,2640,2370,1728,2927,1929,1406
5.521330210000087,2637,2340,1723,2924,1933,1402,2640,2370,1729,2927,1929,1406
5.531334227000116,2636,2343,1716,2925,1933,1402,2640,2370,1730,2926,1929,1406
5.541579407999961,2636,2346,1708,2926,1933,1402,2641,2371,1730,2926,1929,1406
5.551335207001102,2635,2350,1699,2928,1933,1402,2641,2372,1730,2926,1929,1406
5.561331558999882,2635,2353,1690,2930,1934,1402,2642,2372,1731,2926,1929,1406
5.571531044000949,2634,2356,1682,2931,1934,1402,2642,2373,1731,2926,1929,1406
5.581555079001191,2633,2359,1675,2933,1934,1402,2642,2373,1731,2926,1929,1406
5.591236406000462,2633,2361,1669,2934,1935,1402,2642,2373,1730,2926,1929,1406
5.601423488000364,2631,2362,1665,2936,1935,1402,2642,2373,1727,2926,1929,1406
5.611432114001218,2630,2363,1663,2937,1936,1402,2642,2373,1724,2927,1929,1406
5.6215072850009165,2628,2363,1661,2937,1936,1402,2642,2373,1720,2928,1929,1406
5.631525267001052,2626,2362,1662,2938,1936,1402,2641,2372,1715,2930,1929,1406
5.641524394999578,2624,2361,1663,2939,1937,1402,2640,2372,1710,2931,1929,1406
5.651531056000749,2621,2360,1667,2939,1937,1402,2639,2372,1706,2932,1929,1406
5.661549480000758,2619,2358,1671,2938,1938,1402,2637,2372,1702,2932,1930,1406
5.67165185200065,2617,2357,1677,2938,1938,1402,2636,2371,1699,2932,1931,1406
5.681652613000551,2616,2356,1681,2936,1938,1402,2634,2371,1697,2933,1932,1406
5.6912571960001515,2615,2357,1686,2934,1939,1402,2632,2371,1697,2933,1932,1406
5.701312399000017,2616,2359,1689,2932,1939,1402,2630,2371,1697,2932,1932,1406
5.711300164999557,2616,2361,1690,2929,1939,1402,2628,2371,1697,2932,1933,1406
5.721305172999564,2617,2364,1690,2927,1940,1402,2626,2371,1697,2933,1934,1406
5.731309300001158,2617,2368,1688,2924,1940,1402,2624,2371,1697,2933,1934,1406
5.741458059999786,2617,2371,1685,2921,1940,1402,2622,2372,1698,2933,1935,1406
5.751511939999546,2616,2375,1681,2918,1939,1402,2621,2372,1699,2932,1935,1406
5.761510977999933,2614,2378,1676,2915,1939,1402,2620,2374,1699,2931,1935,1406
5.771528610001042,2612,2381,1670,2912,1939,1402,2619,2375,1699,2929,1935,1406
5.781553516000713,2610,2383,1666,2910,1938,1402,2618,2377,1699,2927,1935,1406
5.791328160001285,2609,2384,1664,2909,1938,1402,2618,2379,1699,2925,1935,1406
5.8013273870001285,2608,2385,1663,2909,1937,1402,2617,2382,1698,2923,1935,1406
5.811326244000156,2607,2384,1663,2909,1937,1402,2617,2384,1696,2921,1935,1406
5.821332104000248,2607,2382,1665,2910,1936,1402,2617,2387,1694,2919,1935,1406
5.831325270000889,2607,2380,1668,2911,1936,1402,2617,2389,1692,2918,1935,1406
5.841274644000805,2607,2377,1673,2912,1935,1402,2617,2390,1691,2916,1935,1406
5.851244135001252,2608,2373,1679,2915,1935,1402,2616,2390,1691,2915,1935,1406
5.8612496349996945,2609,2369,1686,2917,1934,1402,2615,2391,1691,2916,1935,1406
5.87132916399969,2610,2365,1693,2919,1934,1402,2615,2391,1691,2917,1935,1406
5.8812297450003825,2610,2363,1699,2921,1933,1402,2615,2391,1692,2918,1935,1406
5.89130815200042,2611,2361,1703,2921,1933,1402,2615,2391,1692,2918,1935,1406
5.9013072489997285,2611,2361,1705,2922,1933,1402,2614,2390,1694,2918,1935,1406
5.911302989999967,2610,2362,1707,2921,1933,1402,2613,2389,1696,2917,1935,1406
5.921329730001162,2610,2364,1706,2920,1933,1402,2613,2388,1698,2917,1935,1406
5.931552760001068,2608,2367,1705,2919,1933,1402,2612,2388,1701,2918,1935,1406
5.941684536999674,2607,2371,1702,2916,1934,1402,2611,2388,1703,2920,1935,1406
5.951685268000801,2605,2376,1698,2914,1936,1402,2610,2388,1705,2920,1935,1406
5.9616489079999155,2602,2381,1694,2913,1938,1402,2610,2388,1706,2920,1935,1406
5.9714001980009925,2600,2384,1690,2912,1941,1402,2609,2389,1706,2920,1935,1406
5.9814617129995895,2598,2387,1686,2912,1945,1402,2609,2390,1706,2919,1935,1406
5.9915092310002365,2595,2389,1683,2913,1949,1402,2608,2391,1706,2918,1935,1406
6.001403129999744,2593,2390,1681,2913,1952,1402,2608,2393,1706,2917,1935,1406
6.011424710000938,2591,2392,1678,2912,1953,1402,2608,2395,1706,2917,1936,1406
6.0214359700003115,2590,2393,1675,2911,1953,1402,2608,2397,1706,2917,1938,1406
6.031511892000708,2588,2395,1672,2909,1952,1402,2607,2399,1706,2917,1940,1406
6.0412480129998585,2587,2397,1668,2906,1950,1403,2606,2400,1705,2916,1942,1406
6.0519264320009825,2585,2400,1665,2902,1948,1403,2604,2401,1704,2916,1944,1406
6.061401110000588,2584,2402,1662,2897,1945,1403,2603,2401,1702,2915,1945,1406
6.071400909000658,2582,2403,1660,2894,1944,1403,2601,2402,1701,2913,1945,1406
6.08142635600052,2581,2403,1660,2891,1943,1403,2600,2403,1699,2911,1945,1406
6.091401478000989,2580,2402,1661,2889,1944,1402,2598,2405,1697,2910,1945,1406
6.101429358999667,2579,2400,1663,2888,1947,1401,2596,2407,1695,2907,1945,1406
6.11151157400127,2577,2398,1667,2887,1950,1400,2594,2408,1693,2904,1945,1406
6.121630677000212,2576,2395,1671,2887,1955,1399,2592,2409,1692,2902,1945,1406
6.131633802000579,2575,2390,1677,2888,1961,1398,2589,2409,1692,2898,1945,1406
6.141456946999824,2573,2386,1683,2890,1967,1397,2587,2409,1692,2897,1946,1405
6.151431869000589,2572,2382,1687,2892,1972,1397,2585,2409,1692,2896,1947,1404
6.161526096000671,2572,2379,1690,2895,1975,1398,2583,2409,1692,2896,1949,1403
6.171527217000403,2571,2376,1691,2897,1978,1399,2581,2409,1692,2896,1951,1402
6.18150414199954,2571,2375,1692,2899,1979,1401,2580,2409,1693,2896,1955,1402
6.19152473000031,2571,2374,1690,2902,1979,1404,2578,2409,1695,2896,1958,1402
6.201778348000516,2571,2373,1688,2904,1978,1407,2577,2409,1697,2896,1961,1402
6.211227628000415,2571,2373,1684,2907,1975,1411,2577,2409,1698,2897,1964,1402
6.221398188999956,2572,2374,1679,2910,1972,1417,2576,2409,1698,2898,1967,1402
6.231425859999945,2572,2375,1673,2912,1967,1423,2575,2409,1698,2900,1969,1402
6.241526489000535,2573,2377,1666,2915,1961,1430,2575,2409,1698,2900,1969,1403
6.251552236000862,2574,2378,1660,2918,1955,1437,2575,2409,1698,2901,1966,1405
6.261522738999702,2575,2380,1655,2920,1950,1445,2575,2409,1698,2903,1966,1407
6.271557453999776,2575,2382,1652,2921,1944,1452,2575,2409,1698,2906,1965,1410
6.281530211001154,2575,2383,1649,2922,1940,1458,2575,2409,1697,2909,1964,1412
6.291229682999983,2575,2383,1649,2923,1936,1464,2575,2409,1695,2910,1964,1417
6.301408970999546,2575,2384,1650,2924,1933,1470,2576,2409,1692,2912,1959,1422
6.31145202100015,2575,2384,1652,2924,1929,1476,2576,2409,1689,2913,1955,1427
6.321398649000912,2575,2384,1656,2924,1927,1483,2577,2409,1687,2913,1951,1433
6.331427192000774,2574,2384,1661,2923,1924,1490,2577,2409,1685,2915,1948,1438
6.341422743000294,2573,2383,1667,2923,1922,1497,2578,2409,1683,2916,1945,1443
6.351521688000503,2572,2382,1674,2922,1921,1505,2578,2409,1683,2917,1943,1449
6.36158111900113,2571,2382,1680,2921,1920,1512,2578,2408,1682,2918,1940,1454
6.371407040000122,2570,2381,1684,2921,1919,1518,2578,2408,1682,2918,1937,1460
6.381504181999844,2569,2381,1687,2921,1918,1524,2578,2408,1682,2918,1935,1466
6.3915579130007245,2568,2381,1688,2921,1917,1530,2578,2408,1683,2918,1933,1472
6.401299844001187,2567,2381,1688,2921,1917,1537,2578,2408,1686,2918,1931,1478
6.41130051500113,2566,2381,1686,2922,1916,1544,2578,2408,1688,2917,1930,1485
6.421300302999953,2564,2382,1683,2923,1915,1552,2577,2408,1690,2918,1928,1491
6.431303518000277,2563,2382,1679,2925,1915,1561,2576,2409,1692,2919,1927,1497
6.441301574001045,2563,2382,1675,2927,1915,1569,2575,2409,1692,2920,1926,1503
6.451331860000209,2562,2382,1671,2929,1916,1576,2573,2410,1692,2920,1926,1509
6.46132570699956,2563,2381,1668,2932,1917,1582,2573,2410,1692,2920,1924,1516
6.471330084999863,2563,2380,1667,2934,1919,1588,2572,2410,1692,2920,1922,1523
6.481324603000758,2565,2378,1667,2937,1921,1593,2571,2410,1692,2920,1922,1529
6.491304954999578,2566,2376,1668,2940,1924,1598,2569,2410,1692,2923,1922,1536
6.501461228999688,2568,2373,1671,2943,1927,1601,2568,2410,1692,2926,1922,1543
6.5115067639999324,2571,2371,1673,2945,1930,1604,2567,2409,1691,2928,1922,1551
6.521227676001217,2573,2370,1675,2947,1933,1606,2566,2409,1691,2930,1922,1556
6.531230701000823,2574,2369,1677,2949,1935,1607,2566,2408,1691,2932,1922,1562
6.541252521001297,2576,2369,1678,2949,1938,1607,2565,2408,1691,2933,1923,1568
6.551274110999657,2576,2370,1678,2949,1939,1607,2565,2408,1691,2934,1925,1573
6.561400819000482,2577,2372,1676,2948,1940,1605,2565,2408,1691,2937,1926,1577
6.5715271460012445,2577,2376,1673,2946,1940,1604,2565,2408,1691,2939,1928,1580
6.581551932000366,2576,2379,1670,2944,1940,1603,2566,2408,1691,2941,1930,1583
6.591272514000593,2575,2382,1668,2942,1939,1603,2567,2408,1691,2942,1932,1586
6.601235002000976,2574,2384,1665,2941,1937,1605,2568,2409,1691,2942,1933,1587
6.611226574999819,2573,2387,1663,2940,1935,1607,2569,2409,1691,2942,1933,1588
6.621424897999532,2572,2389,1661,2939,1933,1609,2571,2409,1691,2941,1933,1590
6.631448882000768,2571,2390,1659,2938,1931,1613,2572,2409,1691,2940,1933,1591
6.641504907000126,2570,2392,1658,2938,1929,1618,2573,2409,1691,2941,1933,1593
6.651588905000608,2569,2393,1657,2938,1926,1623,2573,2409,1691,2941,1933,1595
6.661577873001079,2568,2393,1656,2937,1923,1629,2573,2409,1691,2941,1933,1597
6.671631512999738,2566,2394,1657,2937,1921,1636,2573,2409,1689,2941,1933,1600
6.681649195001228,2565,2394,1658,2937,1918,1643,2573,2409,1688,2941,1933,1603
6.691679380999631,2564,2393,1659,2937,1917,1649,2573,2409,1687,2941,1931,1607
6.701400985000873,2563,2392,1662,2936,1915,1653,2573,2409,1686,2941,1929,1610
6.71143184200082,2562,2390,1665,2936,1915,1658,2573,2409,1686,2941,1928,1615
6.7215095379997365,2561,2388,1669,2935,1915,1661,2572,2409,1686,2941,1926,1620
6.731528062000507,2560,2386,1674,2934,1915,1663,2570,2409,1686,2941,1925,1624
6.741577955001048,2559,2383,1680,2932,1917,1665,2569,2409,1686,2941,1923,1629
6.751731714000925,2558,2380,1687,2931,1918,1665,2568,2409,1686,2941,1922,1634
6.761332279000271,2558,2377,1694,2930,1920,1665,2566,2409,1686,2941,1922,1638
6.771327239001039,2557,2376,1700,2929,1922,1664,2565,2409,1686,2940,1922,1642
6.781327317999967,2557,2375,1705,2928,1923,1662,2565,2409,1688,2939,1922,1645
6.791326284999741,2557,2376,1708,2929,1924,1660,2564,2409,1690,2938,1922,1647
6.8013557989997935,2557,2378,1709,2929,1924,1658,2563,2409,1693,2936,1922,1649
6.811400312000842,2556,2381,1710,2931,1924,1657,2562,2408,1696,2934,1922,1650
6.821423524999773,2556,2386,1709,2932,1923,1655,2561,2408,1699,2933,1922,1650
6.831422631999885,2556,2392,1706,2935,1921,1653,2561,2408,1702,2933,1922,1650
6.841424534999533,2557,2399,1703,2938,1919,1651,2560,2408,1705,2934,1922,1650
6.851508883000861,2557,2407,1698,2941,1918,1650,2559,2408,1707,2935,1922,1650
6.8615315050010395,2558,2414,1692,2945,1917,1649,2559,2409,1708,2935,1922,1650
6.871252586999617,2558,2420,1687,2947,1916,1650,2559,2410,1708,2935,1922,1650
6.881275079000261,2559,2424,1683,2950,1917,1651,2559,2412,1708,2935,1922,1650
6.891305024000758,2560,2428,1678,2951,1919,1654,2559,2415,1707,2935,1921,1650
6.901399201000459,2562,2430,1675,2953,1921,1657,2559,2418,1706,2936,1921,1650
6.9116297450000275,2563,2431,1671,2954,1925,1661,2559,2421,1705,2938,1921,1650
6.921300502999657,2565,2432,1668,2955,1929,1666,2559,2424,1703,2940,1921,1650
6.931228706000184,2566,2432,1665,2955,1933,1672,2559,2427,1701,2944,1921,1651
6.941227602999788,2568,2431,1662,2955,1938,1678,2559,2431,1699,2947,1922,1652
6.95155175400032,2569,2430,1661,2955,1942,1685,2559,2433,1696,2948,1923,1655
6.961521175000598,2569,2429,1660,2955,1944,1691,2559,2435,1695,2949,1925,1657
6.971528727999612,2569,2428,1660,2955,1945,1696,2559,2437,1694,2949,1927,1660
6.981580305000534,2569,2427,1660,2954,1946,1700,2560,2438,1694,2949,1929,1664
6.991304713001227,2569,2427,1661,2954,1945,1704,2561,2438,1694,2949,1931,1668
7.001403809999829,2568,2426,1662,2953,1944,1707,2562,2438,1694,2950,1934,1672
7.011424718000853,2567,2426,1663,2953,1943,1708,2562,2438,1694,2951,1935,1676
7.021507333000045,2567,2425,1663,2952,1942,1709,2564,2438,1694,2951,1936,1680
7.031521388000328,2566,2425,1664,2952,1941,1709,2565,2437,1693,2951,1937,1684
7.04152219900061,2566,2424,1665,2951,1940,1708,2566,2436,1692,2951,1937,1688
7.051530873999582,2566,2424,1665,2950,1940,1706,2567,2436,1692,2949,1937,1690
7.061601786999745,2566,2423,1665,2950,1939,1704,2567,2436,1691,2948,1937,1692
7.071301439000308,2566,2422,1665,2949,1939,1700,2567,2435,1690,2948,1937,1694
7.081313130000126,2566,2421,1664,2948,1939,1696,2567,2435,1690,2948,1937,1695
7.091229341000144,2567,2420,1664,2947,1939,1690,2567,2435,1689,2948,1937,1695
7.101412555000934,2567,2419,1663,2946,1940,1684,2567,2436,1689,2949,1937,1695
7.111452850000205,2568,2418,1662,2946,1941,1678,2567,2436,1689,2950,1937,1695
7.1215117200008535,2569,2417,1661,2945,1942,1672,2567,2437,1689,2951,1937,1694
7.131523141000798,2570,2417,1660,2944,1943,1666,2567,2437,1689,2951,1937,1692
7.141522529000213,2570,2417,1660,2944,1944,1662,2567,2437,1689,2951,1937,1690
7.15160579500116,2571,2417,1659,2943,1945,1658,2566,2437,1689,2951,1937,1687
7.1616365919999225,2572,2417,1659,2943,1946,1656,2566,2437,1689,2950,1937,1683
7.171523908000381,2573,2418,1659,2943,1948,1654,2565,2437,1689,2949,1937,1681
7.181521122000049,2574,2420,1659,2943,1949,1653,2565,2437,1689,2948,1938,1678
7.1915530210008,2574,2422,1660,2943,1950,1653,2565,2437,1689,2947,1939,1674
7.20152181100093,2575,2424,1661,2944,1952,1653,2565,2436,1688,2947,1940,1671
7.211549933001152,2576,2427,1662,2944,1954,1655,2565,2436,1688,2947,1942,1668
7.2215048569996725,2577,2430,1663,2944,1955,1658,2565,2436,1687,2947,1942,1666
7.231526797000697,2577,2432,1665,2944,1956,1660,2566,2436,1687,2947,1944,1665
7.241548326999691,2577,2434,1666,2944,1957,1662,2567,2436,1687,2947,1945,1664
7.251525403000414,2577,2434,1667,2943,1957,1662,2568,2437,1687,2947,1947,1664
7.26151888899949,2576,2434,1668,2942,1957,1662,2569,2438,1687,2947,1948,1664
7.271550027000558,2575,2433,1669,2941,1956,1661,2570,2440,1687,2947,1949,1664
7.281521512000836,2574,2431,1669,2940,1955,1659,2571,2441,1687,2947,1950,1664
7.291551006999725,2574,2429,1669,2938,1954,1656,2572,2442,1687,2947,1950,1664
7.301622099999804,2573,2426,1669,2936,1952,1652,2573,2443,1687,2947,1951,1664
7.311647006001294,2573,2424,1667,2935,1951,1649,2574,2443,1687,2946,1951,1664
7.321325328000967,2574,2423,1665,2934,1951,1646,2574,2443,1687,2945,1951,1663
7.3312708440007555,2576,2422,1662,2934,1951,1644,2575,2443,1687,2943,1951,1661
7.341331608000473,2579,2423,1658,2935,1952,1642,2575,2443,1687,2942,1951,1660
7.351325614999951,2583,2425,1654,2936,1953,1642,2575,2443,1687,2941,1951,1658
7.361398451999776,2587,2428,1649,2938,1955,1642,2575,2443,1687,2940,1951,1656
7.371728674001133,2592,2432,1644,2940,1958,1643,2575,2443,1687,2940,1951,1654
7.38122360899979,2597,2435,1640,2941,1960,1644,2575,2443,1686,2940,1951,1652
7.391325190001226,2600,2438,1637,2943,1962,1645,2574,2443,1684,2940,1951,1651
7.401299811001081,2602,2440,1636,2944,1963,1645,2574,2443,1681,2940,1952,1648
7.4113264410007105,2603,2441,1636,2944,1965,1646,2576,2443,1678,2940,1953,1648
7.421279620999485,2604,2442,1638,2944,1965,1646,2579,2445,1675,2940,1954,1648
7.43126840900004,2603,2442,1641,2944,1966,1646,2581,2447,1672,2940,1955,1648
7.441404283999873,2601,2441,1645,2943,1966,1645,2582,2449,1669,2939,1957,1648
7.451332206999723,2599,2440,1649,2941,1966,1645,2584,2449,1668,2938,1958,1648
7.461296028001016,2597,2438,1653,2940,1966,1644,2586,2450,1668,2937,1959,1648
7.471648672000811,2596,2438,1654,2939,1966,1643,2588,2450,1668,2937,1960,1648
7.481650645000627,2596,2437,1655,2938,1965,1642,2591,2450,1668,2937,1961,1648
7.491632008999659,2596,2437,1653,2937,1965,1642,2592,2450,1668,2939,1961,1648
7.50168178199965,2596,2438,1651,2937,1965,1641,2593,2451,1668,2939,1961,1647
7.5116563020001195,2598,2438,1647,2937,1965,1641,2594,2451,1669,2939,1961,1647
7.521397653001259,2600,2439,1642,2936,1965,1641,2594,2451,1669,2939,1961,1646
7.531405327001266,2603,2439,1639,2936,1965,1641,2594,2451,1669,2939,1961,1646
7.541576419000194,2605,2438,1637,2936,1966,1642,2595,2451,1669,2939,1961,1646
7.551705330000914,2607,2437,1637,2936,1967,1643,2595,2451,1669,2939,1961,1646
7.561672558000282,2608,2436,1638,2935,1968,1645,2595,2451,1669,2939,1961,1646
7.571596664000026,2610,2433,1641,2935,1969,1646,2594,2451,1668,2939,1961,1646
7.581584118999672,2611,2430,1645,2934,1971,1648,2594,2451,1667,2939,1961,1646
7.591329056000177,2612,2427,1650,2932,1973,1651,2594,2451,1667,2939,1961,1646
7.6014002000010805,2613,2423,1657,2930,1975,1653,2595,2451,1666,2937,1961,1647
7.6114626260005025,2613,2420,1663,2928,1976,1655,2596,2451,1666,2937,1962,1647
7.62158165999972,2612,2419,1669,2926,1977,1656,2597,2451,1666,2937,1964,1647
7.631547434000822,2611,2418,1673,2923,1977,1657,2598,2450,1666,2937,1966,1647
7.641549848000068,2609,2419,1676,2919,1977,1656,2599,2450,1667,2936,1967,1648
7.651649796000129,2606,2421,1677,2915,1975,1656,2600,2450,1670,2935,1969,1649
7.661632141000155,2603,2424,1678,2911,1974,1655,2602,2450,1673,2932,1969,1650
7.6713970260007045,2600,2427,1678,2908,1972,1655,2604,2450,1675,2930,1970,1651
7.683024625999678,2598,2429,1678,2905,1971,1656,2604,2450,1677,2927,1970,1651
7.691699274000712,2596,2431,1678,2903,1970,1658,2604,2450,1679,2925,1970,1651
7.70140197299952,2595,2432,1678,2901,1970,1661,2605,2451,1680,2922,1970,1652
7.71145078399968,2594,2432,1678,2901,1970,1665,2605,2451,1680,2919,1970,1652
7.721573152999554,2593,2431,1679,2900,1970,1670,2605,2451,1680,2917,1970,1652
7.73157719000119,2593,2431,1680,2900,1971,1675,2605,2451,1680,2914,1970,1653
7.741530090001106,2593,2429,1681,2900,1972,1681,2605,2451,1680,2913,1970,1655
7.751526162001028,2593,2428,1682,2900,1972,1687,2604,2451,1680,2911,1970,1657
7.761522042999786,2593,2426,1683,2900,1973,1693,2602,2451,1680,2910,1970,1660
7.7715470290004305,2592,2425,1684,2900,1974,1698,2601,2450,1681,2909,1970,1663
7.781545744999676,2592,2424,1685,2901,1974,1702,2600,2450,1682,2909,1970,1666
7.791521999000906,2591,2423,1686,2901,1974,1705,2598,2450,1683,2907,1970,1670
7.801554810001107,2591,2422,1686,2901,1974,1707,2597,2449,1683,2907,1970,1674
7.811529291000625,2590,2421,1687,2901,1973,1709,2595,2449,1685,2907,1970,1678
7.821504122999613,2588,2421,1687,2901,1973,1710,2594,2449,1686,2907,1971,1683
7.83152329800032,2586,2421,1688,2901,1971,1710,2593,2449,1687,2907,1971,1686
7.841521202999502,2584,2421,1688,2901,1970,1708,2593,2450,1688,2907,1971,1689
7.851701813000545,2582,2421,1689,2901,1968,1707,2592,2451,1688,2907,1971,1692
7.862247181001294,2579,2422,1689,2901,1966,1704,2591,2451,1689,2907,1971,1694
7.871574580000015,2577,2422,1690,2902,1964,1701,2590,2451,1689,2907,1971,1695
7.881578776999959,2576,2421,1690,2903,1963,1699,2590,2451,1690,2907,1971,1696
7.891550062000533,2576,2420,1691,2904,1963,1698,2590,2451,1691,2906,1970,1696
7.901522117999775,2577,2418,1692,2905,1963,1697,2590,2451,1692,2906,1970,1695
7.911525093000819,2579,2416,1692,2907,1963,1697,2589,2451,1692,2906,1969,1695
7.921521275000487,2582,2414,1693,2910,1965,1698,2588,2450,1693,2906,1968,1695
7.931546720999904,2585,2412,1693,2913,1967,1699,2587,2450,1693,2906,1967,1694
7.9413261839999905,2588,2411,1693,2916,1969,1700,2587,2450,1693,2906,1967,1694
7.95127995599978,2591,2411,1691,2919,1972,1699,2587,2450,1694,2906,1967,1694
7.961243675999867,2594,2413,1689,2921,1974,1698,2585,2450,1694,2906,1967,1694
7.971508475000519,2596,2415,1686,2923,1976,1696,2584,2450,1694,2906,1967,1695
7.981520056000591,2598,2418,1682,2925,1978,1694,2584,2450,1694,2907,1967,1695
7.991524172000936,2598,2419,1679,2926,1979,1692,2584,2450,1694,2909,1968,1695
8.001645780999752,2597,2419,1676,2927,1980,1690,2584,2451,1694,2912,1969,1695
8.011648716001218,2595,2418,1673,2927,1980,1688,2585,2451,1695,2916,1970,1695
8.02164710100078,2593,2416,1671,2928,1980,1687,2586,2451,1695,2918,1972,1694
8.031572780000715,2589,2412,1669,2928,1979,1685,2586,2451,1695,2919,1975,1693
8.041677306000565,2585,2409,1668,2928,1977,1684,2588,2451,1695,2920,1976,1693
8.051648059999934,2581,2406,1668,2929,1976,1684,2590,2451,1695,2921,1975,1692
8.061645814999792,2579,2404,1668,2929,1974,1684,2591,2451,1695,2921,1974,1691
8.071578717001103,2577,2404,1668,2930,1973,1684,2591,2450,1695,2921,1974,1690
8.081571922999501,2575,2405,1669,2930,1972,1684,2591,2450,1695,2921,1974,1689
8.091574756999762,2574,2408,1670,2931,1972,1685,2591,2450,1695,2922,1973,1689
8.10185257000012,2574,2412,1672,2932,1971,1685,2590,2450,1695,2923,1973,1689
8.111400657000559,2574,2416,1674,2933,1971,1686,2589,2450,1695,2924,1973,1689
8.121582178000608,2574,2419,1676,2934,1971,1687,2588,2450,1695,2926,1973,1689
8.131546610000441,2574,2421,1678,2934,1971,1687,2587,2450,1695,2928,1973,1688
8.141574461000346,2574,2422,1679,2934,1972,1688,2586,2450,1695,2929,1973,1688
8.151648058999854,2573,2422,1681,2934,1973,1687,2583,2450,1695,2930,1973,1688
8.161645973999839,2572,2420,1682,2933,1974,1687,2581,2450,1695,2930,1973,1688
8.171625805000076,2571,2417,1683,2932,1975,1686,2580,2450,1695,2930,1973,1688
8.181647594999959,2570,2412,1684,2931,1977,1685,2578,2450,1695,2930,1973,1688
8.191323111999736,2569,2408,1684,2930,1979,1685,2577,2450,1695,2930,1973,1688
8.201409383000282,2568,2405,1685,2929,1981,1684,2576,2450,1695,2930,1973,1688
8.211421674999656,2567,2403,1686,2929,1983,1684,2575,2450,1695,2930,1973,1688
8.22139617600078,2567,2402,1686,2929,1984,1684,2574,2450,1695,2929,1973,1688
8.231407216000662,2567,2403,1686,2929,1986,1685,2573,2450,1695,2929,1974,1688
8.241448623000906,2568,2405,1687,2930,1988,1686,2573,2450,1695,2929,1975,1688
8.251449714000046,2569,2408,1687,2931,1990,1688,2573,2450,1695,2929,1977,1688
8.261505739001223,2571,2412,1688,2933,1992,1690,2573,2450,1695,2929,1978,1688
8.271529452000323,2573,2418,1688,2935,1994,1692,2573,2450,1695,2929,1979,1688
8.281522568000582,2577,2424,1689,2937,1995,1693,2573,2450,1695,2929,1980,1688
8.29122557700066,2581,2430,1690,2939,1997,1694,2573,2450,1695,2929,1982,1688
8.301395927001067,2585,2434,1691,2941,1998,1694,2573,2450,1695,2930,1984,1688
8.311394763999488,2588,2437,1692,2941,1998,1693,2573,2450,1695,2931,1985,1688
8.321394100999896,2591,2439,1693,2941,1998,1693,2573,2450,1695,2933,1987,1688
8.331392326999776,2592,2440,1693,2940,1998,1692,2575,2450,1695,2934,1988,1688
8.34145197900034,2593,2441,1694,2937,1998,1691,2576,2450,1695,2936,1990,1689
8.351455433999945,2593,2441,1695,2935,1997,1691,2578,2450,1695,2936,1991,1689
8.361500607999915,2592,2441,1698,2932,1998,1691,2579,2451,1695,2936,1991,1689
8.371529001000454,2591,2442,1701,2931,1999,1692,2580,2451,1695,2936,1991,1689
8.381546943001013,2590,2443,1706,2931,2000,1693,2581,2451,1696,2935,1991,1689
8.391569495001022,2590,2443,1711,2931,2001,1694,2583,2451,1697,2933,1992,1689
8.40164637900125,2589,2444,1715,2932,2003,1694,2585,2452,1699,2931,1993,1689
8.411652319000495,2588,2444,1718,2933,2003,1693,2586,2452,1701,2931,1994,1689
8.421648912000819,2588,2444,1719,2935,2003,1691,2587,2452,1703,2931,1995,1689
8.431630115001099,2587,2444,1720,2936,2002,1689,2588,2452,1706,2931,1996,1689
8.4413224430009,2587,2443,1719,2937,2001,1685,2588,2452,1709,2931,1997,1689
8.451435525999841,2587,2442,1717,2939,2000,1681,2588,2452,1712,2931,1997,1689
8.461420726000142,2586,2441,1715,2941,1998,1676,2588,2452,1714,2931,1997,1689
8.473771551000027,2586,2440,1712,2942,1996,1670,2588,2451,1715,2931,1997,1689
8.481576058000428,2587,2439,1708,2943,1993,1664,2587,2451,1715,2933,1997,1688
8.491625189000843,2587,2439,1705,2944,1991,1659,2586,2451,1715,2934,1997,1687
8.501827670001148,2587,2439,1702,2945,1989,1655,2586,2451,1715,2934,1997,1685
8.511323918999551,2588,2440,1699,2945,1987,1651,2585,2451,1715,2936,1997,1682
8.521396013000412,2589,2442,1697,2945,1986,1649,2584,2451,1715,2936,1996,1679
8.53142180100076,2590,2444,1696,2944,1985,1647,2583,2451,1715,2937,1995,1675
8.541425928000535,2591,2447,1695,2942,1985,1646,2583,2451,1715,2938,1994,1672
8.551423271999738,2592,2452,1695,2940,1984,1646,2583,2451,1715,2938,1992,1667
8.561504823999712,2594,2457,1696,2937,1984,1647,2583,2451,1714,2939,1992,1664
8.571500404999824,2595,2462,1696,2935,1985,1648,2583,2451,1714,2939,1991,1662
8.581524508999792,2596,2466,1697,2932,1985,1650,2583,2452,1713,2939,1990,1660
8.591701993000243,2596,2470,1698,2931,1985,1651,2584,2453,1713,2939,1989,1659
8.60177235500123,2595,2472,1698,2930,1984,1652,2585,2455,1713,2938,1989,1658
8.611548341001253,2594,2472,1698,2930,1984,1652,2586,2457,1712,2938,1991,1657
8.62164766800015,2593,2472,1699,2931,1982,1652,2587,2459,1712,2938,1991,1656
8.63168043800033,2591,2470,1702,2931,1980,1652,2587,2462,1711,2937,1991,1656
8.641580659001193,2589,2467,1705,2930,1978,1653,2587,2464,1711,2936,1991,1656
8.652195568000025,2588,2464,1710,2929,1975,1654,2588,2465,1710,2935,1990,1656
8.661752650999915,2586,2460,1717,2927,1972,1655,2588,2466,1710,2935,1988,1657
8.671249320999777,2585,2455,1724,2924,1969,1656,2588,2466,1710,2935,1987,1657
8.681273776001035,2584,2451,1730,2921,1968,1658,2588,2466,1710,2934,1986,1657
8.691271981000682,2584,2448,1735,2917,1967,1659,2588,2466,1710,2933,1984,1657
8.701258344000962,2584,2445,1738,2914,1967,1660,2587,2466,1710,2932,1982,1657
8.711302116000297,2584,2443,1740,2910,1969,1660,2587,2465,1712,2931,1979,1657
8.721278279999751,2584,2442,1741,2906,1971,1661,2586,2463,1715,2928,1977,1657
8.731297825999718,2585,2441,1740,2902,1975,1661,2586,2461,1718,2926,1976,1657
8.741520585001126,2585,2441,1739,2898,1979,1661,2586,2459,1722,2923,1976,1657
8.75278142299976,2586,2442,1736,2895,1983,1662,2586,2457,1727,2920,1976,1657
8.761700011000357,2586,2443,1734,2893,1985,1663,2586,2456,1729,2917,1976,1657
8.771395925999968,2587,2445,1733,2892,1986,1664,2586,2455,1731,2915,1976,1657
8.781422244999703,2587,2448,1732,2892,1985,1665,2587,2454,1732,2912,1976,1657
8.79162970499965,2587,2451,1731,2892,1984,1667,2587,2454,1732,2910,1976,1657
8.804773185000158,2587,2455,1731,2894,1981,1669,2587,2454,1732,2908,1978,1657
8.811508064000009,2586,2459,1730,2896,1977,1671,2587,2454,1732,2907,1978,1657
8.821577774000616,2586,2463,1730,2898,1972,1673,2587,2454,1731,2906,1979,1657
8.831576399999904,2585,2466,1730,2901,1969,1674,2587,2454,1731,2906,1979,1659
8.841275832000974,2584,2468,1730,2903,1966,1674,2587,2455,1731,2905,1979,1661
8.851429250000365,2583,2469,1730,2905,1964,1673,2588,2456,1731,2905,1978,1663
8.86150415100019,2582,2469,1729,2906,1963,1671,2588,2456,1731,2905,1976,1664
8.871549776000393,2580,2468,1728,2908,1963,1668,2588,2457,1731,2905,1975,1665
8.881546398000864,2579,2467,1727,2909,1964,1664,2588,2458,1731,2905,1973,1666
8.89154698800121,2578,2465,1726,2911,1965,1660,2588,2459,1730,2906,1971,1666
8.901525186000072,2576,2462,1724,2912,1967,1656,2588,2460,1728,2907,1970,1665
8.911547847999827,2575,2459,1723,2913,1969,1653,2588,2460,1728,2907,1969,1665
8.921754156001043,2574,2457,1723,2913,1971,1650,2587,2460,1727,2908,1969,1664
8.93172206500094,2574,2455,1722,2914,1972,1649,2586,2461,1727,2909,1969,1663
8.941678700999546,2574,2454,1722,2915,1973,1648,2586,2461,1727,2909,1970,1661
8.951708816999599,2574,2452,1722,2915,1974,1649,2585,2462,1726,2910,1971,1659
8.961223340000288,2574,2451,1723,2916,1975,1650,2584,2462,1726,2911,1973,1658
8.971395444001246,2574,2450,1724,2917,1975,1652,2584,2462,1726,2911,1973,1656
8.981393969999772,2575,2450,1725,2918,1975,1655,2583,2462,1726,2911,1973,1655
8.991450976000124,2576,2450,1726,2919,1975,1658,2583,2462,1726,2912,1973,1655
9.001554671000122,2577,2450,1728,2920,1974,1661,2583,2461,1726,2912,1973,1655
9.011548197000593,2578,2451,1729,2920,1973,1664,2583,2460,1727,2912,1973,1655
9.021553866999966,2578,2453,1730,2921,1972,1665,2583,2460,1728,2912,1973,1655
9.031546301999697,2578,2454,1731,2922,1971,1665,2583,2460,1728,2913,1973,1656
9.041519239999616,2578,2457,1732,2924,1969,1665,2583,2460,1728,2913,1973,1657
9.051520259999961,2578,2460,1733,2925,1967,1664,2583,2460,1727,2914,1972,1658
9.061518665999756,2577,2461,1732,2925,1966,1665,2583,2460,1727,2915,1971,1659
9.071551237000676,2577,2461,1731,2925,1965,1666,2583,2460,1726,2916,1971,1660
9.081519114999537,2576,2461,1730,2925,1965,1668,2583,2460,1726,2917,1971,1660
9.091551976000119,2576,2460,1728,2925,1965,1670,2583,2461,1726,2917,1971,1661
9.101520154001264,2575,2459,1727,2924,1965,1673,2583,2461,1726,2918,1971,1661
9.111549508999815,2574,2457,1725,2923,1966,1674,2583,2461,1726,2918,1971,1662
9.121548536000773,2574,2456,1724,2923,1966,1675,2583,2461,1726,2918,1971,1662
9.131544838000991,2573,2454,1723,2922,1966,1675,2583,2461,1725,2918,1970,1663
9.141518727999937,2573,2453,1723,2921,1967,1674,2583,2461,1725,2919,1970,1665
9.151521451000008,2572,2451,1723,2920,1967,1672,2583,2461,1725,2919,1969,1667
9.161629924999943,2572,2450,1723,2919,1967,1669,2583,2461,1725,2919,1969,1668
9.171671993000928,2571,2448,1724,2917,1967,1666,2583,2461,1725,2919,1969,1668
9.181669667999813,2571,2447,1725,2916,1968,1661,2582,2460,1726,2919,1969,1668
9.191396592001183,2571,2446,1726,2915,1968,1656,2581,2460,1726,2919,1969,1667
9.201454719999674,2570,2444,1728,2913,1968,1650,2581,2460,1726,2919,1969,1666
9.211420244000692,2570,2443,1730,2912,1968,1643,2580,2460,1727,2919,1969,1665
9.22157119700023,2569,2442,1732,2911,1968,1638,2580,2460,1727,2919,1970,1663
9.231573942000978,2569,2441,1735,2910,1968,1633,2580,2460,1728,2919,1971,1661
9.24158006200014,2569,2441,1737,2909,1968,1629,2579,2460,1729,2919,1971,1659
9.251644732999921,2568,2440,1739,2908,1968,1626,2579,2459,1729,2918,1971,1657
9.261626196999714,2568,2440,1741,2908,1968,1623,2579,2458,1730,2918,1971,1653
9.271650472001056,2567,2440,1744,2907,1967,1622,2579,2457,1731,2916,1971,1649
9.281643578000512,2567,2440,1746,2907,1967,1622,2579,2456,1733,2915,1971,1644
9.291394666999622,2567,2441,1748,2907,1967,1622,2579,2456,1734,2914,1971,1641
9.30142641600105,2566,2441,1750,2907,1967,1623,2579,2455,1735,2913,1971,1638
9.311502398000812,2566,2442,1753,2907,1966,1626,2578,2454,1736,2913,1971,1636
9.32152478900025,2565,2443,1755,2908,1966,1629,2578,2454,1737,2912,1971,1635
9.33150453000053,2565,2444,1758,2909,1966,1633,2577,2454,1738,2912,1971,1633
9.3414995990006,2564,2445,1761,2910,1965,1638,2577,2454,1738,2912,1971,1633
9.351521579999826,2564,2446,1763,2911,1965,1643,2576,2454,1740,2912,1971,1633
9.361586791001173,2563,2446,1766,2912,1964,1647,2576,2454,1742,2912,1971,1633
9.371604293000928,2563,2446,1767,2913,1964,1651,2576,2454,1745,2912,1971,1633
9.38165254300111,2562,2446,1769,2915,1963,1654,2575,2453,1747,2911,1971,1635
9.39122545600003,2562,2445,1769,2916,1963,1656,2574,2453,1749,2911,1971,1637
9.401322689000153,2562,2444,1770,2917,1962,1657,2574,2453,1751,2911,1971,1639
9.411300746000052,2562,2443,1770,2918,1962,1657,2574,2452,1752,2911,1971,1642
9.421242534999692,2562,2442,1771,2919,1962,1656,2574,2451,1754,2911,1971,1644
9.43120641600035,2562,2440,1770,2920,1961,1654,2574,2450,1755,2911,1970,1646
9.441395662001014,2562,2437,1770,2921,1961,1651,2573,2450,1756,2911,1970,1647
9.451503854999828,2562,2435,1769,2922,1960,1648,2573,2449,1757,2911,1969,1648
9.46155088300111,2562,2432,1768,2923,1960,1643,2573,2448,1758,2912,1967,1648
9.47174971700042,2561,2428,1767,2924,1960,1638,2573,2447,1758,2913,1966,1648
9.481721571999515,2561,2424,1766,2925,1959,1632,2572,2446,1758,2914,1965,1648
9.491572730999906,2561,2421,1765,2926,1959,1625,2572,2446,1758,2915,1964,1648
9.501616031000594,2561,2416,1763,2927,1958,1617,2571,2444,1758,2916,1963,1648
9.511629796001216,2561,2412,1761,2928,1957,1608,2570,2443,1759,2917,1963,1645
9.521750112000518,2560,2408,1759,2929,1957,1598,2570,2441,1761,2917,1963,1642
9.531241271000908,2559,2404,1758,2930,1956,1588,2570,2440,1762,2917,1963,1639
9.541501190000417,2558,2402,1756,2931,1955,1578,2570,2438,1762,2917,1962,1635
9.551525184000639,2556,2400,1755,2932,1953,1569,2569,2436,1762,2918,1962,1630
9.561545622000267,2553,2400,1755,2933,1952,1560,2568,2434,1762,2919,1961,1624
9.571725801000866,2551,2401,1755,2934,1950,1551,2567,2432,1762,2920,1960,1618
9.581194215999858,2548,2404,1754,2934,1949,1542,2566,2431,1762,2922,1959,1613
9.591425841999808,2546,2406,1753,2935,1949,1532,2565,2430,1761,2923,1958,1606
9.601446610000494,2544,2409,1751,2937,1949,1522,2564,2429,1761,2924,1957,1599
9.61150849600017,2543,2411,1748,2938,1951,1510,2562,2429,1761,2924,1956,1591
9.621572224999909,2543,2412,1745,2939,1953,1499,2560,2429,1761,2925,1955,1583
9.631577223999557,2544,2413,1742,2941,1955,1487,2559,2429,1761,2926,1954,1576
9.641596990000835,2544,2413,1739,2942,1957,1477,2557,2429,1761,2927,1954,1568
9.651599824001096,2545,2413,1737,2942,1959,1467,2556,2429,1760,2929,1954,1560
9.661637564000557,2546,2413,1736,2942,1960,1458,2555,2429,1759,2929,1955,1551
9.671645558000819,2546,2412,1736,2942,1961,1450,2553,2429,1757,2930,1955,1541
9.681623004000357,2547,2411,1737,2941,1962,1443,2552,2429,1755,2932,1955,1532
9.691679059000307,2548,2410,1739,2940,1962,1436,2551,2429,1754,2933,1956,1523
9.701736455999708,2548,2408,1743,2938,1961,1431,2550,2429,1753,2933,1957,1515
9.71129380000093,2548,2406,1748,2935,1960,1426,2549,2429,1752,2934,1957,1506
9.72142016700127,2548,2404,1754,2931,1959,1422,2549,2430,1752,2934,1958,1497
9.73142332200041,2547,2402,1760,2928,1957,1419,2549,2430,1752,2934,1958,1488
9.74141977399995,2547,2399,1767,2924,1956,1416,2549,2430,1752,2934,1958,1479
9.751449830000638,2546,2397,1772,2921,1955,1414,2549,2430,1754,2933,1958,1471
9.761427126000854,2545,2396,1776,2919,1955,1413,2549,2430,1755,2931,1958,1464
9.771500183000171,2543,2394,1779,2918,1956,1411,2549,2430,1758,2930,1958,1456
9.781544806000966,2542,2393,1780,2917,1958,1410,2549,2429,1760,2928,1958,1451
9.79167306599993,2540,2392,1779,2917,1961,1408,2549,2429,1763,2926,1958,1446
9.801671392000571,2538,2391,1778,2917,1964,1406,2550,2427,1766,2924,1958,1441
9.811702779999905,2537,2390,1775,2918,1967,1405,2550,2426,1769,2923,1958,1437
9.821225228000912,2535,2389,1773,2918,1969,1404,2550,2425,1771,2922,1959,1433
9.83122560800075,2534,2386,1770,2918,1970,1403,2550,2425,1772,2922,1959,1430
9.84162855700015,2534,2384,1769,2918,1969,1402,2549,2424,1772,2922,1960,1427
9.85151887900065,2533,2380,1767,2917,1968,1402,2548,2423,1772,2921,1961,1424
9.86154411499956,2533,2377,1766,2916,1966,1402,2546,2423,1772,2921,1963,1421
9.87150074300007,2534,2376,1765,2915,1964,1402,2545,2422,1772,2921,1963,1419
9.881504408000183,2535,2376,1764,2914,1964,1402,2544,2421,1772,2921,1963,1417
9.89167263499985,2536,2377,1763,2913,1964,1402,2543,2421,1772,2921,1963,1416
9.901796447000379,2538,2380,1762,2912,1965,1402,2542,2420,1772,2922,1963,1414
9.911238253000192,2539,2383,1761,2911,1968,1401,2541,2420,1772,2922,1963,1413
9.921643687001051,2541,2389,1760,2911,1970,1401,2539,2420,1772,2922,1963,1412
9.93166838199977,2543,2395,1760,2911,1972,1402,2539,2420,1772,2921,1963,1411
9.941448666000724,2545,2401,1760,2911,1974,1404,2539,2420,1772,2920,1963,1410
9.951505111999722,2546,2406,1760,2911,1974,1406,2539,2420,1772,2918,1964,1409
9.96155194899984,2547,2410,1761,2911,1974,1409,2539,2420,1772,2918,1965,1408
9.971552990000419,2547,2414,1763,2912,1972,1413,2539,2420,1772,2917,1966,1408
9.98151824300112,2548,2416,1764,2913,1970,1417,2539,2420,1772,2917,1968,1408
9.991542667999965,2548,2418,1765,2913,1968,1421,2540,2421,1772,2917,1968,1408
10.001580899001056,2548,2417,1767,2914,1966,1424,2540,2422,1772,2917,1968,1408
10.011568074000024,2548,2416,1767,2915,1965,1426,2541,2423,1772,2917,1968,1408
10.021577591000096,2548,2413,1767,2916,1965,1428,2542,2424,1772,2917,1968,1409
10.031570475999615,2549,2409,1767,2916,1965,1429,2542,2424,1772,2917,1968,1412
10.041574742999728,2549,2404,1766,2917,1967,1429,2542,2424,1772,2917,1968,1414
10.05157366000094,2550,2398,1764,2917,1968,1429,2542,2424,1772,2917,1968,1416
10.061569551000503,2550,2394,1762,2918,1969,1428,2542,2424,1772,2917,1968,1417
10.07157158300106,2550,2391,1760,2918,1970,1427,2542,2424,1772,2917,1969,1419
10.081569779000347,2550,2389,1757,2919,1970,1426,2542,2424,1772,2917,1969,1420
10.0915734350001,2550,2388,1754,2919,1970,1425,2542,2423,1772,2917,1969,1420
10.101501117000225,2550,2389,1751,2919,1969,1424,2542,2422,1772,2917,1969,1420
10.111518339001123,2549,2391,1748,2919,1968,1423,2542,2422,1772,2917,1969,1420
10.121519068999987,2549,2395,1744,2919,1965,1422,2542,2421,1772,2917,1969,1420
10.131543945000885,2548,2400,1739,2919,1963,1420,2542,2421,1772,2917,1969,1420
10.141520148999916,2547,2405,1735,2920,1960,1419,2542,2421,1772,2917,1969,1420
10.151629784000761,2546,2410,1731,2920,1958,1418,2542,2421,1770,2917,1969,1420
10.16157030100112,2545,2413,1729,2920,1957,1417,2542,2421,1768,2917,1969,1420
10.171669407000081,2544,2415,1727,2920,1957,1416,2542,2421,1766,2917,1967,1420
10.181669075000173,2543,2416,1726,2920,1957,1416,2542,2422,1764,2917,1966,1420
10.19134630500048,2543,2415,1726,2921,1959,1415,2542,2424,1762,2917,1964,1420
10.201506556000822,2542,2413,1727,2921,1961,1415,2543,2424,1759,2917,1963,1420
10.211525951999647,2542,2410,1728,2921,1964,1415,2543,2426,1758,2917,1963,1420
10.221548072000587,2542,2406,1730,2922,1967,1415,2543,2426,1757,2916,1963,1420
10.231519487000696,2542,2403,1732,2922,1970,1415,2543,2426,1756,2916,1963,1420
10.24157215500054,2542,2400,1732,2923,1971,1414,2543,2426,1756,2916,1963,1420
10.251555513001222,2542,2399,1732,2923,1972,1413,2543,2426,1756,2916,1964,1420
10.261541855999894,2541,2399,1731,2924,1970,1412,2543,2426,1756,2916,1965,1420
10.271570589000476,2539,2400,1729,2925,1968,1410,2544,2426,1756,2917,1966,1420
10.281584614000167,2537,2400,1727,2926,1965,1408,2544,2426,1756,2917,1967,1420
10.29172496800129,2534,2401,1724,2927,1962,1406,2544,2426,1756,2918,1967,1420
10.301752819001194,2532,2402,1722,2928,1958,1404,2544,2426,1755,2919,1967,1419
10.311503929000537,2531,2403,1720,2929,1954,1403,2544,2426,1755,2920,1966,1418
10.321498567000162,2530,2404,1719,2929,1951,1402,2544,2426,1755,2921,1965,1415
10.331524926001293,2531,2404,1719,2928,1948,1402,2544,2426,1754,2924,1964,1414
10.341518061999523,2532,2404,1720,2928,1944,1401,2543,2426,1752,2925,1962,1412
10.351522449000186,2535,2404,1721,2927,1941,1401,2542,2426,1752,2925,1960,1411
10.361548306000259,2538,2404,1721,2927,1938,1401,2541,2426,1750,2925,1958,1410
10.371544658999483,2541,2404,1722,2927,1936,1402,2540,2426,1750,2925,1956,1408
10.381553033001182,2544,2405,1721,2929,1935,1402,2539,2426,1750,2923,1953,1408
10.391543714000363,2546,2405,1720,2931,1935,1402,2537,2426,1750,2923,1951,1407
10.401500632000534,2547,2405,1718,2935,1936,1402,2536,2426,1750,2923,1949,1407
10.411622331001126,2548,2405,1715,2939,1937,1402,2536,2426,1749,2923,1947,1407
10.42175030100043,2548,2404,1713,2943,1938,1402,2536,2426,1749,2924,1945,1407
10.43119646500054,2547,2402,1711,2947,1938,1402,2536,2426,1748,2926,1944,1407
10.44122496700038,2546,2400,1709,2949,1938,1402,2537,2426,1746,2929,1944,1407
10.451459789001092,2545,2396,1709,2951,1936,1402,2537,2426,1745,2931,1944,1407
10.461498792001294,2543,2390,1709,2951,1934,1402,2538,2426,1743,2934,1943,1407
10.471699559000626,2541,2384,1710,2951,1931,1402,2539,2427,1742,2938,1943,1407
10.4817257779996,2539,2377,1711,2950,1927,1403,2540,2427,1741,2939,1943,1407
10.491391396000836,2537,2370,1712,2949,1923,1403,2542,2427,1741,2941,1942,1407
10.501511401000243,2536,2365,1713,2949,1920,1403,2543,2426,1741,2942,1941,1407
10.51153010500093,2535,2360,1713,2948,1917,1403,2543,2425,1740,2943,1938,1407
10.52124450500014,2534,2357,1713,2948,1916,1403,2543,2424,1740,2943,1935,1407
10.531293406000259,2534,2356,1711,2949,1915,1403,2543,2422,1740,2943,1933,1407
10.541245685000831,2535,2355,1709,2950,1916,1402,2543,2421,1740,2943,1931,1407
10.551506656000129,2536,2357,1707,2952,1917,1402,2543,2419,1740,2943,1928,1407
10.561672838999584,2537,2359,1703,2954,1920,1401,2543,2418,1740,2943,1927,1407
10.571667808000711,2539,2363,1699,2957,1923,1401,2543,2416,1740,2944,1925,1407
10.581696160999854,2542,2368,1693,2961,1927,1400,2542,2415,1740,2944,1925,1407
10.591755842000566,2545,2374,1687,2965,1933,1399,2541,2414,1739,2945,1925,1407
10.601398075999896,2549,2382,1680,2970,1939,1399,2540,2413,1737,2947,1925,1407
10.611506389001079,2552,2391,1673,2975,1945,1398,2539,2413,1734,2950,1926,1407
10.62157819300046,2556,2400,1665,2980,1952,1398,2539,2413,1730,2952,1927,1407
10.631572702000994,2559,2409,1658,2985,1958,1398,2539,2413,1727,2955,1928,1406
10.64156806200117,2561,2418,1652,2988,1964,1399,2540,2413,1722,2958,1931,1405
10.651573641000141,2563,2425,1647,2991,1968,1400,2541,2414,1718,2960,1934,1404
10.661569633000909,2564,2431,1643,2993,1970,1401,2543,2415,1713,2965,1937,1404
10.671577757000705,2564,2436,1641,2993,1972,1403,2545,2418,1707,2969,1942,1404
10.681548030001068,2563,2441,1639,2993,1973,1406,2547,2421,1701,2972,1946,1404
10.691503604999525,2562,2444,1638,2992,1972,1410,2549,2424,1695,2975,1949,1404
10.701519524000105,2559,2447,1638,2990,1970,1414,2552,2428,1689,2978,1953,1404
10.711517338000704,2556,2449,1639,2987,1967,1419,2555,2432,1684,2979,1955,1404
10.721545641001285,2552,2450,1640,2983,1963,1424,2557,2437,1680,2979,1957,1404
10.731522445999872,2548,2450,1642,2980,1958,1428,2558,2441,1676,2979,1958,1404
10.741517926000597,2544,2450,1644,2977,1954,1431,2558,2445,1674,2978,1959,1407
10.751501824001025,2541,2450,1646,2975,1951,1434,2558,2448,1673,2978,1958,1409
10.761516802000187,2539,2449,1647,2973,1948,1436,2558,2451,1672,2977,1957,1412
10.771542709000641,2537,2449,1648,2973,1945,1436,2558,2453,1672,2976,1956,1416
10.78154142600033,2536,2449,1648,2973,1943,1436,2557,2454,1672,2976,1955,1418
10.79154287700112,2535,2449,1647,2975,1942,1435,2556,2456,1672,2976,1953,1420
10.801517056999728,2534,2450,1646,2977,1941,1433,2554,2457,1672,2976,1952,1421
10.81152437000128,2534,2450,1643,2980,1941,1430,2552,2457,1672,2976,1950,1422
10.821522075000757,2534,2450,1639,2984,1941,1427,2550,2457,1672,2977,1949,1424
10.831516663000002,2534,2451,1634,2989,1942,1423,2548,2457,1672,2977,1948,1424
10.841541349000181,2534,2451,1627,2995,1942,1420,2545,2457,1671,2977,1947,1424
10.851574800999515,2533,2452,1619,3001,1943,1416,2542,2457,1670,2977,1946,1424
10.861601779999546,2532,2452,1609,3007,1944,1413,2540,2457,1668,2978,1946,1424
10.87169547600024,2529,2452,1598,3013,1944,1410,2538,2457,1665,2979,1946,1424
10.881753765001122,2526,2452,1585,3020,1945,1408,2537,2457,1661,2981,1946,1423
10.891266603999611,2523,2451,1572,3026,1945,1406,2536,2458,1657,2986,1946,1421
10.90139235100105,2519,2450,1560,3031,1945,1405,2535,2458,1653,2990,1946,1418
10.911389093000253,2515,2450,1549,3036,1945,1404,2534,2459,1648,2995,1946,1417
10.921441501001027,2512,2449,1540,3039,1945,1403,2532,2459,1642,3002,1946,1415
10.931447151000611,2509,2448,1532,3042,1945,1403,2532,2459,1636,3007,1946,1413
10.941419226999642,2505,2446,1526,3045,1944,1402,2532,2459,1630,3011,1946,1412
10.951504857001055,2502,2445,1521,3046,1944,1402,2530,2459,1622,3015,1946,1411
10.961498194001251,2500,2443,1517,3047,1944,1402,2528,2459,1614,3019,1946,1410
10.971573333999913,2497,2442,1515,3047,1943,1402,2526,2459,1605,3021,1945,1409
10.981575998001063,2495,2440,1514,3047,1943,1402,2524,2459,1597,3024,1945,1408
10.991724606999924,2493,2438,1515,3046,1943,1402,2522,2459,1588,3027,1945,1408
11.001795199001208,2491,2436,1518,3044,1942,1402,2520,2458,1580,3028,1945,1407
11.011218740000913,2489,2433,1521,3042,1942,1402,2517,2458,1574,3030,1945,1407
11.021225021000646,2487,2431,1527,3039,1942,1402,2514,2458,1568,3032,1945,1407
11.031223437001245,2486,2428,1533,3035,1943,1402,2510,2457,1564,3033,1945,1407
11.041572334001103,2485,2426,1540,3031,1944,1402,2506,2457,1560,3033,1945,1407
11.051661421000972,2485,2425,1546,3028,1945,1402,2502,2456,1559,3033,1945,1407
11.061641622000025,2485,2425,1551,3026,1947,1402,2499,2456,1558,3032,1945,1407
11.07164276399999,2486,2425,1553,3024,1949,1402,2496,2456,1558,3031,1945,1407
11.08157396200113,2487,2426,1555,3023,1952,1402,2494,2456,1559,3031,1945,1407
11.091569403000904,2488,2428,1555,3022,1955,1402,2493,2456,1560,3031,1945,1407
11.101624916000219,2489,2430,1553,3022,1960,1402,2492,2457,1562,3030,1945,1407
11.111644902999615,2491,2433,1550,3022,1964,1402,2492,2457,1564,3030,1946,1407
11.121652515999813,2493,2437,1546,3024,1970,1402,2492,2458,1565,3030,1947,1407
11.1316305929995,2495,2442,1540,3025,1975,1402,2492,2458,1565,3029,1950,1407
11.141641373000311,2498,2448,1533,3027,1981,1402,2492,2459,1565,3028,1952,1407
11.15165135999996,2500,2453,1527,3029,1986,1402,2492,2459,1565,3027,1953,1407
11.161625270000513,2501,2458,1521,3031,1990,1402,2493,2459,1565,3027,1956,1407
11.171665595000377,2502,2463,1516,3031,1992,1402,2496,2459,1564,3027,1960,1407
11.181574280999484,2503,2467,1513,3032,1993,1402,2498,2460,1562,3028,1964,1407
11.191573919000803,2502,2470,1510,3032,1993,1402,2500,2462,1559,3028,1968,1407
11.201570151000851,2501,2473,1509,3031,1992,1402,2501,2464,1555,3029,1971,1407
11.2115715430009,2500,2475,1510,3029,1989,1402,2501,2467,1551,3029,1975,1407
11.221574115999829,2498,2477,1511,3027,1985,1402,2501,2470,1547,3028,1977,1407
11.231567832999644,2495,2479,1514,3024,1980,1402,2501,2473,1543,3028,1979,1407
11.24157517599997,2492,2480,1518,3021,1974,1402,2501,2476,1541,3027,1979,1407
11.25160240600053,2489,2480,1522,3018,1969,1402,2501,2479,1540,3026,1979,1407
11.261626089999481,2486,2479,1526,3016,1965,1402,2501,2481,1539,3025,1978,1407
11.271572888001174,2484,2478,1530,3015,1962,1402,2500,2484,1539,3025,1977,1407
11.281573127000229,2482,2477,1534,3014,1961,1402,2499,2485,1539,3025,1975,1407
11.291541687000063,2480,2475,1536,3014,1961,1402,2497,2487,1539,3026,1973,1407
11.301595147000626,2479,2472,1539,3015,1962,1402,2495,2487,1541,3025,1972,1407
11.311625682999875,2478,2468,1539,3017,1963,1402,2493,2487,1542,3023,1970,1407
11.321752019999622,2478,2464,1538,3020,1964,1402,2492,2487,1544,3020,1967,1407
11.331194837999647,2478,2459,1536,3022,1964,1402,2490,2487,1545,3018,1966,1407
11.341196830000627,2478,2453,1532,3025,1963,1402,2488,2487,1545,3018,1966,1407
11.351225583000996,2477,2448,1527,3028,1962,1402,2486,2487,1545,3020,1967,1407
11.361200134000683,2477,2444,1520,3032,1960,1402,2485,2487,1545,3022,1967,1407
11.371526648999861,2475,2440,1512,3036,1958,1402,2483,2487,1545,3023,1967,1407
11.381521888999487,2473,2438,1504,3040,1956,1402,2481,2486,1545,3024,1966,1407
11.391543218000152,2471,2437,1494,3045,1954,1402,2480,2485,1544,3026,1965,1407
11.401580517000184,2467,2437,1485,3049,1952,1402,2479,2484,1543,3027,1964,1407
11.411570006001057,2464,2437,1478,3053,1950,1402,2478,2484,1541,3029,1963,1407
11.421550107999792,2461,2438,1472,3056,1949,1402,2477,2484,1538,3032,1961,1407
11.4316688910003,2458,2439,1467,3059,1947,1402,2476,2484,1535,3035,1960,1407
11.441671214000962,2455,2439,1464,3062,1946,1402,2475,2484,1531,3038,1959,1407
11.451705157000106,2452,2440,1463,3064,1944,1402,2474,2484,1526,3041,1957,1407
11.46174809600052,2449,2440,1462,3066,1943,1402,2474,2484,1521,3044,1956,1407
11.471501019001153,2445,2441,1463,3068,1941,1402,2472,2484,1517,3046,1954,1407
11.481522608999512,2442,2441,1466,3069,1940,1402,2470,2484,1512,3049,1953,1407
11.49151788800009,2438,2440,1469,3070,1939,1402,2468,2483,1508,3051,1951,1407
11.501527104999695,2435,2439,1472,3069,1939,1402,2466,2483,1505,3052,1950,1407
11.51155026699962,2433,2438,1474,3068,1939,1402,2464,2482,1503,3054,1949,1407
11.521499761000086,2432,2437,1474,3066,1941,1402,2461,2482,1501,3055,1947,1407
11.531519817999651,2430,2435,1473,3063,1943,1402,2458,2481,1500,3056,1947,1407
11.541670471000543,2430,2432,1471,3060,1946,1402,2455,2480,1500,3057,1946,1407
11.55172469200079,2429,2428,1471,3056,1948,1402,2451,2480,1500,3059,1945,1407
11.561192236000352,2429,2424,1472,3054,1950,1402,2448,2480,1500,3061,1945,1407
11.571220437999727,2428,2420,1474,3052,1951,1402,2444,2480,1500,3061,1946,1407
11.581223903000136,2428,2416,1478,3050,1952,1402,2441,2480,1500,3060,1947,1407
11.591543444999843,2427,2411,1484,3049,1952,1402,2438,2480,1500,3057,1947,1407
11.601838280001175,2426,2406,1491,3048,1951,1402,2437,2479,1500,3055,1948,1407
11.611318118000781,2425,2400,1499,3048,1950,1402,2435,2478,1500,3054,1948,1407
11.621520598000643,2424,2395,1508,3048,1949,1402,2434,2477,1500,3054,1948,1407
11.631515347000459,2423,2390,1516,3048,1948,1402,2432,2476,1500,3054,1948,1407
11.641540624001209,2422,2386,1522,3048,1946,1402,2431,2474,1501,3053,1948,1407
11.651547396000751,2421,2383,1527,3049,1945,1402,2430,2470,1504,3053,1948,1407
11.661545431001286,2420,2381,1531,3049,1944,1402,2430,2467,1507,3051,1947,1407
11.671572190000006,2419,2380,1533,3050,1943,1402,2430,2462,1510,3050,1947,1407
11.681569594000393,2418,2379,1534,3051,1943,1402,2430,2458,1514,3050,1947,1407
11.691574652000781,2418,2380,1534,3051,1943,1402,2430,2453,1518,3050,1947,1407
11.701571384999625,2417,2381,1531,3052,1942,1402,2430,2449,1522,3050,1947,1407
11.711546036000072,2416,2383,1528,3053,1942,1402,2429,2446,1526,3051,1947,1407
11.72169953500088,2416,2386,1523,3054,1943,1402,2428,2444,1529,3052,1947,1407
11.731720513000255,2415,2390,1516,3054,1943,1402,2427,2442,1529,3052,1947,1407
11.741501108001103,2415,2395,1508,3055,1944,1402,2426,2441,1529,3052,1947,1407
11.751531083000373,2414,2400,1499,3056,1944,1402,2426,2441,1529,3051,1947,1407
11.761541290999958,2414,2405,1490,3057,1945,1402,2424,2441,1529,3050,1947,1407
11.771575333999863,2413,2410,1482,3057,1945,1402,2424,2441,1528,3050,1947,1407
11.781568460000926,2413,2413,1476,3057,1946,1402,2422,2441,1527,3050,1947,1407
11.791494299000988,2413,2416,1471,3057,1946,1402,2420,2441,1526,3053,1947,1407
11.801524755001083,2412,2417,1467,3057,1946,1402,2419,2441,1524,3054,1947,1407
11.811542838000605,2412,2418,1465,3056,1946,1402,2418,2441,1521,3055,1948,1407
11.82151588600027,2412,2418,1465,3056,1946,1402,2417,2441,1518,3055,1948,1407
11.831518459999643,2411,2417,1465,3055,1945,1402,2416,2441,1514,3055,1947,1407
11.841548264999801,2411,2415,1468,3053,1944,1402,2415,2441,1511,3054,1947,1407
11.851552752001226,2411,2412,1472,3052,1943,1402,2415,2441,1508,3054,1947,1407
11.861517704999642,2410,2408,1477,3050,1941,1402,2415,2441,1505,3054,1947,1407
11.87127969500034,2410,2403,1483,3048,1938,1402,2414,2441,1503,3053,1947,1407
11.881319277999864,2409,2396,1491,3045,1935,1402,2414,2440,1502,3053,1947,1407
11.891231301000516,2408,2390,1498,3043,1931,1402,2414,2439,1502,3052,1947,1407
11.901243493000948,2407,2384,1504,3040,1926,1402,2414,2438,1502,3052,1946,1407
11.911217523000232,2406,2378,1509,3038,1920,1402,2414,2438,1502,3052,1944,1407
11.921194116999686,2405,2373,1512,3036,1914,1402,2414,2437,1503,3050,1942,1407
11.931717503999607,2404,2369,1513,3033,1907,1402,2414,2435,1505,3048,1939,1407
11.941447453000364,2403,2365,1514,3031,1901,1402,2414,2433,1507,3046,1936,1407
11.951530819000254,2402,2363,1514,3029,1895,1402,2414,2432,1510,3044,1933,1407
11.961541898999712,2401,2362,1513,3028,1891,1402,2414,2430,1513,3043,1930,1407
11.971542208000756,2401,2362,1512,3026,1888,1402,2413,2429,1516,3042,1926,1407
11.981549731000996,2401,2363,1511,3025,1887,1402,2413,2429,1517,3040,1922,1407
11.991546463999839,2401,2365,1510,3023,1887,1402,2412,2428,1517,3038,1917,1407
12.00163570100085,2401,2367,1510,3022,1888,1402,2412,2427,1517,3037,1912,1407
12.011547653999514,2402,2371,1510,3021,1890,1402,2411,2427,1517,3035,1908,1407
12.021500113000002,2403,2375,1510,3019,1893,1402,2411,2426,1517,3034,1905,1407
12.031519637999736,2404,2380,1510,3018,1898,1402,2409,2426,1517,3032,1902,1407
12.04154140799983,2405,2386,1511,3016,1904,1402,2408,2426,1517,3031,1901,1407
12.051550543999838,2406,2392,1512,3014,1910,1402,2407,2425,1517,3029,1901,1407
12.061541035000118,2406,2397,1514,3013,1916,1402,2406,2425,1517,3028,1901,1407
12.071593623000808,2407,2401,1515,3011,1920,1402,2406,2425,1517,3026,1901,1407
12.081574625999565,2406,2404,1517,3009,1923,1402,2405,2425,1517,3024,1903,1407
12.091574905000016,2405,2406,1519,3008,1924,1402,2405,2426,1517,3023,1905,1407
12.101693837999846,2404,2408,1521,3006,1925,1402,2405,2426,1517,3021,1907,1407
12.111666606000654,2402,2408,1523,3004,1924,1402,2405,2427,1518,3020,1910,1407
12.1217021020002,2399,2407,1526,3002,1922,1402,2405,2427,1519,3018,1912,1407
12.131199331999596,2396,2404,1528,3001,1918,1402,2405,2427,1521,3016,1914,1407
12.14151665999998,2392,2401,1530,3000,1914,1402,2405,2427,1523,3015,1915,1407
12.151545562999672,2389,2396,1532,3000,1909,1402,2406,2427,1525,3013,1916,1407
12.161541233999742,2385,2391,1533,3001,1905,1402,2406,2427,1527,3011,1915,1407
12.171525171999747,2382,2385,1534,3002,1901,1402,2406,2427,1529,3010,1914,1407
12.181543194999904,2379,2378,1534,3005,1897,1402,2405,2427,1530,3009,1913,1407
12.1916201490003,2376,2371,1533,3009,1894,1402,2403,2426,1532,3009,1911,1407
12.201602774999628,2374,2365,1532,3012,1891,1401,2401,2426,1534,3008,1909,1407
12.211570292000033,2372,2359,1532,3015,1888,1401,2399,2426,1535,3008,1907,1407
12.221569810000801,2371,2355,1531,3017,1886,1402,2397,2426,1535,3008,1905,1407
12.231577032000132,2370,2353,1530,3019,1885,1402,2395,2426,1535,3008,1903,1407
12.241545251001298,2369,2351,1530,3019,1884,1402,2392,2425,1535,3009,1900,1407
12.251544859000205,2369,2351,1530,3018,1882,1403,2389,2425,1535,3011,1897,1407
12.261552242000107,2369,2351,1531,3016,1881,1403,2386,2424,1535,3013,1896,1407
12.271540609001022,2369,2353,1532,3013,1881,1404,2383,2423,1535,3014,1895,1407
12.281514428001174,2368,2355,1533,3010,1880,1404,2380,2421,1535,3014,1894,1407
12.291515990000335,2368,2358,1534,3006,1879,1404,2377,2419,1535,3014,1892,1407
12.301571834001152,2367,2361,1536,3002,1879,1403,2376,2418,1535,3014,1889,1407
12.311570951000249,2365,2364,1538,2999,1879,1401,2374,2417,1535,3013,1888,1407
12.321573585000806,2363,2365,1540,2996,1879,1398,2373,2416,1535,3012,1888,1407
12.331566120001298,2361,2366,1542,2994,1879,1396,2372,2414,1536,3010,1888,1407
12.341755024999657,2360,2367,1544,2993,1879,1395,2371,2413,1537,3008,1887,1406
12.35157112700108,2358,2367,1546,2992,1879,1394,2370,2413,1538,3006,1886,1405
12.361501755000063,2357,2367,1548,2991,1879,1395,2369,2412,1540,3004,1885,1404
12.371518395000749,2356,2367,1550,2990,1879,1396,2369,2412,1542,3003,1883,1402
12.38154567499987,2356,2367,1553,2990,1879,1398,2369,2412,1544,3001,1882,1401
12.391549652000322,2356,2367,1555,2989,1879,1401,2369,2412,1546,3000,1882,1401
12.401542536999841,2357,2367,1557,2989,1879,1405,2368,2412,1549,2999,1882,1400
12.411518561000776,2357,2367,1560,2988,1880,1410,2367,2412,1551,2998,1882,1400
12.421546692999982,2358,2367,1562,2987,1880,1415,2366,2412,1554,2997,1882,1400
12.431541181000284,2359,2367,1565,2987,1880,1422,2366,2412,1556,2996,1882,1400
12.441521943001135,2361,2367,1568,2986,1880,1429,2366,2412,1558,2995,1882,1401
12.451535177000551,2362,2367,1570,2985,1881,1436,2365,2412,1560,2995,1882,1403
12.461521400000493,2363,2367,1572,2985,1881,1443,2364,2412,1562,2994,1882,1405
12.471539714000755,2365,2367,1573,2984,1882,1449,2363,2412,1565,2993,1882,1407
12.481514134000463,2365,2367,1574,2984,1883,1454,2363,2412,1567,2992,1882,1411
12.491496579999875,2366,2367,1574,2984,1884,1458,2362,2412,1569,2991,1882,1415
12.501575236999997,2366,2367,1573,2984,1885,1462,2361,2412,1571,2991,1882,1420
12.51159987200117,2366,2367,1572,2984,1886,1464,2361,2412,1573,2990,1882,1426
12.52151873799994,2365,2367,1570,2984,1887,1465,2360,2412,1574,2990,1882,1431
12.531514849000814,2364,2367,1568,2984,1888,1466,2360,2412,1574,2989,1883,1435
12.541541118000168,2363,2367,1565,2984,1890,1466,2360,2412,1574,2989,1884,1439
12.551738027999818,2362,2367,1561,2984,1892,1465,2360,2412,1574,2989,1884,1443
12.561217685000884,2360,2368,1557,2984,1893,1463,2360,2413,1574,2989,1883,1446
12.571516416999657,2357,2368,1552,2985,1895,1460,2360,2413,1574,2989,1883,1448
12.581494475,2354,2368,1547,2986,1898,1456,2360,2413,1574,2989,1883,1450
12.591544066999631,2351,2368,1541,2986,1900,1451,2361,2413,1574,2989,1883,1451
12.601818262999586,2348,2368,1534,2987,1902,1445,2362,2413,1574,2989,1885,1451
12.611218170000939,2344,2367,1528,2988,1904,1439,2362,2413,1574,2989,1886,1451
12.621318227000302,2340,2367,1523,2989,1905,1433,2363,2412,1573,2989,1889,1450
12.631290454000919,2337,2366,1520,2990,1906,1428,2362,2412,1571,2989,1891,1448
12.64132369500112,2335,2365,1517,2992,1906,1424,2360,2412,1568,2989,1893,1447
12.651519203000134,2332,2364,1517,2993,1905,1420,2359,2412,1564,2989,1894,1446
12.66154125399953,2330,2362,1517,2994,1904,1417,2357,2412,1561,2989,1896,1444
12.671568464000302,2328,2360,1520,2996,1902,1415,2355,2412,1558,2989,1897,1440
12.68157833100122,2327,2358,1523,2997,1900,1414,2353,2412,1555,2989,1898,1436
12.691623284999878,2326,2356,1528,2998,1897,1412,2351,2412,1554,2989,1898,1433
12.701846424000905,2325,2354,1534,2998,1895,1412,2348,2412,1553,2990,1898,1430
12.711396284001239,2324,2352,1540,2997,1893,1411,2345,2412,1552,2991,1898,1427
12.721446047000427,2323,2350,1545,2996,1893,1410,2341,2411,1552,2993,1898,1426
12.73141449600007,2321,2349,1549,2993,1894,1409,2338,2409,1552,2994,1898,1424
12.741692298999624,2320,2348,1553,2990,1896,1408,2335,2407,1552,2994,1898,1422
12.751647402999879,2318,2348,1556,2987,1898,1406,2332,2405,1553,2994,1897,1420
12.761640718999843,2316,2347,1558,2984,1899,1404,2330,2404,1555,2993,1897,1419
12.771668130000762,2314,2346,1559,2983,1900,1403,2328,2403,1557,2992,1897,1418
12.781673728999522,2311,2344,1560,2982,1900,1401,2327,2402,1559,2991,1897,1416
12.791665052000099,2309,2343,1562,2982,1899,1400,2325,2401,1561,2990,1898,1414
12.801623131001179,2308,2342,1563,2983,1897,1399,2323,2400,1561,2989,1899,1413
12.811638920000405,2307,2342,1565,2983,1895,1400,2321,2399,1562,2988,1898,1411
12.821666961001029,2307,2343,1568,2983,1892,1402,2321,2399,1563,2987,1897,1409
12.831638806999763,2308,2344,1571,2983,1890,1404,2320,2398,1564,2987,1897,1408
12.84166625800026,2310,2346,1575,2982,1887,1407,2319,2398,1565,2987,1897,1407
12.85164373400039,2313,2350,1580,2980,1884,1411,2319,2398,1566,2987,1897,1407
12.861638403001052,2316,2353,1584,2978,1880,1416,2318,2398,1568,2987,1896,1407
12.872500348001267,2320,2358,1590,2976,1877,1421,2318,2398,1571,2987,1894,1407
12.881496202000562,2324,2362,1594,2974,1874,1427,2318,2397,1574,2987,1893,1407
12.891664939001203,2328,2366,1598,2972,1871,1431,2318,2397,1577,2985,1891,1407
12.901642615999663,2330,2370,1601,2970,1869,1435,2317,2397,1580,2984,1889,1409
12.911668253000244,2333,2372,1603,2969,1867,1437,2317,2397,1583,2982,1888,1412
12.92166668900063,2334,2374,1604,2968,1866,1439,2317,2397,1587,2980,1885,1416
12.931618796999828,2335,2376,1604,2968,1865,1440,2317,2397,1591,2979,1883,1419
12.941642120000324,2336,2377,1602,2968,1865,1440,2318,2397,1595,2978,1880,1422
12.951723292000679,2336,2377,1600,2969,1865,1439,2320,2397,1598,2977,1878,1424
12.961667055000362,2335,2376,1597,2970,1865,1437,2321,2397,1601,2976,1877,1426
12.971697430999484,2333,2375,1593,2971,1865,1435,2323,2398,1602,2975,1875,1428
12.981693232000907,2331,2373,1588,2973,1866,1431,2324,2398,1602,2975,1874,1429
12.991720993000854,2329,2371,1582,2975,1867,1427,2326,2398,1602,2975,1873,1429
13.001822082000217,2326,2368,1576,2977,1868,1422,2329,2398,1602,2974,1871,1429
13.011237147000429,2323,2366,1572,2979,1869,1418,2330,2398,1602,2974,1870,1429
13.02149399100017,2321,2364,1569,2980,1870,1414,2330,2398,1602,2974,1870,1429
13.031514518001131,2320,2362,1567,2981,1870,1411,2330,2398,1601,2975,1870,1429
13.04145334200075,2319,2361,1567,2981,1870,1409,2330,2398,1600,2975,1870,1429
13.051504516999557,2318,2360,1568,2981,1869,1408,2330,2397,1598,2976,1870,1427
13.061513603001004,2317,2360,1571,2980,1868,1407,2330,2397,1596,2977,1870,1424
13.071542495999893,2317,2361,1575,2979,1867,1407,2330,2397,1595,2978,1870,1421
13.081542325000555,2317,2362,1580,2978,1866,1408,2330,2397,1594,2978,1870,1418
13.091543997001281,2317,2364,1583,2978,1866,1409,2329,2397,1594,2978,1870,1417
13.101543434000632,2316,2366,1585,2977,1866,1410,2327,2397,1594,2978,1870,1416
13.111539966999771,2315,2368,1585,2978,1867,1410,2325,2397,1594,2978,1870,1415
13.12185802500062,2314,2370,1584,2979,1869,1411,2324,2397,1594,2978,1870,1415
13.131315480000922,2312,2372,1582,2981,1871,1411,2322,2397,1595,2978,1870,1415
13.141388175999964,2309,2374,1578,2984,1875,1411,2320,2397,1595,2978,1870,1415
13.151547376000963,2307,2377,1573,2987,1879,1411,2319,2397,1595,2978,1870,1415
13.161544218000927,2303,2379,1567,2991,1884,1410,2318,2398,1595,2978,1870,1415
13.171538847000193,2300,2381,1561,2994,1889,1409,2317,2398,1595,2978,1870,1415
13.181520521000493,2298,2382,1557,2996,1893,1408,2316,2398,1595,2980,1871,1415
13.191540167001222,2296,2383,1554,2997,1897,1408,2315,2398,1595,2982,1873,1415
13.201518705000126,2295,2382,1553,2998,1900,1407,2314,2398,1594,2984,1875,1415
13.211519626000154,2294,2381,1553,2997,1903,1406,2313,2398,1592,2986,1878,1414
13.221543720001137,2293,2379,1554,2996,1905,1405,2311,2398,1590,2988,1881,1414
13.231511699001203,2292,2376,1556,2994,1905,1404,2310,2398,1588,2989,1884,1413
13.241512788999898,2290,2374,1558,2991,1904,1403,2308,2398,1586,2990,1886,1412
13.25152193500071,2288,2372,1559,2988,1902,1403,2307,2398,1585,2990,1889,1411
13.2615459990011,2286,2369,1560,2985,1899,1403,2305,2398,1585,2990,1892,1410
13.271493820000615,2282,2368,1560,2981,1894,1403,2304,2398,1585,2990,1893,1409
13.281491523999648,2278,2366,1559,2978,1889,1404,2302,2397,1584,2989,1893,1408
13.291511761000947,2273,2365,1558,2974,1882,1404,2299,2397,1584,2989,1893,1408
13.30165640300038,2268,2363,1557,2970,1875,1405,2297,2397,1584,2987,1893,1407
13.311639219000426,2263,2361,1556,2967,1869,1405,2295,2397,1584,2985,1892,1407
13.321639378000327,2259,2359,1556,2964,1864,1406,2292,2397,1584,2984,1891,1407
13.331646530999933,2255,2357,1557,2962,1860,1406,2289,2397,1584,2982,1888,1407
13.341220084999804,2252,2354,1559,2960,1857,1406,2286,2397,1584,2979,1885,1407
13.351245391000703,2250,2351,1561,2959,1856,1406,2283,2398,1584,2977,1882,1407
13.361291406999953,2248,2347,1565,2958,1855,1406,2280,2398,1584,2974,1879,1407
13.371324969000852,2247,2343,1570,2958,1857,1405,2276,2398,1584,2972,1875,1407
13.381393427000148,2246,2338,1576,2958,1859,1404,2274,2398,1584,2970,1871,1407
13.391388346000895,2246,2333,1582,2959,1862,1404,2270,2398,1584,2969,1869,1407
13.401517878999584,2245,2330,1586,2960,1864,1403,2266,2397,1584,2968,1867,1407
13.411494203000984,2244,2329,1588,2962,1867,1403,2263,2396,1585,2967,1867,1407
13.421523908000381,2243,2328,1589,2964,1868,1403,2259,2394,1586,2967,1867,1407
13.431494722000934,2241,2328,1589,2966,1869,1403,2256,2392,1589,2966,1867,1407
13.44150153299961,2239,2329,1587,2968,1870,1403,2254,2389,1591,2966,1867,1407
13.45157047199973,2236,2331,1584,2971,1870,1403,2252,2387,1593,2966,1867,1407
13.461572936001176,2233,2335,1579,2973,1869,1404,2250,2386,1594,2966,1869,1407
13.471668805001173,2230,2339,1573,2976,1867,1404,2248,2385,1594,2966,1870,1407
13.48166426500029,2227,2342,1568,2978,1865,1405,2246,2384,1594,2967,1870,1407
13.491638405999765,2225,2345,1563,2979,1863,1405,2245,2383,1594,2967,1869,1407
13.501641419999942,2224,2347,1560,2979,1860,1405,2244,2383,1594,2969,1868,1407
13.511721019000106,2223,2348,1558,2978,1858,1405,2243,2383,1593,2971,1868,1407
13.521387929000412,2223,2348,1557,2976,1856,1404,2242,2383,1592,2973,1868,1407
13.531385213000249,2224,2349,1557,2973,1854,1404,2240,2383,1590,2974,1869,1407
13.541566072999558,2225,2349,1558,2969,1852,1404,2239,2383,1588,2974,1868,1407
13.551516268000341,2227,2350,1559,2964,1851,1405,2238,2383,1587,2974,1864,1407
13.561539960999653,2230,2352,1561,2958,1851,1406,2237,2384,1587,2974,1862,1407
13.571592899999814,2232,2355,1562,2952,1852,1408,2236,2384,1587,2973,1861,1407
13.581569273999776,2235,2359,1564,2946,1854,1411,2235,2384,1587,2973,1860,1407
13.591571857999952,2237,2363,1566,2940,1856,1413,2233,2384,1587,2971,1859,1407
13.60164168800111,2239,2366,1568,2936,1858,1415,2232,2384,1587,2968,1859,1407
13.611591512000814,2241,2368,1570,2933,1860,1417,2231,2384,1586,2964,1859,1407
13.621637477999684,2242,2370,1572,2930,1862,1419,2231,2384,1586,2961,1859,1407
13.63164384800075,2243,2371,1573,2929,1863,1420,2231,2384,1586,2957,1859,1407
13.641698019000614,2244,2371,1575,2928,1864,1420,2231,2384,1586,2952,1859,1408
13.65149507500064,2244,2371,1577,2929,1865,1420,2232,2384,1586,2950,1860,1409
13.66174631800095,2244,2369,1580,2930,1866,1420,2233,2384,1586,2946,1860,1411
13.671203421999962,2244,2367,1583,2932,1866,1418,2233,2384,1586,2944,1861,1413
13.681691462001254,2243,2364,1585,2934,1865,1416,2235,2384,1586,2943,1861,1415
13.691194383000038,2241,2361,1587,2935,1865,1414,2236,2384,1587,2942,1860,1416
13.701751152000725,2240,2359,1589,2936,1863,1411,2238,2384,1587,2941,1860,1416
13.711194790999798,2238,2358,1591,2935,1862,1408,2239,2384,1589,2941,1859,1416
13.721692999999505,2237,2357,1592,2933,1861,1406,2239,2384,1590,2941,1859,1416
13.731696946000739,2235,2357,1594,2931,1859,1403,2239,2384,1592,2941,1859,1415
13.741216579001048,2233,2357,1595,2927,1858,1400,2240,2384,1594,2941,1859,1413
13.751244910999958,2231,2358,1596,2923,1856,1398,2240,2384,1595,2941,1859,1412
13.761220903999856,2230,2359,1598,2918,1854,1396,2240,2384,1596,2941,1859,1410
13.771239167999738,2229,2360,1599,2914,1852,1395,2240,2384,1597,2939,1859,1408
13.781223125999531,2228,2361,1600,2910,1851,1395,2239,2384,1599,2937,1859,1406
13.791292625999631,2227,2363,1602,2906,1850,1396,2239,2384,1600,2934,1859,1405
13.801574295999671,2227,2364,1604,2902,1849,1398,2237,2384,1601,2931,1859,1404
13.811563294000734,2227,2366,1606,2899,1848,1401,2236,2384,1601,2927,1858,1403
13.821724347000782,2227,2367,1607,2897,1847,1405,2235,2384,1602,2924,1857,1402
13.831208102001256,2228,2368,1610,2895,1847,1409,2234,2384,1603,2921,1856,1402
13.841215984999508,2229,2370,1612,2894,1847,1415,2233,2384,1605,2918,1855,1402
13.851281207000284,2231,2371,1614,2893,1847,1421,2232,2384,1607,2915,1854,1402
13.861316431999512,2233,2373,1617,2892,1847,1428,2231,2384,1609,2912,1853,1403
13.871314396999878,2235,2374,1620,2892,1848,1436,2231,2383,1610,2910,1852,1404
13.881239705000553,2237,2375,1623,2892,1848,1445,2230,2383,1612,2908,1851,1405
13.89139048800098,2240,2377,1626,2892,1849,1455,2230,2383,1614,2906,1851,1409
13.901598610000292,2242,2378,1630,2893,1850,1466,2229,2383,1616,2905,1850,1412
13.911640598000304,2246,2379,1633,2894,1851,1477,2229,2383,1620,2903,1850,1417
13.921565263999582,2249,2380,1637,2895,1852,1489,2230,2383,1622,2903,1850,1422
13.93156400100088,2252,2381,1640,2896,1853,1500,2231,2384,1625,2902,1851,1428
13.941395071000443,2254,2382,1643,2897,1855,1510,2232,2384,1628,2902,1853,1434
13.95154219700089,2257,2382,1645,2898,1856,1520,2234,2385,1631,2902,1853,1440
13.961557484999503,2259,2382,1648,2898,1857,1528,2236,2386,1634,2902,1853,1448
13.971698129000288,2261,2382,1649,2899,1858,1536,2238,2387,1637,2902,1853,1456
13.981690684000569,2263,2382,1651,2899,1859,1543,2240,2387,1640,2902,1853,1464
13.991723945000558,2264,2382,1652,2898,1860,1549,2242,2388,1643,2902,1853,1473
14.001397468000505,2265,2381,1653,2898,1861,1554,2245,2388,1646,2902,1853,1480
14.011422773999584,2266,2380,1654,2896,1862,1559,2247,2389,1648,2902,1852,1488
14.021566314000665,2266,2378,1654,2895,1863,1562,2251,2389,1650,2902,1852,1497
14.031565410999974,2265,2377,1653,2893,1864,1565,2254,2390,1651,2902,1852,1504
14.041563906999727,2264,2374,1651,2891,1864,1566,2257,2390,1652,2902,1853,1511
14.051568124001278,2262,2372,1649,2889,1863,1567,2258,2390,1653,2902,1854,1518
14.061562201000925,2260,2370,1645,2887,1862,1568,2260,2390,1653,2901,1855,1524
14.07156511500034,2257,2368,1642,2887,1860,1568,2260,2390,1654,2900,1857,1530
14.081573470000876,2255,2367,1639,2887,1857,1570,2260,2390,1654,2899,1857,1535
14.091642418999982,2253,2367,1635,2889,1854,1572,2261,2390,1654,2897,1857,1539
14.101649932001237,2250,2366,1632,2891,1850,1575,2261,2390,1653,2896,1857,1542
14.111637396999868,2247,2367,1628,2894,1845,1579,2261,2389,1653,2895,1857,1546
14.121236799001053,2245,2367,1624,2898,1840,1583,2261,2389,1653,2895,1856,1548
14.13128784500077,2243,2367,1620,2902,1835,1588,2260,2389,1652,2895,1856,1552
14.141540661001272,2241,2367,1618,2905,1832,1592,2258,2389,1652,2895,1854,1555
14.151570805999654,2240,2367,1617,2907,1830,1595,2255,2389,1651,2896,1852,1559
14.161565293999956,2240,2367,1616,2908,1829,1597,2253,2389,1650,2897,1851,1563
14.171567407000111,2240,2366,1617,2908,1829,1598,2251,2389,1649,2899,1847,1566
14.181572445000711,2241,2364,1618,2907,1831,1599,2249,2389,1648,2900,1844,1571
14.191564218999702,2242,2362,1620,2906,1834,1598,2247,2390,1647,2902,1841,1574
14.20163489100014,2244,2360,1623,2904,1838,1597,2246,2390,1647,2902,1839,1577
14.211638847000359,2246,2358,1626,2901,1843,1595,2244,2390,1647,2903,1838,1579
14.22156239099968,2248,2356,1629,2899,1848,1591,2244,2390,1647,2903,1839,1581
14.231509930999891,2250,2354,1632,2897,1854,1587,2244,2390,1647,2903,1840,1583
14.24121602500054,2252,2352,1635,2895,1859,1583,2244,2390,1647,2903,1841,1584
14.251747988000716,2253,2351,1636,2894,1864,1577,2243,2389,1647,2903,1842,1584
14.261191044999578,2254,2351,1637,2894,1867,1572,2243,2389,1647,2903,1842,1583
14.271197156000198,2255,2352,1637,2895,1870,1566,2243,2389,1647,2902,1844,1582
14.281190783000056,2254,2353,1636,2897,1872,1560,2244,2389,1647,2900,1848,1581
14.291218684000341,2254,2354,1633,2900,1874,1553,2245,2389,1647,2899,1851,1580
14.301219143000708,2253,2356,1630,2904,1875,1545,2246,2389,1647,2899,1854,1579
14.311226055000589,2252,2359,1626,2909,1876,1536,2247,2389,1647,2899,1857,1577
14.321563571000297,2250,2362,1621,2913,1876,1527,2248,2389,1647,2900,1859,1573
14.331620347000353,2248,2365,1616,2917,1877,1519,2249,2389,1647,2901,1861,1568
14.341238826000335,2247,2368,1612,2920,1877,1512,2251,2389,1647,2902,1863,1563
14.351252710999688,2245,2370,1607,2922,1877,1506,2251,2389,1647,2904,1864,1559
14.361294829001054,2244,2372,1603,2923,1878,1500,2252,2389,1647,2907,1866,1554
14.37161887900038,2242,2374,1599,2923,1878,1494,2253,2389,1647,2909,1867,1548
14.381637192000198,2241,2375,1595,2922,1879,1488,2253,2389,1645,2912,1868,1541
14.39164142899972,2240,2376,1590,2921,1881,1482,2253,2389,1644,2914,1869,1533
14.401639253999747,2238,2376,1586,2918,1882,1475,2253,2389,1641,2915,1870,1527
14.411645563999627,2237,2376,1583,2915,1884,1468,2252,2389,1638,2915,1871,1523
14.421641464999993,2236,2375,1582,2912,1885,1461,2251,2389,1636,2915,1872,1519
14.431639300000825,2236,2374,1582,2910,1885,1455,2250,2389,1632,2915,1873,1514
14.441637144000197,2236,2373,1583,2909,1885,1448,2249,2389,1629,2915,1874,1508
14.451644116999887,2236,2371,1585,2908,1884,1441,2248,2389,1626,2915,1876,1501
14.461637632999555,2236,2369,1588,2908,1883,1434,2247,2389,1623,2915,1877,1494
14.4716218020003,2236,2367,1592,2909,1882,1428,2245,2389,1622,2914,1878,1488
14.48188937499981,2236,2366,1595,2909,1881,1422,2244,2389,1621,2913,1878,1481
14.491389782000624,2236,2364,1599,2910,1879,1418,2242,2389,1620,2912,1878,1476
14.501566693999848,2236,2363,1602,2910,1878,1414,2241,2389,1620,2912,1878,1469
14.511564137999812,2236,2362,1605,2910,1877,1411,2240,2388,1620,2912,1878,1462
14.521693660999517,2236,2362,1607,2909,1876,1409,2238,2388,1620,2912,1878,1455
14.53174955600116,2236,2361,1609,2909,1876,1408,2238,2388,1620,2913,1878,1449
14.541222940000807,2236,2361,1610,2908,1875,1408,2238,2388,1620,2913,1878,1444
14.551254960000733,2236,2362,1612,2906,1875,1409,2238,2389,1620,2913,1878,1439
14.561294813000131,2236,2362,1612,2904,1875,1411,2237,2389,1620,2913,1878,1434
14.571217015000002,2236,2363,1613,2901,1874,1413,2237,2390,1620,2913,1878,1431
14.581220471000051,2235,2364,1613,2898,1875,1416,2237,2390,1620,2913,1878,1428
14.591225960000884,2235,2365,1613,2895,1875,1421,2238,2390,1620,2913,1878,1426
14.601399225000932,2234,2365,1613,2891,1876,1426,2239,2390,1621,2912,1878,1426
14.611497158999555,2234,2366,1613,2887,1876,1431,2240,2390,1621,2910,1878,1426
14.621516364000854,2234,2366,1613,2883,1877,1436,2241,2390,1621,2908,1878,1425
14.631497467000372,2234,2366,1614,2880,1878,1440,2241,2390,1621,2905,1878,1425
14.641495993000717,2234,2365,1615,2878,1879,1443,2242,2389,1621,2903,1878,1425
14.651575021000099,2234,2364,1616,2877,1880,1445,2242,2389,1621,2899,1878,1426
14.661573786999725,2234,2361,1619,2876,1881,1447,2242,2389,1621,2897,1878,1429
14.671689875000084,2235,2357,1623,2876,1882,1447,2242,2389,1621,2894,1878,1432
14.681696114999795,2236,2353,1628,2876,1883,1447,2242,2389,1621,2891,1878,1434
14.691234703999726,2237,2349,1634,2877,1884,1447,2242,2389,1621,2890,1878,1436
14.701748311999836,2238,2346,1638,2878,1884,1448,2241,2389,1622,2888,1878,1437
14.71153765300005,2239,2344,1643,2879,1884,1449,2240,2389,1624,2887,1878,1438
14.721566606000124,2239,2344,1646,2879,1884,1452,2239,2389,1626,2887,1878,1439
14.73156464100066,2239,2345,1649,2879,1884,1455,2238,2389,1630,2886,1879,1440
14.741567806000603,2240,2347,1651,2878,1883,1459,2238,2389,1633,2886,1879,1441
14.751593142000274,2240,2349,1653,2877,1882,1464,2237,2388,1637,2886,1880,1443
14.761619371000052,2240,2352,1654,2876,1882,1469,2237,2388,1641,2886,1880,1444
14.771639287000653,2240,2357,1656,2874,1881,1476,2237,2388,1644,2886,1880,1446
14.781644255001083,2240,2361,1656,2872,1880,1482,2236,2388,1647,2885,1880,1449
14.79163924400018,2239,2365,1657,2870,1879,1488,2236,2388,1650,2884,1880,1452
14.801569881999967,2239,2369,1657,2868,1878,1492,2236,2388,1652,2883,1880,1455
14.81156344900046,2239,2373,1656,2867,1878,1496,2236,2388,1654,2882,1880,1459
14.821226452000701,2239,2375,1656,2865,1878,1499,2236,2388,1656,2880,1880,1463
14.831391662000897,2239,2378,1655,2863,1878,1501,2236,2389,1656,2878,1881,1467
14.84169130600094,2239,2380,1653,2862,1878,1503,2237,2389,1656,2877,1881,1472
14.851748834000318,2239,2381,1652,2861,1878,1503,2238,2390,1657,2875,1881,1476
14.861740886999542,2239,2382,1651,2860,1878,1502,2239,2390,1657,2873,1880,1480
14.871233748999657,2239,2383,1649,2859,1879,1501,2239,2390,1657,2872,1880,1482
14.88128995400075,2239,2383,1647,2858,1879,1498,2240,2390,1657,2871,1880,1485
14.891388969999753,2240,2382,1644,2857,1880,1495,2240,2390,1657,2869,1880,1487
14.901517160000367,2240,2381,1642,2856,1881,1491,2240,2390,1657,2868,1880,1488
14.911639500000092,2240,2380,1639,2855,1882,1486,2241,2390,1657,2867,1880,1488
14.921642463999888,2241,2377,1637,2855,1884,1480,2241,2390,1657,2866,1880,1488
14.931622564999998,2241,2375,1634,2854,1885,1473,2241,2390,1657,2865,1880,1488
14.941635639001106,2242,2371,1632,2854,1887,1466,2241,2390,1657,2864,1880,1487
14.951672787999996,2243,2368,1631,2855,1889,1459,2241,2390,1657,2863,1880,1486
14.961666354000045,2244,2364,1630,2855,1890,1453,2241,2390,1657,2862,1880,1484
14.97168908599997,2245,2361,1630,2855,1891,1448,2240,2390,1657,2861,1881,1481
14.981689095000547,2246,2357,1630,2856,1892,1444,2240,2390,1657,2861,1882,1478
14.991720662999796,2248,2354,1632,2857,1893,1441,2240,2390,1657,2861,1883,1474
15.001223684001161,2249,2350,1634,2858,1893,1438,2240,2390,1657,2860,1884,1471
15.011215767999602,2251,2347,1638,2860,1894,1437,2240,2390,1657,2860,1885,1468
15.02122306000092,2252,2344,1642,2862,1894,1436,2240,2390,1657,2860,1886,1464
15.031220774000758,2254,2341,1646,2864,1894,1437,2240,2390,1657,2860,1886,1459
15.04123272600009,2255,2340,1650,2866,1894,1438,2240,2389,1657,2860,1888,1456
15.051342280999961,2256,2339,1653,2869,1894,1439,2241,2389,1657,2860,1889,1452
15.061312874000578,2257,2340,1655,2872,1895,1441,2242,2389,1657,2860,1889,1449
15.071312793001198,2257,2342,1655,2875,1895,1443,2243,2388,1657,2861,1890,1448
15.08128423800008,2257,2345,1654,2878,1895,1445,2245,2388,1658,2862,1890,1448
15.091616423000232,2256,2349,1651,2880,1895,1447,2246,2387,1659,2864,1890,1448
15.101646899000116,2255,2354,1647,2883,1896,1448,2247,2387,1660,2866,1890,1447
15.111640286000693,2253,2360,1641,2886,1896,1449,2249,2387,1660,2868,1891,1447
15.121665030999793,2251,2366,1634,2889,1897,1450,2251,2387,1660,2870,1891,1447
15.131667534000371,2249,2374,1626,2892,1898,1451,2252,2387,1660,2872,1891,1447
15.141289399000016,2246,2383,1616,2895,1898,1451,2253,2387,1660,2874,1891,1447
15.151313583999581,2244,2393,1604,2899,1899,1451,2253,2388,1660,2877,1892,1447
15.161315506000392,2240,2403,1592,2903,1900,1451,2254,2389,1659,2880,1893,1447
15.171689660999618,2237,2414,1578,2906,1900,1451,2254,2390,1658,2882,1894,1447
15.181664312000066,2234,2424,1564,2910,1901,1451,2254,2393,1654,2885,1894,1447
15.191740414000378,2231,2433,1550,2913,1901,1450,2254,2396,1649,2887,1895,1447
15.201267230000667,2229,2441,1538,2917,1901,1450,2253,2401,1643,2890,1895,1447
15.211289300001226,2227,2448,1527,2919,1900,1449,2251,2406,1637,2893,1895,1447
15.221497301999989,2226,2453,1516,2922,1899,1449,2249,2411,1629,2896,1895,1447
15.2315089420008,2225,2457,1506,2925,1897,1448,2247,2417,1621,2899,1896,1447
15.241885671999626,2225,2460,1496,2927,1895,1447,2244,2425,1611,2902,1896,1447
15.25152054099999,2226,2461,1488,2930,1893,1446,2242,2431,1602,2905,1896,1447
15.261509740001202,2227,2461,1479,2932,1890,1445,2240,2438,1593,2908,1896,1446
15.271570292999968,2228,2459,1471,2934,1886,1445,2237,2445,1583,2911,1896,1446
15.281563459000608,2230,2457,1463,2935,1883,1444,2234,2452,1575,2913,1896,1446
15.29156172399962,2232,2454,1456,2936,1880,1443,2232,2456,1566,2916,1896,1446
15.301599524000267,2233,2453,1451,2935,1878,1443,2231,2460,1558,2919,1896,1446
15.311619430000064,2233,2453,1445,2934,1878,1444,2231,2462,1551,2922,1895,1446
15.321620171000177,2233,2454,1440,2933,1879,1444,2231,2463,1544,2924,1893,1446
15.331618857000649,2232,2457,1434,2930,1881,1445,2231,2464,1536,2925,1891,1446
15.341663580000386,2230,2460,1427,2927,1884,1447,2231,2464,1529,2926,1889,1446
15.351663338000435,2229,2465,1421,2923,1888,1449,2231,2464,1522,2926,1887,1446
15.36163565500101,2227,2468,1416,2920,1892,1450,2231,2463,1515,2926,1886,1446
15.37160001600023,2227,2471,1412,2917,1895,1452,2233,2463,1507,2926,1886,1446
15.381616476001,2227,2472,1410,2915,1897,1453,2235,2463,1499,2925,1885,1446
15.391665216000547,2228,2473,1408,2914,1899,1454,2236,2465,1489,2925,1886,1446
15.401723644999947,2228,2473,1407,2914,1900,1454,2236,2467,1481,2923,1888,1446
15.41119015699951,2228,2474,1406,2915,1900,1453,2236,2469,1473,2922,1889,1447
15.421232235999923,2228,2476,1406,2917,1899,1453,2236,2472,1465,2920,1891,1448
15.4312167650005,2227,2479,1406,2919,1898,1451,2236,2474,1459,2918,1893,1450
15.441217916000824,2225,2483,1406,2923,1897,1449,2236,2475,1455,2917,1894,1452
15.45135063500129,2222,2489,1406,2928,1895,1448,2236,2476,1451,2917,1894,1452
15.461386551000032,2219,2494,1406,2932,1893,1447,2236,2478,1448,2920,1894,1452
15.47156735200042,2217,2499,1406,2935,1892,1446,2235,2481,1447,2921,1894,1448
15.481571368000004,2215,2504,1406,2938,1891,1447,2234,2484,1446,2923,1895,1446
15.491565104999609,2213,2509,1406,2941,1890,1449,2233,2487,1444,2924,1896,1446
15.501593095999851,2212,2513,1407,2943,1890,1451,2231,2492,1443,2926,1894,1446
15.51157283700013,2211,2517,1407,2944,1890,1455,2229,2496,1441,2928,1894,1446
15.52138741499948,2211,2521,1407,2945,1890,1459,2227,2501,1440,2931,1894,1446
15.532741549001003,2211,2524,1408,2945,1891,1464,2226,2506,1438,2934,1894,1446
15.541414474000703,2211,2527,1408,2945,1892,1470,2224,2510,1437,2935,1894,1447
15.551507168000171,2212,2530,1409,2944,1893,1477,2222,2514,1437,2937,1893,1449
15.561498729999585,2213,2532,1409,2942,1895,1485,2220,2519,1436,2938,1893,1451
15.571385956000086,2215,2534,1410,2941,1897,1494,2218,2524,1436,2938,1893,1454
15.581389842000135,2217,2537,1410,2939,1899,1503,2217,2528,1436,2939,1893,1457
15.591417403000378,2219,2538,1411,2936,1901,1513,2216,2532,1436,2939,1893,1461
15.601670910000394,2221,2540,1412,2933,1903,1524,2216,2536,1436,2939,1895,1466
15.61166821400002,2223,2541,1412,2930,1906,1534,2215,2539,1436,2938,1895,1471
15.621745878999718,2225,2542,1413,2928,1907,1544,2215,2542,1436,2938,1896,1476
15.631216108000444,2227,2543,1413,2925,1909,1552,2215,2543,1436,2938,1897,1482
15.641236364999713,2229,2543,1414,2922,1910,1560,2215,2545,1436,2938,1899,1489
15.651225143001284,2230,2543,1414,2920,1911,1567,2215,2547,1436,2937,1900,1496
15.66123479900125,2231,2543,1414,2918,1912,1573,2216,2549,1436,2936,1900,1504
15.671236692000093,2232,2543,1414,2916,1912,1578,2218,2549,1436,2934,1900,1510
15.681234786999994,2232,2542,1414,2915,1911,1582,2219,2550,1436,2931,1902,1518
15.69128748500043,2232,2541,1415,2913,1910,1585,2220,2550,1436,2929,1903,1525
15.70133118600097,2232,2540,1414,2912,1909,1588,2222,2550,1436,2927,1905,1532
15.711491297000975,2231,2539,1414,2911,1907,1589,2224,2550,1436,2925,1905,1539
15.721388060999743,2230,2537,1414,2911,1905,1590,2225,2550,1436,2924,1905,1546
15.73141197500081,2229,2535,1414,2911,1902,1590,2227,2550,1436,2923,1905,1551
15.74156018299982,2227,2533,1413,2911,1899,1589,2228,2550,1436,2922,1905,1556
15.751540655001008,2225,2530,1412,2912,1896,1586,2229,2550,1436,2920,1905,1560
15.76149666099991,2222,2527,1411,2913,1893,1584,2229,2550,1436,2919,1905,1564
15.77151878100085,2220,2525,1411,2915,1891,1582,2230,2550,1436,2919,1905,1566
15.781535561000055,2219,2523,1410,2917,1890,1581,2230,2550,1436,2919,1903,1569
15.791509591001159,2217,2520,1409,2920,1890,1580,2230,2550,1436,2919,1901,1570
15.801591024001027,2216,2518,1408,2923,1891,1581,2230,2550,1436,2919,1900,1570
15.811645375000808,2215,2516,1407,2927,1894,1581,2230,2550,1436,2919,1898,1570
15.821662065000055,2215,2514,1406,2932,1898,1582,2229,2550,1436,2920,1897,1570
15.831617750000078,2215,2513,1405,2935,1901,1581,2228,2550,1436,2920,1896,1570
15.841634419999536,2215,2512,1405,2938,1903,1580,2227,2550,1436,2922,1896,1571
15.85159392300011,2214,2511,1405,2940,1906,1578,2226,2550,1436,2924,1897,1572
15.86163563000082,2214,2510,1405,2942,1907,1575,2225,2550,1436,2926,1898,1572
15.871568091000881,2214,2510,1406,2944,1909,1571,2224,2550,1436,2928,1900,1573
15.881588719001229,2213,2509,1406,2946,1909,1566,2222,2550,1436,2931,1901,1573
15.891648570001053,2213,2509,1407,2947,1910,1561,2221,2550,1436,2933,1902,1573
15.901663888000257,2212,2508,1407,2949,1910,1554,2220,2550,1436,2935,1903,1573
15.911694655000247,2212,2508,1408,2951,1910,1547,2219,2550,1436,2936,1904,1573
15.92138396700102,2211,2509,1409,2952,1910,1540,2218,2550,1436,2938,1905,1571
15.931412149000607,2211,2509,1410,2954,1909,1533,2218,2550,1436,2939,1905,1568
15.941497548999905,2210,2510,1410,2955,1909,1526,2217,2550,1436,2941,1906,1566
15.951569513001232,2209,2512,1411,2957,1908,1521,2216,2550,1436,2943,1906,1562
15.961562679000053,2209,2513,1411,2958,1907,1516,2216,2550,1436,2944,1906,1559
15.971509017001154,2208,2516,1411,2960,1906,1513,2216,2550,1436,2946,1906,1554
15.981535345001248,2208,2519,1411,2962,1905,1510,2215,2550,1436,2948,1905,1548
15.99123264300033,2207,2522,1410,2964,1904,1507,2215,2550,1436,2949,1905,1543
16.00169112600088,2207,2526,1410,2967,1903,1506,2214,2550,1436,2951,1905,1539
16.011711684001057,2206,2531,1410,2969,1902,1506,2214,2550,1436,2952,1905,1535
16.021215065000433,2206,2534,1410,2972,1901,1506,2213,2550,1436,2954,1905,1530
16.031194876000882,2206,2537,1410,2973,1900,1507,2213,2550,1436,2956,1905,1527
16.041213500000595,2206,2538,1412,2974,1899,1507,2213,2550,1436,2958,1905,1524
16.051254746000268,2207,2537,1414,2974,1898,1507,2213,2550,1436,2960,1905,1522
16.061393587000566,2207,2536,1417,2974,1898,1507,2213,2550,1436,2962,1905,1521
16.071749828000975,2208,2533,1420,2973,1898,1506,2213,2550,1436,2964,1905,1519
16.081196773000556,2208,2529,1424,2971,1898,1505,2212,2550,1436,2965,1905,1518
16.091219895000904,2209,2525,1428,2970,1899,1503,2211,2550,1436,2966,1904,1517
16.101237417000448,2210,2521,1431,2969,1899,1502,2211,2550,1436,2966,1904,1516
16.111232106000898,2211,2519,1432,2968,1900,1500,2211,2550,1436,2966,1903,1515
16.121235120001074,2212,2519,1432,2969,1902,1500,2211,2550,1436,2966,1903,1513
16.13131169299959,2212,2520,1431,2970,1903,1499,2211,2550,1437,2966,1903,1512
16.14138975900096,2212,2522,1429,2971,1905,1499,2211,2550,1438,2966,1903,1510
16.151575799000057,2213,2525,1426,2973,1907,1499,2212,2550,1438,2966,1903,1509
16.161587759999748,2213,2529,1421,2976,1909,1499,2212,2550,1438,2966,1903,1506
16.17162871599976,2213,2535,1416,2979,1911,1500,2212,2550,1438,2966,1903,1506
16.181561318000604,2213,2539,1413,2982,1912,1500,2212,2550,1438,2967,1903,1506
16.191749862000506,2213,2542,1411,2983,1912,1500,2212,2550,1438,2968,1904,1505
16.20190134600125,2213,2544,1410,2984,1912,1501,2212,2550,1438,2971,1905,1505
16.211384579999503,2212,2544,1410,2984,1911,1501,2213,2551,1438,2973,1906,1504
16.22163780700066,2212,2544,1413,2983,1910,1500,2213,2552,1437,2975,1907,1504
16.23163536100037,2211,2541,1416,2981,1907,1500,2213,2554,1436,2976,1907,1504
16.241739205001068,2210,2538,1421,2978,1905,1500,2213,2555,1436,2977,1907,1504
16.251195638000354,2210,2534,1427,2975,1901,1499,2213,2555,1436,2977,1907,1504
16.26174200800051,2209,2530,1433,2971,1898,1498,2213,2555,1436,2977,1907,1503
16.271212888001173,2209,2526,1436,2969,1896,1497,2213,2556,1436,2977,1907,1503
16.281186627000352,2209,2524,1439,2967,1895,1497,2213,2556,1436,2977,1906,1503
16.291215100000045,2210,2523,1440,2966,1894,1496,2212,2556,1437,2977,1905,1503
16.301198637000198,2210,2522,1439,2966,1894,1495,2212,2556,1439,2977,1903,1503
16.311220556999615,2211,2523,1438,2967,1895,1495,2212,2556,1441,2975,1901,1503
16.321231948000786,2213,2524,1434,2968,1896,1495,2212,2556,1443,2973,1901,1503
16.331211979000727,2215,2526,1429,2970,1899,1494,2212,2556,1444,2972,1899,1502
16.341191999999864,2216,2529,1424,2972,1901,1494,2212,2556,1444,2972,1899,1502
16.351240480000342,2218,2532,1419,2973,1904,1494,2212,2556,1444,2972,1899,1501
16.361212636000346,2219,2535,1415,2974,1905,1493,2212,2556,1444,2972,1899,1500
16.371217322999655,2220,2537,1413,2974,1907,1493,2212,2556,1444,2972,1899,1499
16.381214757000635,2221,2538,1412,2974,1907,1494,2212,2556,1444,2972,1899,1498
16.391206570000577,2220,2539,1413,2972,1906,1494,2212,2556,1444,2972,1900,1498
16.40128464600093,2220,2540,1415,2969,1905,1494,2213,2556,1443,2972,1900,1497
16.41131536300054,2219,2540,1418,2966,1903,1495,2213,2556,1442,2972,1901,1497
16.421387026999582,2218,2541,1422,2963,1900,1497,2214,2556,1441,2972,1902,1497
16.431384862000414,2216,2541,1425,2960,1898,1498,2214,2556,1441,2972,1902,1497
16.44163509200007,2215,2540,1427,2958,1898,1499,2215,2556,1441,2971,1901,1497
16.451596377999522,2215,2539,1428,2957,1899,1500,2216,2556,1441,2970,1901,1497
16.461635040001056,2214,2539,1428,2956,1901,1500,2216,2556,1441,2968,1900,1497
16.471561610000208,2214,2537,1427,2955,1904,1501,2216,2556,1441,2967,1900,1497
16.48153742300019,2214,2536,1425,2954,1909,1501,2216,2556,1441,2965,1900,1497
16.49169520900068,2214,2533,1423,2953,1915,1501,2216,2556,1441,2964,1900,1497
16.501880367000922,2214,2531,1421,2953,1921,1501,2216,2556,1441,2963,1901,1497
16.511311342001136,2214,2528,1418,2953,1927,1500,2216,2556,1441,2962,1902,1497
16.521594175001155,2214,2525,1417,2953,1932,1500,2216,2556,1441,2961,1904,1497
16.53156103100082,2214,2523,1416,2953,1935,1499,2216,2556,1441,2960,1906,1497
16.541592429000957,2214,2520,1417,2953,1938,1498,2216,2556,1441,2960,1910,1497
16.551724286000535,2213,2517,1418,2953,1939,1497,2216,2556,1441,2960,1913,1497
16.561688548001257,2212,2514,1420,2953,1939,1495,2216,2556,1441,2960,1917,1497
16.57121309899958,2210,2510,1424,2953,1937,1493,2216,2556,1441,2960,1920,1497
16.581660621999617,2209,2507,1428,2953,1935,1492,2216,2556,1441,2960,1923,1497
16.591681560001234,2207,2505,1431,2952,1933,1491,2216,2556,1441,2960,1925,1497
16.60169357199993,2206,2504,1433,2952,1931,1490,2216,2556,1441,2960,1926,1497
16.61169082500055,2204,2505,1434,2951,1931,1491,2216,2555,1441,2959,1926,1497
16.621223641999677,2203,2507,1433,2950,1931,1492,2215,2554,1441,2959,1926,1497
16.631215204999535,2203,2510,1432,2948,1931,1494,2214,2554,1441,2958,1926,1496
16.641694608000762,2203,2515,1430,2946,1930,1496,2213,2554,1441,2957,1926,1496
16.65169505800077,2203,2520,1427,2944,1929,1498,2213,2554,1441,2956,1926,1496
16.66168440600086,2204,2527,1425,2942,1926,1500,2212,2554,1441,2955,1926,1496
16.671692611000253,2206,2533,1424,2939,1922,1502,2211,2554,1441,2954,1926,1496
16.681691878000493,2208,2540,1423,2936,1918,1503,2211,2554,1441,2952,1926,1496
16.69138326400025,2209,2547,1422,2934,1913,1504,2210,2554,1441,2951,1925,1496
16.70169146400076,2211,2552,1422,2932,1908,1504,2209,2554,1441,2949,1925,1496
16.711691272999815,2212,2556,1422,2931,1904,1504,2208,2555,1441,2947,1925,1496
16.721693636000055,2213,2559,1423,2930,1901,1504,2208,2556,1441,2945,1924,1497
16.731663327000206,2213,2561,1424,2930,1898,1504,2207,2558,1441,2943,1922,1498
16.741267659001096,2212,2561,1425,2931,1897,1503,2207,2560,1440,2941,1920,1499
16.751215590000356,2212,2560,1426,2932,1896,1502,2207,2563,1440,2940,1916,1500
16.76118586300072,2210,2557,1428,2934,1897,1501,2207,2566,1440,2939,1912,1501
16.771713817001,2208,2553,1430,2936,1898,1501,2207,2567,1440,2938,1909,1502
16.7816741810002,2206,2549,1432,2939,1899,1500,2207,2569,1440,2938,1907,1502
16.791514538999763,2204,2544,1434,2941,1902,1500,2207,2570,1440,2938,1906,1502
16.801641697000377,2202,2540,1435,2944,1903,1501,2207,2571,1441,2939,1905,1502
16.811639491999813,2201,2538,1435,2945,1905,1503,2208,2571,1441,2939,1905,1501
16.821633890000157,2200,2537,1434,2946,1906,1506,2209,2572,1441,2940,1907,1500
16.831636864000757,2200,2537,1433,2946,1906,1510,2209,2572,1441,2940,1907,1500
16.841664695000873,2200,2538,1431,2946,1906,1515,2210,2572,1441,2941,1907,1501
16.85159418100011,2201,2541,1429,2945,1905,1520,2210,2572,1441,2942,1906,1501
16.86158763700041,2202,2544,1426,2943,1904,1527,2210,2571,1441,2943,1906,1502
16.871639414001038,2203,2548,1423,2941,1903,1534,2210,2570,1441,2943,1906,1504
16.88163781900039,2204,2552,1420,2939,1902,1542,2210,2569,1441,2943,1905,1507
16.89162222900086,2206,2557,1416,2937,1900,1551,2210,2569,1440,2943,1905,1509
16.901639620000424,2208,2562,1413,2934,1898,1559,2209,2569,1440,2942,1905,1513
16.911534541000947,2210,2566,1411,2932,1896,1567,2208,2569,1439,2942,1905,1517
16.92138315400007,2211,2569,1409,2930,1895,1574,2207,2569,1438,2941,1905,1522
16.931383582999842,2212,2570,1408,2929,1894,1580,2206,2570,1437,2940,1905,1526
16.94166541300001,2213,2571,1409,2928,1894,1586,2205,2572,1436,2939,1905,1532
16.95164449299955,2214,2569,1410,2928,1894,1591,2205,2574,1435,2937,1905,1537
16.96163726800114,2214,2567,1412,2929,1895,1595,2205,2577,1434,2936,1903,1544
16.971662844000093,2214,2563,1416,2930,1896,1599,2205,2579,1434,2935,1902,1549
16.981614280999565,2213,2558,1419,2931,1898,1603,2205,2580,1434,2934,1901,1555
16.99163340599989,2212,2554,1423,2933,1901,1606,2205,2581,1434,2934,1901,1560
17.00163595000049,2210,2550,1425,2935,1904,1609,2205,2581,1434,2934,1900,1566
17.01156091700068,2209,2548,1425,2937,1907,1612,2206,2581,1434,2934,1900,1571
17.02156018400092,2207,2547,1425,2939,1910,1616,2208,2581,1435,2934,1900,1576
17.031584538999596,2205,2547,1423,2941,1914,1620,2209,2581,1435,2934,1900,1580
17.041562225000234,2202,2549,1420,2943,1918,1623,2210,2581,1435,2934,1901,1584
17.051543629000662,2201,2551,1416,2944,1921,1626,2210,2581,1435,2935,1902,1588
17.061532937001175,2199,2553,1412,2945,1923,1628,2211,2580,1435,2935,1904,1593
17.071533858001203,2198,2555,1409,2946,1925,1630,2211,2580,1435,2936,1906,1597
17.08150590399964,2198,2557,1406,2946,1926,1630,2211,2580,1434,2938,1909,1600
17.091619025999535,2198,2558,1403,2946,1926,1629,2211,2580,1434,2939,1911,1604
17.10163372200077,2198,2559,1401,2945,1926,1628,2211,2580,1433,2940,1913,1608
17.111632047999592,2199,2560,1399,2945,1925,1625,2210,2580,1432,2941,1915,1610
17.12163339899962,2200,2561,1398,2944,1924,1622,2209,2580,1431,2941,1916,1613
17.13163630300005,2202,2561,1396,2943,1922,1618,2209,2580,1430,2941,1917,1614
17.141640099000142,2204,2562,1396,2941,1919,1614,2207,2580,1429,2941,1917,1615
17.15165836199958,2206,2562,1395,2941,1917,1611,2206,2580,1429,2942,1917,1615
17.161632491999626,2208,2562,1396,2940,1916,1608,2205,2580,1429,2942,1917,1615
17.171642319000966,2209,2563,1396,2940,1915,1607,2204,2580,1429,2942,1917,1614
17.181631497000126,2211,2563,1397,2940,1914,1606,2203,2580,1429,2942,1917,1613
17.191662303999692,2212,2564,1397,2941,1914,1606,2203,2580,1429,2942,1917,1611
17.201637465999738,2213,2565,1398,2942,1914,1608,2203,2580,1429,2942,1917,1610
17.211609431000397,2214,2566,1399,2943,1915,1610,2203,2580,1429,2942,1917,1609
17.22165579800094,2215,2567,1401,2945,1916,1613,2203,2580,1428,2942,1917,1609
17.231615360000433,2215,2569,1402,2946,1917,1616,2203,2580,1428,2942,1917,1609
17.241659631999937,2216,2570,1403,2948,1919,1621,2204,2580,1428,2942,1917,1609
17.251635595001062,2216,2573,1405,2951,1920,1627,2205,2580,1428,2942,1917,1610
17.261635513999863,2216,2575,1405,2952,1921,1633,2206,2580,1428,2942,1917,1611
17.271718388999943,2216,2578,1405,2954,1922,1639,2208,2580,1428,2943,1917,1613
17.281185232001008,2216,2581,1404,2954,1921,1644,2209,2580,1428,2944,1917,1615
17.29138486699958,2216,2583,1403,2953,1920,1648,2210,2581,1428,2945,1917,1618
17.301503448999938,2215,2587,1400,2952,1917,1652,2212,2583,1428,2947,1917,1621
17.311561046999486,2215,2590,1396,2949,1914,1656,2213,2585,1428,2948,1917,1624
17.321660462999716,2214,2592,1393,2947,1909,1658,2214,2588,1428,2948,1917,1628
17.331632167999487,2213,2594,1390,2945,1906,1661,2215,2590,1428,2948,1917,1632
17.341667954000513,2213,2594,1389,2944,1904,1663,2215,2593,1427,2948,1917,1636
17.351636203000453,2212,2593,1389,2943,1903,1665,2215,2596,1426,2948,1917,1639
17.36163836600099,2212,2592,1390,2944,1903,1667,2215,2599,1425,2948,1915,1642
17.37165889300013,2212,2589,1392,2946,1904,1670,2215,2600,1423,2948,1913,1645
17.381568291000804,2212,2586,1396,2949,1905,1674,2215,2602,1423,2948,1912,1647
17.391594067999904,2211,2583,1399,2952,1907,1678,2215,2604,1423,2948,1910,1650
17.401619144000506,2211,2581,1403,2954,1908,1682,2215,2604,1423,2948,1909,1652
17.411559309999575,2210,2580,1405,2954,1908,1686,2215,2604,1423,2948,1909,1655
17.42165962800027,2209,2580,1407,2954,1908,1691,2214,2604,1422,2949,1909,1658
17.431633547001184,2209,2581,1408,2954,1907,1695,2214,2604,1422,2950,1910,1662
17.441617145001146,2208,2582,1408,2952,1906,1698,2213,2603,1422,2951,1910,1665
17.451645868000924,2208,2582,1409,2951,1904,1701,2213,2603,1421,2951,1910,1669
17.461636908999935,2208,2581,1409,2950,1903,1702,2213,2602,1421,2951,1910,1672
17.47156253799949,2209,2579,1409,2948,1902,1703,2213,2602,1421,2951,1910,1676
17.481567245000406,2210,2577,1408,2947,1901,1703,2213,2601,1421,2951,1908,1680
17.4915702899998,2210,2576,1407,2947,1900,1702,2213,2601,1421,2951,1908,1683
17.50160181800129,2210,2576,1404,2948,1899,1701,2213,2601,1421,2951,1908,1686
17.513832235001246,2210,2578,1400,2949,1898,1699,2213,2601,1421,2951,1907,1688
17.521685323001293,2209,2580,1395,2951,1897,1698,2213,2601,1421,2951,1906,1689
17.531635768000342,2207,2584,1390,2953,1895,1696,2213,2602,1421,2951,1905,1690
17.541691341000842,2206,2588,1384,2956,1893,1695,2213,2603,1421,2951,1904,1690
17.551745613000094,2205,2592,1380,2958,1892,1693,2213,2603,1421,2952,1903,1690
17.56122223300008,2203,2595,1377,2960,1891,1692,2213,2603,1421,2952,1903,1690
17.571383106000212,2203,2596,1376,2961,1890,1691,2213,2604,1421,2952,1901,1690
17.581384637000156,2202,2597,1376,2962,1889,1691,2213,2604,1419,2953,1900,1690
17.59163398599958,2202,2597,1377,2963,1888,1690,2213,2606,1416,2954,1898,1690
17.601619818000472,2202,2595,1380,2963,1888,1690,2213,2607,1414,2956,1895,1690
17.611631839999973,2203,2593,1385,2963,1888,1690,2213,2608,1412,2957,1894,1690
17.621684888001255,2204,2590,1390,2962,1887,1690,2212,2608,1410,2958,1893,1690
17.631692241000565,2205,2587,1396,2962,1887,1690,2212,2608,1409,2958,1892,1690
17.641747122999732,2206,2585,1401,2961,1888,1690,2211,2608,1409,2958,1892,1690
17.6513057989996,2206,2584,1404,2961,1888,1690,2210,2608,1409,2958,1892,1690
17.661286942000515,2206,2584,1405,2961,1888,1690,2209,2608,1409,2958,1892,1690
17.67139708800096,2207,2585,1405,2961,1888,1690,2208,2608,1409,2958,1892,1690
17.681435630000124,2206,2587,1404,2962,1888,1690,2208,2608,1410,2958,1892,1690
17.691588826999578,2206,2590,1401,2963,1889,1691,2207,2608,1411,2958,1892,1690
17.70163719700031,2205,2594,1397,2964,1889,1691,2207,2608,1413,2958,1892,1690
17.711660119000953,2205,2599,1391,2965,1889,1691,2206,2608,1413,2958,1892,1690
17.72126122500049,2203,2605,1384,2967,1889,1691,2206,2609,1413,2958,1894,1690
17.731287202999738,2202,2611,1377,2969,1889,1691,2206,2610,1413,2959,1894,1690
17.74130879200129,2201,2615,1370,2971,1889,1691,2206,2610,1413,2960,1892,1690
17.751795169000616,2199,2619,1365,2972,1889,1691,2206,2612,1413,2961,1892,1690
17.761232486000154,2198,2621,1361,2973,1889,1691,2206,2614,1411,2962,1893,1690
17.771257280999635,2197,2622,1359,2974,1889,1691,2207,2617,1408,2964,1894,1690
17.781282337000448,2196,2622,1357,2974,1889,1690,2207,2621,1404,2965,1894,1690
17.791282717000286,2195,2620,1357,2974,1889,1690,2208,2624,1400,2966,1893,1690
17.801313633999598,2194,2617,1359,2974,1889,1690,2208,2627,1397,2967,1892,1690
17.811210427000333,2193,2613,1362,2974,1889,1689,2207,2628,1394,2968,1892,1690
17.82186407900008,2193,2609,1366,2973,1890,1689,2206,2630,1392,2969,1892,1690
17.83138052600043,2192,2605,1372,2973,1890,1689,2206,2630,1391,2970,1892,1690
17.841658409000956,2192,2601,1377,2972,1890,1689,2206,2630,1391,2970,1892,1690
17.851660020000054,2192,2599,1383,2971,1891,1689,2205,2630,1391,2970,1892,1690
17.86161888100105,2193,2599,1390,2971,1891,1690,2204,2630,1391,2970,1893,1690
17.87168791000113,2193,2599,1397,2970,1892,1691,2203,2630,1391,2970,1893,1690
17.88173580900002,2194,2601,1403,2970,1893,1692,2202,2629,1391,2970,1893,1690
17.891497006999998,2194,2603,1408,2970,1894,1693,2201,2629,1391,2970,1892,1690
17.901740594999865,2195,2605,1412,2969,1895,1694,2200,2629,1394,2970,1893,1690
17.911212167000485,2196,2607,1414,2969,1896,1694,2199,2629,1396,2970,1893,1690
17.921686060000866,2196,2608,1414,2969,1897,1695,2198,2628,1399,2970,1892,1690
17.931686208999963,2197,2609,1413,2969,1897,1695,2197,2628,1402,2969,1892,1690
17.941741823000484,2197,2609,1411,2968,1898,1695,2196,2628,1406,2969,1892,1690
17.9518641020004,2198,2609,1407,2968,1898,1695,2196,2628,1408,2968,1895,1692
17.961308641999494,2198,2608,1403,2968,1899,1695,2195,2628,1410,2966,1893,1691
17.97131566400094,2199,2607,1399,2968,1900,1694,2195,2628,1410,2966,1893,1691
17.98131292800099,2199,2605,1397,2968,1900,1694,2195,2628,1410,2966,1894,1690
17.99138564399982,2200,2604,1397,2968,1901,1693,2195,2628,1410,2967,1895,1692
18.001719212001262,2200,2602,1398,2968,1901,1693,2195,2628,1410,2967,1894,1690
18.01121759400121,2200,2601,1400,2969,1902,1692,2195,2628,1410,2968,1893,1690
18.021736732000136,2201,2599,1403,2970,1903,1691,2195,2628,1410,2968,1893,1690
18.031190780000543,2201,2597,1407,2970,1904,1691,2195,2628,1410,2968,1895,1690
18.041682967999805,2201,2597,1409,2971,1905,1690,2196,2628,1410,2968,1895,1690
18.051691673001187,2202,2597,1411,2972,1907,1690,2196,2628,1410,2968,1897,1689
18.061630726000658,2202,2597,1411,2972,1908,1691,2196,2628,1410,2968,1898,1689
18.071630905000347,2202,2598,1409,2973,1910,1691,2197,2628,1411,2968,1899,1689
18.0816384080008,2202,2600,1407,2974,1912,1692,2197,2628,1411,2968,1900,1689
18.091635151000446,2202,2602,1402,2974,1915,1694,2197,2628,1412,2968,1900,1689
18.101634026999818,2202,2605,1397,2975,1917,1695,2197,2628,1412,2967,1902,1689
18.11168429099962,2202,2607,1393,2977,1919,1697,2197,2628,1412,2967,1903,1689
18.12168785600079,2202,2608,1389,2978,1920,1698,2197,2628,1412,2967,1905,1689
18.131741254999724,2202,2608,1387,2980,1920,1699,2197,2628,1412,2967,1907,1689
18.14121458000045,2203,2607,1387,2981,1920,1700,2197,2628,1412,2968,1908,1690
18.151737746000435,2204,2605,1388,2983,1918,1701,2197,2628,1410,2970,1910,1691
18.16121079000004,2205,2603,1390,2985,1917,1701,2197,2628,1408,2971,1911,1692
18.171211330000006,2206,2601,1393,2986,1915,1701,2197,2628,1407,2972,1912,1693
18.1817377210009,2207,2599,1396,2985,1914,1701,2197,2628,1406,2974,1913,1694
18.191210265000336,2207,2598,1398,2984,1913,1700,2197,2628,1406,2975,1913,1695
18.201195716001166,2208,2597,1401,2982,1913,1699,2197,2628,1406,2977,1913,1695
18.211213689000942,2209,2598,1403,2979,1912,1697,2197,2628,1406,2978,1913,1695
18.221738707999975,2210,2598,1405,2975,1912,1696,2198,2628,1406,2979,1913,1695
18.23120689300049,2211,2599,1405,2972,1913,1694,2199,2628,1406,2979,1913,1695
18.24121411499982,2212,2600,1406,2970,1914,1693,2200,2628,1407,2979,1913,1695
18.25136881599974,2213,2601,1405,2969,1915,1693,2201,2628,1408,2979,1913,1695
18.261380756999642,2214,2602,1405,2969,1916,1692,2202,2628,1409,2978,1913,1695
18.271385994999946,2214,2602,1403,2970,1917,1692,2202,2628,1409,2977,1913,1695
18.28141269400112,2215,2603,1401,2971,1919,1692,2203,2628,1409,2975,1913,1695
18.291658767000627,2216,2604,1399,2974,1921,1693,2204,2628,1409,2974,1913,1695
18.301819989999785,2217,2605,1396,2978,1923,1694,2205,2628,1409,2974,1913,1695
18.31128859599994,2218,2605,1393,2982,1925,1695,2206,2628,1409,2974,1913,1695
18.321284257001025,2218,2606,1389,2986,1927,1695,2207,2628,1409,2974,1913,1695
18.331307459000527,2219,2607,1386,2990,1928,1696,2208,2628,1409,2974,1915,1695
18.341311786000006,2219,2609,1383,2993,1929,1697,2209,2628,1409,2974,1916,1695
18.351723540999956,2219,2610,1381,2994,1930,1697,2210,2628,1409,2975,1918,1695
18.361181808000765,2219,2612,1379,2995,1929,1697,2211,2628,1407,2977,1919,1695
18.37121149199993,2219,2615,1376,2995,1929,1697,2212,2628,1406,2979,1921,1695
18.38118195500101,2218,2617,1374,2994,1928,1696,2212,2628,1405,2981,1922,1695
18.39165793200118,2218,2620,1371,2994,1927,1696,2213,2628,1404,2983,1923,1695
18.401640157000656,2218,2622,1368,2995,1927,1696,2214,2628,1402,2986,1923,1695
18.411643081000875,2218,2623,1364,2996,1927,1696,2215,2628,1401,2988,1923,1695
18.42138183700081,2219,2624,1360,2999,1927,1697,2216,2629,1400,2989,1923,1695
18.43141031900086,2219,2625,1356,3002,1927,1697,2217,2629,1399,2989,1923,1695
18.44158667100055,2219,2625,1353,3004,1927,1698,2217,2631,1397,2989,1923,1695
18.451748905001295,2219,2625,1351,3006,1927,1699,2218,2632,1395,2989,1923,1695
18.461217821999526,2218,2624,1351,3006,1927,1699,2218,2633,1392,2991,1923,1695
18.471740958000737,2218,2623,1353,3006,1926,1700,2218,2634,1390,2993,1923,1695
18.481182802999683,2217,2621,1356,3004,1924,1700,2219,2634,1387,2996,1923,1695
18.49173493300077,2215,2619,1360,3002,1922,1700,2219,2634,1386,2998,1923,1695
18.501287488001253,2214,2616,1366,2999,1919,1701,2219,2634,1385,2999,1923,1695
18.511384299001293,2212,2613,1373,2996,1917,1701,2219,2634,1385,2999,1923,1695
18.521486370000275,2210,2611,1379,2993,1914,1701,2219,2634,1385,2999,1923,1695
18.531507218000115,2209,2608,1384,2991,1913,1701,2219,2634,1385,2999,1923,1695
18.54149369100014,2208,2606,1389,2989,1911,1701,2218,2634,1385,2998,1922,1695
18.551545488000556,2207,2604,1393,2988,1910,1701,2218,2634,1385,2997,1921,1695
18.56153168000128,2206,2603,1396,2988,1910,1700,2217,2634,1387,2995,1919,1695
18.571684046000883,2207,2603,1397,2987,1911,1701,2216,2634,1389,2994,1918,1695
18.581687502000932,2207,2603,1398,2985,1911,1702,2215,2634,1391,2993,1917,1695
18.591213204999804,2208,2605,1398,2983,1911,1703,2214,2634,1393,2992,1916,1695
18.601683281000078,2208,2606,1398,2982,1911,1704,2213,2634,1395,2991,1917,1697
18.611683269000423,2208,2608,1398,2981,1910,1704,2213,2634,1397,2988,1915,1697
18.621699368000918,2208,2609,1398,2982,1909,1704,2213,2634,1398,2988,1915,1697
18.63121794899962,2207,2610,1397,2983,1908,1704,2211,2634,1398,2988,1916,1696
18.641755762000685,2206,2612,1397,2984,1906,1704,2210,2633,1398,2986,1916,1697
18.651216754000416,2205,2613,1397,2985,1904,1704,2210,2633,1398,2986,1915,1696
18.66123026800051,2205,2615,1397,2986,1903,1704,2210,2633,1398,2987,1914,1696
18.671227251001255,2204,2617,1397,2985,1901,1704,2210,2633,1398,2987,1914,1696
18.681207933001133,2205,2618,1398,2983,1901,1705,2210,2633,1398,2987,1913,1696
18.69128235199969,2205,2620,1398,2980,1900,1705,2210,2633,1398,2987,1911,1696
18.701329258999976,2206,2622,1399,2977,1900,1707,2210,2633,1398,2987,1909,1696
18.711312004999854,2206,2624,1399,2973,1900,1708,2210,2633,1398,2987,1907,1697
18.721719793000375,2207,2626,1399,2970,1900,1709,2210,2633,1398,2986,1906,1698
18.73122787400098,2207,2627,1399,2967,1901,1710,2210,2633,1398,2985,1906,1699
18.741611495999678,2208,2628,1399,2966,1901,1711,2210,2633,1398,2983,1905,1700
18.751657652001086,2207,2629,1399,2966,1902,1711,2210,2633,1398,2981,1905,1702
18.761630389000857,2207,2629,1398,2967,1903,1712,2210,2633,1398,2979,1905,1703
18.771638031999828,2206,2629,1397,2968,1904,1712,2210,2633,1398,2977,1905,1704
18.781609096000466,2205,2628,1396,2971,1905,1711,2210,2633,1398,2975,1905,1705
18.791660030999992,2204,2627,1396,2974,1905,1711,2210,2633,1398,2974,1905,1705
18.80164188500021,2203,2626,1396,2977,1905,1710,2210,2633,1398,2974,1905,1706
18.81165647099988,2202,2625,1397,2979,1905,1709,2210,2633,1398,2974,1905,1707
18.821663824001007,2201,2624,1399,2980,1904,1708,2210,2633,1398,2974,1905,1707
18.83163183200122,2201,2622,1403,2981,1902,1707,2210,2633,1398,2974,1905,1707
18.841283113000827,2201,2621,1405,2980,1901,1705,2210,2633,1398,2974,1905,1707
18.851309371000752,2201,2621,1407,2980,1899,1704,2210,2633,1398,2974,1905,1707
18.86123077100092,2201,2621,1408,2980,1897,1703,2210,2633,1398,2974,1905,1707
18.871257239999977,2201,2621,1407,2980,1896,1702,2210,2633,1400,2974,1905,1707
18.881280702000367,2202,2622,1405,2980,1896,1701,2210,2633,1401,2975,1905,1707
18.891381511000873,2202,2623,1401,2981,1895,1701,2210,2633,1403,2976,1904,1707
18.901921589000267,2202,2625,1396,2983,1896,1701,2209,2633,1404,2976,1903,1706
18.911379013999976,2202,2626,1390,2985,1896,1701,2209,2633,1404,2977,1903,1706
18.921438024000963,2201,2629,1382,2988,1897,1701,2209,2633,1404,2977,1903,1705
18.9314842900003,2201,2631,1372,2991,1898,1702,2209,2633,1404,2977,1902,1705
18.941689616000076,2201,2635,1362,2994,1899,1703,2209,2633,1404,2977,1901,1705
18.95169241000076,2201,2639,1349,2999,1900,1704,2208,2633,1403,2978,1901,1705
18.961683221001294,2201,2644,1336,3004,1901,1706,2208,2634,1400,2980,1901,1705
18.971690663000118,2201,2649,1323,3009,1901,1708,2208,2636,1397,2982,1901,1705
18.981682527000885,2201,2655,1311,3014,1901,1711,2208,2638,1392,2985,1899,1705
18.991662366999662,2202,2661,1301,3019,1900,1714,2208,2641,1387,2988,1899,1705
19.00166850700043,2202,2668,1292,3024,1898,1718,2207,2644,1381,2991,1899,1705
19.011690446999637,2203,2674,1285,3028,1896,1721,2207,2648,1374,2995,1899,1705
19.021708640000725,2204,2679,1279,3032,1894,1725,2207,2652,1366,2999,1899,1706
19.031732163000925,2205,2684,1274,3036,1892,1728,2207,2656,1358,3004,1899,1708
19.04121146000034,2207,2688,1271,3038,1890,1730,2207,2660,1351,3008,1899,1710
19.051190629001212,2209,2690,1270,3041,1888,1732,2207,2665,1343,3012,1900,1712
19.061217328000566,2210,2692,1270,3042,1887,1733,2207,2670,1335,3015,1900,1715
19.071536508999998,2213,2692,1271,3043,1886,1734,2207,2675,1327,3019,1898,1717
19.081537509000555,2215,2690,1273,3042,1886,1733,2207,2679,1320,3023,1896,1719
19.091683894001108,2217,2688,1277,3042,1887,1732,2207,2682,1315,3025,1892,1721
19.101893839000695,2220,2683,1282,3040,1888,1730,2207,2685,1310,3027,1891,1723
19.11138602900064,2223,2678,1287,3038,1890,1727,2207,2687,1307,3029,1890,1724
19.12149357999988,2225,2672,1294,3036,1892,1723,2207,2687,1305,3030,1890,1724
19.131527273000756,2227,2666,1300,3033,1893,1720,2208,2687,1305,3031,1890,1724
19.141506040999957,2229,2661,1304,3031,1895,1716,2208,2687,1304,3031,1890,1724
19.151711487000284,2229,2657,1307,3029,1896,1713,2209,2687,1304,3031,1890,1724
19.16121296500023,2229,2655,1308,3027,1896,1711,2211,2687,1305,3031,1890,1723
19.17121309399954,2228,2653,1308,3026,1896,1709,2212,2687,1306,3030,1890,1722
19.181212842000605,2226,2653,1306,3026,1895,1708,2214,2686,1308,3030,1890,1720
19.191210766999575,2223,2654,1303,3025,1893,1706,2215,2685,1310,3029,1891,1718
19.20147236900084,2220,2656,1299,3025,1892,1706,2215,2684,1310,3029,1891,1716
19.211508596001295,2216,2659,1293,3026,1890,1705,2217,2684,1310,3030,1892,1715
19.22153247999995,2212,2663,1288,3027,1888,1706,2218,2684,1310,3030,1892,1714
19.23150391499985,2209,2667,1283,3028,1887,1706,2219,2684,1310,3030,1892,1713
19.24156243300058,2207,2670,1280,3029,1887,1707,2220,2684,1310,3030,1892,1712
19.251719518000755,2205,2672,1279,3031,1888,1708,2220,2684,1309,3031,1892,1711
19.261708506001014,2205,2673,1278,3032,1890,1709,2219,2685,1307,3031,1892,1711
19.271733220999522,2205,2674,1280,3033,1893,1710,2218,2685,1305,3031,1892,1711
19.28121264800029,2206,2675,1283,3035,1896,1711,2218,2685,1303,3031,1892,1711
19.29121620300066,2208,2674,1287,3036,1901,1713,2217,2686,1301,3031,1892,1711
19.301827736000632,2210,2673,1292,3038,1907,1714,2216,2686,1301,3031,1892,1711
19.311309316000916,2212,2670,1298,3040,1912,1715,2215,2686,1301,3031,1892,1711
19.321379987999535,2214,2668,1302,3041,1916,1715,2213,2686,1301,3031,1894,1711
19.33140568499948,2215,2666,1305,3042,1919,1714,2212,2686,1301,3032,1896,1711
19.341484823000428,2215,2663,1306,3043,1920,1713,2211,2686,1301,3032,1898,1711
19.351716048000526,2214,2661,1306,3044,1920,1712,2211,2686,1302,3033,1901,1711
19.361735964001127,2213,2658,1305,3045,1919,1709,2211,2686,1305,3033,1905,1711
19.371208407001177,2210,2655,1302,3045,1917,1707,2211,2686,1306,3034,1907,1711
19.381184871001096,2207,2652,1298,3045,1914,1703,2210,2686,1307,3035,1909,1711
19.391216890000578,2204,2649,1293,3045,1909,1699,2210,2686,1307,3036,1909,1711
19.401515833000303,2201,2648,1290,3044,1906,1695,2210,2685,1307,3037,1909,1711
19.41150559200105,2199,2648,1288,3044,1903,1693,2210,2685,1307,3038,1909,1710
19.421735314001126,2197,2649,1288,3043,1900,1691,2210,2685,1307,3039,1909,1709
19.431686972000534,2196,2651,1289,3041,1898,1689,2210,2685,1307,3039,1908,1706
19.441383467999913,2196,2653,1292,3040,1897,1687,2210,2685,1306,3040,1907,1705
19.451545873000214,2197,2656,1296,3038,1897,1687,2209,2685,1305,3040,1906,1702
19.46153750600024,2198,2659,1301,3036,1897,1687,2208,2685,1305,3040,1904,1700
19.471583892000126,2201,2662,1305,3034,1898,1687,2207,2685,1305,3040,1903,1699
19.48155530599979,2204,2663,1309,3032,1898,1689,2207,2685,1305,3040,1902,1697
19.491381357000137,2207,2663,1311,3030,1899,1690,2206,2685,1305,3040,1901,1696
19.501658729001065,2211,2661,1312,3029,1901,1693,2206,2685,1306,3040,1901,1695
19.5117172070004,2215,2658,1312,3027,1902,1695,2205,2685,1307,3040,1901,1695
19.521258761000354,2218,2655,1312,3026,1902,1698,2204,2685,1309,3038,1901,1694
19.531227700999807,2221,2651,1312,3026,1903,1700,2204,2685,1310,3037,1901,1694
19.541256684000473,2222,2648,1311,3026,1903,1701,2204,2684,1312,3036,1902,1694
19.551314241,2223,2646,1310,3026,1902,1702,2204,2684,1312,3035,1903,1694
19.56138123600067,2223,2644,1310,3027,1901,1703,2206,2684,1312,3033,1903,1695
19.571383059001164,2221,2642,1310,3028,1900,1703,2208,2684,1312,3033,1903,1695
19.58140427699982,2219,2641,1311,3029,1898,1702,2209,2684,1312,3032,1902,1697
19.59137869799997,2216,2640,1311,3030,1897,1701,2210,2683,1312,3032,1901,1697
19.601404936000108,2211,2640,1312,3032,1896,1700,2211,2682,1312,3032,1901,1698
19.61148796099951,2207,2641,1313,3033,1896,1699,2212,2682,1312,3032,1901,1698
19.62153651100016,2204,2643,1314,3034,1897,1699,2214,2681,1312,3032,1901,1698
19.631634695000685,2201,2645,1316,3034,1900,1698,2215,2681,1312,3032,1901,1698
19.641683235000528,2198,2648,1317,3034,1904,1698,2215,2681,1312,3032,1901,1698
19.65148025000053,2196,2651,1319,3033,1908,1698,2215,2681,1312,3032,1901,1698
19.6614887249998,2195,2654,1321,3032,1911,1699,2214,2681,1312,3032,1901,1698
19.671493833000568,2194,2656,1323,3030,1914,1699,2213,2681,1313,3032,1901,1698
19.681503530000555,2194,2657,1326,3029,1915,1700,2213,2681,1315,3031,1901,1698
19.691505863000202,2194,2657,1328,3027,1915,1700,2211,2681,1316,3031,1902,1698
19.701744322001105,2194,2657,1330,3026,1913,1700,2210,2681,1318,3030,1905,1698
19.711207177000688,2194,2656,1333,3024,1911,1701,2209,2680,1319,3030,1907,1698
19.72120764600004,2195,2655,1335,3022,1907,1701,2208,2680,1321,3029,1908,1699
19.731219086999772,2196,2653,1338,3020,1902,1701,2207,2680,1323,3029,1909,1699
19.741229535000457,2197,2650,1341,3018,1896,1702,2205,2680,1324,3028,1909,1699
19.75131894200058,2198,2648,1343,3016,1891,1702,2204,2679,1326,3028,1908,1699
19.761279717000434,2199,2647,1344,3015,1887,1703,2203,2678,1328,3026,1907,1699
19.771263254000587,2200,2646,1344,3014,1884,1703,2202,2677,1331,3025,1906,1699
19.78131284600022,2200,2646,1344,3013,1882,1704,2201,2676,1333,3024,1903,1699
19.791682011000375,2201,2647,1343,3013,1882,1704,2201,2674,1335,3023,1900,1699
19.8012554550005,2201,2649,1341,3013,1883,1705,2201,2673,1336,3022,1897,1699
19.811379177001072,2201,2651,1338,3013,1885,1705,2200,2672,1337,3021,1894,1699
19.821254620999753,2200,2654,1334,3014,1889,1706,2200,2672,1337,3021,1892,1699
19.831286229000398,2200,2657,1330,3015,1893,1706,2200,2672,1337,3020,1890,1699
19.84131240700117,2200,2661,1327,3017,1898,1707,2200,2672,1338,3020,1889,1699
19.85125255300045,2200,2663,1324,3018,1902,1707,2201,2672,1338,3019,1889,1699
19.861231210999904,2200,2665,1323,3020,1905,1707,2201,2672,1337,3019,1889,1699
19.871227311999974,2201,2665,1324,3022,1906,1706,2202,2672,1337,3019,1890,1700
19.881253560000914,2201,2664,1326,3023,1907,1706,2202,2672,1335,3019,1892,1701
19.89148864300114,2202,2662,1329,3024,1908,1705,2202,2672,1335,3019,1894,1701
19.901514950999626,2202,2659,1334,3025,1908,1704,2202,2672,1335,3019,1897,1701
19.911505041000055,2202,2656,1340,3026,1909,1704,2202,2672,1335,3019,1899,1701
19.92150453800059,2201,2651,1348,3026,1911,1703,2202,2672,1335,3019,1900,1701
19.93148555100015,2200,2647,1355,3025,1913,1703,2202,2672,1335,3019,1901,1701
19.941562144000272,2199,2644,1360,3025,1915,1703,2202,2672,1336,3019,1901,1701
19.951371512999685,2198,2642,1365,3024,1916,1703,2202,2672,1338,3020,1902,1701
19.96138571800111,2198,2641,1368,3024,1917,1703,2202,2671,1341,3020,1904,1701
19.97140273900004,2197,2641,1369,3024,1917,1704,2202,2670,1344,3020,1906,1701
19.981485153000904,2197,2641,1369,3024,1916,1704,2202,2668,1347,3020,1907,1701
19.99168100099996,2198,2643,1367,3024,1915,1705,2202,2667,1351,3020,1908,1701
20.00121469000078,2198,2646,1364,3025,1913,1705,2202,2665,1355,3020,1909,1701
20.011234596000577,2199,2650,1360,3026,1910,1706,2202,2664,1357,3020,1910,1701
20.021229645000858,2200,2655,1354,3027,1907,1706,2202,2664,1358,3020,1910,1701
20.03121763099989,2201,2660,1347,3028,1903,1707,2202,2664,1358,3020,1910,1701
20.04122742800064,2203,2666,1339,3030,1898,1707,2202,2664,1358,3020,1909,1701
20.051209753000876,2204,2672,1330,3032,1893,1707,2202,2664,1358,3021,1908,1701
20.061211726000693,2205,2676,1323,3035,1889,1706,2202,2664,1356,3022,1908,1701
20.07174177500019,2206,2680,1317,3037,1886,1705,2202,2665,1354,3023,1906,1701
20.08120704400062,2206,2681,1313,3039,1884,1703,2203,2667,1351,3024,1904,1701
20.091207564000797,2206,2682,1310,3042,1882,1701,2203,2669,1347,3026,1901,1701
20.101248479000787,2205,2681,1308,3044,1881,1698,2203,2672,1343,3027,1899,1701
20.11131444199964,2205,2679,1307,3047,1881,1695,2203,2674,1338,3029,1896,1701
20.121404691000862,2203,2675,1307,3050,1881,1691,2203,2676,1334,3031,1893,1700
20.131484530000307,2202,2670,1308,3054,1882,1685,2203,2678,1330,3033,1891,1700
20.141227052999966,2200,2664,1310,3057,1884,1679,2203,2678,1328,3035,1890,1700
20.151322732001063,2198,2657,1312,3060,1885,1673,2203,2678,1326,3037,1889,1698
20.161385249000887,2196,2650,1313,3062,1887,1666,2203,2678,1325,3039,1888,1697
20.171404333001192,2194,2645,1313,3063,1888,1659,2203,2678,1324,3042,1888,1696
20.181430771999658,2192,2640,1312,3064,1888,1652,2203,2678,1324,3044,1888,1692
20.191207498999574,2191,2637,1310,3063,1887,1646,2202,2678,1324,3046,1888,1687
20.201216084000407,2190,2634,1306,3062,1887,1639,2202,2677,1324,3049,1888,1682
20.211227523999696,2189,2632,1303,3059,1885,1632,2201,2676,1324,3051,1888,1678
20.221228594000422,2188,2631,1300,3057,1885,1626,2200,2675,1324,3052,1888,1673
20.231226509000408,2187,2631,1298,3055,1884,1621,2200,2674,1324,3053,1888,1669
20.2412323690005,2186,2630,1298,3053,1885,1617,2199,2674,1324,3055,1888,1664
20.2512343110011,2185,2630,1299,3051,1885,1613,2199,2673,1323,3055,1888,1657
20.261189365000973,2184,2629,1302,3049,1887,1609,2198,2673,1322,3055,1888,1652
20.27148346800095,2183,2628,1306,3047,1888,1604,2197,2673,1322,3055,1888,1646
20.281508994999967,2182,2627,1311,3046,1890,1598,2196,2673,1322,3054,1888,1642
20.291530143000273,2181,2626,1316,3045,1892,1592,2195,2673,1322,3053,1888,1638
20.301380308999796,2180,2625,1321,3044,1894,1584,2193,2673,1322,3052,1888,1633
20.31140531500023,2180,2623,1325,3044,1895,1576,2192,2673,1322,3051,1888,1628
20.32149018400014,2180,2622,1328,3044,1895,1567,2191,2673,1322,3050,1888,1623
20.331506423000974,2180,2621,1330,3044,1894,1558,2190,2673,1324,3049,1888,1618
20.341506622000452,2181,2620,1331,3044,1894,1550,2190,2673,1325,3048,1888,1612
20.35180018400024,2181,2620,1332,3044,1893,1543,2189,2672,1327,3048,1889,1607
20.361208747001,2182,2620,1333,3044,1892,1537,2188,2671,1329,3047,1890,1600
20.371207673000754,2182,2620,1333,3044,1891,1532,2187,2671,1331,3047,1890,1593
20.38120789200002,2183,2620,1333,3044,1890,1528,2187,2670,1332,3047,1890,1586
20.391259669000647,2184,2620,1333,3043,1890,1524,2187,2669,1333,3047,1890,1580
20.40134593000039,2184,2621,1333,3043,1889,1522,2187,2668,1333,3047,1890,1573
20.411405822000233,2185,2622,1332,3042,1888,1520,2187,2668,1333,3047,1890,1567
20.421556614999645,2186,2623,1332,3041,1887,1519,2187,2668,1333,3047,1890,1560
20.431534792000093,2186,2624,1331,3039,1887,1519,2187,2668,1333,3047,1890,1555
20.441555690000314,2187,2626,1330,3038,1886,1520,2187,2668,1334,3047,1890,1550
20.4514107949999,2188,2628,1330,3036,1885,1522,2187,2668,1334,3047,1890,1546
20.46140403100071,2189,2631,1329,3034,1885,1525,2187,2668,1334,3047,1890,1543
20.47148316899984,2190,2633,1327,3031,1884,1528,2187,2668,1334,3045,1890,1540
20.481501031001244,2191,2636,1326,3029,1884,1532,2187,2668,1334,3044,1890,1538
20.491513111999666,2192,2638,1325,3027,1884,1534,2187,2668,1334,3043,1890,1537
20.50147442799971,2192,2639,1324,3026,1885,1536,2187,2668,1334,3041,1890,1537
20.511536423000507,2193,2640,1323,3025,1885,1538,2187,2668,1334,3039,1890,1537
20.521587899000224,2193,2640,1323,3025,1886,1538,2188,2668,1334,3037,1889,1537
20.531660425000155,2193,2640,1322,3025,1887,1537,2188,2668,1334,3036,1889,1537
20.541214201000912,2193,2640,1321,3025,1888,1535,2188,2668,1334,3035,1888,1537
20.551216264000686,2193,2639,1321,3026,1889,1533,2188,2668,1334,3034,1888,1537
20.561228636001033,2193,2638,1320,3027,1890,1530,2188,2668,1334,3033,1888,1537
20.5712064319996,2193,2637,1320,3029,1891,1526,2188,2668,1334,3032,1888,1537
20.581685515000572,2193,2635,1320,3031,1893,1522,2188,2668,1334,3032,1888,1537
20.591680935000113,2193,2634,1319,3032,1894,1518,2188,2668,1334,3032,1888,1537
20.601697604999572,2193,2633,1319,3033,1894,1516,2188,2668,1334,3032,1888,1536
20.611680039999555,2194,2632,1319,3034,1894,1514,2188,2668,1334,3032,1888,1534
20.621681762000662,2194,2632,1319,3035,1894,1513,2189,2668,1334,3032,1888,1530
20.631686189000902,2195,2632,1319,3036,1894,1513,2189,2668,1334,3032,1888,1528
20.641226359999564,2196,2633,1319,3036,1893,1514,2189,2668,1334,3032,1888,1526
20.65155684199999,2198,2634,1319,3035,1892,1515,2189,2668,1334,3032,1889,1524
20.661586436001016,2199,2636,1319,3035,1891,1518,2189,2668,1334,3032,1889,1522
20.67138375200011,2201,2638,1319,3034,1889,1522,2189,2668,1334,3032,1889,1522
20.681411363000734,2203,2641,1319,3033,1887,1526,2189,2668,1334,3032,1889,1521
20.69148364800094,2205,2644,1319,3032,1884,1531,2189,2668,1334,3032,1889,1521
20.7014897680001,2208,2647,1319,3031,1882,1537,2189,2668,1334,3032,1889,1521
20.711430344999826,2210,2650,1318,3029,1879,1543,2189,2668,1334,3032,1889,1521
20.721482140999797,2212,2652,1318,3028,1876,1549,2191,2668,1334,3032,1889,1522
20.731505482999637,2213,2655,1317,3028,1874,1553,2192,2668,1334,3033,1888,1524
20.741307407999557,2214,2656,1317,3027,1873,1557,2194,2668,1334,3033,1886,1527
20.751327755000602,2214,2657,1316,3027,1871,1560,2196,2668,1334,3033,1885,1530
20.761406171999624,2214,2658,1314,3028,1870,1562,2197,2668,1334,3033,1883,1534
20.7714872939996,2214,2658,1313,3028,1869,1563,2199,2668,1334,3033,1881,1537
20.7814825330006,2212,2657,1311,3030,1869,1563,2200,2668,1334,3033,1880,1541
20.791210467999917,2211,2656,1308,3031,1869,1562,2202,2668,1334,3032,1879,1544
20.801210507001088,2208,2654,1306,3033,1870,1561,2204,2668,1334,3032,1878,1547
20.811187702000097,2206,2652,1304,3034,1871,1560,2205,2668,1334,3032,1877,1549
20.82120681699962,2204,2650,1303,3034,1872,1559,2207,2668,1334,3032,1876,1550
20.831679928000085,2203,2650,1303,3033,1873,1559,2208,2668,1333,3032,1875,1551
20.841683283000748,2202,2649,1303,3031,1874,1561,2209,2668,1332,3032,1875,1551
20.85174265400019,2201,2650,1303,3029,1875,1562,2209,2668,1331,3032,1875,1551
20.861295929000335,2201,2652,1301,3027,1875,1564,2209,2669,1331,3032,1875,1552
20.87143272600042,2201,2655,1299,3026,1876,1564,2209,2669,1330,3032,1875,1553
20.881429278000724,2201,2658,1295,3027,1876,1564,2209,2669,1330,3032,1876,1554
20.891385564000302,2201,2662,1289,3027,1876,1563,2209,2669,1330,3031,1876,1555
20.90144030600095,2201,2666,1283,3029,1875,1561,2209,2669,1330,3031,1876,1556
20.91148920700107,2202,2669,1278,3031,1875,1560,2209,2669,1329,3031,1876,1557
20.921236748999945,2202,2671,1274,3032,1874,1559,2208,2670,1327,3031,1876,1558
20.93122434399993,2202,2672,1272,3033,1874,1558,2207,2672,1324,3031,1876,1558
20.941225804999704,2202,2672,1271,3034,1873,1557,2206,2674,1321,3031,1876,1558
20.951737089000744,2202,2671,1271,3034,1873,1557,2205,2677,1317,3032,1876,1558
20.961227294999844,2202,2669,1273,3033,1872,1557,2205,2679,1313,3032,1876,1558
20.971225962000972,2202,2665,1276,3033,1871,1558,2204,2680,1310,3032,1876,1558
20.981225409001127,2202,2660,1281,3031,1871,1558,2204,2681,1307,3032,1876,1558
20.99122461600018,2202,2656,1285,3030,1872,1558,2204,2681,1306,3032,1876,1558
21.001269047999813,2201,2653,1288,3028,1874,1558,2204,2681,1306,3032,1876,1558
21.011377842,2200,2650,1289,3027,1876,1556,2203,2681,1306,3032,1876,1558
21.021487518000868,2200,2648,1289,3026,1879,1554,2203,2681,1306,3032,1876,1558
21.03153511600067,2200,2648,1288,3026,1882,1551,2203,2681,1306,3031,1876,1558
21.041680418000396,2200,2647,1285,3027,1886,1549,2203,2681,1306,3031,1876,1558
21.051229546001196,2200,2648,1282,3030,1888,1547,2203,2681,1306,3031,1876,1558
21.0612268900004,2202,2648,1279,3033,1891,1545,2203,2681,1306,3031,1876,1558
21.071253459000218,2203,2649,1274,3036,1894,1543,2203,2681,1306,3031,1877,1556
21.081223410001257,2205,2650,1269,3040,1896,1540,2204,2681,1305,3031,1878,1555
21.091376628000944,2207,2650,1265,3044,1896,1537,2204,2681,1305,3032,1881,1554
21.101557367001078,2208,2650,1261,3046,1896,1533,2205,2681,1305,3033,1883,1553
21.111652945999595,2209,2650,1258,3048,1894,1529,2205,2681,1304,3034,1884,1551
21.121242491000885,2210,2649,1256,3048,1892,1525,2205,2682,1302,3036,1886,1548
21.131377764000717,2211,2648,1254,3048,1889,1519,2206,2682,1300,3038,1887,1546
21.14155522799956,2211,2646,1253,3047,1884,1513,2206,2682,1297,3040,1888,1544
21.15186868800083,2211,2645,1253,3045,1879,1507,2206,2682,1294,3041,1888,1541
21.161386346000654,2212,2644,1253,3044,1875,1501,2207,2682,1292,3042,1887,1538
21.17143040799965,2212,2643,1254,3042,1871,1496,2207,2682,1290,3042,1887,1534
21.181486872999812,2212,2643,1255,3041,1868,1492,2207,2682,1289,3041,1885,1530
21.19122452600095,2211,2645,1257,3040,1866,1489,2207,2682,1288,3040,1884,1526
21.20174570800009,2211,2647,1260,3039,1865,1487,2207,2681,1287,3040,1882,1521
21.211178085999563,2211,2650,1264,3039,1864,1485,2207,2681,1286,3040,1879,1517
21.221211567000864,2210,2654,1268,3039,1866,1483,2207,2681,1286,3040,1877,1513
21.231178412999725,2209,2657,1272,3040,1868,1480,2207,2681,1286,3040,1875,1510
21.24173329900077,2208,2659,1275,3040,1870,1477,2207,2681,1286,3041,1873,1505
21.251225539001098,2207,2660,1277,3041,1872,1473,2207,2681,1286,3041,1872,1502
21.261204968999664,2206,2661,1278,3042,1874,1468,2206,2681,1286,3041,1872,1500
21.27121363399965,2205,2661,1280,3042,1877,1462,2206,2681,1286,3041,1872,1496
21.2811805500005,2204,2661,1281,3042,1879,1456,2206,2682,1286,3041,1872,1493
21.291230492999603,2203,2661,1282,3042,1880,1450,2206,2682,1286,3041,1873,1490
21.301257753000755,2202,2660,1283,3041,1881,1444,2206,2682,1286,3041,1874,1486
21.311281987000257,2201,2659,1284,3039,1881,1440,2206,2682,1287,3041,1874,1481
21.321310389001155,2200,2658,1285,3037,1880,1436,2206,2682,1288,3041,1875,1477
21.331257969000944,2200,2657,1287,3034,1878,1434,2206,2682,1288,3041,1876,1472
21.34131768000043,2200,2656,1288,3030,1876,1432,2206,2682,1288,3041,1877,1467
21.351305766000223,2200,2655,1290,3027,1875,1431,2206,2682,1288,3041,1877,1462
21.36131072399985,2200,2653,1293,3024,1874,1430,2206,2682,1288,3040,1876,1458
21.371389972000543,2200,2651,1295,3023,1874,1430,2206,2681,1289,3039,1876,1454
21.381659660000878,2200,2649,1298,3022,1876,1430,2206,2681,1290,3037,1876,1451
21.391387715000747,2200,2646,1302,3022,1879,1430,2206,2681,1291,3034,1876,1448
21.401411468001243,2200,2644,1305,3023,1882,1430,2206,2681,1293,3032,1876,1446
21.411402891000762,2200,2642,1307,3024,1884,1430,2206,2681,1295,3031,1876,1444
21.421484443000736,2201,2641,1309,3025,1885,1429,2205,2681,1298,3030,1876,1443
21.4315013129999,2201,2640,1310,3026,1884,1429,2205,2681,1300,3029,1876,1441
21.44163065599969,2201,2640,1310,3027,1883,1428,2205,2681,1303,3029,1877,1440
21.45131064099951,2201,2640,1310,3028,1880,1427,2204,2681,1305,3030,1879,1436
21.46130993800034,2201,2641,1309,3028,1876,1426,2204,2681,1307,3029,1881,1435
21.47128267500011,2201,2642,1309,3028,1872,1424,2204,2681,1308,3029,1880,1436
21.481303722999655,2202,2643,1309,3028,1869,1423,2204,2681,1308,3030,1880,1435
21.491381178000665,2203,2644,1310,3027,1867,1421,2204,2681,1308,3030,1880,1434
21.501384252000207,2203,2645,1311,3026,1867,1419,2204,2681,1309,3030,1880,1433
21.511410250001063,2204,2645,1314,3024,1868,1418,2204,2681,1309,3030,1878,1430
21.52148859600129,2206,2645,1317,3022,1870,1416,2204,2681,1309,3029,1875,1428
21.531533999999738,2207,2645,1321,3019,1873,1414,2204,2681,1309,3029,1872,1428
21.541687238001032,2209,2644,1326,3016,1876,1412,2204,2681,1310,3028,1872,1427
21.552007010001034,2210,2643,1329,3014,1879,1410,2204,2681,1312,3028,1872,1424
21.56148225800098,2211,2642,1330,3012,1880,1409,2204,2681,1314,3026,1872,1423
21.57153360400116,2211,2642,1331,3011,1880,1407,2205,2680,1317,3024,1873,1421
21.58152590700047,2211,2641,1330,3011,1879,1406,2205,2680,1319,3023,1874,1420
21.591226350999932,2211,2640,1328,3011,1877,1405,2205,2679,1321,3021,1875,1419
21.601226099000996,2210,2640,1325,3011,1873,1404,2206,2678,1324,3019,1876,1417
21.61122385300041,2209,2640,1321,3012,1869,1403,2206,2678,1325,3019,1876,1415
21.621209495000585,2207,2640,1317,3014,1865,1403,2206,2678,1325,3018,1876,1414
21.63175333900108,2205,2641,1315,3015,1862,1402,2206,2677,1325,3018,1876,1412
21.64137772899994,2203,2643,1313,3017,1861,1402,2206,2677,1325,3017,1875,1411
21.65155675599999,2200,2645,1313,3019,1861,1402,2206,2677,1325,3017,1873,1410
21.661581721000402,2196,2648,1314,3021,1862,1402,2206,2677,1325,3017,1871,1409
21.671627686000647,2193,2651,1315,3022,1864,1402,2206,2677,1325,3017,1869,1408
21.68163118099983,2190,2654,1317,3023,1866,1402,2206,2677,1325,3017,1868,1408
21.691225945000042,2188,2657,1318,3023,1868,1402,2206,2677,1325,3017,1867,1408
21.701319140000123,2188,2659,1319,3023,1870,1402,2204,2677,1325,3017,1867,1407
21.711376056000518,2188,2661,1318,3021,1870,1402,2203,2677,1325,3017,1867,1406
21.721404617999724,2189,2662,1317,3019,1870,1402,2202,2677,1325,3017,1868,1406
21.731403214000238,2191,2661,1315,3017,1870,1402,2201,2677,1325,3017,1868,1406
21.74149208000017,2194,2660,1314,3014,1869,1402,2200,2677,1325,3017,1869,1406
21.751664503999564,2196,2658,1313,3013,1869,1402,2200,2677,1325,3018,1869,1406
21.761678930000926,2197,2654,1314,3012,1868,1402,2199,2677,1325,3018,1869,1406
21.771629304999806,2198,2651,1315,3013,1868,1402,2198,2677,1325,3018,1870,1406
21.781625035000616,2197,2646,1317,3014,1868,1402,2197,2677,1325,3018,1870,1406
21.79122714299956,2197,2640,1320,3017,1868,1402,2197,2677,1325,3017,1870,1406
21.801249723999717,2195,2634,1323,3020,1869,1402,2197,2677,1325,3016,1870,1406
21.811280179999812,2194,2628,1326,3023,1868,1402,2197,2677,1325,3016,1870,1406
21.8213050760005,2193,2624,1328,3025,1868,1402,2197,2676,1325,3016,1870,1406
21.831303912000294,2192,2620,1329,3027,1867,1402,2197,2675,1326,3016,1869,1406
21.841281668001102,2191,2619,1328,3028,1865,1402,2197,2673,1327,3016,1868,1406
21.8516826340001,2190,2618,1325,3029,1862,1402,2197,2671,1328,3016,1868,1406
21.86168134000036,2190,2619,1321,3028,1859,1402,2197,2670,1330,3017,1868,1406
21.871738445999654,2190,2621,1316,3028,1855,1402,2197,2669,1330,3019,1868,1406
21.88118275600027,2191,2625,1311,3026,1851,1402,2197,2669,1330,3022,1868,1406
21.891252385999906,2191,2629,1305,3024,1847,1402,2197,2669,1330,3025,1867,1406
21.90138006500092,2191,2634,1300,3023,1845,1402,2197,2669,1330,3025,1866,1406
21.91148711599999,2192,2639,1297,3021,1844,1402,2197,2669,1330,3025,1866,1406
21.921485241000482,2191,2645,1295,3019,1844,1402,2197,2669,1330,3024,1862,1406
21.931510497001,2191,2650,1294,3019,1846,1402,2197,2669,1329,3024,1858,1406
21.94158227099979,2191,2655,1293,3019,1847,1402,2197,2669,1328,3024,1856,1406
21.951634007000393,2191,2657,1292,3020,1849,1402,2197,2669,1327,3024,1854,1406
21.96193741800016,2191,2659,1291,3022,1850,1402,2197,2669,1325,3023,1854,1406
21.971432383999854,2191,2659,1289,3025,1851,1402,2197,2670,1324,3022,1853,1406
21.981426942000326,2191,2659,1285,3028,1851,1402,2197,2670,1322,3021,1853,1406
21.99148312699981,2191,2657,1281,3033,1851,1402,2196,2671,1321,3021,1853,1406
22.001323915001194,2191,2654,1276,3039,1851,1402,2196,2671,1321,3022,1853,1406
22.011377574001017,2189,2651,1270,3044,1850,1402,2196,2672,1319,3023,1853,1406
22.021404754001196,2187,2649,1264,3048,1849,1402,2196,2672,1317,3025,1853,1406
22.03148523500022,2184,2647,1259,3051,1848,1402,2196,2672,1314,3027,1853,1406
22.041225652999856,2180,2646,1253,3054,1847,1402,2196,2673,1312,3030,1853,1406
22.051304741000422,2176,2645,1248,3057,1846,1402,2196,2673,1309,3033,1853,1406
22.061256699000296,2174,2645,1244,3059,1844,1402,2195,2673,1306,3036,1853,1406
22.071311801000775,2172,2645,1241,3060,1842,1402,2194,2673,1302,3039,1853,1406
22.08122280200041,2172,2646,1238,3062,1839,1402,2193,2673,1298,3042,1852,1406
22.09148286100026,2172,2648,1235,3064,1836,1402,2192,2673,1294,3044,1852,1406
22.1015208910012,2174,2650,1231,3066,1832,1402,2190,2673,1290,3047,1850,1406
22.111531900000045,2175,2653,1228,3068,1829,1402,2189,2673,1285,3049,1849,1406
22.12153443399984,2177,2655,1225,3070,1827,1402,2188,2673,1281,3051,1847,1406
22.131558107001183,2178,2656,1222,3072,1827,1402,2186,2672,1278,3053,1844,1406
22.141482082000948,2178,2657,1218,3074,1827,1402,2183,2672,1273,3055,1842,1406
22.15150347100098,2178,2658,1214,3077,1829,1402,2181,2672,1270,3057,1840,1406
22.161501135000435,2177,2658,1210,3079,1832,1402,2181,2672,1265,3059,1838,1406
22.171535397999833,2176,2657,1205,3082,1837,1402,2180,2672,1262,3061,1837,1406
22.1815256280006,2174,2655,1200,3085,1841,1402,2179,2672,1258,3063,1836,1406
22.19148463900092,2172,2653,1196,3088,1845,1402,2179,2672,1255,3066,1836,1406
22.201543348000996,2171,2650,1193,3091,1847,1402,2179,2672,1252,3068,1836,1406
22.211554638000962,2171,2646,1190,3092,1848,1402,2178,2672,1248,3071,1836,1406
22.221559536001223,2170,2642,1189,3094,1848,1402,2178,2672,1244,3074,1837,1406
22.2315566390007,2170,2637,1188,3095,1846,1402,2178,2672,1240,3076,1838,1406
22.241686723000385,2171,2632,1187,3097,1844,1402,2178,2673,1237,3078,1840,1406
22.25168025899984,2172,2626,1188,3098,1840,1402,2179,2673,1234,3080,1841,1406
22.26168071900065,2173,2619,1188,3099,1835,1402,2179,2673,1231,3082,1842,1406
22.27167831299994,2174,2613,1189,3101,1830,1402,2179,2672,1229,3084,1841,1406
22.28164898599971,2175,2608,1189,3102,1827,1402,2179,2671,1227,3086,1840,1406
22.291655045999505,2175,2604,1189,3104,1825,1402,2179,2671,1225,3088,1839,1406
22.30169718400066,2176,2602,1189,3106,1824,1402,2179,2669,1224,3090,1838,1406
22.311712000000625,2175,2601,1188,3108,1824,1402,2178,2668,1223,3091,1836,1406
22.321679877999486,2174,2600,1187,3111,1825,1402,2178,2666,1222,3093,1834,1406
22.331652705001034,2173,2601,1186,3113,1828,1402,2177,2664,1222,3095,1832,1406
22.341652724000596,2172,2602,1183,3117,1832,1402,2177,2663,1221,3097,1831,1406
22.35158413300087,2170,2604,1181,3120,1837,1402,2176,2662,1220,3099,1831,1406
22.361585194001236,2168,2606,1178,3123,1842,1402,2176,2662,1218,3101,1831,1406
22.371579861999635,2167,2608,1176,3125,1846,1402,2175,2662,1217,3103,1831,1406
22.381688053999824,2166,2609,1175,3126,1848,1402,2175,2662,1214,3106,1832,1406
22.391309157999785,2166,2609,1174,3126,1850,1402,2175,2662,1213,3108,1833,1406
22.401509334000366,2166,2609,1173,3125,1850,1402,2174,2662,1210,3110,1835,1406
22.411529351000354,2167,2608,1173,3124,1848,1402,2174,2662,1208,3113,1837,1406
22.421655096000904,2168,2606,1174,3121,1846,1402,2174,2662,1207,3115,1839,1406
22.43162565900093,2169,2603,1174,3118,1842,1402,2174,2662,1206,3116,1841,1406
22.441306214999713,2172,2599,1176,3114,1837,1402,2173,2662,1205,3116,1841,1406
22.45136790000106,2174,2595,1177,3110,1832,1402,2173,2662,1205,3116,1841,1406
22.461401362001197,2176,2592,1178,3107,1827,1402,2173,2662,1204,3116,1841,1406
22.47148188200117,2178,2590,1179,3105,1823,1402,2173,2662,1204,3116,1840,1406
22.481502369000737,2180,2588,1179,3104,1820,1402,2172,2661,1204,3116,1838,1406
22.491580125000837,2182,2587,1179,3103,1818,1402,2172,2660,1204,3115,1837,1406
22.501584611,2183,2587,1179,3104,1818,1402,2172,2658,1204,3113,1835,1406
22.511581984999793,2183,2588,1178,3105,1818,1402,2172,2657,1204,3111,1831,1406
22.521558108001045,2184,2590,1176,3108,1819,1402,2172,2656,1204,3110,1829,1406
22.531560069999614,2184,2592,1174,3111,1821,1402,2172,2655,1204,3109,1828,1406
22.54148619999978,2184,2594,1170,3116,1824,1402,2172,2654,1204,3109,1826,1406
22.55185266999979,2184,2595,1166,3121,1826,1402,2173,2652,1204,3109,1826,1406
22.561377111000184,2184,2596,1160,3127,1828,1402,2174,2652,1203,3110,1826,1406
22.571527883999806,2184,2596,1154,3132,1828,1402,2175,2651,1201,3111,1826,1406
22.581557999001234,2183,2594,1147,3137,1827,1402,2176,2651,1199,3112,1826,1406
22.59150904499984,2183,2591,1140,3141,1825,1402,2176,2651,1196,3114,1826,1406
22.60156929799996,2183,2587,1133,3145,1822,1402,2178,2651,1193,3117,1826,1406
22.611578153000664,2182,2582,1125,3148,1817,1402,2179,2651,1190,3121,1826,1406
22.621652851999897,2182,2576,1116,3151,1811,1402,2180,2651,1187,3125,1826,1406
22.631653571999777,2182,2569,1107,3154,1805,1402,2182,2652,1183,3128,1825,1406
22.641375565999624,2181,2562,1099,3156,1798,1402,2182,2652,1178,3131,1825,1406
22.651540606000708,2181,2557,1093,3157,1793,1402,2183,2652,1174,3134,1823,1406
22.66155092400004,2181,2554,1088,3158,1788,1402,2183,2651,1169,3138,1820,1406
22.671551854000427,2181,2551,1084,3158,1784,1402,2184,2649,1164,3140,1816,1406
22.68150080600026,2181,2550,1081,3158,1781,1402,2184,2647,1159,3143,1813,1406
22.691502498000773,2181,2550,1080,3157,1779,1402,2184,2644,1154,3144,1809,1406
22.701556478001294,2181,2552,1080,3156,1779,1402,2184,2641,1148,3146,1805,1406
22.71155687800092,2180,2555,1081,3154,1779,1402,2184,2638,1143,3147,1801,1406
22.72158611099985,2180,2559,1083,3153,1780,1402,2184,2635,1138,3147,1798,1406
22.73158248300024,2180,2565,1086,3151,1782,1402,2184,2631,1133,3147,1795,1406
22.74137402800079,2180,2572,1090,3148,1785,1402,2183,2628,1129,3147,1793,1406
22.75151237800128,2180,2580,1095,3146,1788,1402,2183,2625,1126,3147,1792,1406
22.761526442000104,2180,2590,1101,3143,1793,1402,2182,2622,1122,3147,1791,1406
22.77152603000104,2180,2601,1108,3139,1798,1402,2181,2620,1121,3147,1791,1406
22.781481595000514,2180,2613,1116,3136,1804,1402,2181,2619,1120,3147,1791,1406
22.7915790370007,2180,2626,1123,3132,1810,1402,2180,2619,1119,3147,1792,1406
22.80137713499971,2180,2639,1131,3129,1815,1402,2180,2619,1119,3147,1793,1406
22.81140089800101,2180,2650,1137,3126,1820,1402,2180,2619,1120,3146,1795,1406
22.82164940599978,2180,2660,1141,3123,1824,1402,2180,2621,1122,3143,1798,1406
22.83162780299972,2179,2669,1145,3121,1827,1402,2179,2624,1124,3140,1800,1406
22.841736757000035,2179,2677,1147,3120,1828,1402,2179,2629,1127,3137,1803,1406
22.85190207800042,2179,2683,1148,3119,1829,1402,2179,2635,1130,3135,1806,1406
22.8614019430006,2179,2688,1147,3118,1828,1402,2179,2641,1133,3133,1809,1406
22.871483123999496,2179,2692,1145,3118,1827,1402,2179,2648,1136,3131,1812,1406
22.881691746000797,2178,2694,1142,3119,1824,1402,2179,2655,1140,3129,1814,1406
22.891552953000428,2178,2695,1137,3120,1820,1402,2179,2663,1142,3128,1816,1406
22.90187924699967,2178,2695,1130,3122,1814,1402,2179,2672,1143,3128,1817,1406
22.911378421000336,2178,2694,1123,3124,1808,1402,2179,2680,1143,3127,1817,1406
22.921426480001173,2179,2691,1115,3127,1802,1402,2179,2687,1144,3126,1817,1406
22.93147885700091,2179,2687,1108,3130,1795,1402,2180,2693,1144,3126,1817,1406
22.94150420400001,2180,2684,1101,3133,1790,1402,2180,2698,1145,3126,1816,1406
22.951505274000738,2182,2680,1097,3135,1786,1402,2180,2701,1145,3126,1813,1406
22.961528747000557,2183,2677,1093,3138,1783,1402,2181,2703,1145,3127,1811,1406
22.971501153000645,2185,2673,1091,3140,1780,1402,2182,2703,1145,3128,1807,1406
22.981499167999573,2188,2670,1091,3142,1779,1402,2182,2703,1145,3130,1804,1406
22.991506520000257,2191,2667,1092,3144,1779,1402,2183,2703,1143,3132,1801,1406
23.00158552799985,2194,2664,1095,3146,1781,1402,2183,2702,1140,3133,1799,1406
23.011578743000427,2197,2661,1098,3147,1783,1402,2184,2700,1137,3134,1795,1406
23.021586958000626,2200,2658,1103,3147,1786,1402,2184,2699,1135,3135,1792,1406
23.031576356001096,2201,2656,1108,3147,1789,1402,2185,2698,1132,3135,1791,1406
23.041204653000023,2202,2654,1111,3146,1792,1402,2186,2696,1130,3136,1791,1406
23.05131114300093,2201,2653,1114,3144,1794,1402,2187,2694,1129,3137,1791,1406
23.061376012999972,2200,2652,1116,3142,1796,1402,2187,2693,1128,3138,1791,1406
23.07140272200013,2198,2652,1118,3140,1797,1402,2188,2692,1128,3138,1791,1406
23.081484735999766,2194,2651,1118,3137,1798,1402,2189,2690,1128,3139,1791,1406
23.091252956999597,2190,2651,1118,3133,1799,1402,2190,2690,1128,3139,1792,1406
23.101240902000427,2185,2651,1116,3129,1800,1402,2190,2690,1128,3140,1794,1406
23.11122295700079,2180,2652,1113,3126,1800,1402,2191,2691,1128,3140,1795,1406
23.121246460001203,2175,2652,1110,3123,1801,1402,2192,2692,1129,3140,1795,1406
23.131224106000445,2171,2653,1107,3122,1802,1402,2192,2692,1129,3139,1795,1406
23.14137497900083,2169,2654,1103,3121,1803,1402,2192,2692,1130,3137,1795,1406
23.151509592000366,2167,2655,1100,3122,1804,1402,2191,2693,1130,3134,1795,1406
23.161525380000967,2166,2657,1096,3123,1806,1402,2190,2693,1130,3132,1795,1406
23.17155155799992,2166,2658,1092,3125,1808,1402,2189,2693,1130,3130,1795,1406
23.18155392100016,2166,2660,1088,3128,1810,1402,2187,2693,1129,3130,1795,1406
23.19162293900081,2168,2662,1083,3132,1813,1402,2186,2693,1128,3130,1795,1406
23.20135680600106,2169,2664,1078,3137,1815,1402,2184,2692,1126,3130,1797,1406
23.211374618000264,2172,2666,1073,3143,1817,1402,2182,2692,1123,3130,1799,1406
23.22138904300118,2173,2668,1069,3147,1818,1402,2180,2692,1121,3130,1801,1406
23.231425501000558,2175,2669,1066,3151,1818,1402,2177,2692,1117,3131,1803,1406
23.24148843799958,2175,2670,1063,3154,1818,1402,2175,2692,1114,3132,1805,1406
23.25150948600094,2175,2671,1062,3156,1815,1402,2175,2692,1110,3134,1807,1406
23.26155060200108,2174,2671,1061,3157,1812,1402,2174,2692,1107,3138,1808,1406
23.27124970300065,2172,2671,1060,3157,1808,1402,2174,2692,1103,3141,1809,1406
23.281256364,2169,2671,1060,3157,1802,1402,2174,2692,1101,3143,1809,1406
23.291277082000306,2166,2669,1060,3156,1795,1402,2173,2692,1098,3146,1810,1406
23.30148025299968,2162,2667,1059,3155,1787,1402,2173,2692,1096,3148,1810,1406
23.311477606999688,2158,2664,1059,3155,1780,1402,2173,2692,1095,3149,1808,1406
23.32150048800031,2155,2661,1057,3155,1774,1402,2173,2692,1094,3149,1806,1406
23.331478566000442,2153,2657,1055,3156,1769,1402,2174,2692,1093,3149,1803,1406
23.341485417000513,2151,2653,1052,3159,1765,1402,2174,2692,1092,3149,1800,1406
23.351481667999906,2150,2648,1049,3162,1762,1402,2173,2692,1090,3149,1796,1406
23.361499601000105,2149,2643,1044,3166,1760,1402,2171,2692,1089,3149,1791,1406
23.371225111000967,2149,2638,1039,3170,1758,1402,2170,2692,1087,3149,1788,1406
23.381248282999877,2149,2633,1035,3175,1757,1402,2169,2692,1085,3150,1784,1406
23.39158738200058,2150,2630,1031,3178,1757,1402,2168,2692,1083,3150,1780,1406
23.401581969999825,2151,2628,1029,3180,1756,1402,2167,2692,1080,3153,1776,1406
23.411587078000593,2152,2628,1027,3182,1756,1402,2165,2692,1077,3157,1774,1406
23.421624347000034,2153,2629,1026,3182,1755,1402,2163,2692,1074,3162,1773,1406
23.431621720001203,2155,2631,1027,3181,1755,1402,2160,2692,1072,3165,1772,1406
23.441306173001067,2156,2634,1028,3180,1754,1402,2159,2692,1069,3169,1771,1406
23.45130968900048,2158,2638,1030,3177,1753,1402,2157,2692,1067,3170,1769,1406
23.46130586000072,2160,2641,1032,3174,1752,1402,2157,2692,1065,3171,1767,1406
23.471273917999497,2161,2644,1034,3172,1751,1402,2156,2691,1063,3171,1766,1406
23.48130775000027,2162,2646,1035,3169,1750,1402,2156,2691,1062,3171,1764,1406
23.491375527000855,2162,2647,1035,3167,1750,1402,2156,2691,1061,3171,1763,1406
23.50146937200043,2162,2646,1035,3166,1750,1402,2156,2691,1061,3171,1761,1406
23.51157866700123,2161,2643,1033,3165,1749,1402,2156,2691,1061,3171,1760,1406
23.521376454000347,2160,2640,1031,3165,1749,1402,2156,2691,1061,3171,1759,1406
23.531397843000377,2159,2635,1028,3166,1749,1402,2157,2691,1060,3171,1758,1406
23.541706093001267,2157,2628,1025,3167,1750,1402,2158,2691,1060,3170,1757,1406
23.55159741600073,2155,2621,1021,3168,1750,1402,2159,2691,1060,3170,1757,1406
23.56163069700051,2152,2612,1016,3170,1750,1402,2161,2692,1060,3170,1756,1406
23.571378139000444,2148,2602,1011,3172,1750,1402,2161,2692,1059,3170,1755,1406
23.581377907001297,2144,2592,1006,3175,1750,1402,2161,2692,1058,3170,1755,1406
23.591501168000832,2140,2583,1003,3177,1749,1402,2161,2691,1057,3170,1755,1406
23.601730640000824,2135,2575,1001,3179,1748,1402,2161,2689,1054,3170,1754,1406
23.611373404000915,2131,2568,1000,3181,1747,1402,2161,2687,1053,3170,1753,1406
23.62137301199982,2127,2563,1000,3182,1746,1402,2160,2684,1050,3171,1753,1406
23.63138325,2122,2559,1002,3183,1744,1402,2158,2680,1047,3171,1753,1406
23.6414842890008,2117,2556,1005,3184,1741,1402,2156,2674,1045,3172,1753,1406
23.65155179500107,2111,2555,1010,3184,1738,1402,2154,2669,1044,3173,1752,1406
23.661549768999976,2105,2554,1016,3184,1735,1402,2150,2663,1043,3174,1752,1406
23.67128068999955,2099,2555,1022,3184,1732,1402,2147,2656,1043,3175,1751,1406
23.681302930999664,2095,2556,1028,3183,1730,1402,2143,2649,1042,3176,1749,1406
23.69137503499951,2091,2557,1032,3183,1728,1402,2139,2642,1042,3177,1748,1406
23.701938797001276,2089,2558,1034,3182,1727,1402,2134,2636,1042,3177,1746,1406
23.711375012000644,2087,2559,1036,3182,1727,1402,2130,2631,1041,3177,1743,1406
23.721428852000827,2085,2560,1035,3182,1727,1402,2125,2627,1041,3177,1740,1406
23.731481770000755,2085,2560,1033,3181,1728,1402,2119,2622,1042,3177,1737,1406
23.741497758999685,2085,2559,1030,3181,1730,1402,2115,2618,1042,3177,1736,1406
23.751538074000564,2085,2559,1025,3181,1732,1402,2109,2615,1043,3177,1736,1406
23.76155171800019,2086,2557,1019,3181,1735,1402,2104,2614,1043,3178,1736,1406
23.77155161600058,2088,2556,1012,3181,1739,1402,2100,2613,1043,3178,1736,1406
23.781559238999762,2090,2553,1006,3182,1742,1402,2098,2612,1043,3179,1736,1406
23.79155810500015,2092,2551,1001,3182,1745,1402,2096,2612,1043,3179,1736,1406
23.801560728999902,2093,2549,997,3182,1748,1402,2095,2612,1042,3179,1736,1406
23.811531051000202,2095,2547,995,3182,1750,1402,2095,2612,1041,3180,1736,1406
23.82155254999998,2096,2544,994,3182,1751,1402,2095,2612,1038,3181,1738,1406
23.831524526000067,2096,2541,995,3182,1752,1402,2095,2612,1036,3181,1739,1406
23.84155998099959,2096,2538,996,3182,1752,1402,2095,2612,1033,3181,1741,1406
23.851593151999623,2096,2536,998,3182,1750,1402,2096,2612,1031,3181,1742,1406
23.86162248599976,2095,2535,999,3182,1747,1402,2098,2611,1030,3181,1744,1406
23.871228120000524,2093,2534,999,3182,1742,1402,2100,2609,1029,3181,1744,1406
23.881223811000382,2090,2534,998,3182,1737,1402,2101,2607,1029,3181,1744,1406
23.891254105999906,2087,2536,995,3182,1730,1402,2102,2605,1028,3181,1744,1406
23.901496622000195,2084,2537,991,3182,1722,1402,2102,2602,1028,3181,1742,1406
23.911398496000402,2079,2539,986,3182,1713,1402,2102,2600,1027,3181,1740,1406
23.92170184600036,2075,2540,981,3182,1705,1402,2101,2598,1026,3181,1738,1406
23.931371261000095,2071,2540,976,3182,1697,1402,2101,2597,1025,3181,1736,1406
23.941728843999954,2067,2539,972,3182,1691,1402,2099,2596,1022,3181,1733,1406
23.95138127700011,2063,2537,969,3182,1686,1402,2098,2596,1019,3181,1729,1406
23.961581022000246,2060,2533,967,3182,1682,1402,2095,2596,1016,3181,1725,1406
23.97130387800098,2056,2528,966,3182,1678,1402,2093,2595,1012,3181,1720,1406
23.981280402000266,2053,2523,967,3182,1674,1402,2090,2595,1008,3181,1716,1406
23.99130736100051,2050,2517,969,3182,1670,1402,2086,2595,1005,3181,1711,1406
24.001489524000135,2048,2512,972,3182,1665,1402,2082,2595,1003,3181,1707,1406
24.011534065999513,2046,2507,977,3182,1659,1402,2079,2594,1001,3181,1703,1406
24.021498197000255,2045,2504,983,3182,1652,1402,2075,2591,1001,3181,1698,1406
24.031494738999754,2044,2501,989,3182,1645,1402,2071,2588,1001,3181,1692,1406
24.04155253600038,2043,2499,995,3182,1639,1402,2068,2586,1001,3181,1688,1406
24.051564757999586,2042,2498,1000,3182,1634,1402,2064,2583,1001,3181,1683,1406
24.061582981001266,2042,2497,1004,3182,1630,1402,2060,2579,1001,3181,1678,1406
24.071248547999858,2041,2496,1008,3182,1628,1402,2057,2575,1002,3181,1674,1406
24.08125126199957,2040,2495,1011,3182,1627,1402,2054,2572,1003,3181,1668,1406
24.09137389100033,2039,2495,1014,3182,1627,1402,2052,2568,1005,3181,1662,1406
24.10140475800108,2038,2494,1016,3182,1629,1402,2050,2564,1007,3181,1657,1406
24.111476562000462,2037,2493,1018,3182,1632,1402,2048,2560,1009,3181,1653,1406
24.12150925199967,2036,2492,1019,3182,1636,1402,2047,2558,1011,3181,1650,1406
24.1315234169997,2034,2492,1020,3182,1640,1402,2046,2554,1013,3181,1647,1406
24.141209022000112,2033,2492,1020,3182,1644,1402,2045,2552,1015,3181,1646,1406
24.152043776000937,2032,2491,1020,3182,1646,1402,2044,2549,1017,3181,1645,1406
24.161524664999888,2031,2491,1020,3182,1647,1402,2044,2548,1018,3181,1645,1406
24.171499506001055,2030,2491,1021,3182,1647,1402,2044,2547,1019,3181,1646,1406
24.18152663500041,2029,2492,1021,3182,1646,1402,2044,2547,1019,3181,1646,1406
24.191555417999552,2029,2492,1022,3182,1643,1402,2043,2547,1019,3181,1647,1406
24.202003442000205,2028,2492,1022,3182,1639,1402,2043,2547,1019,3181,1647,1406
24.21147661699979,2028,2492,1023,3182,1634,1402,2042,2547,1020,3181,1647,1406
24.221506400999715,2027,2493,1024,3182,1628,1402,2042,2547,1021,3181,1646,1406
24.231553908999558,2027,2493,1024,3182,1622,1402,2041,2547,1022,3181,1646,1406
24.24159290100033,2026,2492,1025,3182,1617,1402,2041,2547,1023,3181,1644,1406
24.251560639000672,2026,2491,1025,3182,1614,1402,2041,2547,1023,3181,1642,1406
24.261583008999878,2026,2490,1025,3182,1611,1402,2039,2547,1023,3181,1638,1406
24.271373923000283,2025,2489,1024,3182,1610,1402,2038,2547,1024,3181,1635,1406
24.281400492000103,2025,2488,1024,3182,1610,1402,2037,2547,1024,3181,1632,1406
24.291423774000577,2024,2486,1023,3182,1612,1402,2036,2547,1026,3181,1629,1406
24.301526786999602,2024,2483,1022,3182,1614,1402,2035,2547,1027,3181,1626,1406
24.31154910800069,2023,2481,1020,3182,1618,1402,2035,2546,1027,3181,1624,1406
24.32167524400029,2022,2478,1019,3182,1623,1402,2034,2546,1027,3181,1622,1406
24.331675854000423,2021,2474,1017,3182,1630,1402,2033,2546,1027,3181,1622,1406
24.341625948,2020,2470,1014,3182,1637,1402,2032,2546,1027,3181,1622,1406
24.351385142001163,2019,2466,1012,3182,1645,1402,2031,2546,1027,3181,1622,1406
24.361425897001027,2018,2462,1010,3182,1652,1402,2031,2545,1027,3181,1623,1406
24.37168240000028,2017,2459,1008,3182,1658,1402,2030,2544,1027,3181,1625,1406
24.381678190000457,2016,2457,1007,3182,1663,1402,2029,2542,1027,3181,1628,1406
24.391373283000576,2015,2455,1006,3182,1667,1402,2029,2540,1027,3181,1631,1406
24.40157300899955,2014,2453,1005,3182,1669,1402,2027,2538,1027,3181,1634,1406
24.411581283000487,2013,2452,1005,3182,1670,1402,2027,2536,1027,3181,1637,1406
24.42157898699952,2012,2451,1005,3183,1670,1402,2026,2533,1027,3181,1641,1406
24.43155371800094,2011,2451,1005,3183,1668,1402,2025,2530,1027,3181,1645,1406
24.44248183700074,2011,2452,1006,3183,1665,1402,2024,2526,1027,3181,1650,1406
24.451487119000376,2010,2454,1007,3183,1662,1402,2023,2524,1027,3181,1653,1406
24.461526762001085,2010,2456,1009,3183,1659,1402,2022,2521,1027,3181,1656,1406
24.471550215001116,2010,2459,1011,3183,1657,1402,2021,2518,1027,3181,1656,1406
24.481554341000447,2010,2462,1012,3182,1656,1402,2020,2516,1027,3181,1656,1406
24.491575840000223,2011,2465,1014,3181,1657,1402,2019,2514,1027,3181,1654,1406
24.501579454999955,2012,2469,1015,3180,1658,1402,2018,2513,1027,3181,1654,1406
24.511581177001062,2013,2473,1016,3179,1661,1402,2018,2511,1027,3181,1654,1406
24.521581737000815,2015,2478,1018,3178,1666,1402,2017,2511,1027,3181,1654,1406
24.53158716500002,2017,2484,1019,3176,1671,1402,2017,2511,1027,3181,1654,1406
24.541702681999595,2019,2489,1020,3175,1676,1402,2017,2511,1027,3181,1654,1406
24.551378547999775,2021,2494,1020,3174,1681,1402,2017,2511,1027,3181,1655,1406
24.561481060000006,2023,2498,1019,3173,1684,1402,2017,2511,1027,3181,1657,1406
24.571676698000374,2025,2502,1018,3173,1685,1402,2017,2512,1027,3181,1659,1406
24.581679140999768,2027,2505,1016,3173,1686,1402,2017,2512,1027,3181,1662,1406
24.591203983000014,2028,2508,1014,3174,1685,1402,2018,2513,1027,3181,1666,1406
24.601499689000775,2030,2511,1011,3175,1683,1402,2019,2514,1027,3181,1669,1406
24.611522279999917,2031,2514,1007,3176,1679,1402,2020,2515,1027,3181,1672,1406
24.62154855799963,2032,2516,1003,3178,1675,1402,2021,2516,1027,3181,1673,1406
24.631552353999723,2033,2517,999,3180,1669,1402,2022,2518,1027,3181,1674,1406
24.641246425000645,2033,2517,996,3181,1665,1402,2024,2520,1026,3180,1674,1406
24.65167589399971,2032,2517,994,3182,1662,1402,2025,2522,1025,3180,1673,1406
24.66170289299953,2031,2515,994,3182,1660,1402,2026,2523,1024,3180,1671,1406
24.67121041199971,2029,2513,994,3181,1659,1402,2027,2524,1023,3180,1670,1406
24.681678073000512,2027,2510,995,3180,1660,1402,2027,2525,1022,3180,1668,1406
24.691703349000818,2024,2507,997,3179,1662,1402,2027,2526,1021,3180,1667,1406
24.70136304600055,2021,2503,1000,3177,1665,1402,2027,2526,1021,3180,1665,1406
24.711754703001134,2018,2498,1002,3174,1669,1402,2028,2527,1021,3180,1664,1406
24.72122019299968,2015,2495,1003,3173,1673,1402,2028,2527,1021,3180,1664,1406
24.73122483000043,2013,2493,1002,3172,1676,1402,2027,2527,1021,3180,1664,1406
24.741575510000985,2012,2492,1000,3171,1680,1402,2027,2527,1021,3180,1665,1406
24.75158206100059,2012,2491,997,3171,1683,1402,2026,2526,1021,3180,1666,1406
24.761679062999974,2011,2491,993,3171,1684,1402,2025,2526,1020,3179,1667,1406
24.771249741001157,2010,2492,989,3172,1685,1402,2023,2525,1020,3178,1669,1406
24.781216115999996,2009,2493,986,3172,1684,1402,2022,2525,1019,3178,1670,1406
24.79172908200053,2007,2493,983,3173,1682,1402,2021,2525,1018,3178,1673,1406
24.80138412999986,2005,2494,982,3174,1679,1402,2020,2525,1016,3178,1676,1406
24.811376413999824,2002,2495,981,3175,1675,1402,2018,2525,1014,3178,1678,1406
24.821369870000126,1998,2495,981,3176,1669,1402,2017,2525,1012,3178,1678,1406
24.831397429999924,1995,2496,982,3177,1663,1402,2016,2525,1010,3178,1678,1406
24.841480536000745,1991,2497,982,3178,1658,1402,2014,2525,1009,3178,1678,1406
24.851447662000282,1989,2497,982,3178,1655,1402,2013,2525,1009,3178,1676,1406
24.861478278000504,1986,2498,982,3179,1652,1402,2011,2525,1008,3178,1674,1406
24.871496281000873,1985,2498,982,3179,1651,1402,2009,2525,1007,3178,1672,1406
24.88150952400065,1984,2499,981,3179,1651,1402,2007,2525,1007,3178,1668,1406
24.89162283600126,1983,2500,979,3179,1653,1402,2005,2525,1007,3178,1665,1406
24.901652349999495,1983,2500,977,3179,1655,1402,2003,2525,1007,3178,1663,1406
24.91162172100121,1984,2501,974,3179,1659,1402,2001,2525,1007,3178,1661,1406
24.921372308999707,1985,2502,972,3179,1664,1402,2000,2525,1006,3178,1661,1406
24.93139725400033,1986,2502,968,3179,1670,1402,1998,2525,1005,3178,1661,1406
24.941479357999924,1987,2501,966,3179,1676,1402,1995,2525,1003,3178,1661,1406
24.951528379000592,1988,2500,964,3179,1681,1402,1994,2525,1001,3178,1662,1406
24.96149968300051,1988,2498,963,3179,1684,1402,1992,2525,1000,3178,1663,1406
24.971497788001216,1988,2496,963,3179,1686,1402,1991,2525,998,3178,1665,1406
24.981493248000334,1988,2493,964,3179,1687,1402,1991,2525,996,3178,1667,1406
24.991527451000366,1986,2490,966,3180,1687,1402,1991,2525,995,3178,1670,1406
25.001553437999974,1985,2485,968,3180,1685,1402,1991,2525,994,3178,1673,1406
25.01154864700038,1982,2481,972,3181,1682,1402,1991,2525,993,3178,1675,1406
25.021528336999836,1980,2477,975,3181,1678,1402,1991,2525,993,3178,1677,1406
25.031548434000797,1978,2474,978,3182,1675,1402,1991,2525,993,3178,1677,1406
25.041554243000064,1976,2473,980,3182,1671,1402,1992,2524,993,3178,1677,1406
25.05158498000128,1974,2473,981,3182,1668,1402,1992,2524,993,3178,1676,1406
25.061579477000123,1973,2474,982,3182,1666,1402,1992,2523,993,3178,1675,1406
25.071299478000583,1973,2477,981,3181,1665,1402,1991,2522,993,3178,1674,1406
25.081269969999994,1972,2481,980,3181,1663,1402,1990,2522,993,3178,1671,1406
25.09137917500084,1972,2486,977,3180,1663,1402,1989,2522,993,3178,1670,1406
25.101485253000646,1973,2493,974,3179,1662,1402,1989,2522,993,3178,1669,1406
25.111645304001286,1974,2499,971,3177,1662,1402,1988,2522,993,3178,1669,1406
25.121370945000308,1975,2505,968,3176,1661,1402,1987,2522,993,3178,1669,1406
25.131378026000675,1977,2509,966,3175,1661,1402,1986,2522,993,3178,1669,1406
25.1417090190007,1978,2512,964,3174,1661,1402,1985,2522,993,3178,1668,1406
25.151403580999613,1980,2513,963,3172,1660,1402,1984,2522,993,3178,1667,1406
25.16167909000069,1981,2514,962,3171,1659,1402,1984,2522,992,3178,1667,1406
25.171478439000566,1983,2512,963,3170,1658,1402,1983,2523,990,3178,1666,1406
25.181494278000173,1985,2510,963,3169,1656,1402,1983,2525,989,3178,1665,1406
25.191522069000712,1987,2506,965,3168,1654,1402,1983,2525,988,3178,1665,1406
25.201830890000565,1989,2501,967,3167,1652,1402,1983,2526,987,3178,1664,1406
25.211298083000656,1991,2494,970,3166,1650,1402,1983,2526,987,3178,1663,1406
25.2214805349995,1992,2487,974,3166,1647,1402,1983,2526,987,3178,1661,1406
25.231496754000545,1993,2479,978,3165,1645,1402,1984,2526,987,3178,1660,1406
25.24148354800127,1993,2473,981,3165,1644,1402,1985,2526,987,3177,1659,1406
25.25148298500062,1992,2467,984,3165,1643,1402,1986,2526,987,3176,1657,1406
25.261498022000524,1990,2463,987,3166,1644,1402,1987,2526,987,3175,1655,1406
25.27152151500013,1987,2461,989,3167,1645,1402,1988,2525,988,3175,1654,1406
25.281527995999568,1983,2459,991,3168,1647,1402,1989,2524,989,3174,1652,1406
25.29122029300015,1978,2459,992,3170,1649,1402,1989,2523,990,3173,1651,1406
25.301476475000527,1973,2460,993,3172,1653,1402,1989,2522,992,3173,1651,1406
25.311482916000386,1967,2462,992,3175,1657,1402,1989,2520,994,3173,1651,1406
25.321403113999622,1963,2464,991,3177,1660,1402,1989,2519,994,3173,1651,1406
25.33137831500062,1959,2466,988,3178,1663,1402,1989,2518,995,3173,1652,1406
25.341623136000635,1956,2468,985,3180,1665,1402,1987,2518,995,3173,1652,1406
25.351652780000222,1955,2470,981,3181,1666,1402,1985,2517,995,3174,1652,1406
25.361620556999696,1954,2471,975,3182,1668,1402,1983,2517,995,3175,1653,1406
25.37144989400076,1954,2473,969,3183,1668,1402,1980,2517,995,3175,1656,1406
25.38149112999963,1955,2474,964,3184,1668,1402,1978,2517,995,3176,1659,1406
25.39157760099988,1956,2474,960,3184,1667,1402,1975,2517,995,3177,1660,1406
25.40158199799953,1957,2475,958,3184,1666,1402,1973,2517,993,3178,1661,1406
25.41157411200038,1958,2475,957,3183,1666,1402,1971,2517,992,3179,1662,1406
25.421551498000554,1958,2475,957,3183,1665,1402,1967,2517,990,3180,1662,1406
25.431525125999542,1959,2475,959,3182,1664,1402,1965,2518,988,3180,1662,1406
25.441199069000504,1958,2474,963,3181,1663,1402,1964,2518,987,3180,1662,1406
25.451455190999695,1958,2474,968,3180,1662,1402,1964,2518,986,3180,1662,1406
25.46154865599965,1957,2474,974,3178,1662,1402,1963,2518,985,3180,1661,1406
25.471730507000757,1956,2473,982,3177,1661,1402,1963,2518,985,3180,1661,1406
25.481732498999918,1954,2472,991,3175,1660,1402,1963,2517,985,3180,1661,1406
25.491202889001215,1952,2471,1000,3173,1660,1402,1963,2517,985,3180,1661,1406
25.50135772900103,1951,2470,1007,3172,1659,1402,1963,2516,985,3180,1661,1406
25.511370711999916,1949,2469,1014,3171,1659,1402,1963,2516,987,3180,1661,1406
25.521476429999893,1948,2468,1018,3170,1658,1402,1963,2516,989,3180,1661,1406
25.531479463999858,1947,2467,1022,3169,1658,1402,1963,2515,993,3179,1661,1406
25.541497987000184,1946,2466,1024,3168,1658,1402,1963,2515,997,3178,1660,1406
25.551531740000428,1945,2465,1024,3168,1658,1402,1963,2515,1001,3178,1659,1406
25.561554720999993,1945,2463,1023,3167,1658,1402,1962,2514,1006,3177,1659,1406
25.571603652000704,1945,2461,1021,3167,1659,1402,1961,2514,1011,3177,1659,1406
25.581621454000924,1945,2460,1017,3167,1659,1402,1961,2514,1014,3176,1660,1406
25.591558182999506,1946,2458,1011,3168,1660,1402,1960,2514,1017,3176,1660,1406
25.60153149100006,1947,2456,1005,3169,1662,1402,1959,2514,1018,3175,1661,1406
25.61154753000119,1949,2455,999,3170,1663,1402,1958,2515,1018,3175,1661,1406
25.621574660000988,1951,2455,994,3171,1665,1402,1957,2515,1019,3175,1661,1406
25.63157560900072,1953,2455,991,3172,1667,1402,1956,2515,1019,3175,1661,1406
25.641681768000126,1956,2455,989,3174,1669,1402,1956,2515,1019,3175,1661,1406
25.651701494000008,1960,2456,988,3175,1671,1402,1956,2515,1018,3175,1661,1406
25.66174568600036,1964,2458,989,3176,1674,1402,1956,2514,1017,3175,1661,1406
25.671370445999855,1968,2460,992,3178,1677,1402,1956,2514,1015,3175,1662,1406
25.681371446000412,1973,2462,995,3178,1679,1402,1956,2513,1013,3175,1663,1406
25.691425787001208,1977,2464,1000,3178,1680,1402,1957,2513,1012,3175,1664,1406
25.70148925600006,1980,2466,1004,3177,1680,1402,1958,2512,1012,3175,1666,1406
25.711529821001022,1982,2467,1008,3175,1679,1402,1960,2512,1012,3175,1668,1406
25.721652009000536,1983,2467,1011,3172,1677,1402,1961,2511,1012,3175,1670,1406
25.731623023000793,1984,2467,1013,3168,1673,1402,1964,2511,1012,3175,1671,1406
25.741481565000868,1983,2466,1015,3163,1669,1402,1966,2511,1013,3175,1672,1406
25.751651513999605,1982,2465,1016,3157,1664,1402,1969,2511,1014,3175,1672,1406
25.761648186000457,1981,2463,1016,3152,1660,1402,1971,2511,1016,3174,1672,1406
25.771199939001235,1979,2462,1016,3147,1657,1402,1973,2511,1018,3173,1671,1406
25.781671266000558,1978,2461,1015,3143,1656,1402,1976,2511,1019,3171,1669,1406
25.79137039700072,1977,2460,1014,3140,1655,1402,1977,2512,1019,3169,1668,1406
25.80137513400041,1976,2460,1012,3137,1656,1402,1978,2512,1019,3166,1666,1406
25.81142570799966,1975,2460,1010,3136,1658,1402,1978,2512,1019,3163,1663,1406
25.82147902700126,1975,2460,1008,3135,1662,1402,1979,2512,1020,3159,1660,1406
25.83150188900072,1975,2460,1006,3135,1666,1402,1979,2512,1020,3156,1660,1406
25.841221167000185,1974,2461,1004,3135,1672,1402,1979,2512,1020,3154,1660,1406
25.851226967000912,1975,2461,1001,3136,1679,1402,1979,2512,1020,3152,1660,1406
25.86124521000056,1975,2462,999,3138,1688,1402,1979,2512,1020,3150,1660,1406
25.871369862999927,1976,2462,997,3140,1697,1402,1978,2512,1019,3149,1661,1406
25.88136889999987,1976,2461,996,3143,1707,1402,1977,2511,1018,3148,1664,1406
25.89157740200062,1977,2459,996,3147,1717,1402,1975,2511,1018,3148,1668,1406
25.90158203899955,1979,2457,998,3150,1725,1402,1974,2511,1017,3148,1672,1406
25.911574964000465,1980,2453,1001,3153,1731,1402,1973,2510,1017,3148,1677,1406
25.921581734999563,1981,2449,1005,3157,1737,1402,1973,2510,1016,3148,1683,1406
25.931575983000585,1983,2444,1010,3160,1742,1402,1973,2510,1016,3148,1688,1406
25.941680869000265,1984,2439,1016,3163,1745,1402,1973,2509,1016,3150,1694,1406
25.951609383000687,1985,2435,1022,3164,1747,1402,1973,2508,1016,3151,1700,1406
25.961619350000547,1986,2432,1026,3165,1749,1402,1973,2507,1017,3153,1706,1406
25.971645838000768,1986,2431,1030,3166,1749,1402,1973,2505,1019,3155,1711,1406
25.981626861001132,1986,2431,1032,3165,1750,1402,1975,2503,1021,3157,1717,1406
25.99139700500018,1987,2432,1034,3164,1749,1402,1976,2501,1024,3158,1721,1406
26.001435666999896,1986,2435,1035,3163,1749,1402,1978,2498,1026,3159,1725,1406
26.01148135100084,1986,2439,1035,3161,1748,1402,1980,2496,1029,3160,1728,1406
26.021483263000846,1986,2444,1034,3158,1747,1402,1982,2494,1031,3160,1730,1406
26.03149349100022,1985,2450,1032,3154,1746,1402,1983,2493,1032,3160,1732,1406
26.041521582001224,1984,2458,1030,3150,1744,1402,1984,2492,1033,3160,1733,1406
26.05156114500096,1983,2464,1028,3147,1743,1402,1984,2492,1033,3160,1733,1406
26.061547077000796,1982,2469,1026,3144,1741,1402,1985,2491,1033,3160,1733,1406
26.0715474360004,1981,2474,1024,3142,1740,1402,1985,2491,1033,3160,1734,1406
26.08154749499954,1980,2476,1023,3140,1740,1402,1985,2491,1033,3158,1734,1406
26.091553915000986,1980,2478,1022,3139,1739,1402,1985,2492,1034,3156,1734,1406
26.10154948499985,1979,2478,1022,3139,1738,1402,1985,2492,1034,3154,1734,1406
26.111675682001078,1978,2477,1022,3140,1738,1402,1984,2493,1034,3152,1734,1406
26.121474911000405,1978,2474,1023,3141,1737,1402,1984,2494,1034,3151,1735,1406
26.13150370400035,1978,2470,1024,3143,1737,1402,1983,2494,1034,3150,1736,1406
26.14152987200032,1978,2465,1026,3146,1736,1402,1982,2494,1034,3149,1736,1406
26.151560237000012,1978,2459,1028,3150,1734,1402,1981,2494,1034,3149,1736,1406
26.16157708799983,1979,2454,1030,3154,1731,1402,1980,2494,1034,3149,1736,1406
26.171727730001294,1981,2449,1033,3158,1728,1402,1980,2494,1034,3149,1736,1406
26.181224949999887,1982,2446,1035,3160,1725,1402,1980,2494,1034,3149,1736,1406
26.19122004900055,1983,2444,1037,3162,1722,1402,1980,2494,1034,3150,1736,1406
26.201253581000856,1984,2442,1039,3163,1720,1402,1980,2494,1034,3152,1736,1406
26.211217501000647,1984,2441,1041,3163,1718,1402,1981,2493,1035,3153,1734,1406
26.221397979999892,1983,2440,1043,3161,1717,1402,1981,2492,1037,3155,1732,1406
26.231396144999962,1982,2440,1046,3159,1717,1402,1983,2491,1038,3157,1730,1406
26.24154599600115,1981,2440,1049,3156,1717,1402,1983,2489,1040,3158,1728,1406
26.2515513440012,1979,2440,1052,3152,1717,1402,1983,2488,1042,3158,1727,1406
26.261523901001055,1977,2441,1054,3149,1717,1402,1984,2488,1044,3158,1726,1406
26.271547684000325,1976,2442,1056,3146,1716,1402,1984,2488,1045,3158,1725,1406
26.281522765000773,1975,2443,1057,3144,1714,1402,1984,2488,1048,3158,1724,1406
26.291547651000656,1974,2444,1058,3143,1711,1402,1984,2488,1050,3158,1723,1406
26.30152702000123,1974,2444,1058,3142,1707,1402,1984,2488,1052,3156,1723,1406
26.311548318999485,1974,2445,1057,3143,1702,1402,1984,2488,1054,3154,1722,1406
26.321199498999704,1975,2445,1056,3144,1695,1402,1984,2488,1056,3152,1720,1406
26.331749065000622,1976,2445,1054,3146,1689,1402,1984,2488,1057,3151,1718,1406
26.341369335999843,1977,2444,1052,3147,1684,1402,1983,2488,1057,3151,1716,1406
26.351441912000155,1978,2443,1051,3148,1680,1402,1983,2488,1057,3151,1713,1406
26.36147830899972,1978,2441,1049,3149,1677,1402,1982,2488,1057,3151,1709,1406
26.371495069000957,1979,2438,1047,3149,1675,1402,1982,2488,1057,3151,1706,1406
26.381494997000118,1980,2433,1046,3149,1675,1402,1982,2488,1057,3151,1702,1406
26.391705993999494,1981,2427,1045,3149,1675,1402,1982,2488,1057,3151,1698,1406
26.40149947200007,1982,2421,1046,3150,1676,1402,1982,2488,1057,3151,1695,1406
26.411521152000205,1983,2415,1049,3151,1676,1402,1982,2488,1057,3151,1692,1406
26.421553059999496,1984,2409,1053,3152,1675,1402,1983,2486,1057,3151,1690,1406
26.431552416999693,1985,2404,1058,3155,1673,1402,1983,2484,1057,3151,1688,1406
26.441547296000863,1985,2399,1064,3158,1670,1402,1983,2482,1057,3151,1687,1406
26.451585046001128,1986,2394,1070,3162,1666,1402,1984,2479,1058,3151,1686,1406
26.461573321999822,1987,2390,1076,3165,1663,1402,1984,2476,1059,3151,1685,1406
26.471572479000315,1987,2387,1080,3168,1661,1402,1984,2472,1061,3151,1683,1406
26.481569892001062,1988,2384,1082,3171,1659,1402,1984,2469,1064,3152,1681,1406
26.491573155999504,1988,2383,1083,3173,1659,1402,1984,2465,1067,3155,1678,1406
26.50158334400112,1987,2381,1083,3174,1659,1402,1984,2460,1070,3157,1675,1406
26.511546423000254,1987,2381,1081,3175,1661,1402,1984,2456,1074,3160,1673,1406
26.52137642100024,1987,2380,1078,3176,1663,1402,1984,2451,1077,3162,1671,1406
26.531368574000226,1986,2381,1073,3176,1666,1402,1984,2448,1078,3164,1670,1406
26.54147928200109,1985,2382,1067,3176,1670,1402,1984,2445,1079,3166,1669,1406
26.551641645999553,1984,2384,1060,3175,1676,1402,1984,2443,1079,3167,1669,1406
26.561573797000165,1983,2387,1053,3175,1681,1402,1984,2441,1079,3168,1669,1406
26.571578163000595,1983,2390,1048,3174,1685,1402,1984,2439,1079,3169,1670,1406
26.581573442999797,1982,2395,1044,3174,1689,1402,1984,2438,1077,3170,1671,1406
26.59160477000114,1982,2400,1041,3174,1691,1402,1984,2438,1076,3170,1672,1406
26.601847296000415,1982,2405,1040,3174,1694,1402,1984,2438,1074,3170,1674,1406
26.611376144999667,1982,2412,1041,3175,1695,1402,1984,2438,1072,3170,1676,1406
26.62157854600082,1981,2417,1042,3175,1694,1402,1984,2438,1069,3170,1679,1406
26.63155937800002,1980,2422,1045,3175,1693,1402,1984,2438,1067,3170,1681,1406
26.641372342999603,1979,2426,1048,3175,1690,1402,1984,2438,1067,3170,1683,1406
26.65153522900073,1977,2428,1051,3175,1686,1402,1984,2438,1066,3171,1685,1406
26.661573941000825,1974,2429,1054,3174,1681,1402,1984,2438,1066,3171,1685,1406
26.67157132400098,1971,2429,1058,3172,1676,1402,1984,2438,1066,3171,1685,1406
26.681494668000596,1969,2428,1060,3171,1673,1402,1984,2439,1066,3171,1685,1406
26.691551322999658,1968,2427,1061,3170,1670,1402,1983,2440,1066,3171,1684,1406
26.701547684000616,1967,2427,1061,3169,1669,1402,1982,2440,1066,3171,1682,1406
26.711546690999967,1966,2426,1061,3168,1669,1402,1981,2441,1066,3171,1681,1406
26.721571967000273,1966,2426,1060,3167,1670,1402,1980,2441,1067,3171,1679,1406
26.73157277700011,1967,2426,1058,3166,1672,1402,1979,2441,1067,3171,1677,1406
26.741575981001006,1969,2426,1055,3165,1676,1402,1978,2442,1068,3171,1676,1406
26.751573886000187,1971,2426,1052,3165,1681,1402,1978,2442,1068,3171,1675,1406
26.761580336000407,1973,2427,1048,3164,1687,1402,1977,2442,1068,3171,1675,1406
26.77157798100052,1976,2427,1045,3164,1692,1402,1977,2442,1068,3171,1676,1406
26.781577358000504,1978,2427,1042,3164,1697,1402,1976,2442,1068,3171,1677,1406
26.791572357000405,1980,2427,1040,3164,1700,1402,1976,2442,1068,3171,1679,1406
26.80154905100062,1982,2427,1039,3164,1701,1402,1975,2442,1068,3171,1680,1406
26.81154805799997,1983,2426,1038,3165,1702,1402,1975,2442,1067,3171,1683,1406
26.821573985000214,1985,2425,1039,3166,1701,1402,1975,2442,1066,3171,1685,1406
26.83167146699998,1986,2424,1040,3167,1699,1402,1976,2442,1065,3171,1688,1406
26.84147586600011,1986,2422,1042,3168,1696,1402,1977,2442,1064,3171,1690,1406
26.8518501310009,1987,2420,1045,3169,1691,1402,1978,2442,1063,3171,1692,1406
26.86137052400045,1987,2418,1049,3170,1685,1402,1979,2442,1062,3171,1692,1406
26.871371575000012,1987,2416,1055,3172,1679,1402,1980,2442,1062,3171,1692,1406
26.881367404999764,1987,2413,1060,3173,1671,1402,1981,2442,1062,3171,1691,1406
26.89164612999957,1987,2411,1066,3173,1665,1402,1983,2442,1062,3171,1689,1406
26.901649845000065,1987,2410,1072,3172,1660,1402,1985,2442,1062,3171,1688,1406
26.91167207500075,1988,2408,1075,3171,1656,1402,1985,2442,1063,3171,1685,1406
26.921697772000698,1988,2407,1078,3171,1653,1402,1985,2442,1065,3171,1682,1406
26.931671791000554,1989,2407,1079,3170,1650,1402,1986,2442,1067,3171,1679,1406
26.94137219500044,1990,2406,1078,3170,1648,1402,1986,2442,1070,3171,1675,1406
26.951375959999496,1990,2405,1076,3171,1645,1402,1986,2442,1073,3171,1671,1406
26.96136854500037,1991,2404,1073,3172,1643,1402,1986,2442,1075,3171,1668,1406
26.97142117200019,1992,2404,1068,3174,1641,1402,1986,2442,1076,3171,1665,1406
26.981476234001093,1993,2404,1063,3175,1640,1402,1986,2442,1077,3171,1662,1406
26.99152776000119,1993,2405,1057,3176,1641,1402,1986,2442,1077,3171,1659,1406
27.001477072000853,1993,2407,1051,3178,1643,1402,1986,2442,1077,3171,1657,1406
27.01152118400023,1993,2410,1045,3179,1646,1402,1986,2442,1077,3171,1655,1406
27.021576356999503,1993,2413,1038,3180,1651,1402,1986,2442,1077,3171,1654,1406
27.03157266800008,1993,2417,1032,3181,1656,1402,1986,2442,1076,3172,1653,1406
27.041572366000764,1992,2422,1026,3181,1663,1402,1986,2442,1074,3174,1652,1406
27.051576682000814,1992,2428,1020,3181,1672,1402,1986,2442,1073,3175,1652,1406
27.0615742760001,1991,2434,1013,3182,1681,1402,1986,2442,1070,3175,1653,1406
27.071574936000616,1990,2441,1007,3182,1692,1402,1987,2442,1066,3176,1654,1406
27.081572750001214,1989,2449,1000,3181,1703,1402,1988,2442,1063,3177,1656,1406
27.09157308900103,1987,2456,994,3181,1715,1402,1990,2442,1058,3177,1659,1406
27.10164885999984,1986,2463,989,3181,1726,1402,1990,2444,1054,3178,1663,1406
27.11164690500118,1985,2469,985,3180,1735,1402,1991,2446,1049,3178,1666,1406
27.121644318000108,1983,2474,982,3179,1743,1402,1991,2449,1042,3178,1673,1406
27.131572702000994,1982,2478,979,3179,1750,1402,1992,2453,1037,3178,1679,1406
27.14164512699972,1981,2481,978,3178,1755,1402,1992,2456,1031,3178,1687,1406
27.152138817000377,1980,2484,977,3177,1760,1402,1992,2461,1025,3178,1694,1406
27.161571894999724,1978,2485,977,3177,1763,1402,1992,2465,1020,3178,1701,1406
27.171585289001086,1977,2486,978,3176,1764,1402,1992,2470,1016,3178,1708,1406
27.181558958000096,1976,2486,979,3175,1765,1402,1992,2475,1013,3178,1716,1406
27.191527185999803,1975,2484,982,3174,1764,1402,1990,2479,1010,3178,1722,1406
27.201549657000214,1974,2482,986,3173,1762,1402,1989,2482,1009,3178,1729,1406
27.211546840000665,1973,2479,990,3172,1759,1402,1987,2485,1009,3178,1735,1406
27.221522040999844,1972,2475,996,3171,1754,1402,1986,2487,1009,3178,1739,1406
27.231518612999935,1970,2470,1002,3170,1748,1402,1985,2488,1009,3178,1741,1406
27.241574387000583,1969,2464,1009,3170,1741,1402,1984,2489,1009,3178,1743,1406
27.25157684000078,1969,2458,1016,3169,1735,1402,1982,2489,1009,3178,1743,1406
27.26154526800019,1968,2454,1021,3168,1730,1402,1981,2489,1011,3178,1742,1406
27.271522684000956,1968,2450,1026,3168,1726,1402,1980,2489,1012,3178,1741,1406
27.28152179100107,1967,2446,1030,3168,1723,1402,1979,2488,1014,3178,1740,1406
27.29155058300057,1967,2444,1033,3169,1721,1402,1978,2488,1016,3178,1738,1406
27.301850978999937,1968,2442,1035,3169,1721,1402,1977,2486,1019,3178,1736,1406
27.31138466700031,1968,2441,1037,3170,1721,1402,1977,2485,1021,3178,1734,1406
27.32147326300037,1969,2440,1038,3171,1724,1402,1976,2482,1024,3178,1731,1406
27.331492025999978,1971,2441,1040,3172,1727,1402,1975,2481,1028,3178,1729,1406
27.341519507001067,1973,2441,1042,3172,1732,1402,1975,2480,1030,3178,1729,1406
27.352151426999626,1975,2442,1045,3173,1737,1402,1975,2479,1033,3178,1729,1406
27.361627727001178,1978,2442,1050,3173,1741,1402,1975,2479,1035,3178,1729,1406
27.371571429999676,1982,2441,1056,3172,1745,1402,1975,2479,1037,3178,1729,1406
27.38157089699962,1985,2441,1063,3171,1749,1402,1975,2479,1039,3178,1731,1406
27.3915747129995,1988,2440,1069,3169,1752,1402,1975,2479,1042,3178,1733,1406
27.40157888900103,1991,2440,1074,3167,1754,1402,1976,2479,1045,3178,1735,1406
27.411619182999857,1992,2441,1078,3166,1755,1402,1977,2479,1049,3178,1737,1406
27.421652914999868,1993,2442,1080,3164,1756,1402,1978,2479,1053,3178,1739,1406
27.431644087000677,1993,2443,1081,3162,1757,1402,1979,2479,1058,3178,1742,1406
27.441670985999735,1992,2444,1081,3161,1758,1402,1981,2479,1062,3177,1744,1406
27.451674361000187,1991,2447,1079,3159,1758,1402,1983,2479,1066,3175,1745,1406
27.461671073000616,1988,2449,1075,3158,1758,1402,1984,2479,1070,3174,1747,1406
27.47167570000056,1986,2453,1070,3156,1758,1402,1986,2479,1073,3172,1748,1406
27.481675336999615,1983,2456,1065,3154,1759,1402,1987,2479,1075,3171,1749,1406
27.491374418001215,1980,2458,1060,3153,1760,1402,1987,2479,1075,3170,1750,1406
27.501373024000713,1979,2459,1057,3153,1761,1402,1988,2480,1075,3169,1750,1406
27.511369586,1978,2459,1055,3153,1762,1402,1988,2481,1075,3167,1750,1406
27.521480413000972,1979,2459,1055,3153,1764,1402,1988,2481,1075,3166,1750,1406
27.531521749000603,1981,2457,1056,3154,1767,1402,1988,2481,1075,3165,1751,1406
27.54169802100114,1983,2454,1058,3155,1770,1402,1988,2481,1075,3164,1753,1406
27.551749726000708,1987,2450,1062,3156,1774,1402,1988,2481,1075,3163,1754,1406
27.56119456700071,1991,2446,1067,3158,1779,1402,1988,2480,1075,3163,1756,1406
27.57149236800069,1996,2442,1072,3159,1783,1402,1987,2480,1075,3163,1758,1406
27.58151826500034,1999,2439,1076,3160,1787,1402,1987,2480,1075,3163,1761,1406
27.591571343000396,2002,2438,1079,3159,1790,1402,1986,2480,1074,3163,1765,1406
27.601576491000742,2004,2437,1080,3159,1792,1402,1986,2479,1074,3163,1768,1406
27.611571911000283,2006,2438,1080,3157,1793,1402,1986,2478,1076,3163,1771,1406
27.62170104300094,2006,2441,1079,3155,1794,1402,1987,2477,1078,3163,1774,1406
27.6317275220008,2006,2444,1077,3152,1795,1402,1989,2476,1080,3163,1776,1406
27.64157419000003,2004,2448,1075,3149,1794,1402,1991,2476,1080,3163,1779,1406
27.652160485000422,2002,2450,1073,3147,1794,1402,1992,2476,1081,3162,1780,1406
27.66157268400093,2000,2452,1073,3146,1793,1402,1994,2477,1081,3161,1782,1406
27.671572221999668,1998,2452,1074,3146,1793,1402,1996,2477,1081,3159,1783,1406
27.681575726999654,1996,2450,1076,3147,1793,1402,1999,2478,1081,3158,1785,1406
27.691672668001047,1994,2448,1080,3148,1793,1402,2000,2478,1082,3157,1785,1406
27.701679208001224,1992,2444,1085,3151,1793,1402,2000,2478,1082,3156,1785,1406
27.71167476899973,1990,2438,1091,3154,1794,1402,2001,2478,1082,3155,1785,1406
27.721480009000516,1988,2432,1099,3158,1794,1402,2001,2478,1082,3155,1785,1406
27.73149338300027,1987,2425,1106,3162,1795,1402,2001,2478,1083,3155,1785,1406
27.741550468999776,1987,2420,1111,3165,1795,1402,2001,2477,1086,3155,1785,1406
27.751660836000156,1987,2416,1116,3168,1796,1402,2001,2476,1088,3155,1786,1406
27.761671144000502,1988,2413,1118,3170,1796,1402,2000,2474,1092,3156,1787,1406
27.77169543800119,1990,2410,1120,3171,1796,1402,2000,2472,1096,3158,1788,1406
27.78166900600081,1993,2409,1120,3171,1796,1402,1998,2470,1101,3160,1790,1406
27.79148266300035,1997,2409,1119,3170,1796,1402,1996,2467,1105,3163,1792,1406
27.801501136000297,2001,2410,1116,3169,1796,1402,1994,2466,1109,3164,1794,1406
27.81152529999963,2004,2412,1114,3168,1795,1402,1993,2464,1112,3165,1794,1406
27.82154525599981,2006,2414,1113,3166,1795,1402,1993,2464,1114,3165,1794,1406
27.831544914000915,2007,2415,1112,3165,1794,1402,1993,2464,1115,3166,1794,1406
27.841547867999907,2006,2417,1112,3165,1794,1402,1993,2464,1115,3166,1794,1406
27.85154525100006,2005,2418,1113,3164,1794,1402,1995,2464,1115,3166,1794,1406
27.861543897000956,2003,2419,1114,3164,1793,1402,1996,2464,1115,3166,1794,1406
27.87154359499982,2001,2420,1116,3164,1793,1402,1997,2464,1115,3166,1794,1406
27.881522133000544,1999,2421,1118,3164,1792,1402,1998,2464,1115,3166,1794,1406
27.891603324000243,1998,2422,1119,3164,1792,1402,2000,2464,1115,3166,1794,1406
27.90200265600106,1998,2422,1118,3164,1791,1402,2002,2463,1116,3166,1794,1406
27.911616145000153,1999,2423,1118,3164,1791,1402,2003,2463,1117,3166,1793,1406
27.921648384000946,2001,2423,1116,3164,1791,1402,2003,2463,1118,3166,1792,1406
27.93161547099953,2004,2423,1114,3164,1790,1402,2003,2463,1119,3166,1791,1406
27.941669260000708,2008,2423,1112,3165,1790,1402,2004,2463,1120,3166,1791,1406
27.951675911001075,2013,2423,1110,3165,1791,1402,2004,2463,1120,3166,1791,1406
27.961678464000215,2017,2422,1109,3165,1792,1402,2004,2463,1120,3166,1791,1406
27.971471803000895,2021,2421,1110,3165,1794,1402,2004,2463,1120,3166,1791,1406
27.98149010599991,2024,2420,1112,3165,1796,1402,2004,2463,1120,3166,1791,1406
27.991577278000477,2026,2418,1116,3165,1798,1402,2004,2464,1120,3166,1792,1406
28.001558400999784,2028,2416,1121,3165,1801,1402,2005,2464,1121,3166,1794,1406
28.011547588999747,2030,2413,1127,3165,1805,1402,2006,2464,1121,3166,1794,1406
28.02154801799952,2031,2410,1134,3164,1809,1402,2008,2464,1121,3166,1794,1406
28.031521066001005,2032,2408,1140,3164,1813,1402,2009,2464,1122,3166,1795,1406
28.041550550000466,2033,2405,1146,3163,1816,1402,2012,2463,1123,3166,1796,1406
28.0515528119995,2034,2404,1149,3163,1819,1402,2013,2462,1126,3166,1798,1406
28.061553121000543,2034,2403,1152,3162,1821,1402,2015,2460,1129,3166,1799,1406
28.07154778900076,2035,2402,1152,3161,1823,1402,2019,2458,1133,3166,1800,1406
28.081670478999513,2036,2402,1152,3159,1824,1402,2022,2456,1137,3166,1803,1406
28.091743535000205,2037,2402,1150,3158,1824,1402,2025,2454,1141,3166,1805,1406
28.10180300600041,2038,2402,1146,3156,1824,1402,2027,2453,1145,3166,1808,1406
28.111272793999888,2039,2404,1142,3153,1823,1402,2029,2453,1147,3166,1810,1406
28.12137095700018,2040,2405,1138,3151,1821,1402,2030,2453,1148,3166,1812,1406
28.13136414300061,2040,2406,1135,3149,1819,1402,2032,2453,1148,3166,1813,1406
28.141490859999976,2040,2407,1134,3147,1817,1402,2033,2453,1148,3165,1814,1406
28.15159551600118,2040,2408,1134,3146,1815,1402,2034,2453,1148,3164,1814,1406
28.161645428001066,2039,2409,1136,3145,1813,1402,2035,2453,1148,3161,1814,1406
28.171648753001136,2037,2409,1139,3144,1810,1402,2036,2453,1148,3159,1814,1406
28.18161545899966,2035,2409,1143,3143,1808,1402,2036,2453,1148,3158,1814,1406
28.191375514001265,2033,2409,1149,3142,1805,1402,2036,2453,1148,3156,1814,1406
28.20136845900015,2031,2408,1156,3143,1803,1402,2036,2453,1148,3155,1814,1406
28.21136782600115,2029,2406,1163,3143,1803,1402,2036,2453,1148,3154,1814,1406
28.221423139000763,2028,2405,1168,3145,1803,1402,2036,2452,1149,3153,1813,1406
28.23147046700069,2027,2403,1172,3147,1805,1402,2036,2452,1150,3152,1812,1406
28.241518536000513,2027,2401,1174,3149,1808,1402,2035,2451,1153,3151,1810,1406
28.251548550000734,2028,2398,1176,3152,1812,1402,2035,2450,1156,3151,1809,1406
28.26154968100127,2029,2395,1176,3156,1818,1402,2034,2449,1160,3151,1809,1406
28.271545532001255,2031,2392,1176,3160,1824,1402,2033,2448,1164,3151,1809,1406
28.281517286000962,2033,2389,1175,3163,1830,1402,2033,2448,1168,3151,1810,1406
28.291572318999897,2034,2386,1174,3166,1835,1402,2033,2447,1170,3151,1811,1406
28.301575692999904,2035,2384,1173,3167,1838,1402,2033,2447,1172,3152,1813,1406
28.311405480000758,2036,2383,1173,3168,1841,1402,2032,2447,1173,3154,1816,1406
28.321369842000422,2036,2382,1174,3168,1842,1402,2032,2447,1173,3156,1819,1406
28.331369339000958,2036,2382,1175,3166,1843,1402,2032,2447,1174,3158,1822,1406
28.34139350300029,2035,2382,1176,3164,1842,1402,2032,2447,1174,3160,1825,1406
28.35162710199984,2034,2383,1178,3161,1841,1402,2032,2447,1174,3161,1828,1406
28.36164308000116,2034,2384,1181,3157,1839,1402,2033,2447,1174,3162,1830,1406
28.371644752000066,2033,2385,1182,3154,1838,1402,2033,2446,1174,3162,1831,1406
28.381618892000915,2033,2385,1184,3151,1837,1402,2033,2446,1175,3162,1832,1406
28.391604483000265,2033,2386,1184,3150,1838,1402,2033,2445,1177,3161,1832,1406
28.401748192000014,2034,2386,1185,3149,1840,1402,2033,2443,1178,3160,1832,1406
28.41124514100011,2035,2387,1185,3148,1844,1402,2033,2442,1180,3158,1832,1406
28.421421242001088,2034,2388,1187,3148,1847,1402,2033,2440,1182,3157,1832,1406
28.431470994000847,2033,2390,1189,3148,1850,1402,2033,2440,1183,3156,1832,1406
28.441577953999513,2031,2393,1191,3147,1854,1402,2033,2440,1184,3155,1833,1406
28.451946838000367,2028,2396,1194,3146,1857,1402,2033,2440,1185,3155,1835,1406
28.461305557000742,2025,2399,1195,3146,1859,1402,2033,2440,1187,3154,1837,1406
28.471492677999777,2023,2401,1195,3146,1861,1402,2033,2440,1188,3154,1840,1406
28.481519656999808,2022,2403,1194,3146,1862,1402,2033,2440,1190,3154,1842,1406
28.491672293999727,2021,2403,1191,3147,1863,1402,2032,2440,1192,3154,1845,1406
28.502217220000603,2021,2402,1187,3148,1863,1402,2031,2440,1193,3154,1848,1406
28.511673843000608,2021,2401,1181,3150,1863,1402,2031,2440,1194,3154,1849,1406
28.52152214600028,2022,2400,1175,3152,1863,1402,2030,2440,1194,3154,1851,1406
28.531551178000882,2024,2398,1168,3155,1862,1402,2030,2440,1194,3154,1852,1406
28.54170153099949,2025,2396,1162,3157,1862,1402,2029,2440,1194,3154,1853,1406
28.55168454700106,2025,2394,1158,3159,1861,1402,2029,2440,1194,3154,1854,1406
28.561669126000197,2026,2393,1156,3160,1861,1402,2029,2440,1193,3155,1855,1406
28.57170180600042,2026,2392,1154,3161,1862,1402,2028,2440,1192,3155,1855,1406
28.581741318999775,2026,2392,1155,3162,1862,1402,2028,2440,1190,3156,1855,1406
28.591214984000544,2025,2392,1156,3162,1863,1402,2027,2440,1188,3157,1855,1406
28.601219461001165,2025,2392,1159,3163,1864,1402,2027,2440,1186,3157,1856,1406
28.611217055000452,2023,2392,1164,3162,1865,1402,2027,2440,1184,3158,1856,1406
28.62169773000096,2022,2393,1169,3162,1866,1402,2027,2440,1183,3158,1856,1406
28.63166626900056,2021,2392,1174,3161,1867,1402,2027,2439,1183,3159,1857,1406
28.641668711999955,2020,2392,1178,3160,1866,1402,2028,2439,1183,3159,1858,1406
28.652038768001148,2019,2390,1181,3160,1865,1402,2028,2439,1183,3159,1859,1406
28.661768287000086,2019,2387,1182,3159,1863,1402,2028,2439,1183,3160,1860,1406
28.67121518100066,2019,2383,1182,3159,1861,1402,2028,2439,1183,3160,1860,1406
28.681193858999904,2019,2380,1181,3159,1861,1402,2028,2439,1185,3160,1861,1406
28.69121781300055,2018,2378,1182,3160,1861,1402,2028,2438,1187,3160,1861,1406
28.701958998999544,2018,2376,1182,3162,1863,1402,2028,2438,1187,3160,1861,1406
28.71147210900017,2016,2374,1183,3163,1866,1402,2027,2437,1188,3160,1861,1406
28.721672364999904,2015,2372,1185,3165,1871,1402,2027,2437,1188,3160,1861,1406
28.731668446000185,2015,2371,1186,3166,1876,1402,2027,2437,1188,3160,1861,1406
28.74169521499971,2016,2370,1187,3167,1880,1402,2027,2436,1188,3160,1861,1406
28.751745358000335,2018,2368,1188,3167,1884,1402,2026,2436,1188,3161,1862,1406
28.76119606999964,2020,2367,1188,3166,1887,1402,2025,2435,1188,3161,1864,1406
28.77170034000119,2023,2367,1187,3164,1891,1402,2025,2434,1189,3162,1866,1406
28.781698044000223,2026,2368,1185,3162,1893,1402,2024,2432,1191,3163,1870,1406
28.791215121000278,2029,2370,1184,3160,1895,1402,2024,2430,1191,3163,1872,1406
28.801654668999618,2030,2374,1182,3158,1897,1402,2024,2428,1191,3163,1876,1406
28.811675396000282,2031,2379,1180,3156,1898,1402,2024,2427,1191,3162,1878,1406
28.82164174100035,2031,2385,1178,3154,1899,1402,2024,2426,1191,3162,1881,1406
28.831649753999955,2030,2392,1175,3153,1900,1402,2024,2426,1191,3162,1883,1406
28.84172506499999,2028,2401,1173,3151,1901,1402,2024,2425,1191,3161,1886,1406
28.851221983999494,2027,2409,1170,3149,1902,1402,2025,2425,1191,3160,1888,1406
28.86174307500005,2025,2416,1168,3148,1902,1402,2025,2425,1191,3159,1888,1406
28.871471231001124,2023,2421,1166,3148,1902,1402,2026,2425,1191,3158,1890,1406
28.881490073999885,2021,2426,1165,3147,1902,1402,2027,2425,1191,3158,1892,1406
28.891519569000593,2020,2429,1163,3148,1902,1402,2028,2427,1190,3156,1893,1406
28.901504417999604,2018,2430,1162,3148,1902,1402,2029,2429,1190,3155,1893,1406
28.911582384000212,2017,2431,1162,3149,1902,1402,2029,2431,1189,3155,1894,1406
28.92157149200102,2016,2429,1161,3150,1901,1402,2029,2434,1188,3154,1895,1406
28.931570587999886,2016,2427,1160,3152,1901,1402,2029,2436,1187,3154,1895,1406
28.941669042000285,2015,2423,1160,3154,1900,1402,2028,2438,1187,3154,1895,1406
28.951915485000427,2015,2418,1160,3156,1899,1402,2027,2439,1187,3154,1896,1406
28.961369063001257,2016,2412,1160,3158,1898,1402,2027,2440,1187,3155,1896,1406
28.97149087100115,2017,2406,1160,3160,1897,1402,2027,2440,1187,3155,1896,1406
28.98151993400097,2019,2401,1160,3162,1897,1402,2026,2441,1187,3155,1896,1406
28.991568253000878,2021,2396,1159,3163,1896,1402,2025,2441,1187,3155,1896,1406
29.001601084000868,2023,2394,1159,3163,1895,1402,2024,2441,1187,3156,1895,1406
29.011645155000224,2026,2392,1158,3162,1895,1402,2023,2440,1187,3157,1895,1406
29.021579480000582,2030,2392,1157,3161,1894,1402,2022,2439,1186,3158,1895,1406
29.03157000000101,2034,2393,1156,3160,1894,1402,2022,2438,1185,3159,1896,1406
29.041615494001235,2037,2395,1156,3158,1893,1402,2022,2437,1185,3159,1897,1406
29.051669344000402,2040,2398,1156,3156,1893,1402,2022,2436,1184,3159,1897,1406
29.061640166999496,2042,2400,1156,3155,1893,1402,2022,2435,1183,3158,1897,1406
29.07161892499971,2042,2402,1157,3154,1893,1402,2024,2435,1182,3158,1896,1406
29.08164455199949,2042,2403,1158,3154,1893,1402,2026,2435,1181,3158,1896,1406
29.091672734000895,2040,2404,1160,3155,1893,1402,2027,2435,1180,3158,1897,1406
29.10167624800124,2038,2405,1163,3156,1893,1402,2029,2435,1180,3158,1897,1406
29.11170598300123,2034,2405,1167,3158,1893,1402,2031,2435,1180,3158,1897,1406
29.121471659000235,2030,2405,1171,3160,1893,1402,2034,2435,1180,3158,1896,1406
29.131490493000456,2027,2404,1176,3162,1893,1402,2035,2435,1180,3158,1895,1406
29.141641445999994,2024,2404,1180,3163,1893,1402,2036,2436,1180,3158,1895,1406
29.151812096000867,2022,2403,1184,3164,1892,1402,2036,2436,1180,3158,1895,1406
29.161294327999713,2021,2403,1187,3165,1892,1402,2036,2436,1181,3158,1895,1406
29.171493552001266,2021,2403,1189,3164,1891,1402,2036,2436,1183,3159,1895,1406
29.181493901000067,2023,2403,1192,3163,1891,1402,2036,2436,1185,3160,1895,1406
29.1915429820001,2025,2403,1194,3161,1890,1402,2036,2436,1187,3161,1895,1406
29.201554802000828,2028,2403,1196,3159,1890,1402,2036,2436,1189,3161,1895,1406
29.211580298000626,2032,2404,1197,3157,1889,1402,2035,2436,1191,3161,1895,1406
29.22173013000065,2037,2404,1198,3154,1890,1402,2034,2436,1193,3161,1895,1406
29.231724065999515,2041,2405,1197,3151,1892,1402,2032,2436,1195,3161,1895,1406
29.241369305000262,2045,2406,1195,3150,1895,1402,2031,2436,1196,3160,1895,1406
29.251547830999698,2048,2407,1193,3150,1899,1402,2030,2436,1197,3160,1896,1406
29.261548139000297,2050,2409,1190,3150,1904,1402,2031,2436,1198,3159,1897,1406
29.27157206300035,2051,2410,1187,3151,1911,1402,2032,2436,1198,3158,1898,1406
29.281572801999573,2051,2410,1185,3153,1917,1402,2033,2436,1198,3158,1898,1406
29.29154712200034,2051,2410,1185,3155,1922,1402,2035,2436,1198,3157,1898,1406
29.30154578800102,2051,2409,1185,3156,1926,1402,2036,2437,1198,3156,1899,1406
29.31154331200014,2050,2407,1188,3158,1929,1402,2038,2437,1198,3156,1900,1406
29.321569388999706,2049,2405,1191,3159,1931,1402,2041,2437,1198,3156,1902,1406
29.331568466001045,2048,2402,1196,3161,1932,1402,2044,2437,1198,3157,1907,1406
29.34172136199959,2046,2398,1202,3162,1932,1402,2046,2436,1198,3157,1911,1406
29.351492829000563,2045,2396,1206,3162,1931,1402,2047,2436,1198,3157,1913,1406
29.361551779000365,2044,2394,1210,3161,1929,1402,2047,2436,1199,3157,1916,1406
29.371569040000395,2044,2393,1211,3159,1927,1402,2047,2435,1200,3157,1918,1406
29.381545594000272,2043,2393,1212,3156,1923,1402,2047,2435,1202,3157,1920,1406
29.391699162000805,2043,2393,1211,3152,1919,1402,2047,2435,1205,3157,1920,1406
29.40202863200102,2043,2394,1209,3148,1916,1402,2047,2434,1207,3157,1920,1406
29.41151773599995,2043,2395,1206,3144,1913,1402,2047,2434,1209,3157,1920,1406
29.421491535000314,2043,2395,1203,3140,1911,1402,2047,2434,1210,3157,1919,1406
29.43152025800009,2042,2396,1199,3136,1910,1402,2046,2434,1211,3156,1919,1406
29.4415490700012,2040,2396,1197,3134,1911,1402,2045,2435,1211,3154,1919,1406
29.45158630900005,2039,2396,1195,3132,1912,1402,2043,2435,1211,3152,1918,1406
29.461570667999695,2037,2396,1193,3132,1913,1402,2042,2435,1211,3150,1916,1406
29.47154276299989,2034,2396,1193,3132,1915,1402,2041,2435,1211,3147,1916,1406
29.48148993200084,2031,2397,1194,3133,1916,1402,2041,2435,1211,3145,1915,1406
29.491574630001196,2028,2397,1195,3136,1918,1402,2041,2435,1211,3143,1915,1406
29.501610747000086,2025,2399,1198,3139,1920,1402,2040,2435,1211,3142,1915,1406
29.51157681100085,2021,2400,1201,3143,1922,1402,2040,2435,1211,3142,1915,1406
29.521605543000987,2017,2402,1204,3147,1924,1402,2040,2434,1211,3142,1915,1406
29.531617304000974,2014,2404,1207,3151,1926,1402,2040,2434,1211,3142,1915,1406
29.541667716999655,2012,2406,1209,3154,1927,1402,2038,2434,1210,3143,1915,1406
29.551704104000237,2011,2408,1211,3156,1929,1402,2036,2434,1210,3144,1917,1406
29.561744609000016,2011,2409,1211,3158,1930,1402,2035,2434,1211,3145,1918,1406
29.57124049599952,2012,2412,1210,3159,1931,1402,2033,2434,1212,3147,1920,1406
29.581240154000625,2014,2413,1208,3158,1932,1402,2032,2434,1213,3149,1921,1406
29.591695551000157,2016,2415,1205,3157,1933,1402,2029,2434,1215,3151,1922,1406
29.60173302000112,2016,2415,1201,3156,1934,1402,2029,2435,1215,3152,1924,1406
29.611195634999603,2016,2415,1198,3155,1934,1402,2027,2435,1215,3152,1925,1406
29.62147474900121,2015,2415,1194,3154,1934,1402,2023,2435,1215,3153,1926,1406
29.63147082999967,2013,2413,1190,3154,1934,1402,2021,2436,1215,3153,1926,1406
29.641724516999602,2010,2411,1186,3153,1934,1402,2021,2436,1215,3153,1927,1406
29.65119677000075,2006,2408,1184,3152,1934,1402,2020,2436,1215,3153,1928,1406
29.661725646001287,2003,2405,1183,3152,1933,1402,2020,2436,1215,3153,1928,1406
29.67124293300003,2000,2401,1184,3152,1933,1402,2018,2436,1214,3153,1929,1406
29.681211782999526,1998,2397,1186,3152,1933,1402,2017,2435,1214,3153,1930,1406
29.691212653000548,1996,2393,1189,3151,1933,1402,2017,2435,1212,3153,1930,1406
29.70119299399994,1994,2388,1194,3151,1933,1402,2017,2434,1211,3153,1930,1406
29.711199565001152,1992,2382,1200,3151,1933,1402,2015,2434,1210,3153,1930,1406
29.721214932000294,1991,2377,1207,3151,1933,1402,2014,2434,1210,3153,1930,1406
29.73119369000051,1991,2373,1213,3150,1934,1402,2012,2433,1210,3153,1930,1406
29.74121350600035,1991,2369,1218,3150,1935,1402,2011,2432,1210,3153,1930,1406
29.751223844001288,1992,2367,1221,3151,1936,1402,2010,2431,1212,3152,1930,1406
29.76120234100017,1993,2367,1223,3151,1937,1402,2008,2430,1214,3152,1930,1406
29.771490373001143,1995,2367,1223,3151,1939,1402,2007,2428,1216,3152,1930,1406
29.781515669001237,1997,2369,1222,3150,1941,1402,2006,2427,1219,3152,1930,1406
29.79154306900091,1999,2372,1220,3150,1944,1402,2004,2425,1222,3152,1930,1406
29.8015652590002,2001,2375,1217,3148,1945,1402,2002,2425,1223,3152,1931,1406
29.8115541570005,2001,2379,1214,3146,1947,1402,2001,2425,1224,3152,1932,1406
29.821544086000358,2001,2383,1210,3143,1948,1402,2000,2425,1224,3152,1934,1406
29.83152848499958,2000,2387,1206,3139,1949,1402,2000,2425,1224,3152,1936,1406
29.84154392200071,1999,2391,1203,3134,1950,1402,2000,2425,1224,3152,1937,1406
29.851601919999666,1999,2394,1200,3129,1951,1402,2000,2425,1224,3152,1940,1406
29.86161555400031,1999,2396,1199,3125,1954,1402,2000,2425,1224,3150,1942,1406
29.87161407900021,2001,2397,1199,3122,1956,1402,2000,2425,1224,3148,1943,1406
29.881612565000978,2003,2397,1199,3119,1957,1402,2002,2425,1224,3145,1944,1406
29.89237525200042,2004,2396,1201,3117,1957,1402,2003,2425,1224,3141,1944,1406
29.902392784000767,2006,2396,1203,3116,1956,1402,2004,2425,1224,3138,1945,1406
29.91129112300041,2008,2395,1206,3115,1953,1402,2005,2425,1224,3136,1946,1406
29.921666178999658,2009,2394,1209,3114,1949,1402,2005,2425,1224,3133,1948,1406
29.93157027699999,2011,2392,1213,3114,1944,1402,2006,2425,1224,3131,1948,1406
29.941567900001246,2014,2391,1216,3116,1940,1402,2006,2425,1224,3129,1949,1406
29.951870159000464,2016,2390,1219,3117,1936,1402,2007,2425,1224,3128,1948,1406
29.961363041000368,2018,2389,1221,3120,1934,1402,2007,2425,1224,3127,1947,1406
29.971492433000094,2021,2387,1222,3124,1933,1402,2008,2425,1224,3126,1946,1406
29.98152190700057,2023,2386,1222,3128,1933,1402,2008,2425,1225,3125,1944,1406
29.991544848000558,2025,2384,1222,3132,1934,1402,2008,2425,1226,3125,1942,1406
30.00152096199963,2027,2383,1223,3134,1935,1402,2008,2425,1227,3125,1941,1406
30.011511221000546,2028,2382,1223,3136,1936,1402,2009,2425,1228,3126,1939,1406
30.02154675699967,2029,2380,1224,3137,1938,1402,2011,2425,1228,3127,1939,1406
30.031518862000667,2030,2379,1225,3137,1939,1402,2012,2425,1228,3129,1939,1406
30.041544509000232,2030,2377,1227,3136,1941,1402,2014,2425,1228,3130,1940,1406
30.051546530999985,2029,2376,1229,3134,1943,1402,2015,2425,1228,3132,1941,1406
30.061544185000457,2029,2377,1230,3132,1944,1402,2017,2425,1228,3133,1942,1406
30.071542699999554,2027,2378,1230,3131,1943,1402,2019,2425,1229,3133,1942,1406
30.08151640899996,2026,2381,1228,3130,1942,1402,2022,2425,1229,3132,1942,1406
30.091541113999483,2024,2385,1226,3131,1940,1402,2024,2425,1230,3132,1941,1406
30.101546421999956,2022,2390,1222,3132,1938,1402,2025,2425,1232,3132,1940,1406
30.111540949999835,2020,2394,1219,3133,1936,1402,2025,2425,1232,3132,1940,1406
30.121541950000392,2019,2397,1216,3135,1935,1402,2026,2425,1232,3132,1940,1406
30.131513645001178,2018,2398,1213,3136,1936,1402,2026,2425,1232,3132,1940,1406
30.141567615000895,2018,2398,1212,3138,1937,1402,2026,2425,1232,3132,1940,1406
30.151795654001035,2017,2397,1210,3139,1940,1402,2026,2425,1232,3132,1939,1406
30.161213983999914,2017,2394,1209,3141,1944,1402,2026,2425,1232,3132,1939,1406
30.171241244001067,2018,2391,1210,3142,1949,1402,2025,2425,1232,3132,1939,1406
30.18120959299995,2020,2387,1212,3143,1954,1402,2025,2425,1232,3133,1939,1406
30.19119868100097,2023,2384,1215,3143,1958,1402,2023,2425,1232,3135,1940,1406
30.201383016001273,2026,2381,1220,3143,1961,1402,2021,2425,1232,3136,1941,1406
30.211474718000318,2030,2380,1226,3142,1963,1402,2020,2425,1232,3137,1943,1406
30.22152084300069,2034,2380,1231,3142,1963,1402,2020,2425,1232,3138,1946,1406
30.23154844400051,2038,2381,1235,3141,1964,1402,2020,2425,1232,3139,1949,1406
30.241541598999902,2041,2382,1238,3141,1963,1402,2020,2425,1232,3139,1952,1406
30.252173429000322,2045,2385,1239,3140,1963,1402,2021,2425,1233,3139,1955,1406
30.261613570999543,2048,2388,1239,3140,1962,1402,2023,2425,1235,3138,1956,1406
30.27164563000042,2050,2391,1237,3140,1961,1402,2024,2424,1236,3138,1956,1406
30.281669433001298,2053,2396,1234,3141,1960,1402,2026,2424,1239,3138,1956,1406
30.291682496001158,2055,2400,1229,3141,1959,1402,2029,2424,1240,3138,1956,1406
30.30167184400125,2057,2406,1223,3142,1958,1402,2032,2424,1240,3138,1956,1406
30.31167183300022,2059,2412,1215,3143,1957,1402,2034,2424,1240,3138,1956,1406
30.321667643000183,2061,2418,1207,3144,1955,1402,2038,2425,1240,3138,1956,1406
30.33166316200004,2063,2425,1197,3145,1954,1402,2042,2425,1240,3138,1954,1406
30.341196098999717,2064,2431,1188,3147,1952,1402,2045,2426,1240,3138,1954,1406
30.35137457500059,2065,2435,1180,3148,1951,1402,2049,2427,1239,3139,1954,1406
30.361389732001044,2066,2439,1174,3148,1950,1402,2051,2430,1237,3139,1954,1406
30.371595147000335,2066,2441,1170,3149,1948,1402,2054,2432,1234,3141,1954,1406
30.38157087000036,2066,2442,1167,3149,1947,1402,2056,2435,1229,3142,1954,1406
30.391672028999892,2065,2442,1165,3150,1947,1402,2057,2438,1224,3143,1954,1406
30.401711091000834,2065,2441,1165,3150,1946,1402,2059,2442,1219,3144,1954,1406
30.41119417400114,2064,2439,1166,3150,1945,1402,2060,2444,1214,3144,1954,1406
30.42166655300025,2063,2436,1169,3149,1944,1402,2061,2446,1210,3145,1953,1406
30.43161242899987,2061,2431,1173,3149,1944,1402,2061,2448,1207,3145,1953,1406
30.44164329600062,2059,2426,1178,3148,1943,1402,2061,2448,1204,3146,1952,1406
30.451706694000677,2057,2419,1185,3147,1943,1402,2061,2449,1203,3146,1951,1406
30.46166975199958,2055,2413,1192,3147,1942,1402,2061,2449,1203,3146,1951,1406
30.471616791000997,2052,2407,1199,3146,1942,1402,2060,2449,1203,3146,1950,1406
30.481621478000307,2050,2402,1205,3145,1943,1402,2060,2449,1203,3146,1949,1406
30.491578033999758,2048,2399,1209,3145,1943,1402,2058,2448,1203,3146,1948,1406
30.50172588100031,2046,2397,1212,3145,1944,1402,2058,2447,1203,3146,1948,1406
30.511390847001167,2044,2396,1213,3145,1945,1402,2057,2445,1205,3146,1947,1406
30.5216681790007,2042,2397,1213,3146,1946,1402,2056,2444,1207,3146,1947,1406
30.531693033999545,2040,2399,1212,3147,1947,1402,2055,2443,1210,3146,1947,1406
30.54169489600099,2038,2402,1209,3148,1948,1402,2054,2441,1212,3146,1947,1406
30.552372853000634,2036,2407,1205,3149,1949,1402,2052,2441,1213,3146,1947,1406
30.561296089999814,2035,2412,1201,3150,1951,1402,2051,2441,1214,3146,1947,1406
30.57154061000074,2033,2417,1197,3151,1951,1402,2050,2441,1214,3146,1947,1406
30.581516792999537,2032,2421,1194,3151,1952,1402,2048,2441,1214,3146,1947,1406
30.591665852000006,2030,2424,1193,3151,1951,1402,2047,2441,1214,3146,1947,1406
30.601698030999614,2029,2426,1194,3150,1950,1402,2046,2441,1214,3147,1947,1406
30.611740840000493,2028,2426,1196,3149,1949,1402,2044,2442,1214,3147,1947,1406
30.621740418000627,2027,2426,1199,3148,1947,1402,2043,2442,1214,3147,1947,1406
30.631197352000527,2026,2425,1203,3146,1944,1402,2042,2442,1214,3147,1947,1406
30.64127264200033,2025,2424,1208,3145,1941,1402,2040,2442,1214,3147,1947,1406
30.651239958000588,2025,2424,1212,3144,1939,1402,2039,2442,1214,3147,1947,1406
30.661238835000404,2025,2425,1215,3145,1938,1402,2037,2442,1214,3147,1946,1406
30.671239264000178,2026,2427,1216,3146,1938,1402,2036,2442,1214,3147,1946,1406
30.68121113900088,2027,2431,1216,3148,1938,1402,2035,2442,1215,3147,1946,1406
30.691217269000845,2029,2436,1215,3150,1940,1402,2034,2442,1217,3147,1945,1406
30.701248094999755,2031,2441,1214,3151,1942,1402,2033,2442,1218,3148,1945,1406
30.711364082000728,2034,2444,1212,3152,1945,1402,2032,2442,1219,3149,1944,1406
30.721569217999786,2038,2448,1211,3152,1948,1402,2031,2442,1219,3149,1944,1406
30.731569456000216,2042,2451,1209,3151,1953,1402,2031,2444,1219,3149,1945,1406
30.741646229000253,2046,2453,1209,3149,1956,1402,2030,2446,1219,3149,1945,1406
30.751790379999875,2049,2455,1208,3148,1959,1402,2030,2449,1219,3149,1945,1406
30.76124206300119,2051,2456,1208,3147,1961,1402,2030,2451,1219,3149,1945,1406
30.771196626001256,2051,2458,1208,3146,1962,1402,2032,2454,1219,3149,1946,1406
30.781718569000077,2051,2461,1208,3146,1962,1402,2034,2457,1219,3149,1949,1406
30.791701756001203,2050,2463,1208,3146,1961,1402,2035,2459,1219,3149,1951,1406
30.801744364000115,2048,2465,1208,3146,1960,1402,2037,2461,1219,3149,1954,1406
30.811217538001074,2045,2466,1209,3146,1960,1402,2038,2463,1219,3149,1956,1406
30.821198740999534,2043,2467,1209,3146,1961,1402,2040,2465,1220,3149,1956,1406
30.83172646499952,2041,2466,1210,3146,1964,1402,2043,2468,1220,3149,1955,1406
30.84121128100014,2038,2465,1211,3146,1967,1402,2044,2471,1220,3149,1954,1406
30.851197564001268,2036,2463,1211,3146,1972,1402,2045,2472,1220,3149,1954,1406
30.861195719000534,2035,2462,1211,3146,1976,1402,2045,2473,1220,3149,1954,1406
30.871210565001093,2034,2461,1210,3146,1978,1402,2045,2474,1220,3149,1956,1406
30.881202227001268,2034,2461,1208,3146,1980,1402,2046,2474,1220,3149,1958,1406
30.891738287000408,2034,2461,1205,3146,1980,1402,2046,2474,1220,3149,1961,1406
30.901246097000694,2035,2461,1202,3147,1979,1402,2046,2475,1220,3149,1963,1406
30.91123865100053,2036,2462,1198,3147,1976,1402,2045,2475,1220,3149,1966,1406
30.92124218600111,2037,2462,1194,3148,1974,1402,2044,2475,1220,3149,1968,1406
30.93121152599997,2037,2462,1192,3148,1972,1402,2043,2475,1220,3149,1970,1406
30.941745091000485,2035,2460,1192,3148,1970,1402,2042,2474,1220,3149,1970,1406
30.95121503900009,2033,2458,1192,3148,1969,1402,2040,2474,1218,3149,1970,1406
30.96121449600105,2030,2455,1194,3147,1969,1402,2040,2474,1217,3149,1970,1406
30.971210798001266,2026,2452,1196,3146,1970,1402,2039,2474,1216,3149,1970,1406
30.981197471000996,2024,2450,1198,3146,1970,1402,2038,2474,1216,3149,1970,1406
30.991193141000622,2022,2450,1198,3145,1971,1402,2037,2474,1216,3149,1970,1406
31.001216202999785,2020,2451,1199,3145,1972,1402,2037,2474,1216,3149,1970,1406
31.01121091099958,2020,2454,1198,3145,1973,1402,2037,2474,1216,3149,1970,1406
31.021698378999645,2020,2457,1197,3145,1974,1402,2036,2474,1216,3149,1970,1406
31.031744264000736,2021,2462,1194,3145,1975,1402,2035,2474,1216,3149,1970,1406
31.041191790000084,2022,2468,1191,3145,1976,1402,2034,2474,1216,3149,1970,1406
31.0512164440006,2024,2474,1188,3145,1977,1402,2033,2474,1216,3149,1970,1406
31.061242883000887,2026,2479,1185,3145,1978,1402,2032,2474,1216,3149,1970,1406
31.071237440000914,2027,2482,1183,3144,1978,1402,2032,2475,1216,3149,1971,1406
31.081215307000093,2028,2484,1181,3144,1978,1402,2032,2477,1214,3149,1972,1406
31.091211678000036,2029,2485,1180,3144,1978,1402,2031,2480,1213,3149,1972,1406
31.101720176000526,2030,2484,1179,3143,1977,1402,2030,2482,1211,3149,1973,1406
31.11121015200115,2030,2483,1178,3143,1976,1402,2029,2485,1209,3149,1974,1406
31.121242541001266,2030,2479,1178,3142,1975,1402,2028,2487,1208,3149,1974,1406
31.131238932999622,2030,2475,1178,3141,1974,1402,2027,2489,1207,3149,1974,1406
31.1412907490012,2030,2469,1179,3140,1972,1402,2027,2490,1206,3148,1974,1406
31.15136835300109,2030,2462,1180,3139,1972,1402,2026,2491,1206,3148,1973,1406
31.161612421999962,2030,2456,1182,3138,1972,1402,2026,2491,1206,3148,1973,1406
31.171195533999708,2030,2451,1183,3137,1972,1402,2026,2491,1206,3148,1973,1406
31.18119415900037,2030,2448,1184,3137,1973,1402,2026,2492,1206,3148,1973,1406
31.1912088450008,2030,2446,1185,3136,1974,1402,2026,2492,1206,3148,1974,1406
31.20142231600039,2029,2445,1186,3136,1974,1402,2027,2491,1206,3147,1974,1406
31.211472900000444,2028,2446,1186,3136,1973,1402,2028,2490,1205,3146,1974,1406
31.221495720999883,2027,2447,1185,3136,1973,1402,2028,2490,1205,3145,1974,1406
31.231486702999973,2025,2451,1185,3135,1971,1402,2029,2489,1205,3144,1974,1406
31.241539861001,2022,2455,1183,3135,1970,1402,2030,2488,1204,3143,1974,1406
31.25156263200006,2020,2460,1181,3135,1969,1402,2030,2488,1204,3142,1974,1406
31.26156779000121,2019,2464,1179,3135,1969,1402,2031,2488,1204,3142,1974,1406
31.271567797999523,2018,2466,1176,3136,1971,1402,2031,2488,1204,3142,1974,1406
31.281572726000377,2019,2468,1174,3136,1974,1402,2031,2488,1204,3142,1974,1406
31.291566121999494,2020,2469,1171,3136,1977,1402,2031,2488,1203,3142,1974,1406
31.30160294000052,2021,2469,1170,3135,1978,1402,2030,2489,1202,3142,1974,1406
31.311617986000783,2021,2469,1170,3135,1979,1402,2029,2490,1201,3142,1974,1406
31.3215662470011,2022,2468,1170,3133,1978,1402,2029,2490,1201,3142,1974,1406
31.33157350900001,2023,2467,1171,3132,1976,1402,2029,2490,1200,3142,1974,1406
31.34159651000118,2023,2466,1172,3132,1973,1402,2027,2490,1200,3142,1974,1406
31.352490115001274,2023,2466,1173,3132,1971,1402,2027,2490,1200,3142,1974,1406
31.361467292999805,2024,2467,1173,3133,1970,1402,2026,2490,1199,3141,1974,1406
31.37123674600116,2024,2468,1173,3135,1969,1402,2026,2490,1199,3140,1975,1406
31.381242145000215,2025,2469,1173,3137,1969,1402,2025,2490,1199,3139,1975,1406
31.391363902001103,2025,2471,1172,3139,1969,1402,2025,2489,1199,3139,1974,1406
31.401836102000743,2026,2471,1172,3140,1970,1402,2025,2489,1199,3139,1973,1406
31.41147740300039,2026,2472,1171,3140,1970,1402,2025,2489,1198,3139,1973,1406
31.42129481700067,2026,2471,1171,3139,1970,1402,2025,2489,1198,3139,1973,1406
31.431287802000952,2027,2471,1172,3138,1969,1402,2025,2489,1197,3139,1973,1406
31.44121514300059,2027,2470,1172,3135,1969,1402,2026,2489,1196,3139,1973,1406
31.452213475000462,2027,2468,1172,3132,1969,1402,2026,2489,1196,3139,1973,1406
31.46163918900129,2027,2466,1172,3129,1969,1402,2027,2489,1196,3139,1973,1406
31.471667742000136,2027,2464,1172,3128,1970,1402,2028,2490,1196,3138,1973,1406
31.48166246999972,2027,2462,1172,3127,1971,1402,2028,2490,1196,3137,1974,1406
31.491644865000126,2026,2460,1171,3127,1972,1402,2029,2490,1196,3136,1974,1406
31.50168130200109,2026,2458,1170,3128,1974,1402,2029,2490,1196,3135,1974,1406
31.511691169000187,2026,2456,1169,3130,1977,1402,2029,2490,1196,3134,1974,1406
31.521267187001285,2025,2454,1168,3133,1980,1402,2029,2490,1196,3134,1974,1406
31.53128975800064,2024,2452,1168,3136,1983,1402,2029,2490,1195,3133,1974,1406
31.541211018000467,2023,2451,1170,3138,1985,1402,2029,2490,1195,3133,1974,1406
31.551191990000007,2022,2451,1172,3139,1986,1402,2029,2489,1195,3133,1974,1406
31.561190645999886,2021,2452,1176,3140,1987,1402,2029,2489,1195,3134,1975,1406
31.571209388999705,2021,2453,1181,3139,1987,1402,2029,2489,1195,3135,1976,1406
31.58119297600024,2020,2454,1187,3139,1986,1402,2028,2489,1195,3137,1978,1406
31.591697736999777,2020,2455,1191,3138,1985,1402,2028,2489,1195,3137,1980,1406
31.601742209000804,2020,2455,1194,3138,1984,1402,2027,2489,1195,3137,1982,1406
31.61119979400064,2021,2455,1196,3138,1983,1402,2027,2489,1195,3137,1983,1406
31.62169043799986,2022,2454,1196,3138,1981,1402,2026,2489,1196,3137,1983,1406
31.63166670099963,2024,2453,1194,3140,1979,1402,2026,2489,1198,3137,1982,1406
31.64169916100036,2027,2452,1191,3142,1977,1402,2026,2489,1200,3137,1982,1406
31.65119755300111,2029,2450,1187,3144,1975,1402,2026,2489,1201,3137,1981,1406
31.661244218999855,2030,2450,1184,3146,1974,1402,2026,2489,1201,3138,1981,1406
31.671238095999797,2031,2450,1181,3148,1972,1402,2026,2489,1201,3138,1981,1406
31.681207366000308,2030,2452,1179,3150,1971,1402,2026,2490,1201,3139,1980,1406
31.69121355599964,2029,2454,1178,3151,1971,1402,2026,2490,1201,3140,1978,1406
31.701199117000215,2026,2458,1177,3152,1971,1402,2026,2490,1201,3142,1976,1406
31.711209664999842,2023,2462,1178,3153,1970,1402,2026,2490,1201,3143,1976,1406
31.721208180000758,2020,2465,1179,3154,1970,1402,2026,2490,1201,3145,1975,1406
31.73119403199962,2018,2466,1180,3154,1970,1402,2026,2490,1201,3146,1975,1406
31.741190984999776,2017,2466,1182,3153,1970,1402,2026,2490,1201,3147,1975,1406
31.75121816399951,2016,2465,1183,3152,1970,1402,2026,2489,1201,3147,1974,1406
31.76120863399956,2016,2463,1185,3151,1969,1402,2026,2489,1200,3148,1974,1406
31.77121018500111,2017,2459,1187,3149,1969,1402,2025,2489,1200,3149,1973,1406
31.781197690001136,2018,2454,1190,3147,1969,1402,2025,2489,1200,3149,1973,1406
31.791214310000214,2019,2448,1193,3145,1969,1402,2024,2489,1200,3149,1973,1406
31.801212495000073,2020,2443,1196,3143,1970,1402,2024,2489,1200,3148,1973,1406
31.811190420999992,2021,2438,1199,3141,1971,1402,2023,2489,1200,3148,1973,1406
31.821237829000893,2021,2436,1202,3139,1973,1402,2023,2489,1200,3148,1974,1406
31.831207540000833,2020,2434,1206,3138,1976,1402,2022,2489,1201,3148,1975,1406
31.841664019000746,2018,2434,1210,3137,1981,1402,2022,2489,1203,3148,1975,1406
31.851768615000765,2015,2434,1214,3136,1985,1402,2021,2489,1205,3148,1975,1406
31.861208756999986,2013,2436,1217,3135,1989,1402,2021,2488,1207,3146,1976,1406
31.871190300000308,2011,2438,1220,3135,1992,1402,2021,2488,1208,3145,1976,1406
31.881735527000274,2011,2440,1221,3134,1994,1402,2021,2488,1211,3144,1977,1406
31.89120923200062,2010,2442,1222,3134,1994,1402,2021,2487,1213,3143,1977,1406
31.901216854999802,2011,2443,1223,3134,1993,1402,2021,2487,1215,3142,1979,1406
31.911243904000003,2013,2444,1223,3133,1990,1402,2020,2487,1218,3142,1981,1406
31.921260193001217,2015,2446,1222,3133,1987,1402,2020,2487,1220,3141,1984,1406
31.931212802001028,2018,2447,1220,3133,1982,1402,2020,2487,1221,3141,1985,1406
31.941193132999615,2021,2448,1218,3133,1977,1402,2020,2487,1222,3140,1986,1406
31.95179834299961,2024,2449,1215,3133,1974,1402,2020,2487,1222,3140,1986,1406
31.96121026200126,2026,2450,1213,3133,1972,1402,2020,2488,1222,3140,1985,1406
31.971212905000357,2027,2451,1210,3134,1971,1402,2019,2488,1222,3140,1985,1406
31.98121147100028,2027,2452,1207,3135,1971,1402,2019,2488,1223,3139,1984,1406
31.99120889400001,2027,2454,1204,3137,1972,1402,2019,2488,1223,3138,1982,1406
32.00136831300006,2026,2455,1200,3139,1975,1402,2019,2488,1223,3138,1979,1406
32.011361569000655,2023,2457,1197,3141,1979,1402,2019,2488,1223,3138,1977,1406
32.02126198900078,2021,2459,1193,3143,1983,1402,2019,2488,1223,3138,1976,1406
32.031207414000164,2018,2460,1191,3145,1986,1402,2020,2488,1222,3138,1976,1406
32.04121383399979,2016,2460,1189,3145,1988,1402,2020,2487,1221,3138,1977,1406
32.05174262000037,2014,2460,1188,3146,1989,1402,2021,2487,1219,3138,1978,1406
32.06174200700116,2012,2459,1187,3146,1989,1402,2022,2487,1218,3139,1979,1406
32.07121305700093,2010,2458,1188,3145,1987,1402,2023,2487,1216,3140,1981,1406
32.081165716001124,2008,2456,1188,3144,1984,1402,2023,2487,1214,3141,1982,1406
32.09148581900081,2007,2453,1189,3143,1980,1402,2022,2487,1214,3142,1983,1406
32.10151526200025,2007,2451,1188,3141,1976,1402,2022,2487,1214,3142,1983,1406
32.11148946200046,2007,2450,1188,3141,1973,1402,2021,2487,1214,3142,1983,1406
32.12168988800113,2008,2450,1185,3141,1972,1402,2020,2487,1214,3142,1983,1406
32.13167020900073,2009,2451,1182,3142,1972,1402,2020,2487,1214,3142,1981,1406
32.14141311200001,2010,2453,1177,3144,1972,1402,2020,2487,1214,3142,1980,1406
32.15170606300126,2012,2455,1171,3145,1973,1402,2018,2487,1213,3142,1980,1406
32.16121049600042,2014,2456,1166,3147,1974,1402,2017,2487,1213,3142,1980,1406
32.17119425400051,2015,2457,1162,3148,1973,1402,2015,2487,1212,3142,1979,1406
32.18173319900052,2016,2456,1160,3148,1972,1402,2014,2487,1209,3142,1979,1406
32.191472365000664,2017,2456,1159,3148,1970,1402,2014,2487,1207,3143,1978,1406
32.20159929300098,2017,2456,1159,3147,1970,1402,2014,2487,1203,3143,1978,1406
32.211647481999535,2018,2457,1160,3145,1970,1402,2014,2487,1200,3143,1978,1406
32.22164626800077,2019,2459,1162,3144,1972,1402,2014,2487,1198,3144,1977,1406
32.2316367880012,2020,2462,1164,3142,1975,1402,2014,2487,1195,3144,1976,1406
32.24163731699991,2021,2466,1167,3140,1979,1402,2014,2487,1194,3144,1975,1406
32.25172117399961,2023,2469,1170,3138,1983,1402,2015,2487,1193,3144,1975,1406
32.2611924440007,2023,2472,1173,3137,1986,1402,2016,2487,1192,3144,1974,1406
32.27121003600041,2024,2473,1175,3136,1987,1402,2017,2487,1192,3144,1974,1406
32.28173631699974,2024,2473,1176,3135,1988,1402,2019,2487,1192,3144,1975,1406
32.29147308900065,2024,2471,1177,3135,1987,1402,2019,2487,1192,3143,1977,1406
32.30163221700059,2024,2469,1178,3135,1985,1402,2020,2487,1192,3142,1978,1406
32.31163960900085,2023,2466,1177,3135,1982,1402,2020,2487,1192,3141,1980,1406
32.321668913000394,2022,2462,1175,3136,1978,1402,2020,2487,1192,3140,1981,1406
32.33166211800017,2021,2460,1173,3137,1975,1402,2020,2488,1192,3140,1981,1406
32.34160998799962,2021,2459,1171,3138,1974,1402,2020,2488,1192,3140,1980,1406
32.35164504200111,2021,2459,1168,3139,1973,1402,2020,2489,1192,3140,1979,1406
32.3616654489997,2021,2461,1164,3141,1973,1402,2020,2489,1193,3140,1979,1406
32.37169293900115,2021,2463,1161,3142,1975,1402,2020,2489,1193,3140,1979,1406
32.38169455000025,2022,2467,1157,3144,1977,1402,2019,2489,1193,3140,1978,1406
32.39166545400076,2023,2473,1152,3146,1981,1402,2019,2489,1193,3140,1978,1406
32.40207480400022,2024,2478,1147,3148,1984,1402,2018,2488,1192,3140,1978,1406
32.41154776800067,2026,2483,1143,3149,1988,1402,2018,2488,1190,3140,1978,1406
32.42151865100095,2027,2487,1140,3150,1990,1402,2018,2488,1188,3141,1978,1406
32.43151489199954,2027,2489,1138,3151,1991,1402,2018,2488,1185,3142,1979,1406
32.44136169200101,2028,2489,1137,3152,1992,1402,2018,2489,1181,3143,1979,1406
32.451515619999554,2029,2489,1137,3152,1992,1402,2018,2491,1178,3144,1980,1406
32.46151792300043,2029,2487,1137,3153,1990,1402,2018,2494,1174,3145,1982,1406
32.471665119001045,2029,2483,1139,3152,1988,1402,2018,2495,1170,3146,1983,1406
32.48118871800034,2030,2479,1140,3152,1985,1402,2019,2497,1169,3147,1984,1406
32.49120989600124,2030,2474,1142,3151,1982,1402,2019,2497,1167,3148,1985,1406
32.501593869001226,2030,2469,1143,3150,1978,1402,2020,2498,1167,3148,1985,1406
32.51161678999961,2030,2466,1144,3149,1976,1402,2021,2498,1167,3148,1985,1406
32.521638520000124,2030,2463,1144,3148,1974,1402,2022,2498,1167,3148,1986,1406
32.53163523200055,2030,2462,1142,3146,1973,1402,2024,2499,1167,3148,1986,1406
32.54129487800128,2030,2463,1140,3144,1973,1402,2025,2499,1167,3148,1985,1406
32.55136999699971,2030,2464,1138,3142,1973,1402,2026,2499,1167,3148,1983,1406
32.56147016500108,2029,2467,1136,3140,1973,1402,2028,2499,1167,3148,1980,1406
32.571662626000034,2029,2470,1135,3138,1973,1402,2028,2499,1167,3148,1979,1406
32.58163723600046,2028,2473,1136,3137,1973,1402,2029,2499,1167,3148,1978,1406
32.591664035000576,2027,2475,1138,3136,1972,1402,2029,2498,1166,3148,1977,1406
32.601707525000165,2025,2476,1141,3135,1971,1402,2029,2498,1165,3147,1977,1406
32.61120806100007,2023,2478,1146,3134,1969,1402,2029,2498,1164,3146,1976,1406
32.621715586999926,2022,2479,1152,3134,1967,1402,2029,2498,1163,3144,1976,1406
32.631742326000676,2020,2480,1157,3135,1966,1402,2029,2498,1163,3143,1976,1406
32.64120776500022,2020,2480,1161,3136,1965,1402,2029,2498,1163,3142,1976,1406
32.65119144300115,2019,2480,1164,3137,1965,1402,2029,2498,1163,3142,1976,1406
32.66128946600111,2020,2479,1165,3139,1966,1402,2028,2498,1164,3141,1976,1406
32.671294192999994,2020,2478,1164,3141,1967,1402,2027,2498,1165,3141,1974,1406
32.681288801000846,2022,2477,1162,3143,1969,1402,2026,2498,1167,3141,1973,1406
32.691673104000074,2024,2475,1159,3146,1972,1402,2025,2498,1169,3141,1972,1406
32.7017669199995,2026,2474,1155,3149,1975,1402,2025,2498,1170,3141,1972,1406
32.71120896499997,2028,2473,1152,3150,1978,1402,2024,2498,1170,3141,1972,1406
32.72168951999993,2029,2473,1149,3151,1979,1402,2024,2498,1170,3141,1972,1406
32.731662977999804,2030,2473,1148,3151,1979,1402,2024,2498,1170,3142,1972,1406
32.74166353700093,2031,2474,1148,3150,1979,1402,2024,2498,1170,3144,1972,1406
32.75170948199957,2031,2475,1149,3148,1977,1403,2024,2498,1170,3146,1975,1406
32.76119417799964,2030,2477,1151,3144,1975,1403,2024,2498,1170,3146,1976,1406
32.771367733999796,2029,2479,1153,3140,1971,1403,2025,2498,1170,3146,1976,1406
32.78136273200107,2027,2481,1156,3137,1967,1403,2025,2498,1170,3146,1976,1406
32.791692542999954,2026,2481,1157,3134,1964,1403,2026,2498,1170,3146,1976,1406
32.80173959000058,2025,2481,1158,3132,1961,1402,2026,2498,1170,3146,1976,1406
32.81173880700044,2023,2479,1157,3130,1959,1400,2026,2498,1170,3145,1975,1406
32.82166266100103,2022,2477,1156,3130,1957,1399,2026,2498,1170,3143,1973,1406
32.831613807000394,2021,2474,1153,3131,1956,1397,2026,2498,1170,3141,1971,1406
32.84146360200066,2021,2471,1152,3132,1955,1397,2027,2498,1170,3139,1968,1406
32.851415238999834,2020,2469,1151,3133,1955,1398,2027,2498,1170,3138,1964,1405
32.861467325001286,2019,2467,1150,3134,1956,1399,2027,2498,1170,3138,1963,1404
32.87156705199959,2019,2467,1151,3134,1956,1401,2027,2498,1170,3137,1962,1403
32.88156714999968,2018,2467,1153,3135,1956,1404,2027,2498,1170,3137,1962,1403
32.89123603400003,2018,2468,1155,3136,1957,1408,2027,2498,1170,3137,1962,1403
32.90136848200018,2017,2469,1158,3136,1958,1413,2026,2498,1170,3137,1962,1403
32.911471004001214,2016,2471,1161,3136,1958,1419,2026,2498,1170,3138,1963,1403
32.92151273000127,2016,2474,1165,3136,1959,1426,2025,2498,1170,3138,1963,1403
32.9315368839998,2016,2476,1168,3136,1960,1433,2025,2498,1170,3138,1964,1403
32.94159312800002,2015,2479,1170,3136,1961,1440,2024,2498,1170,3138,1964,1405
32.95129520500086,2016,2482,1171,3136,1961,1446,2024,2498,1170,3138,1964,1408
32.96154189800109,2016,2484,1171,3136,1961,1451,2023,2498,1170,3138,1963,1412
32.97163987100066,2016,2486,1169,3136,1961,1456,2023,2498,1172,3138,1962,1416
32.981635440999526,2017,2488,1166,3136,1961,1459,2023,2498,1173,3138,1962,1420
32.99169088400049,2018,2489,1161,3136,1961,1463,2023,2498,1174,3138,1964,1425
33.00180717100011,2019,2490,1155,3136,1961,1465,2022,2498,1174,3138,1964,1429
33.01129331999982,2020,2491,1148,3137,1960,1467,2022,2498,1174,3138,1964,1433
33.02135963299952,2021,2491,1142,3137,1960,1469,2022,2498,1174,3138,1964,1437
33.03135745700092,2022,2490,1136,3138,1959,1469,2022,2499,1174,3138,1964,1442
33.04156891400089,2023,2490,1132,3139,1959,1469,2022,2500,1173,3138,1964,1445
33.05172865399982,2023,2488,1129,3140,1958,1469,2022,2501,1172,3138,1964,1448
33.06119336200027,2022,2487,1127,3142,1958,1468,2023,2501,1170,3138,1964,1451
33.07164323899997,2022,2485,1127,3143,1958,1467,2023,2501,1168,3138,1964,1453
33.081638088000545,2021,2483,1129,3145,1958,1465,2023,2501,1166,3138,1964,1454
33.09157050900103,2019,2480,1132,3148,1958,1463,2023,2501,1164,3138,1963,1455
33.10160082400034,2018,2478,1136,3150,1957,1462,2023,2501,1162,3138,1963,1456
33.11163622899949,2016,2476,1140,3151,1957,1460,2023,2501,1161,3139,1962,1456
33.12179354399996,2016,2476,1143,3152,1956,1460,2023,2501,1160,3140,1962,1457
33.131389399999534,2016,2477,1145,3151,1955,1460,2023,2500,1160,3142,1962,1457
33.141662493000695,2016,2480,1146,3150,1954,1462,2023,2500,1160,3143,1962,1457
33.15172094100126,2017,2483,1145,3148,1952,1464,2023,2499,1160,3145,1962,1457
33.16168934000052,2019,2487,1144,3146,1950,1467,2023,2499,1159,3145,1962,1457
33.17136318300072,2020,2491,1143,3143,1948,1472,2023,2499,1159,3145,1963,1457
33.1813833289998,2022,2496,1141,3139,1947,1476,2022,2499,1159,3145,1963,1458
33.191566513,2024,2500,1140,3136,1945,1482,2022,2500,1159,3145,1961,1459
33.2015940729998,2026,2503,1140,3134,1944,1487,2021,2501,1159,3145,1959,1461
33.21161553099955,2027,2504,1141,3133,1944,1493,2021,2503,1159,3145,1957,1463
33.2216944390002,2028,2505,1144,3132,1944,1499,2021,2505,1159,3144,1955,1466
33.23171867200108,2028,2504,1148,3131,1945,1506,2021,2508,1159,3142,1953,1469
33.24173478100056,2028,2502,1153,3131,1946,1512,2022,2510,1159,3140,1952,1473
33.251747042000716,2028,2499,1158,3132,1947,1518,2023,2512,1159,3139,1950,1477
33.26118995900106,2028,2496,1163,3132,1948,1524,2023,2513,1159,3138,1950,1480
33.2716625890007,2028,2494,1168,3132,1949,1528,2024,2513,1160,3138,1950,1485
33.281633792999855,2029,2492,1171,3132,1949,1532,2025,2514,1162,3137,1950,1490
33.29166186400107,2029,2490,1173,3132,1948,1534,2026,2514,1164,3137,1949,1495
33.301685776999875,2030,2489,1175,3132,1948,1536,2026,2514,1167,3137,1949,1500
33.31166169000062,2030,2488,1175,3131,1947,1537,2027,2514,1170,3136,1950,1504
33.32166227900052,2030,2488,1173,3132,1946,1537,2027,2514,1172,3136,1950,1508
33.33160676300031,2030,2488,1171,3133,1945,1536,2027,2514,1174,3136,1949,1512
33.34164049500032,2028,2489,1168,3136,1946,1535,2027,2514,1175,3136,1948,1515
33.351664859001176,2027,2489,1165,3139,1946,1534,2027,2514,1176,3136,1948,1518
33.361610755000584,2024,2490,1161,3142,1947,1533,2027,2514,1176,3136,1947,1520
33.37168865999956,2022,2490,1158,3146,1948,1532,2027,2514,1176,3136,1947,1521
33.38166706800075,2020,2491,1155,3148,1949,1531,2027,2514,1176,3136,1947,1522
33.391736297000534,2018,2492,1153,3150,1949,1530,2027,2514,1176,3137,1948,1523
33.40121191500111,2017,2492,1151,3151,1949,1529,2027,2514,1176,3138,1948,1523
33.41126596600043,2017,2494,1150,3150,1948,1529,2026,2514,1176,3140,1948,1524
33.42126491199997,2017,2495,1149,3149,1947,1529,2025,2514,1176,3143,1948,1524
33.431212610999864,2017,2495,1149,3147,1945,1529,2024,2514,1175,3144,1948,1524
33.44174000400017,2018,2495,1150,3145,1943,1531,2023,2514,1175,3144,1949,1524
33.45121109499996,2019,2493,1151,3143,1940,1534,2023,2514,1175,3144,1949,1524
33.46136599500096,2021,2491,1153,3142,1938,1537,2023,2514,1175,3144,1949,1524
33.47146957900077,2023,2488,1155,3141,1935,1542,2023,2514,1175,3144,1948,1524
33.48148516600122,2025,2483,1157,3140,1932,1547,2022,2514,1175,3144,1947,1524
33.49164872300025,2027,2479,1160,3140,1930,1552,2022,2514,1175,3144,1946,1526
33.501740143999996,2029,2474,1162,3140,1927,1556,2022,2514,1175,3144,1944,1528
33.51147196599959,2030,2470,1164,3141,1926,1560,2022,2514,1175,3144,1942,1531
33.52153828900009,2031,2467,1165,3141,1924,1563,2022,2514,1175,3144,1941,1534
33.531538478000584,2033,2464,1167,3141,1923,1564,2022,2514,1175,3144,1939,1537
33.541668961999676,2033,2461,1168,3142,1922,1565,2022,2514,1175,3144,1937,1541
33.553827493000426,2034,2460,1168,3143,1922,1565,2023,2513,1175,3144,1935,1545
33.561361117999695,2034,2459,1169,3143,1922,1565,2024,2513,1175,3144,1933,1547
33.57161195899971,2035,2458,1169,3144,1922,1563,2025,2513,1175,3144,1932,1549
33.58172580199971,2035,2458,1168,3144,1923,1560,2026,2513,1175,3144,1931,1551
33.591473975000554,2035,2459,1168,3144,1924,1557,2027,2512,1175,3144,1930,1552
33.6017420090011,2034,2460,1167,3145,1925,1552,2028,2512,1175,3144,1929,1553
33.61123383800077,2034,2461,1166,3145,1927,1547,2029,2512,1175,3144,1928,1553
33.62147478100087,2033,2464,1166,3145,1928,1542,2030,2512,1175,3144,1928,1553
33.631465591999586,2033,2466,1165,3145,1930,1537,2032,2512,1175,3144,1928,1552
33.64136111300104,2032,2468,1165,3144,1931,1533,2033,2512,1175,3144,1928,1550
33.65137434600001,2032,2470,1165,3144,1933,1530,2034,2512,1175,3144,1928,1549
33.66146346300047,2032,2471,1165,3143,1934,1528,2034,2512,1175,3144,1927,1547
33.671463982000205,2032,2473,1166,3142,1935,1527,2034,2512,1175,3144,1927,1544
33.68148983900028,2032,2474,1166,3140,1936,1526,2034,2512,1175,3144,1927,1541
33.69153544300025,2032,2475,1168,3139,1936,1527,2034,2512,1175,3144,1927,1539
33.70162878700103,2032,2476,1170,3137,1937,1528,2034,2512,1175,3144,1927,1537
33.7116110120005,2032,2476,1172,3134,1937,1531,2034,2512,1175,3144,1928,1535
33.7216925140001,2033,2477,1174,3132,1938,1534,2034,2512,1175,3144,1929,1534
33.731690657999934,2033,2477,1178,3129,1938,1538,2034,2512,1175,3144,1930,1534
33.74173711399999,2034,2477,1181,3127,1938,1541,2034,2512,1176,3143,1931,1534
33.75121037899953,2035,2477,1184,3124,1938,1545,2033,2512,1177,3141,1932,1534
33.76121197000066,2035,2477,1187,3123,1938,1547,2033,2512,1178,3139,1933,1535
33.77136000700011,2035,2477,1189,3122,1938,1549,2032,2512,1179,3137,1933,1536
33.7813886189997,2036,2477,1191,3121,1938,1550,2032,2511,1181,3135,1933,1538
33.7914645109995,2036,2477,1193,3121,1938,1549,2032,2511,1183,3134,1933,1539
33.80152258800081,2036,2477,1194,3122,1938,1548,2031,2511,1186,3132,1933,1541
33.81150959200022,2036,2477,1195,3123,1938,1546,2031,2511,1188,3131,1933,1542
33.82156782000129,2035,2477,1196,3124,1938,1543,2031,2511,1191,3130,1933,1543
33.83156197700009,2035,2477,1196,3126,1939,1539,2031,2511,1193,3130,1934,1543
33.84121024200067,2035,2478,1196,3129,1939,1535,2031,2511,1194,3130,1933,1543
33.85161644599975,2034,2479,1195,3131,1940,1529,2032,2512,1196,3130,1933,1542
33.86169430100017,2033,2480,1193,3134,1940,1524,2032,2512,1196,3130,1934,1541
33.87166929200066,2033,2482,1189,3137,1941,1518,2033,2512,1196,3130,1934,1540
33.881665634000456,2032,2484,1184,3140,1942,1514,2033,2512,1196,3131,1934,1538
33.89169057900108,2031,2487,1178,3142,1942,1511,2034,2512,1196,3132,1934,1536
33.901871038000536,2030,2489,1171,3144,1943,1508,2034,2512,1196,3133,1934,1533
33.91135969100105,2030,2491,1164,3145,1942,1507,2034,2512,1196,3134,1934,1531
33.921715511,2030,2491,1158,3146,1941,1506,2034,2512,1196,3135,1934,1530
33.93135748300119,2029,2491,1154,3147,1940,1505,2034,2512,1195,3137,1935,1526
33.94141720399966,2029,2489,1151,3148,1937,1504,2034,2512,1193,3139,1936,1523
33.95180790999984,2030,2486,1149,3149,1934,1502,2034,2512,1190,3140,1936,1519
33.96129313600068,2030,2481,1149,3149,1930,1501,2034,2512,1188,3141,1936,1516
33.971358949000205,2031,2476,1150,3150,1925,1500,2034,2512,1185,3141,1936,1514
33.98136408699975,2031,2471,1152,3151,1922,1498,2034,2512,1182,3143,1935,1514
33.99166069400053,2032,2468,1154,3151,1920,1497,2034,2512,1181,3143,1935,1512
34.00173995200021,2032,2466,1158,3151,1919,1496,2034,2512,1179,3144,1934,1510
34.01118629600023,2033,2465,1162,3150,1919,1495,2033,2512,1179,3145,1933,1510
34.02120590100094,2034,2465,1166,3150,1921,1494,2033,2512,1179,3145,1931,1509
34.03172343500046,2034,2466,1170,3149,1923,1493,2033,2512,1179,3146,1929,1508
34.041205145000276,2034,2468,1173,3149,1925,1493,2033,2512,1179,3146,1927,1506
34.05118900300113,2033,2470,1174,3149,1926,1493,2033,2511,1179,3147,1926,1504
34.061208859000544,2033,2472,1174,3150,1927,1494,2033,2511,1179,3147,1925,1503
34.07168637799987,2031,2474,1172,3151,1926,1495,2033,2511,1179,3147,1925,1502
34.08165752199966,2030,2475,1169,3152,1924,1497,2033,2511,1180,3147,1925,1501
34.09157080600016,2028,2477,1165,3154,1920,1498,2034,2511,1181,3147,1925,1500
34.10166536299948,2026,2478,1159,3155,1916,1501,2034,2511,1181,3147,1925,1498
34.11168748300042,2024,2480,1152,3157,1910,1502,2034,2512,1181,3147,1925,1498
34.12171808800122,2022,2481,1147,3159,1906,1503,2034,2512,1181,3147,1924,1498
34.13118626300093,2021,2482,1142,3159,1902,1504,2034,2512,1181,3148,1922,1498
34.141205326999625,2021,2483,1139,3159,1899,1503,2034,2512,1181,3149,1921,1498
34.15121236900086,2021,2484,1137,3159,1897,1501,2034,2512,1180,3151,1919,1498
34.161260287000914,2021,2485,1137,3158,1896,1499,2033,2512,1178,3152,1918,1498
34.171362238001166,2023,2486,1137,3156,1895,1495,2032,2512,1175,3153,1915,1498
34.18135675600024,2024,2488,1139,3153,1895,1492,2031,2512,1172,3154,1911,1497
34.19163899600062,2025,2489,1140,3151,1897,1490,2031,2512,1170,3154,1908,1497
34.20163980600046,2026,2490,1142,3149,1898,1488,2030,2512,1169,3154,1906,1496
34.21163323200017,2027,2492,1144,3147,1900,1488,2029,2512,1168,3154,1905,1496
34.22166802600077,2027,2493,1145,3145,1901,1488,2028,2511,1167,3154,1904,1496
34.23165974800031,2027,2495,1146,3144,1903,1489,2027,2511,1167,3154,1904,1496
34.24163789500017,2027,2497,1147,3143,1906,1491,2027,2511,1167,3154,1905,1495
34.2520458630006,2027,2499,1148,3142,1908,1494,2026,2511,1167,3153,1905,1494
34.26154350300021,2026,2501,1148,3142,1910,1498,2026,2511,1167,3152,1905,1493
34.27156233700043,2025,2503,1148,3142,1912,1502,2026,2511,1167,3151,1905,1493
34.28150764200109,2024,2505,1147,3142,1915,1508,2026,2511,1167,3150,1905,1493
34.29153886899985,2022,2508,1146,3142,1918,1514,2026,2512,1167,3149,1905,1493
34.30169163500068,2020,2510,1145,3143,1921,1521,2026,2513,1167,3148,1906,1493
34.31174115700014,2018,2514,1144,3143,1924,1529,2026,2513,1167,3148,1907,1495
34.32120527400002,2016,2517,1142,3144,1927,1538,2027,2515,1167,3148,1907,1498
34.331185084000026,2014,2520,1141,3145,1930,1546,2028,2517,1167,3148,1909,1501
34.34146950899958,2012,2523,1139,3146,1933,1554,2028,2519,1167,3148,1911,1505
34.35168668699953,2011,2526,1136,3147,1936,1561,2028,2521,1167,3148,1913,1509
34.36177649400088,2010,2529,1134,3149,1939,1567,2027,2523,1167,3148,1916,1514
34.371233888999996,2009,2532,1132,3150,1941,1573,2026,2526,1166,3148,1918,1520
34.38123298500068,2009,2534,1130,3151,1944,1577,2026,2528,1165,3148,1921,1525
34.391361386000426,2009,2537,1128,3152,1946,1581,2025,2531,1164,3149,1924,1531
34.401417520000905,2009,2539,1125,3153,1948,1583,2024,2534,1162,3149,1926,1536
34.41146305300026,2010,2542,1123,3154,1951,1585,2023,2537,1161,3149,1928,1542
34.42153865399996,2011,2544,1120,3155,1953,1586,2021,2540,1159,3149,1931,1548
34.43153868199988,2012,2547,1118,3156,1955,1586,2019,2543,1158,3149,1933,1553
34.441540564001116,2013,2549,1115,3157,1958,1585,2017,2545,1158,3149,1936,1557
34.451665618000334,2014,2551,1113,3158,1960,1584,2016,2548,1156,3149,1938,1561
34.46163388700006,2015,2552,1111,3159,1963,1581,2015,2550,1155,3150,1940,1564
34.47181961500064,2015,2553,1110,3160,1966,1578,2014,2552,1153,3151,1943,1566
34.48129167700063,2014,2553,1109,3160,1969,1575,2014,2554,1151,3152,1946,1567
34.49147256700053,2011,2554,1109,3160,1972,1571,2014,2556,1149,3153,1949,1568
34.50169458399978,2009,2554,1109,3160,1976,1568,2014,2557,1147,3154,1951,1568
34.51166521599953,2007,2554,1110,3160,1978,1566,2014,2558,1145,3154,1952,1568
34.52273578400127,2005,2555,1110,3159,1979,1565,2014,2559,1144,3155,1955,1568
34.53252017600062,2005,2557,1110,3158,1979,1565,2015,2559,1143,3156,1958,1567
34.5415164799997,2005,2559,1110,3157,1979,1566,2016,2560,1142,3156,1961,1566
34.552003998000146,2006,2562,1110,3156,1977,1567,2016,2560,1142,3156,1963,1566
34.56146413799979,2008,2566,1109,3155,1975,1570,2016,2561,1141,3156,1965,1566
34.57148381300067,2011,2570,1108,3154,1972,1573,2016,2562,1141,3156,1967,1566
34.581485443999554,2014,2574,1107,3153,1969,1576,2016,2564,1141,3156,1967,1566
34.59165976100121,2017,2576,1106,3153,1967,1579,2016,2566,1141,3156,1967,1566
34.60179916299967,2019,2578,1107,3153,1966,1582,2015,2569,1140,3156,1967,1566
34.611234494999735,2021,2577,1107,3153,1965,1584,2015,2572,1138,3156,1967,1567
34.62125822800044,2021,2576,1108,3154,1965,1585,2014,2575,1137,3156,1967,1569
34.63128355400113,2022,2573,1110,3154,1965,1586,2014,2578,1136,3156,1967,1572
34.6413589950007,2021,2569,1111,3156,1967,1586,2013,2580,1136,3156,1967,1573
34.65147471099954,2021,2563,1113,3158,1969,1586,2013,2582,1135,3156,1967,1575
34.66151232000084,2020,2558,1114,3160,1972,1584,2013,2582,1135,3156,1967,1577
34.671562714000174,2019,2553,1115,3162,1975,1582,2014,2583,1135,3156,1969,1578
34.68155981600103,2019,2549,1114,3164,1977,1580,2014,2583,1135,3156,1969,1578
34.69159044200023,2018,2546,1111,3166,1980,1577,2015,2583,1135,3156,1970,1578
34.70188789200074,2019,2545,1107,3167,1982,1573,2016,2583,1135,3157,1970,1578
34.71136501299952,2020,2545,1102,3169,1984,1569,2017,2583,1135,3157,1970,1578
34.72146540100039,2021,2546,1095,3171,1986,1564,2019,2583,1135,3158,1970,1577
34.73146097999961,2022,2547,1089,3172,1987,1559,2020,2582,1134,3159,1972,1576
34.74146946499968,2023,2549,1083,3174,1988,1554,2020,2581,1133,3161,1973,1575
34.75175870900057,2023,2550,1079,3174,1989,1550,2021,2581,1130,3163,1975,1573
34.76120542300123,2023,2551,1077,3175,1989,1546,2022,2581,1127,3164,1977,1571
34.77173762500024,2023,2551,1076,3175,1990,1542,2022,2581,1123,3165,1979,1568
34.78118912799982,2023,2551,1076,3175,1990,1539,2022,2581,1119,3166,1980,1566
34.7912853680009,2022,2551,1078,3175,1990,1535,2022,2581,1116,3167,1981,1564
34.80136103900077,2020,2550,1081,3175,1990,1533,2022,2581,1113,3168,1982,1560
34.81146202700074,2019,2548,1084,3175,1989,1532,2022,2581,1111,3168,1983,1557
34.82118632499987,2017,2547,1086,3174,1989,1531,2021,2581,1110,3169,1983,1553
34.83120715299992,2015,2546,1089,3174,1989,1532,2021,2581,1110,3170,1984,1550
34.841185270001006,2013,2545,1091,3174,1989,1533,2020,2581,1110,3171,1984,1547
34.851209734000804,2012,2544,1092,3174,1988,1535,2019,2581,1109,3171,1984,1545
34.861207268000726,2010,2543,1092,3174,1988,1538,2019,2581,1109,3171,1984,1541
34.87122057099987,2009,2543,1090,3174,1988,1541,2018,2581,1109,3171,1984,1540
34.88123229099983,2008,2542,1087,3174,1988,1544,2018,2581,1109,3171,1984,1540
34.89123258000109,2008,2543,1083,3174,1989,1547,2017,2581,1109,3171,1984,1541
34.901637451999704,2009,2543,1077,3175,1989,1549,2017,2581,1109,3171,1984,1542
34.91163673899973,2010,2544,1069,3176,1990,1550,2016,2581,1109,3171,1984,1542
34.921688894999534,2012,2545,1061,3177,1991,1551,2015,2581,1109,3171,1984,1543
34.9317351410009,2015,2547,1051,3178,1993,1552,2015,2581,1108,3172,1984,1544
34.94171662400004,2017,2548,1042,3179,1994,1552,2015,2582,1106,3172,1984,1545
34.951210557001104,2019,2549,1034,3179,1995,1552,2015,2582,1104,3172,1985,1546
34.961206898000455,2021,2551,1028,3180,1996,1552,2015,2582,1101,3172,1986,1547
34.971487185001024,2022,2552,1023,3181,1996,1552,2015,2582,1096,3173,1987,1547
34.98151481599962,2023,2553,1020,3182,1997,1552,2015,2582,1092,3174,1988,1548
34.991660338000656,2023,2554,1018,3182,1997,1552,2015,2582,1086,3174,1990,1548
35.00169758700031,2024,2555,1017,3182,1997,1552,2015,2582,1080,3175,1991,1548
35.01120370300123,2023,2556,1018,3183,1996,1552,2015,2582,1075,3176,1991,1548
35.021256541000184,2023,2557,1021,3183,1996,1552,2016,2582,1070,3176,1991,1548
35.03123382600097,2022,2557,1024,3183,1995,1553,2017,2581,1065,3177,1991,1548
35.04118648500116,2020,2558,1030,3183,1994,1553,2017,2581,1061,3177,1991,1548
35.051217051001004,2019,2559,1036,3183,1992,1553,2018,2580,1058,3177,1991,1548
35.06123217700042,2017,2559,1042,3182,1990,1553,2019,2580,1056,3177,1991,1549
35.07120510400091,2016,2559,1047,3182,1988,1554,2020,2580,1055,3177,1991,1549
35.08118451399969,2016,2560,1050,3181,1985,1554,2020,2580,1055,3177,1991,1549
35.09146643399981,2016,2560,1052,3179,1983,1554,2020,2580,1055,3177,1991,1549
35.101714991000335,2017,2561,1053,3179,1982,1554,2020,2580,1056,3177,1991,1549
35.1112032330002,2017,2562,1054,3178,1982,1553,2020,2580,1058,3177,1991,1549
35.12120406299982,2018,2564,1056,3178,1984,1552,2021,2580,1059,3177,1990,1549
35.13119213800019,2018,2566,1059,3178,1987,1551,2021,2581,1061,3178,1989,1549
35.1412035480007,2018,2568,1062,3178,1990,1550,2021,2582,1061,3178,1988,1549
35.15120616100103,2017,2571,1066,3178,1995,1549,2021,2582,1062,3179,1988,1549
35.161409373000424,2016,2573,1070,3178,1998,1548,2021,2583,1063,3179,1988,1549
35.17156123700079,2014,2574,1072,3177,2000,1548,2021,2583,1064,3179,1988,1549
35.1815074139995,2013,2574,1073,3176,2001,1548,2021,2583,1066,3179,1989,1549
35.191562636000526,2010,2573,1073,3174,2001,1548,2020,2583,1067,3179,1990,1549
35.20176240100045,2007,2572,1073,3172,1999,1549,2020,2582,1070,3179,1992,1549
35.21133578500121,2003,2570,1071,3170,1996,1550,2020,2582,1071,3179,1993,1549
35.22176609500093,1999,2568,1068,3168,1993,1552,2019,2581,1072,3179,1995,1549
35.231202168999516,1996,2568,1065,3166,1990,1553,2018,2581,1072,3179,1996,1549
35.241685197999686,1993,2569,1062,3166,1988,1554,2017,2581,1072,3178,1996,1549
35.25167172100009,1991,2571,1059,3167,1986,1555,2015,2581,1072,3177,1994,1549
35.261605223000515,1990,2574,1056,3168,1986,1556,2014,2581,1073,3175,1993,1549
35.2716336350004,1990,2578,1053,3170,1986,1556,2012,2582,1073,3174,1992,1549
35.28156332100116,1990,2583,1050,3173,1987,1557,2010,2582,1073,3174,1991,1549
35.29148094300035,1991,2588,1049,3175,1988,1557,2007,2583,1073,3173,1990,1549
35.30172225699971,1992,2591,1049,3177,1989,1557,2006,2584,1073,3173,1990,1549
35.31120419800027,1994,2593,1051,3177,1990,1557,2004,2586,1073,3173,1990,1549
35.32120456600023,1996,2594,1053,3176,1992,1557,2002,2589,1073,3173,1990,1550
35.331730826999774,1999,2593,1057,3175,1993,1556,2000,2592,1072,3173,1990,1551
35.341186237999864,2001,2592,1062,3172,1994,1556,1998,2594,1072,3174,1990,1552
35.35122543000034,2003,2590,1067,3170,1994,1556,1998,2597,1072,3174,1990,1552
35.3612317799998,2004,2587,1071,3168,1994,1556,1997,2599,1072,3174,1991,1552
35.37123762900046,2004,2586,1074,3166,1994,1556,1997,2599,1072,3174,1992,1552
35.381206928999745,2003,2584,1076,3165,1994,1556,1997,2600,1073,3174,1992,1552
35.391206787000556,2001,2583,1077,3164,1993,1556,1997,2601,1076,3173,1992,1552
35.40120517200012,1998,2582,1077,3164,1992,1556,1997,2601,1078,3172,1992,1552
35.41123296300066,1994,2582,1076,3165,1991,1557,1998,2601,1080,3172,1992,1552
35.421231588999945,1989,2582,1074,3166,1989,1557,2000,2601,1081,3171,1991,1552
35.431233350000184,1983,2583,1072,3167,1988,1558,2001,2601,1082,3171,1991,1552
35.44123240600129,1977,2584,1069,3169,1986,1558,2002,2601,1082,3171,1991,1552
35.451236983000854,1972,2585,1066,3170,1985,1559,2002,2601,1082,3171,1990,1552
35.461258962999636,1967,2587,1063,3172,1984,1559,2001,2601,1082,3171,1989,1552
35.47136088300067,1964,2588,1061,3173,1984,1559,2000,2600,1081,3171,1989,1552
35.481389635000596,1962,2590,1060,3174,1984,1559,1997,2600,1081,3171,1989,1552
35.49146003600072,1960,2592,1059,3175,1985,1560,1995,2600,1080,3171,1989,1552
35.50155946199993,1960,2594,1058,3176,1986,1559,1993,2600,1080,3171,1989,1553
35.51159274299971,1961,2596,1058,3176,1987,1559,1990,2600,1079,3171,1989,1553
35.52146165399972,1963,2598,1059,3176,1989,1559,1987,2600,1079,3171,1989,1554
35.53148098800011,1965,2600,1061,3175,1992,1559,1984,2600,1079,3171,1989,1554
35.541532814000675,1969,2602,1063,3175,1996,1558,1981,2602,1078,3171,1989,1554
35.55159007099974,1972,2603,1067,3174,1999,1558,1977,2604,1078,3171,1989,1554
35.56160775200078,1975,2604,1070,3173,2001,1557,1974,2606,1078,3172,1989,1554
35.57166749300086,1977,2604,1074,3171,2003,1557,1974,2608,1078,3172,1990,1554
35.58169245800127,1977,2603,1078,3170,2004,1557,1973,2609,1078,3172,1992,1554
35.59168876900003,1977,2601,1082,3169,2005,1557,1973,2611,1078,3172,1995,1554
35.60179208199952,1976,2599,1086,3168,2005,1558,1973,2612,1079,3172,1996,1554
35.611229960000855,1973,2596,1091,3167,2004,1558,1973,2612,1081,3172,1998,1554
35.62138475000029,1970,2592,1096,3166,2003,1559,1973,2612,1083,3172,1999,1554
35.63146116200005,1966,2587,1102,3164,2001,1559,1973,2612,1086,3172,1999,1554
35.64148099799968,1962,2583,1106,3163,1998,1560,1974,2612,1088,3172,1999,1554
35.6515367209995,1960,2580,1109,3163,1996,1561,1976,2612,1091,3172,1999,1554
35.66168661200027,1958,2577,1111,3162,1993,1562,1977,2612,1094,3172,1998,1554
35.671283129000585,1958,2574,1113,3162,1989,1563,1977,2612,1097,3172,1997,1554
35.681280201000845,1958,2572,1113,3162,1985,1564,1976,2611,1101,3171,1997,1554
35.691354649999994,1959,2570,1113,3162,1979,1565,1975,2611,1103,3170,1997,1555
35.70135874600055,1961,2568,1113,3162,1973,1566,1974,2611,1106,3170,1996,1555
35.71141428900046,1962,2566,1113,3162,1967,1568,1974,2611,1108,3169,1995,1556
35.72146247800083,1961,2564,1115,3161,1961,1569,1973,2611,1110,3168,1992,1558
35.73147990899997,1960,2562,1117,3160,1955,1570,1973,2611,1110,3168,1990,1559
35.741531994999605,1959,2560,1119,3159,1949,1571,1972,2612,1111,3168,1987,1560
35.751733643999614,1959,2559,1121,3159,1945,1572,1971,2612,1112,3168,1984,1561
35.761684429000525,1959,2558,1122,3159,1943,1573,1969,2612,1113,3167,1981,1562
35.77125597899976,1960,2559,1121,3159,1941,1573,1967,2612,1115,3167,1976,1563
35.78128045300036,1962,2560,1120,3160,1941,1574,1966,2612,1117,3166,1971,1564
35.79166526700101,1965,2562,1118,3161,1942,1574,1965,2612,1119,3166,1966,1566
35.801260541000374,1968,2565,1115,3163,1944,1573,1965,2612,1120,3166,1962,1566
35.81136345400046,1972,2568,1111,3166,1946,1572,1964,2612,1120,3166,1960,1567
35.82140775500011,1976,2571,1106,3168,1947,1570,1964,2612,1120,3166,1958,1568
35.831460704001074,1978,2572,1102,3170,1947,1569,1964,2611,1120,3166,1956,1568
35.84148141100013,1980,2572,1098,3172,1947,1566,1965,2611,1120,3166,1954,1568
35.85177441199994,1980,2571,1095,3174,1945,1564,1966,2611,1120,3166,1954,1568
35.86148139699981,1979,2569,1091,3175,1941,1561,1968,2611,1120,3167,1955,1568
35.87135713099997,1978,2566,1088,3177,1937,1558,1969,2611,1120,3168,1955,1568
35.88146056400001,1975,2562,1085,3178,1931,1554,1971,2611,1120,3169,1955,1567
35.8914606720009,1972,2558,1082,3179,1925,1550,1973,2611,1120,3170,1955,1567
35.90146402699975,1968,2553,1079,3180,1918,1547,1975,2611,1119,3171,1952,1565
35.9115608280008,1965,2550,1076,3181,1912,1545,1976,2612,1117,3172,1949,1563
35.92168328600019,1962,2547,1074,3181,1908,1543,1977,2612,1116,3173,1944,1560
35.93169102899992,1959,2546,1073,3182,1904,1543,1977,2612,1114,3174,1939,1558
35.94165981900005,1957,2545,1071,3182,1902,1543,1977,2611,1112,3175,1935,1556
35.95172475900108,1956,2545,1070,3182,1900,1544,1977,2610,1110,3175,1930,1554
35.96123569500014,1955,2547,1069,3182,1900,1547,1977,2609,1109,3176,1927,1553
35.971230102000845,1954,2549,1069,3182,1900,1550,1976,2608,1107,3177,1923,1552
35.98122842700104,1954,2552,1068,3182,1901,1553,1974,2607,1105,3177,1920,1551
35.99135397200007,1954,2555,1069,3182,1903,1556,1973,2606,1103,3177,1917,1551
36.00128679299996,1954,2558,1070,3182,1905,1558,1971,2606,1101,3177,1915,1551
36.01146037900071,1955,2559,1071,3182,1906,1560,1969,2605,1100,3177,1914,1551
36.021204234000834,1956,2560,1072,3182,1907,1560,1967,2605,1098,3177,1913,1552
36.031660493001255,1956,2559,1074,3182,1908,1560,1964,2605,1097,3177,1913,1553
36.04165724500126,1957,2558,1076,3182,1908,1558,1963,2605,1096,3177,1913,1554
36.05163753600027,1958,2556,1079,3182,1908,1556,1961,2605,1096,3177,1913,1555
36.06165635900106,1959,2553,1082,3182,1908,1553,1960,2605,1096,3177,1914,1556
36.07166282900107,1959,2550,1085,3182,1907,1549,1960,2605,1096,3177,1915,1556
36.081681743000445,1960,2545,1089,3182,1907,1544,1960,2605,1096,3177,1916,1556
36.09168391499952,1961,2539,1092,3182,1906,1539,1960,2605,1096,3178,1916,1555
36.10168509600044,1961,2533,1096,3182,1905,1534,1960,2605,1096,3178,1914,1554
36.11168565499975,1961,2528,1099,3182,1905,1530,1960,2605,1097,3178,1913,1552
36.12169000100039,1961,2523,1101,3182,1905,1526,1961,2605,1098,3178,1912,1550
36.1316895279997,1960,2519,1103,3182,1906,1524,1962,2603,1100,3178,1911,1548
36.141633471001114,1960,2515,1104,3182,1907,1522,1963,2601,1102,3179,1910,1545
36.15122932600025,1959,2512,1104,3182,1909,1522,1965,2599,1103,3179,1910,1542
36.16122913400068,1958,2509,1104,3182,1911,1522,1965,2596,1105,3179,1909,1538
36.17129342299995,1956,2507,1104,3182,1914,1523,1966,2594,1106,3179,1909,1536
36.18154430499999,1955,2505,1103,3182,1917,1525,1966,2590,1107,3179,1908,1534
36.1912396179996,1953,2503,1101,3182,1921,1528,1966,2587,1107,3179,1908,1533
36.20123118999982,1951,2502,1099,3182,1926,1532,1966,2584,1107,3179,1908,1532
36.21123001600063,1950,2502,1097,3182,1931,1536,1966,2580,1107,3179,1910,1531
36.2212601909996,1949,2502,1094,3182,1935,1541,1966,2577,1107,3179,1911,1531
36.23128483599976,1950,2503,1092,3182,1939,1545,1966,2574,1107,3179,1913,1531
36.241355607000514,1951,2504,1091,3182,1942,1548,1964,2571,1107,3179,1916,1532
36.25210905700078,1953,2505,1089,3182,1944,1551,1963,2568,1106,3179,1919,1533
36.26153045300089,1956,2507,1089,3182,1944,1552,1962,2566,1106,3179,1922,1535
36.27173571899948,1960,2509,1088,3182,1944,1553,1961,2565,1106,3179,1925,1537
36.2812061679997,1965,2511,1088,3182,1944,1553,1961,2563,1106,3179,1927,1540
36.29120238900032,1971,2513,1088,3182,1942,1553,1960,2562,1106,3179,1930,1542
36.30118543500066,1976,2514,1089,3182,1939,1552,1959,2561,1106,3179,1932,1544
36.31120657300016,1981,2515,1089,3182,1936,1551,1959,2561,1106,3179,1933,1545
36.3212332410003,1984,2516,1090,3182,1933,1550,1959,2561,1106,3179,1934,1545
36.331357553999624,1986,2516,1090,3182,1930,1549,1960,2561,1106,3179,1934,1546
36.3417392120009,1988,2515,1090,3182,1928,1548,1963,2561,1106,3179,1935,1546
36.351182319000145,1988,2513,1090,3182,1925,1548,1965,2561,1106,3179,1935,1546
36.36118648500087,1988,2511,1090,3182,1921,1547,1967,2561,1106,3179,1935,1546
36.371260683999935,1986,2509,1089,3182,1918,1547,1970,2561,1106,3179,1933,1546
36.38128619999952,1983,2505,1088,3182,1914,1547,1972,2561,1106,3180,1931,1546
36.3913558889999,1980,2502,1087,3182,1910,1547,1976,2561,1106,3180,1929,1546
36.401471274999494,1975,2497,1086,3182,1906,1548,1979,2561,1106,3180,1927,1546
36.41151093799999,1970,2493,1085,3182,1901,1548,1980,2561,1106,3180,1924,1546
36.42172965899954,1965,2488,1085,3182,1897,1549,1981,2561,1106,3180,1921,1546
36.43119340500016,1961,2485,1084,3182,1893,1549,1981,2561,1106,3180,1918,1546
36.44120522599951,1957,2483,1085,3182,1888,1549,1981,2559,1106,3180,1916,1546
36.45120879000024,1955,2482,1085,3182,1884,1549,1981,2558,1106,3180,1913,1546
36.46128925999983,1953,2482,1086,3182,1880,1549,1981,2555,1106,3180,1910,1546
36.471463245999985,1953,2483,1088,3182,1876,1549,1981,2553,1106,3180,1907,1546
36.481487660999846,1954,2485,1091,3182,1873,1549,1979,2551,1106,3180,1903,1546
36.49118678100058,1955,2487,1094,3182,1871,1548,1977,2550,1106,3180,1899,1546
36.501207127999805,1958,2489,1098,3182,1870,1547,1974,2548,1106,3180,1896,1546
36.51120472100047,1960,2490,1102,3182,1870,1547,1973,2547,1106,3180,1892,1546
36.522738142999515,1963,2491,1107,3182,1871,1546,1970,2546,1106,3180,1889,1546
36.53156571799991,1966,2492,1112,3182,1874,1545,1967,2545,1106,3180,1887,1546
36.541232397001295,1970,2492,1117,3183,1878,1545,1965,2544,1106,3180,1886,1546
36.551243867001176,1973,2492,1122,3183,1882,1544,1965,2544,1107,3180,1886,1546
36.561353643000984,1976,2492,1126,3183,1885,1544,1964,2543,1108,3180,1885,1546
36.57156312600091,1977,2492,1127,3183,1887,1544,1964,2543,1111,3180,1885,1546
36.581567352001,1978,2493,1128,3182,1889,1545,1964,2543,1114,3180,1885,1546
36.591636450000806,1978,2495,1127,3181,1889,1545,1965,2542,1118,3180,1885,1546
36.601989294000305,1977,2497,1124,3180,1889,1546,1965,2542,1121,3180,1885,1546
36.611661293,1976,2500,1120,3179,1887,1547,1967,2542,1124,3180,1886,1546
36.62165697300043,1974,2503,1115,3177,1884,1548,1969,2542,1125,3180,1886,1546
36.63162787700094,1972,2505,1110,3176,1880,1549,1971,2543,1125,3180,1886,1546
36.6416904430007,1970,2507,1106,3174,1875,1551,1973,2543,1126,3180,1886,1546
36.65122864899968,1968,2507,1104,3174,1870,1551,1973,2543,1126,3180,1885,1546
36.66150699300124,1967,2506,1102,3173,1866,1552,1974,2543,1126,3180,1883,1546
36.671200983000745,1967,2504,1103,3173,1862,1552,1975,2543,1126,3180,1881,1546
36.681204127000456,1967,2501,1104,3174,1857,1552,1975,2543,1126,3180,1879,1546
36.69120218200078,1968,2496,1107,3174,1853,1552,1975,2543,1125,3179,1877,1547
36.70120979400053,1969,2490,1112,3176,1848,1551,1975,2543,1124,3179,1874,1547
36.71168664200013,1971,2483,1117,3177,1844,1550,1975,2542,1124,3178,1871,1547
36.72173759600082,1972,2475,1123,3179,1840,1550,1974,2541,1124,3178,1868,1547
36.73120183300125,1974,2467,1129,3180,1838,1549,1974,2541,1124,3178,1866,1547
36.74120421600128,1975,2461,1133,3181,1837,1548,1973,2539,1124,3178,1864,1547
36.75120106800023,1975,2455,1136,3182,1837,1547,1972,2537,1124,3178,1862,1547
36.76135650000106,1975,2450,1139,3183,1839,1546,1970,2535,1127,3178,1858,1547
36.771383519000665,1975,2446,1140,3183,1842,1546,1969,2532,1129,3178,1855,1547
36.7814055380004,1974,2442,1140,3183,1846,1545,1969,2530,1132,3178,1853,1547
36.79172875600125,1973,2440,1139,3183,1850,1545,1969,2526,1136,3178,1851,1547
36.80186080299973,1972,2438,1138,3183,1854,1544,1969,2524,1138,3178,1850,1547
36.81146001500019,1972,2438,1136,3182,1856,1544,1969,2521,1139,3179,1850,1547
36.82146092500079,1972,2439,1134,3182,1858,1544,1969,2518,1140,3180,1851,1547
36.831487593999555,1972,2440,1133,3182,1858,1544,1971,2516,1140,3180,1851,1547
36.84146643200074,1972,2442,1131,3182,1857,1544,1972,2513,1140,3180,1852,1547
36.85153626200008,1973,2444,1130,3182,1854,1544,1972,2511,1140,3180,1852,1547
36.861562850001064,1974,2446,1129,3182,1850,1544,1973,2508,1140,3180,1852,1547
36.8717307750012,1976,2448,1128,3182,1845,1544,1974,2506,1140,3180,1852,1547
36.88118186700012,1977,2449,1128,3182,1839,1544,1974,2504,1140,3180,1852,1547
36.89123203000054,1978,2449,1128,3182,1832,1544,1974,2503,1140,3180,1851,1547
36.90136301500024,1979,2448,1129,3182,1825,1544,1974,2502,1140,3180,1850,1547
36.911462932001086,1979,2446,1131,3182,1819,1544,1975,2501,1140,3180,1849,1547
36.92158728399954,1979,2442,1133,3182,1812,1544,1975,2500,1140,3180,1846,1547
36.93156457999976,1979,2437,1136,3182,1806,1545,1975,2500,1140,3180,1843,1547
36.94155776499974,1978,2430,1140,3182,1799,1545,1975,2499,1140,3180,1841,1547
36.95130014700044,1977,2423,1145,3182,1792,1545,1975,2499,1140,3180,1838,1547
36.96136057900003,1975,2414,1150,3182,1784,1546,1974,2499,1140,3180,1833,1547
36.97146404200066,1974,2405,1156,3182,1777,1546,1974,2498,1141,3180,1829,1547
36.98150471699955,1972,2397,1162,3182,1771,1547,1974,2495,1143,3180,1823,1547
36.99120162300096,1971,2390,1168,3182,1766,1547,1974,2493,1146,3180,1818,1547
37.001355352000246,1969,2384,1174,3182,1761,1548,1974,2490,1149,3180,1813,1547
37.01144771399959,1968,2380,1181,3182,1757,1549,1974,2486,1153,3180,1807,1547
37.02138610499969,1967,2377,1187,3182,1754,1550,1975,2481,1157,3180,1801,1547
37.0314619969995,1966,2375,1192,3182,1751,1550,1975,2476,1162,3180,1795,1547
37.041202043999874,1966,2374,1196,3182,1747,1550,1975,2471,1166,3180,1790,1547
37.051182786000936,1965,2373,1199,3182,1744,1549,1975,2465,1170,3180,1785,1547
37.06185476199971,1965,2371,1200,3182,1739,1548,1976,2459,1175,3180,1780,1547
37.07135530800042,1965,2369,1199,3182,1734,1546,1976,2454,1179,3180,1775,1547
37.081380423000155,1965,2365,1197,3182,1727,1543,1976,2449,1183,3180,1771,1547
37.09168311200119,1965,2361,1194,3182,1720,1540,1976,2444,1187,3180,1767,1547
37.10178300900043,1965,2356,1189,3182,1711,1536,1976,2440,1190,3180,1763,1547
37.11122967300071,1965,2351,1183,3182,1702,1531,1976,2436,1191,3180,1758,1547
37.121229521000714,1965,2344,1176,3182,1691,1526,1976,2432,1191,3180,1753,1546
37.131201326001246,1966,2339,1169,3182,1682,1521,1975,2429,1191,3180,1748,1545
37.14118616500127,1966,2333,1162,3182,1673,1517,1975,2425,1192,3180,1742,1543
37.151292804999684,1967,2329,1156,3182,1666,1513,1975,2422,1192,3180,1735,1540
37.16135920800116,1968,2326,1150,3182,1660,1510,1974,2419,1192,3180,1729,1537
37.17140708599982,1969,2323,1145,3182,1655,1507,1974,2416,1191,3180,1722,1533
37.18146338000042,1969,2321,1141,3182,1652,1505,1974,2411,1189,3180,1715,1530
37.19135874099993,1971,2321,1137,3182,1649,1504,1974,2408,1187,3180,1707,1527
37.20232917999965,1972,2321,1134,3182,1649,1503,1974,2404,1184,3180,1699,1524
37.21120046800024,1973,2322,1132,3182,1649,1503,1974,2400,1181,3180,1693,1522
37.221231384999555,1975,2324,1131,3182,1650,1502,1974,2396,1178,3180,1686,1519
37.23120418200051,1977,2327,1131,3182,1652,1502,1974,2393,1174,3180,1681,1517
37.24119885000073,1979,2328,1133,3182,1654,1501,1974,2389,1171,3180,1678,1516
37.25223535400073,1980,2329,1136,3182,1655,1499,1974,2386,1166,3180,1674,1514
37.26173020799979,1982,2329,1139,3182,1655,1496,1974,2383,1164,3180,1672,1513
37.27125025100031,1982,2327,1142,3182,1653,1493,1975,2381,1162,3180,1670,1513
37.28128029599975,1983,2325,1146,3182,1650,1488,1975,2378,1161,3180,1669,1512
37.29155685600017,1984,2321,1150,3182,1646,1483,1976,2375,1160,3180,1668,1510
37.30186602700087,1984,2317,1155,3182,1642,1476,1976,2373,1160,3180,1666,1507
37.311212021000756,1984,2311,1160,3182,1635,1469,1977,2371,1160,3180,1664,1504
37.32122891099971,1984,2305,1165,3182,1628,1461,1977,2369,1160,3180,1662,1500
37.331458753000334,1984,2297,1171,3182,1619,1453,1978,2368,1161,3180,1659,1496
37.341384911000205,1983,2288,1177,3182,1610,1444,1979,2365,1163,3180,1656,1492
37.351766548999876,1982,2279,1183,3182,1600,1435,1980,2363,1165,3180,1652,1488
37.36122879300092,1981,2271,1188,3182,1590,1427,1981,2361,1168,3180,1647,1483
37.37140735799949,1979,2262,1193,3182,1581,1421,1981,2358,1170,3180,1643,1477
37.381464354000855,1978,2254,1198,3182,1571,1415,1982,2355,1174,3180,1637,1471
37.39135734000047,1976,2246,1202,3182,1562,1409,1982,2351,1178,3180,1631,1466
37.40171189600005,1973,2237,1206,3182,1552,1405,1982,2347,1181,3180,1625,1460
37.4112331310007,1971,2228,1210,3182,1542,1402,1982,2342,1186,3180,1618,1454
37.42120851300024,1967,2219,1214,3182,1532,1399,1982,2337,1190,3180,1610,1446
37.43165531399973,1964,2210,1218,3182,1521,1397,1982,2330,1194,3180,1603,1440
37.441505099001006,1960,2199,1222,3182,1510,1396,1981,2324,1198,3180,1595,1434
37.45180424099999,1956,2188,1227,3182,1498,1397,1980,2317,1202,3180,1587,1429
37.46135620400128,1951,2175,1233,3182,1485,1397,1979,2310,1206,3180,1580,1425
37.47138783199989,1947,2161,1240,3182,1473,1399,1977,2302,1210,3180,1570,1421
37.4814600360005,1943,2148,1248,3182,1462,1401,1975,2294,1214,3180,1561,1419
37.49146254900006,1941,2134,1258,3182,1452,1402,1973,2284,1218,3180,1552,1417
37.50153419200069,1939,2121,1269,3182,1443,1403,1970,2275,1222,3180,1542,1415
37.51153780700042,1938,2107,1281,3181,1435,1404,1967,2266,1227,3180,1533,1414
37.5237606390001,1938,2094,1294,3181,1428,1404,1964,2254,1234,3180,1521,1413
37.531504921000305,1939,2083,1305,3181,1421,1404,1962,2245,1238,3180,1513,1412
37.541227896001146,1940,2073,1316,3181,1415,1404,1959,2234,1244,3180,1503,1412
37.5512871660012,1941,2064,1326,3181,1410,1403,1957,2223,1250,3180,1493,1412
37.5613565750009,1942,2056,1335,3181,1405,1403,1954,2211,1259,3180,1484,1412
37.57145888600098,1943,2050,1343,3181,1400,1403,1951,2197,1267,3180,1476,1411
37.58146342300097,1945,2045,1350,3181,1395,1402,1949,2185,1276,3180,1467,1410
37.59150409799986,1946,2042,1355,3182,1390,1402,1948,2173,1284,3180,1458,1408
37.60179810000045,1948,2040,1359,3182,1385,1402,1948,2161,1293,3180,1450,1408
37.61127927999951,1950,2039,1362,3183,1380,1402,1948,2149,1301,3180,1443,1408
37.62136391700005,1951,2040,1364,3183,1374,1402,1948,2138,1310,3180,1436,1407
37.63137882299998,1953,2042,1365,3184,1369,1402,1948,2127,1317,3180,1429,1407
37.64145806099987,1955,2045,1365,3184,1363,1402,1949,2117,1324,3180,1423,1407
37.65151030800007,1957,2049,1364,3185,1357,1402,1950,2109,1331,3180,1416,1407
37.661556954000844,1958,2055,1363,3185,1351,1402,1952,2102,1337,3180,1410,1406
37.67127182399963,1960,2060,1361,3184,1347,1402,1953,2097,1341,3180,1404,1406
37.68120219100092,1960,2064,1360,3183,1344,1402,1954,2093,1344,3180,1398,1406
37.69146263000039,1961,2068,1359,3181,1342,1402,1954,2091,1347,3180,1391,1406
37.701510808999956,1960,2070,1360,3179,1341,1402,1955,2089,1349,3180,1385,1406
37.71153108600083,1960,2072,1362,3175,1342,1402,1956,2089,1350,3180,1380,1406
37.72150822000003,1958,2071,1365,3171,1343,1402,1956,2089,1350,3180,1374,1406
37.73153471800106,1956,2070,1369,3167,1345,1402,1956,2089,1352,3180,1370,1406
37.74135648000083,1955,2068,1373,3164,1346,1402,1956,2089,1354,3180,1366,1406
37.75147248699977,1953,2066,1377,3162,1346,1402,1956,2090,1357,3180,1364,1406
37.7617105040008,1952,2064,1381,3161,1346,1402,1956,2090,1360,3178,1362,1406
37.771731361001,1950,2062,1385,3161,1344,1402,1956,2090,1363,3177,1361,1406
37.78119945599974,1949,2060,1388,3161,1341,1402,1955,2091,1366,3175,1360,1406
37.791681975000756,1948,2058,1391,3163,1337,1402,1955,2091,1370,3173,1358,1406
37.80174640400037,1946,2056,1395,3166,1332,1402,1955,2091,1373,3172,1356,1406
37.81120245599959,1945,2052,1400,3169,1326,1402,1955,2091,1377,3171,1355,1406
37.821236507999856,1944,2048,1405,3173,1319,1402,1955,2091,1380,3171,1352,1406
37.831226107000475,1942,2043,1410,3177,1312,1402,1955,2091,1384,3171,1349,1406
37.84123390999957,1940,2038,1415,3179,1307,1402,1954,2090,1388,3171,1347,1406
37.85123083200051,1939,2031,1421,3181,1304,1402,1953,2088,1391,3171,1343,1406
37.86122867599988,1937,2024,1428,3182,1301,1402,1952,2087,1395,3173,1338,1406
37.871253950999744,1935,2015,1435,3182,1300,1402,1951,2084,1399,3174,1334,1406
37.88127980799982,1932,2005,1444,3182,1299,1402,1951,2082,1404,3176,1329,1406
37.89122627500001,1929,1994,1453,3180,1300,1402,1949,2078,1409,3177,1325,1406
37.90123525099989,1926,1981,1464,3178,1301,1402,1948,2075,1414,3178,1321,1406
37.911262720001105,1923,1969,1475,3176,1301,1402,1946,2071,1419,3178,1318,1406
37.921352518000276,1920,1957,1485,3174,1302,1402,1944,2066,1426,3178,1315,1406
37.931351062999966,1917,1947,1496,3173,1301,1402,1942,2061,1432,3178,1314,1406
37.94138600699989,1915,1937,1505,3172,1300,1402,1940,2054,1439,3178,1313,1406
37.95138282900007,1912,1929,1515,3172,1297,1402,1937,2047,1446,3178,1312,1406
37.96145628600061,1910,1922,1524,3173,1292,1402,1935,2039,1454,3178,1311,1406
37.97146480000083,1908,1915,1535,3174,1287,1402,1933,2031,1462,3178,1310,1406
37.9814787739997,1906,1908,1546,3176,1280,1402,1930,2021,1470,3178,1308,1406
37.99168108400045,1905,1900,1558,3179,1273,1402,1927,2012,1478,3178,1306,1406
38.00120333099949,1904,1892,1570,3181,1266,1402,1925,2003,1486,3178,1304,1406
38.01118149800095,1904,1883,1583,3182,1261,1402,1922,1994,1495,3178,1300,1406
38.021199099001024,1904,1872,1595,3183,1257,1402,1920,1985,1503,3178,1296,1406
38.03172725300101,1905,1861,1608,3183,1254,1402,1917,1974,1513,3178,1292,1406
38.04120249100015,1906,1850,1620,3183,1252,1402,1915,1966,1521,3179,1288,1406
38.05171554700064,1907,1841,1631,3183,1251,1402,1912,1956,1532,3179,1283,1406
38.0617265460005,1908,1833,1640,3183,1250,1402,1911,1946,1542,3180,1278,1406
38.07120718400074,1908,1826,1647,3182,1250,1402,1911,1936,1552,3180,1275,1406
38.08117956000024,1909,1820,1654,3182,1250,1402,1911,1927,1562,3180,1271,1406
38.09120600800088,1908,1815,1659,3182,1249,1402,1911,1917,1573,3180,1269,1406
38.101814223000474,1908,1812,1663,3182,1249,1402,1911,1907,1585,3180,1266,1406
38.11118354199971,1907,1810,1667,3182,1249,1402,1911,1899,1595,3180,1265,1406
38.121717146001174,1905,1809,1670,3182,1248,1402,1911,1890,1606,3180,1263,1406
38.131680586000584,1903,1808,1674,3182,1245,1402,1912,1882,1615,3180,1261,1406
38.14167878999979,1901,1807,1679,3182,1242,1402,1914,1874,1624,3180,1260,1406
38.15125669200097,1898,1805,1686,3182,1237,1402,1914,1868,1632,3180,1258,1406
38.16136124700097,1896,1802,1694,3182,1231,1402,1914,1862,1639,3180,1257,1406
38.17135236800095,1895,1798,1703,3182,1225,1402,1914,1857,1646,3181,1255,1406
38.18138062000071,1893,1792,1714,3182,1218,1402,1912,1852,1652,3181,1252,1406
38.191461991000324,1892,1786,1726,3182,1210,1402,1910,1847,1658,3181,1249,1406
38.20150683400061,1890,1779,1739,3181,1202,1402,1909,1843,1665,3181,1246,1406
38.211555754000074,1889,1771,1753,3181,1194,1402,1907,1838,1673,3181,1242,1406
38.2215322280008,1888,1762,1768,3181,1187,1402,1904,1834,1680,3181,1237,1406
38.231526104000295,1887,1754,1781,3181,1181,1402,1901,1829,1688,3181,1233,1406
38.24166226899979,1886,1746,1793,3181,1176,1402,1897,1823,1697,3181,1228,1406
38.25169545999961,1885,1739,1804,3181,1172,1402,1895,1819,1706,3181,1222,1406
38.261729693000234,1885,1733,1814,3182,1170,1402,1894,1812,1716,3181,1216,1406
38.27168001700011,1885,1726,1823,3182,1168,1402,1893,1807,1726,3181,1210,1406
38.2816532249999,1885,1720,1830,3182,1169,1402,1892,1800,1737,3181,1204,1406
38.29166285999963,1885,1715,1838,3182,1170,1402,1891,1793,1749,3181,1200,1406
38.30125481899995,1885,1709,1844,3183,1173,1402,1890,1787,1759,3181,1195,1406
38.31135426500077,1886,1702,1851,3183,1177,1402,1890,1780,1770,3181,1191,1406
38.32137847800004,1886,1696,1858,3184,1182,1402,1891,1773,1780,3181,1189,1406
38.33140640900092,1887,1689,1864,3184,1187,1402,1892,1767,1790,3181,1187,1406
38.341456952000954,1887,1682,1871,3184,1192,1402,1893,1760,1800,3181,1187,1406
38.35177593200024,1887,1675,1877,3184,1195,1402,1893,1754,1809,3181,1186,1406
38.361200424000344,1887,1668,1883,3184,1198,1402,1893,1747,1818,3181,1186,1406
38.37119888900088,1887,1662,1890,3183,1199,1402,1893,1741,1827,3181,1187,1406
38.38173202300095,1886,1655,1897,3183,1198,1402,1893,1734,1836,3181,1189,1406
38.39170657300019,1885,1649,1904,3182,1197,1402,1893,1728,1844,3181,1190,1406
38.40173369200056,1884,1642,1912,3181,1194,1402,1892,1722,1852,3181,1193,1406
38.411355086000185,1883,1635,1921,3180,1190,1402,1891,1715,1859,3181,1194,1406
38.42135237900038,1881,1627,1931,3178,1185,1402,1890,1709,1867,3181,1195,1406
38.43146094199983,1879,1620,1940,3176,1179,1402,1888,1702,1874,3181,1195,1406
38.44123247900097,1878,1614,1948,3175,1173,1402,1887,1695,1882,3181,1194,1406
38.451234871999986,1876,1610,1955,3173,1168,1402,1887,1688,1890,3181,1193,1406
38.46122560200092,1875,1607,1960,3172,1164,1402,1886,1681,1897,3180,1191,1406
38.47125539599983,1874,1605,1964,3170,1160,1402,1886,1674,1905,3180,1188,1406
38.48128517100122,1873,1605,1966,3169,1156,1402,1885,1666,1913,3180,1185,1406
38.4913568840002,1872,1606,1967,3168,1154,1402,1884,1659,1920,3179,1181,1406
38.50141500100108,1872,1609,1967,3167,1152,1402,1884,1652,1928,3178,1178,1406
38.51145649800128,1872,1612,1965,3166,1152,1402,1883,1647,1935,3178,1174,1406
38.52145799900063,1871,1617,1961,3165,1152,1402,1882,1642,1941,3177,1170,1406
38.5315030820002,1872,1624,1956,3164,1153,1402,1881,1640,1946,3177,1168,1406
38.541556399999536,1872,1631,1950,3163,1155,1402,1880,1637,1949,3176,1166,1406
38.55147888200008,1873,1640,1942,3163,1157,1402,1879,1636,1951,3175,1164,1406
38.561200494999866,1873,1651,1932,3163,1161,1402,1878,1636,1951,3174,1164,1406
38.571359573001246,1874,1662,1921,3162,1166,1402,1877,1637,1951,3173,1163,1406
38.581349432000934,1876,1675,1909,3162,1172,1402,1876,1638,1951,3172,1163,1406
38.59136105200014,1877,1689,1895,3162,1178,1402,1874,1640,1950,3172,1163,1406
38.601457552000284,1879,1705,1880,3162,1186,1402,1874,1643,1950,3172,1164,1406
38.6114778780011,1881,1722,1863,3163,1195,1402,1874,1647,1947,3172,1165,1406
38.62153442300041,1883,1740,1845,3163,1204,1402,1874,1652,1943,3171,1166,1406
38.631529100999614,1885,1759,1826,3163,1214,1402,1874,1658,1938,3171,1168,1406
38.64122897299967,1888,1780,1805,3164,1225,1402,1874,1665,1933,3171,1171,1406
38.651262093000696,1891,1802,1782,3164,1238,1402,1874,1674,1926,3171,1177,1406
38.6620434460001,1894,1825,1759,3165,1250,1402,1875,1684,1917,3171,1182,1406
38.671528762999515,1897,1848,1735,3166,1263,1402,1877,1693,1908,3171,1186,1406
38.68152807899969,1900,1871,1711,3167,1277,1402,1879,1705,1898,3171,1191,1406
38.6915590460012,1903,1895,1687,3168,1290,1402,1881,1717,1886,3171,1198,1406
38.70175242900041,1906,1918,1662,3169,1304,1402,1883,1731,1872,3171,1207,1406
38.71120057600092,1909,1941,1638,3169,1317,1402,1886,1745,1860,3171,1214,1406
38.72120156500023,1913,1964,1615,3170,1330,1402,1888,1760,1845,3171,1221,1406
38.731203658000595,1916,1985,1593,3171,1343,1402,1891,1775,1831,3171,1230,1406
38.741205678999904,1918,2005,1572,3172,1355,1402,1893,1791,1815,3171,1240,1406
38.7512007180012,1921,2023,1552,3173,1366,1402,1896,1808,1799,3171,1252,1406
38.76120226900093,1924,2040,1534,3174,1376,1402,1900,1825,1781,3171,1262,1406
38.771198520000326,1926,2056,1517,3175,1386,1402,1902,1845,1763,3171,1271,1406
38.78173436900033,1928,2071,1502,3176,1395,1402,1904,1864,1743,3171,1283,1406
38.79120129100011,1930,2084,1488,3176,1403,1402,1907,1882,1724,3171,1293,1406
38.80123112600086,1932,2096,1475,3177,1410,1402,1910,1901,1706,3171,1304,1406
38.81123135400048,1934,2107,1464,3178,1417,1402,1913,1920,1687,3171,1315,1406
38.821230280000236,1936,2116,1454,3178,1423,1402,1915,1939,1668,3171,1326,1406
38.83123470600003,1937,2124,1445,3179,1428,1402,1918,1957,1650,3172,1337,1406
38.841226939999615,1939,2130,1438,3179,1433,1402,1921,1977,1632,3173,1349,1406
38.851203103000444,1940,2136,1432,3180,1437,1402,1924,1995,1614,3174,1358,1406
38.86118947500108,1941,2139,1427,3180,1439,1402,1926,2012,1597,3174,1367,1406
38.871357179999904,1942,2142,1424,3181,1442,1402,1929,2029,1581,3175,1375,1406
38.881348550999974,1942,2143,1423,3181,1443,1402,1930,2045,1565,3175,1382,1406
38.8913504129996,1943,2143,1422,3181,1444,1402,1932,2059,1550,3175,1389,1406
38.90140729800078,1943,2141,1424,3181,1444,1402,1933,2075,1537,3175,1397,1406
38.91146469500018,1944,2138,1426,3181,1443,1402,1935,2087,1524,3176,1403,1406
38.92152922400055,1944,2134,1431,3181,1442,1402,1936,2098,1514,3177,1408,1406
38.93153899100071,1944,2129,1436,3181,1439,1402,1937,2106,1505,3177,1412,1406
38.941535252000904,1944,2122,1443,3180,1437,1402,1938,2113,1498,3177,1415,1406
38.95157070700043,1943,2114,1452,3180,1433,1402,1938,2118,1494,3177,1418,1406
38.961526971999774,1943,2105,1462,3179,1430,1402,1939,2120,1491,3177,1420,1406
38.97127766000085,1943,2097,1472,3177,1426,1402,1940,2121,1490,3178,1421,1406
38.981251328001235,1942,2089,1481,3176,1423,1402,1940,2121,1490,3178,1422,1406
38.99122521699974,1942,2083,1490,3173,1421,1402,1940,2121,1490,3178,1422,1406
39.001226526999744,1942,2078,1498,3171,1419,1402,1940,2120,1490,3178,1422,1406
39.011197740999705,1942,2074,1505,3168,1419,1402,1940,2119,1490,3178,1422,1406
39.02120131599986,1942,2072,1511,3165,1419,1402,1940,2116,1491,3178,1420,1406
39.03172712600099,1942,2071,1516,3161,1420,1402,1940,2113,1494,3178,1420,1406
39.04120086100011,1942,2071,1520,3158,1421,1402,1940,2111,1496,3177,1420,1406
39.051202642000135,1941,2072,1522,3154,1422,1402,1940,2108,1500,3176,1420,1406
39.061233749000166,1940,2072,1522,3151,1423,1402,1940,2105,1504,3173,1421,1406
39.07122521100064,1939,2072,1522,3149,1423,1402,1940,2103,1507,3171,1421,1406
39.08122436700069,1937,2070,1520,3149,1421,1402,1940,2102,1511,3169,1421,1406
39.091230296000504,1935,2067,1517,3148,1419,1402,1939,2102,1514,3166,1421,1406
39.1012522559995,1933,2065,1515,3149,1416,1402,1939,2102,1516,3165,1421,1406
39.11122755700126,1932,2064,1513,3149,1413,1402,1939,2102,1517,3163,1421,1406
39.121501311999964,1932,2065,1513,3148,1411,1402,1939,2102,1517,3161,1421,1406
39.13152680799976,1933,2066,1514,3148,1410,1402,1939,2102,1518,3160,1421,1406
39.14158966499963,1934,2069,1515,3146,1409,1402,1939,2103,1518,3159,1421,1406
39.151277983999535,1936,2074,1516,3145,1408,1402,1939,2103,1518,3159,1420,1406
39.161350139000206,1938,2080,1517,3143,1407,1402,1939,2103,1518,3158,1418,1406
39.17158528999971,1941,2087,1516,3141,1406,1402,1939,2103,1518,3157,1416,1406
39.18158148099974,1943,2095,1515,3140,1405,1402,1939,2103,1519,3156,1414,1406
39.191627236001295,1944,2103,1511,3139,1404,1402,1940,2102,1519,3154,1414,1406
39.20127908700124,1946,2111,1507,3138,1403,1402,1940,2102,1520,3153,1414,1406
39.21134839499973,1947,2120,1501,3137,1402,1402,1940,2102,1520,3151,1413,1406
39.221355817000585,1947,2129,1494,3137,1401,1402,1940,2102,1520,3150,1412,1406
39.23145566400126,1947,2137,1487,3136,1399,1402,1941,2104,1520,3148,1411,1406
39.241454639999574,1946,2144,1481,3136,1399,1402,1941,2107,1519,3148,1410,1406
39.25148060700121,1945,2149,1476,3135,1398,1402,1941,2111,1517,3147,1408,1406
39.26152988800095,1942,2153,1472,3134,1398,1402,1942,2116,1515,3146,1408,1406
39.27125421600067,1940,2156,1469,3134,1398,1402,1942,2121,1512,3145,1406,1406
39.28128037300121,1936,2157,1467,3132,1399,1402,1943,2127,1508,3144,1405,1406
39.29175240200129,1931,2157,1465,3131,1400,1402,1944,2134,1506,3143,1405,1406
39.301379917000304,1925,2156,1465,3129,1400,1402,1944,2139,1503,3142,1404,1406
39.31159210500118,1920,2155,1464,3128,1399,1402,1944,2146,1500,3141,1404,1406
39.32165516200075,1915,2153,1463,3127,1397,1402,1944,2150,1499,3140,1404,1406
39.33165277599983,1911,2151,1462,3126,1394,1402,1943,2153,1498,3139,1404,1406
39.34172775499974,1908,2150,1460,3125,1389,1402,1941,2155,1498,3138,1402,1406
39.35120184100015,1905,2150,1457,3125,1383,1402,1939,2156,1498,3136,1402,1406
39.361197120000725,1903,2150,1454,3125,1376,1402,1937,2156,1498,3136,1401,1406
39.371277440000995,1902,2150,1450,3125,1367,1402,1935,2156,1498,3135,1400,1406
39.38135007500023,1901,2151,1445,3125,1358,1402,1931,2156,1497,3134,1398,1406
39.3913791369996,1901,2153,1440,3125,1347,1402,1929,2156,1495,3134,1397,1406
39.401458284999535,1901,2155,1435,3126,1335,1402,1925,2156,1493,3134,1392,1406
39.41147772899967,1901,2156,1429,3126,1324,1402,1922,2156,1489,3134,1388,1406
39.42152865299977,1902,2158,1425,3126,1314,1402,1918,2156,1485,3133,1383,1406
39.43152614700011,1903,2160,1421,3126,1304,1402,1915,2156,1480,3132,1377,1406
39.44150256000103,1904,2162,1418,3126,1296,1402,1912,2156,1475,3132,1370,1406
39.451566599000216,1904,2163,1416,3126,1289,1402,1911,2157,1471,3132,1363,1406
39.46158422000008,1905,2164,1415,3126,1283,1402,1910,2159,1466,3132,1356,1406
39.47134839300088,1905,2165,1415,3125,1279,1402,1910,2161,1461,3132,1348,1406
39.481355525000254,1906,2165,1416,3124,1276,1402,1910,2162,1457,3132,1341,1406
39.49150165900028,1906,2166,1418,3123,1274,1402,1910,2164,1454,3132,1333,1406
39.50158710799951,1906,2166,1421,3121,1273,1402,1910,2165,1451,3132,1325,1406
39.511608365999564,1907,2165,1425,3119,1274,1402,1911,2166,1450,3131,1318,1406
39.521285304999765,1907,2165,1431,3117,1276,1402,1913,2167,1449,3130,1312,1406
39.53135824000128,1907,2164,1438,3114,1279,1402,1915,2168,1449,3129,1306,1406
39.54147858500073,1907,2163,1445,3111,1282,1402,1915,2168,1449,3128,1300,1406
39.55158660699999,1907,2163,1452,3109,1286,1402,1916,2169,1449,3127,1297,1406
39.56122899000002,1908,2162,1457,3106,1288,1402,1916,2169,1450,3125,1296,1406
39.57123002000117,1909,2162,1461,3104,1289,1402,1916,2169,1451,3123,1296,1406
39.58123004800109,1910,2163,1463,3102,1289,1402,1916,2169,1453,3121,1296,1406
39.5912534600011,1911,2164,1465,3100,1287,1402,1916,2169,1455,3119,1296,1406
39.60135752499991,1913,2165,1467,3098,1284,1402,1916,2168,1458,3117,1296,1406
39.611351812000066,1914,2165,1469,3096,1281,1402,1916,2168,1460,3115,1296,1406
39.62158275600086,1916,2164,1472,3094,1278,1402,1915,2168,1462,3113,1296,1406
39.63155807700059,1917,2163,1477,3091,1277,1402,1914,2168,1465,3112,1296,1406
39.641372494999814,1917,2161,1483,3089,1276,1402,1913,2168,1467,3110,1295,1406
39.651461430999916,1917,2158,1490,3086,1277,1402,1912,2168,1469,3108,1293,1406
39.66155963399979,1917,2154,1499,3083,1279,1402,1912,2168,1471,3106,1290,1406
39.67155530400123,1917,2150,1508,3079,1281,1402,1912,2169,1474,3104,1288,1406
39.68155952000052,1917,2146,1518,3076,1284,1402,1912,2169,1478,3102,1286,1406
39.69155416800095,1916,2143,1527,3072,1286,1402,1912,2169,1482,3099,1286,1406
39.70181421699999,1916,2141,1534,3070,1289,1402,1913,2169,1487,3097,1286,1406
39.71135264300028,1915,2139,1539,3067,1292,1402,1914,2169,1492,3094,1286,1406
39.72134958599963,1914,2138,1543,3065,1294,1402,1915,2169,1497,3091,1286,1406
39.73134787100025,1914,2138,1546,3062,1296,1402,1916,2168,1504,3088,1286,1406
39.74134896000032,1913,2139,1547,3060,1297,1402,1916,2168,1510,3086,1286,1406
39.751360480000585,1912,2141,1547,3058,1299,1402,1916,2168,1516,3083,1286,1406
39.76145616900067,1911,2144,1545,3057,1300,1402,1916,2168,1522,3080,1287,1406
39.77147679600057,1910,2148,1542,3055,1301,1402,1916,2168,1528,3078,1288,1406
39.781500828999924,1910,2153,1538,3054,1301,1402,1916,2168,1532,3076,1290,1406
39.79155936800089,1909,2157,1534,3054,1301,1402,1916,2168,1535,3074,1292,1406
39.80155688100058,1909,2160,1531,3055,1301,1402,1916,2169,1536,3072,1293,1406
39.81158013300046,1909,2162,1530,3056,1300,1402,1916,2170,1536,3070,1295,1406
39.8213714070007,1910,2163,1530,3057,1299,1402,1915,2170,1536,3068,1296,1406
39.83134932299981,1911,2162,1532,3059,1298,1402,1915,2171,1536,3067,1297,1406
39.8413569660006,1912,2161,1535,3062,1297,1402,1915,2172,1536,3067,1297,1406
39.851401337000425,1915,2159,1540,3066,1296,1402,1915,2172,1536,3067,1297,1406
39.86146150900095,1917,2157,1544,3069,1297,1402,1915,2172,1536,3066,1297,1406
39.87145970399979,1920,2155,1547,3072,1298,1402,1915,2172,1536,3066,1297,1406
39.881401120999726,1923,2155,1549,3074,1301,1402,1916,2171,1537,3066,1296,1406
39.89146747400082,1926,2155,1549,3075,1306,1402,1916,2170,1539,3067,1295,1406
39.90150087500115,1930,2157,1548,3076,1311,1402,1916,2170,1541,3068,1295,1406
39.9115834990007,1934,2159,1547,3077,1318,1402,1917,2170,1544,3070,1295,1406
39.92122839700096,1939,2162,1544,3077,1324,1402,1918,2170,1546,3071,1296,1406
39.93122446800044,1943,2165,1542,3078,1331,1402,1919,2170,1547,3073,1298,1406
39.94135454100069,1948,2167,1541,3077,1336,1402,1919,2171,1548,3073,1301,1406
39.95137788300053,1952,2169,1540,3077,1339,1402,1921,2172,1548,3073,1304,1406
39.96155670900043,1956,2171,1539,3077,1342,1402,1923,2173,1548,3073,1308,1406
39.97172686700105,1961,2172,1540,3077,1343,1402,1927,2175,1548,3074,1313,1406
39.98120041200127,1966,2172,1541,3077,1344,1402,1930,2176,1548,3075,1318,1406
39.9911952500006,1972,2173,1544,3076,1342,1402,1933,2177,1548,3075,1322,1406
40.001349969999865,1976,2173,1546,3076,1340,1402,1936,2177,1548,3075,1325,1406
40.01140093499998,1980,2172,1549,3075,1338,1402,1940,2178,1548,3075,1327,1406
40.02146194700072,1983,2172,1551,3075,1335,1402,1944,2178,1548,3075,1328,1406
40.03147449900098,1985,2171,1553,3074,1332,1402,1949,2178,1549,3075,1329,1406
40.04173186300068,1986,2170,1554,3073,1330,1402,1954,2178,1550,3075,1330,1406
40.05136110100102,1985,2170,1554,3072,1327,1402,1959,2178,1552,3075,1329,1406
40.06137605799995,1984,2170,1553,3071,1325,1402,1964,2177,1553,3075,1329,1406
40.07138393999958,1982,2169,1552,3070,1323,1402,1968,2177,1554,3075,1328,1406
40.08140149100109,1979,2170,1549,3069,1322,1402,1972,2177,1555,3075,1327,1406
40.09145514100055,1975,2171,1545,3068,1322,1402,1973,2177,1555,3075,1326,1406
40.10174770000049,1972,2172,1541,3069,1322,1402,1974,2178,1556,3075,1325,1406
40.1111973900006,1969,2174,1535,3070,1324,1402,1974,2178,1556,3075,1325,1406
40.12135393300014,1968,2177,1530,3073,1327,1402,1974,2179,1556,3075,1324,1406
40.13135203800084,1967,2180,1524,3075,1330,1402,1974,2179,1556,3075,1324,1406
40.141376982999645,1967,2185,1518,3078,1334,1402,1974,2179,1556,3075,1324,1406
40.15148416299962,1968,2189,1513,3079,1338,1402,1974,2180,1555,3075,1324,1406
40.16150286700031,1969,2193,1509,3079,1341,1402,1973,2182,1554,3075,1324,1406
40.17153182900074,1972,2198,1506,3079,1344,1402,1971,2183,1552,3075,1325,1406
40.18150024700117,1975,2203,1504,3078,1347,1402,1968,2186,1549,3076,1327,1406
40.19122597800015,1978,2208,1502,3075,1350,1402,1967,2188,1545,3077,1330,1406
40.20135312599996,1982,2212,1502,3073,1352,1402,1966,2191,1542,3077,1334,1406
40.21139313899948,1984,2215,1502,3071,1352,1402,1966,2195,1538,3077,1336,1406
40.22146299900123,1986,2217,1503,3069,1351,1402,1966,2198,1535,3077,1339,1406
40.23145389000092,1986,2217,1504,3069,1348,1402,1967,2202,1533,3076,1341,1406
40.24145930800114,1986,2217,1506,3069,1345,1402,1969,2206,1532,3076,1342,1406
40.25151572200048,1985,2215,1509,3069,1340,1402,1971,2210,1531,3075,1343,1406
40.261552841000594,1983,2212,1513,3070,1334,1402,1972,2213,1531,3075,1343,1406
40.27155900000071,1981,2209,1516,3071,1329,1402,1974,2216,1531,3074,1343,1406
40.281474327999604,1979,2206,1520,3072,1324,1402,1977,2217,1531,3074,1342,1406
40.29119575100049,1978,2203,1523,3072,1320,1402,1979,2218,1531,3074,1341,1406
40.301713566001126,1978,2201,1526,3072,1318,1402,1980,2219,1532,3074,1338,1406
40.31172572700052,1978,2200,1529,3071,1317,1402,1980,2219,1532,3075,1333,1406
40.32125206099954,1979,2199,1532,3070,1317,1402,1981,2219,1533,3075,1331,1406
40.33122259300035,1981,2199,1534,3068,1318,1402,1981,2219,1534,3075,1329,1406
40.34168998300083,1984,2200,1535,3067,1321,1402,1981,2219,1535,3075,1327,1406
40.351773929000046,1986,2203,1534,3065,1324,1402,1981,2218,1536,3075,1325,1406
40.36122959000022,1987,2205,1533,3064,1327,1402,1981,2217,1538,3074,1325,1406
40.37127917200087,1987,2209,1529,3064,1330,1402,1981,2216,1538,3074,1325,1406
40.38127385000007,1987,2213,1525,3065,1332,1402,1979,2216,1538,3074,1325,1406
40.39134647500032,1986,2218,1520,3066,1335,1402,1977,2216,1538,3073,1327,1406
40.401365068000814,1985,2224,1515,3067,1336,1402,1977,2216,1538,3072,1329,1406
40.41145641799994,1984,2229,1512,3067,1338,1402,1977,2217,1538,3071,1330,1406
40.42158343600022,1982,2236,1509,3067,1338,1402,1977,2218,1538,3071,1331,1406
40.431578433999675,1980,2242,1507,3066,1337,1402,1977,2221,1537,3071,1332,1406
40.44163165300051,1979,2247,1503,3065,1336,1402,1977,2224,1536,3071,1332,1406
40.45186844700038,1978,2252,1497,3064,1333,1402,1978,2228,1534,3071,1333,1406
40.46135157000026,1977,2256,1491,3064,1331,1402,1979,2232,1533,3071,1333,1406
40.47135367200099,1976,2260,1484,3063,1328,1402,1981,2237,1532,3071,1333,1406
40.481251217001045,1974,2264,1478,3062,1326,1402,1982,2241,1530,3071,1333,1406
40.49145529999987,1973,2267,1474,3062,1325,1402,1983,2247,1528,3071,1332,1406
40.501455126999645,1973,2269,1471,3061,1324,1402,1983,2251,1525,3071,1331,1406
40.51158403900081,1972,2271,1470,3060,1324,1402,1983,2257,1522,3070,1330,1406
40.521224637999694,1971,2271,1469,3059,1324,1402,1983,2262,1519,3070,1329,1406
40.531222261999574,1970,2272,1471,3058,1325,1402,1983,2266,1515,3070,1329,1406
40.54134893900118,1969,2272,1474,3057,1327,1402,1983,2270,1513,3070,1328,1406
40.551455939001244,1969,2271,1478,3055,1329,1402,1982,2273,1511,3069,1327,1406
40.56149900800119,1968,2270,1484,3053,1333,1402,1982,2274,1509,3067,1327,1406
40.57155928999964,1968,2270,1490,3051,1337,1402,1981,2275,1509,3066,1327,1406
40.58155332699971,1968,2269,1495,3050,1340,1402,1980,2276,1509,3065,1328,1406
40.59155634000126,1969,2269,1499,3048,1344,1402,1979,2277,1509,3064,1329,1406
40.60156047599958,1970,2269,1502,3048,1347,1402,1977,2277,1508,3062,1331,1406
40.6115793200006,1972,2270,1503,3047,1350,1402,1977,2277,1508,3060,1332,1406
40.621354012000666,1974,2272,1502,3047,1352,1402,1976,2277,1508,3060,1333,1406
40.63134906100095,1976,2274,1500,3047,1355,1402,1976,2276,1509,3058,1335,1406
40.641351583999494,1979,2277,1497,3047,1358,1402,1976,2276,1509,3057,1337,1406
40.65135890599959,1982,2280,1492,3047,1360,1402,1976,2276,1510,3056,1339,1406
40.6614724179999,1985,2283,1488,3048,1361,1402,1976,2277,1510,3056,1342,1406
40.67155730600098,1987,2285,1485,3048,1361,1402,1976,2278,1510,3055,1344,1406
40.6815067589996,1987,2287,1483,3048,1361,1402,1976,2280,1510,3054,1346,1406
40.69155272300122,1987,2287,1483,3048,1360,1402,1976,2283,1510,3054,1348,1406
40.70176471100058,1985,2287,1484,3047,1359,1402,1977,2285,1508,3054,1350,1406
40.71122505099993,1983,2285,1486,3046,1356,1402,1978,2288,1507,3054,1351,1406
40.72124933499981,1980,2283,1490,3045,1354,1402,1978,2291,1507,3054,1352,1406
40.731222091000745,1977,2281,1494,3044,1352,1402,1979,2292,1507,3054,1353,1406
40.74123087600128,1975,2280,1497,3043,1350,1402,1981,2293,1507,3053,1353,1406
40.75137610800084,1974,2279,1499,3043,1350,1402,1981,2293,1507,3052,1353,1406
40.76140600200051,1974,2279,1500,3042,1350,1402,1981,2294,1507,3052,1352,1406
40.77145398100038,1975,2279,1500,3041,1350,1402,1981,2294,1507,3051,1351,1406
40.78145876800045,1977,2280,1501,3041,1351,1402,1981,2294,1507,3051,1351,1406
40.791471520000414,1979,2280,1502,3040,1352,1402,1981,2293,1507,3050,1351,1406
40.80173444399952,1982,2280,1505,3039,1352,1402,1981,2293,1507,3050,1351,1406
40.811198389999845,1983,2279,1510,3037,1351,1402,1981,2292,1507,3048,1351,1406
40.8213516779997,1985,2278,1515,3036,1349,1402,1981,2291,1506,3047,1351,1406
40.83135214600043,1986,2276,1522,3033,1347,1402,1981,2291,1506,3046,1351,1406
40.84137218199976,1986,2275,1528,3029,1345,1402,1980,2291,1507,3045,1351,1406
40.852089554000486,1985,2275,1533,3025,1343,1402,1979,2291,1509,3044,1352,1406
40.8615291340011,1984,2275,1537,3019,1343,1402,1979,2291,1511,3043,1352,1406
40.87155813699974,1982,2275,1540,3014,1343,1402,1979,2291,1515,3041,1352,1406
40.88156006899953,1980,2276,1543,3009,1343,1402,1979,2291,1519,3039,1351,1406
40.89167823000025,1979,2276,1545,3004,1344,1402,1979,2291,1523,3036,1350,1406
40.902249284999925,1978,2277,1548,3001,1345,1402,1979,2291,1528,3033,1349,1406
40.91125599900079,1977,2277,1550,2999,1345,1402,1979,2291,1532,3030,1349,1406
40.921349012000064,1977,2277,1554,2997,1346,1402,1980,2292,1536,3026,1348,1406
40.93134665599973,1977,2277,1558,2997,1346,1402,1982,2293,1540,3023,1348,1406
40.94135587100027,1978,2277,1563,2997,1347,1402,1983,2293,1543,3019,1348,1406
40.951446600000054,1980,2277,1567,2998,1347,1402,1984,2293,1547,3016,1348,1406
40.96171883200077,1981,2278,1570,2999,1347,1402,1985,2293,1551,3014,1347,1406
40.97146001100009,1982,2279,1571,3000,1347,1402,1985,2293,1554,3012,1346,1406
40.981473134001135,1983,2280,1571,3000,1347,1402,1985,2293,1558,3011,1346,1406
40.99147356300091,1983,2282,1569,3000,1346,1402,1986,2292,1561,3010,1346,1406
41.00175542299985,1984,2285,1566,2999,1346,1402,1986,2292,1563,3010,1345,1406
41.011194972999874,1984,2287,1562,2997,1346,1402,1986,2292,1566,3010,1345,1406
41.02140274300109,1984,2289,1559,2996,1345,1402,1986,2292,1567,3010,1345,1406
41.03145780500017,1983,2289,1557,2995,1344,1402,1986,2292,1567,3010,1345,1406
41.0412026110007,1983,2289,1557,2994,1344,1402,1985,2293,1567,3008,1346,1406
41.051348465000046,1983,2288,1557,2994,1343,1402,1985,2295,1567,3007,1347,1406
41.06134861300052,1983,2285,1560,2994,1343,1402,1984,2296,1567,3005,1347,1406
41.071382645000995,1982,2282,1564,2994,1342,1402,1983,2297,1567,3004,1347,1406
41.081371943000704,1982,2278,1569,2995,1341,1402,1983,2298,1568,3003,1347,1406
41.09145338400049,1982,2273,1576,2996,1341,1402,1982,2298,1568,3003,1347,1406
41.10146152800007,1981,2268,1583,2996,1340,1402,1982,2298,1569,3002,1347,1406
41.111453470000924,1981,2265,1589,2997,1339,1402,1982,2298,1570,3002,1347,1406
41.121451875000275,1981,2263,1594,2997,1339,1402,1982,2298,1573,3002,1347,1406
41.131451753000874,1981,2262,1599,2996,1339,1402,1983,2298,1576,3002,1347,1406
41.14145240200014,1981,2262,1602,2996,1339,1402,1984,2297,1579,3002,1347,1406
41.15145129800112,1981,2264,1605,2994,1339,1402,1984,2296,1582,3002,1347,1406
41.161457217000134,1981,2267,1606,2992,1339,1402,1985,2296,1586,3002,1346,1406
41.17155144299977,1981,2270,1607,2989,1339,1402,1985,2295,1590,3002,1345,1406
41.181552011999884,1981,2273,1606,2986,1338,1402,1985,2295,1594,3002,1344,1406
41.19152324599963,1982,2275,1605,2983,1338,1402,1985,2295,1598,3001,1343,1406
41.202277958000195,1983,2275,1604,2979,1337,1402,1985,2296,1601,2999,1342,1406
41.211198839000645,1985,2274,1603,2975,1336,1402,1985,2296,1603,2998,1342,1406
41.221349872001156,1987,2272,1603,2971,1335,1402,1985,2297,1603,2995,1342,1406
41.23135125299996,1989,2270,1603,2968,1333,1402,1985,2298,1604,2993,1342,1406
41.241379675000644,1990,2270,1605,2966,1331,1402,1985,2299,1604,2991,1342,1406
41.25146490299994,1992,2270,1608,2964,1329,1402,1985,2299,1605,2989,1343,1406
41.26149979699949,1993,2270,1612,2964,1326,1402,1985,2299,1605,2985,1343,1406
41.27152835900051,1993,2271,1616,2964,1323,1402,1985,2299,1605,2982,1342,1406
41.28152251600113,1994,2271,1618,2963,1320,1402,1985,2298,1606,2980,1339,1406
41.291551559001164,1993,2271,1619,2963,1317,1402,1985,2297,1608,2978,1337,1406
41.301474992000294,1993,2269,1619,2962,1315,1402,1986,2296,1610,2976,1335,1406
41.3114584190007,1992,2267,1617,2960,1312,1402,1986,2295,1612,2975,1333,1406
41.32145157400009,1991,2264,1614,2958,1309,1402,1987,2294,1614,2974,1331,1406
41.33146144000057,1990,2262,1610,2956,1306,1402,1987,2294,1616,2973,1328,1406
41.341453363000255,1989,2260,1607,2953,1304,1402,1987,2294,1616,2972,1326,1406
41.35146500300107,1988,2260,1606,2952,1303,1402,1987,2294,1617,2970,1324,1406
41.361498153000866,1988,2261,1605,2951,1302,1402,1988,2295,1617,2968,1321,1406
41.37150366199967,1989,2264,1606,2950,1302,1402,1988,2296,1617,2966,1318,1406
41.38153233400044,1989,2268,1608,2949,1302,1402,1988,2296,1618,2964,1316,1406
41.391551237000385,1989,2272,1611,2947,1302,1402,1989,2296,1618,2963,1314,1406
41.40150503800032,1989,2276,1614,2946,1302,1402,1989,2297,1618,2961,1312,1406
41.41145520200007,1989,2279,1617,2943,1302,1402,1989,2297,1618,2960,1310,1406
41.42172317600125,1988,2281,1620,2940,1302,1402,1989,2297,1619,2959,1309,1406
41.43167414100026,1986,2281,1622,2937,1302,1402,1989,2297,1620,2957,1308,1406
41.44134697200025,1984,2281,1624,2932,1301,1402,1989,2296,1621,2955,1308,1406
41.45140909700058,1982,2279,1625,2927,1301,1402,1989,2295,1623,2953,1308,1406
41.4612533010004,1980,2276,1626,2923,1300,1402,1989,2294,1624,2951,1308,1406
41.47158572599983,1979,2274,1627,2920,1299,1402,1989,2294,1625,2949,1307,1406
41.48157652699956,1978,2271,1628,2918,1298,1402,1989,2294,1626,2946,1307,1406
41.49164948200087,1978,2268,1629,2917,1297,1402,1988,2294,1627,2942,1307,1406
41.50165570200079,1979,2264,1630,2917,1296,1402,1987,2294,1628,2939,1307,1406
41.51167759100099,1980,2262,1630,2917,1295,1402,1986,2295,1629,2936,1306,1406
41.52155258300081,1981,2261,1631,2917,1294,1402,1985,2295,1629,2933,1305,1406
41.53152448800029,1981,2261,1631,2916,1294,1402,1985,2296,1629,2932,1304,1406
41.541702862999955,1981,2263,1631,2914,1293,1402,1984,2296,1630,2931,1302,1406
41.551399518000835,1979,2265,1631,2912,1292,1402,1984,2296,1630,2930,1302,1406
41.561487953000324,1978,2268,1631,2911,1292,1402,1984,2296,1631,2928,1301,1406
41.571349570000166,1977,2271,1630,2911,1292,1402,1984,2296,1632,2927,1300,1406
41.58134578099998,1976,2273,1629,2911,1292,1402,1984,2296,1633,2925,1299,1406
41.59164941200106,1975,2274,1628,2913,1292,1402,1984,2296,1633,2924,1298,1406
41.601654608999524,1973,2276,1627,2915,1293,1402,1984,2296,1633,2922,1298,1406
41.61164806499983,1972,2277,1625,2919,1294,1402,1984,2295,1633,2921,1297,1406
41.621680133001064,1971,2278,1623,2923,1295,1402,1984,2295,1633,2920,1296,1406
41.6316830070009,1970,2279,1621,2927,1297,1402,1984,2295,1633,2920,1294,1406
41.64135537600123,1968,2279,1619,2931,1299,1402,1983,2295,1633,2920,1294,1406
41.651347078999606,1967,2280,1617,2933,1300,1402,1982,2295,1633,2921,1294,1406
41.66134835900084,1966,2281,1615,2935,1301,1402,1982,2295,1633,2922,1294,1406
41.67137294300119,1965,2281,1614,2935,1302,1402,1980,2295,1633,2924,1294,1406
41.6814512990004,1965,2282,1612,2935,1301,1402,1979,2295,1634,2926,1295,1406
41.69152284200027,1965,2284,1611,2934,1299,1402,1978,2296,1634,2928,1296,1406
41.70155479099958,1965,2285,1609,2931,1297,1402,1977,2296,1634,2930,1297,1406
41.711557833999905,1965,2287,1608,2928,1293,1402,1976,2296,1634,2930,1298,1406
41.72155194100014,1966,2289,1607,2924,1289,1402,1975,2296,1634,2930,1298,1406
41.73152721199949,1966,2291,1606,2920,1285,1402,1974,2296,1634,2930,1298,1406
41.74153320200094,1967,2292,1606,2917,1282,1402,1973,2296,1634,2930,1298,1406
41.75255828400077,1967,2293,1607,2915,1279,1402,1973,2296,1634,2930,1296,1406
41.76145102200098,1967,2294,1608,2914,1278,1402,1973,2296,1633,2930,1294,1406
41.77145422600006,1967,2295,1610,2914,1277,1402,1973,2296,1633,2927,1292,1406
41.78145651900013,1966,2296,1613,2915,1278,1402,1973,2298,1633,2925,1290,1406
41.79149904699989,1965,2296,1617,2916,1279,1402,1973,2298,1632,2923,1288,1406
41.80147777499951,1964,2296,1621,2919,1281,1402,1973,2300,1632,2922,1286,1406
41.81150213900037,1963,2296,1625,2920,1282,1402,1973,2300,1632,2921,1285,1406
41.82119774199964,1962,2295,1628,2921,1282,1402,1973,2301,1632,2921,1285,1406
41.83134508799958,1962,2295,1631,2921,1281,1402,1972,2302,1633,2922,1285,1406
41.84135370200056,1962,2295,1633,2920,1280,1402,1972,2302,1634,2922,1285,1406
41.851453418001256,1961,2294,1635,2918,1278,1402,1971,2302,1636,2922,1284,1406
41.861250674000985,1961,2294,1635,2915,1276,1402,1971,2302,1637,2922,1284,1406
41.87145869400047,1961,2293,1635,2913,1275,1402,1971,2302,1639,2922,1284,1406
41.88150432800103,1961,2291,1633,2911,1276,1402,1971,2302,1640,2922,1284,1406
41.89122931699967,1960,2290,1631,2910,1278,1402,1970,2302,1641,2922,1284,1406
41.90145233600015,1960,2288,1627,2910,1281,1402,1970,2302,1641,2920,1283,1406
41.911686495999675,1959,2287,1624,2910,1285,1402,1969,2302,1641,2919,1283,1406
41.921451370000796,1959,2286,1620,2910,1290,1402,1969,2302,1641,2918,1282,1406
41.9314566080011,1959,2287,1616,2911,1297,1402,1969,2302,1641,2917,1282,1406
41.94145236800068,1960,2288,1613,2913,1305,1402,1969,2302,1641,2917,1282,1406
41.95145457000035,1961,2291,1611,2916,1314,1402,1968,2302,1641,2917,1282,1406
41.961458706000485,1962,2295,1609,2919,1322,1402,1968,2302,1641,2917,1284,1406
41.971453053000005,1964,2300,1607,2921,1331,1402,1968,2302,1640,2917,1286,1406
41.98145139799999,1966,2304,1605,2924,1338,1402,1968,2302,1640,2917,1288,1406
41.99145627500002,1968,2308,1604,2927,1344,1402,1968,2302,1639,2917,1292,1406
42.001528689001134,1969,2312,1602,2929,1348,1402,1968,2303,1638,2917,1297,1406
42.01152846700097,1971,2316,1599,2931,1351,1402,1968,2306,1638,2917,1303,1406
42.0215548340002,1972,2318,1597,2933,1353,1402,1968,2308,1636,2919,1309,1406
42.031553599999825,1973,2321,1594,2934,1354,1402,1968,2311,1634,2921,1314,1406
42.0415499110004,1974,2323,1590,2935,1353,1402,1968,2314,1632,2923,1320,1406
42.05147472700082,1974,2324,1586,2936,1352,1402,1968,2317,1630,2925,1325,1406
42.06149685700075,1974,2326,1581,2937,1348,1402,1969,2320,1628,2927,1330,1406
42.07152281399976,1975,2327,1574,2937,1344,1402,1969,2323,1626,2928,1334,1406
42.081497303001015,1975,2327,1567,2938,1339,1402,1969,2326,1624,2929,1336,1406
42.09152820000054,1974,2328,1560,2939,1334,1402,1969,2329,1622,2930,1337,1406
42.101915388000634,1974,2328,1554,2939,1329,1402,1970,2331,1620,2932,1337,1406
42.11135561999981,1974,2328,1549,2940,1326,1402,1971,2332,1618,2933,1335,1406
42.12145262100057,1974,2329,1545,2941,1324,1402,1971,2334,1615,2934,1335,1406
42.13145333000102,1974,2329,1541,2942,1324,1402,1972,2335,1612,2935,1333,1406
42.14147068100101,1974,2330,1537,2943,1325,1402,1972,2336,1607,2935,1332,1406
42.15145343600125,1974,2331,1533,2945,1327,1402,1972,2337,1603,2936,1329,1406
42.1617259980012,1974,2332,1530,2947,1330,1402,1972,2337,1598,2937,1327,1406
42.17134694100059,1973,2333,1528,2948,1334,1402,1972,2337,1593,2938,1326,1406
42.18134778100102,1973,2334,1527,2950,1338,1402,1972,2337,1588,2939,1326,1406
42.19167330300115,1973,2334,1527,2951,1340,1402,1972,2337,1583,2940,1326,1406
42.20167597600084,1973,2333,1528,2951,1341,1402,1972,2337,1578,2941,1328,1406
42.21167398000034,1972,2332,1529,2950,1341,1402,1972,2337,1574,2942,1329,1406
42.22137427199959,1972,2331,1531,2950,1340,1402,1972,2337,1570,2944,1331,1406
42.231397524001295,1971,2329,1533,2948,1337,1402,1972,2337,1568,2945,1333,1406
42.241451293000864,1970,2327,1535,2947,1334,1402,1971,2337,1566,2945,1335,1406
42.25145632100066,1969,2327,1536,2946,1331,1402,1971,2337,1565,2945,1336,1406
42.26149703600095,1968,2327,1535,2946,1329,1402,1971,2337,1564,2945,1336,1406
42.27153245000045,1967,2328,1532,2947,1329,1402,1971,2337,1564,2945,1335,1406
42.281522039000265,1966,2331,1528,2948,1329,1402,1971,2337,1564,2945,1334,1406
42.29155643100057,1965,2334,1523,2951,1331,1402,1971,2337,1564,2945,1333,1406
42.301529689000745,1964,2339,1516,2954,1333,1402,1971,2337,1564,2945,1332,1406
42.311528604999694,1963,2343,1509,2957,1337,1402,1971,2338,1563,2946,1332,1406
42.321502193000924,1963,2348,1501,2959,1341,1402,1971,2339,1562,2947,1332,1406
42.331500668000444,1962,2351,1495,2961,1345,1402,1971,2341,1559,2949,1332,1406
42.341521805999946,1962,2353,1490,2962,1348,1402,1971,2343,1556,2950,1332,1406
42.35198361500079,1962,2354,1485,2962,1351,1402,1972,2346,1552,2952,1332,1406
42.36145174900048,1962,2353,1482,2961,1354,1402,1972,2349,1547,2953,1333,1406
42.37153181800022,1962,2352,1480,2959,1356,1402,1972,2352,1542,2955,1335,1406
42.38152001399976,1963,2350,1479,2956,1357,1402,1972,2355,1537,2956,1338,1406
42.391548405999856,1963,2347,1480,2953,1358,1402,1972,2357,1533,2957,1341,1406
42.40149676600049,1962,2344,1483,2949,1357,1402,1972,2358,1529,2957,1343,1406
42.41155281000101,1962,2340,1487,2946,1356,1402,1971,2359,1526,2957,1345,1406
42.4215776150013,1961,2337,1492,2943,1353,1402,1971,2360,1524,2956,1347,1406
42.43159888300033,1960,2333,1499,2939,1350,1402,1970,2360,1523,2956,1348,1406
42.44162439899992,1958,2330,1506,2936,1346,1402,1970,2360,1523,2955,1348,1406
42.451839723000376,1957,2328,1513,2933,1343,1402,1969,2360,1523,2953,1349,1406
42.461345728001106,1956,2326,1519,2930,1340,1402,1969,2359,1523,2951,1349,1406
42.47134481499961,1955,2325,1523,2928,1339,1402,1969,2359,1522,2948,1349,1406
42.48134582500097,1955,2324,1526,2927,1338,1402,1968,2358,1522,2946,1349,1406
42.49145014900023,1955,2324,1527,2925,1339,1402,1967,2358,1524,2944,1347,1406
42.50145251200047,1956,2325,1527,2924,1341,1402,1966,2358,1525,2941,1344,1406
42.51145430299948,1957,2326,1526,2923,1343,1402,1966,2358,1528,2939,1342,1406
42.52155489100005,1958,2328,1523,2923,1347,1402,1965,2358,1530,2938,1342,1406
42.531550701000015,1958,2329,1521,2924,1349,1402,1965,2358,1531,2937,1342,1406
42.54155871399962,1958,2330,1519,2925,1350,1402,1965,2358,1532,2935,1343,1406
42.55152582000119,1957,2330,1517,2927,1350,1402,1964,2359,1532,2934,1345,1406
42.56155306900109,1956,2329,1515,2929,1348,1402,1964,2359,1532,2934,1346,1406
42.57125050600007,1953,2328,1513,2933,1346,1402,1964,2360,1532,2933,1346,1406
42.58134498199979,1951,2328,1510,2937,1343,1402,1964,2360,1532,2933,1347,1406
42.591776665,1949,2328,1505,2941,1340,1402,1963,2360,1532,2933,1347,1406
42.60146092700052,1948,2329,1499,2945,1339,1402,1963,2360,1532,2933,1347,1406
42.61149642199962,1947,2330,1491,2950,1338,1402,1962,2360,1532,2934,1347,1406
42.62155831600103,1946,2332,1482,2954,1338,1402,1962,2359,1532,2935,1345,1406
42.631529771000714,1946,2335,1473,2959,1338,1402,1961,2359,1531,2937,1343,1406
42.6415532129995,1946,2337,1465,2962,1339,1402,1960,2359,1528,2940,1342,1406
42.65152343400041,1946,2340,1458,2965,1340,1402,1960,2359,1525,2942,1342,1406
42.66154951200042,1946,2342,1453,2967,1341,1402,1959,2359,1521,2945,1342,1406
42.671549319000405,1946,2343,1449,2969,1342,1402,1958,2359,1517,2948,1342,1406
42.68146877500112,1945,2345,1447,2970,1344,1402,1957,2359,1512,2951,1343,1406
42.69162186200083,1945,2346,1446,2970,1345,1402,1956,2359,1508,2954,1343,1406
42.7018800170008,1945,2347,1446,2971,1346,1402,1955,2360,1503,2957,1344,1406
42.711351838001065,1946,2347,1448,2971,1346,1402,1955,2360,1498,2959,1344,1406
42.72137450900118,1946,2347,1450,2971,1344,1402,1954,2360,1495,2960,1344,1406
42.73144757400041,1947,2347,1451,2972,1342,1402,1953,2360,1492,2961,1344,1406
42.741450438001266,1949,2347,1451,2973,1338,1402,1953,2360,1489,2962,1344,1406
42.751462137999624,1951,2346,1450,2975,1333,1402,1953,2359,1488,2963,1344,1406
42.76152174799972,1953,2346,1449,2978,1327,1402,1953,2359,1487,2964,1344,1406
42.77127855700019,1956,2345,1447,2981,1320,1402,1953,2359,1485,2965,1343,1406
42.781345962999694,1958,2344,1445,2984,1314,1402,1953,2358,1484,2967,1342,1406
42.79134762300055,1960,2342,1444,2986,1309,1402,1953,2358,1482,2968,1340,1406
42.80134746099975,1962,2340,1444,2988,1305,1402,1953,2358,1480,2971,1337,1406
42.81139723300112,1963,2338,1444,2988,1303,1402,1954,2358,1478,2973,1334,1406
42.82145218500045,1964,2336,1446,2988,1302,1402,1954,2359,1477,2975,1330,1406
42.831456911000714,1965,2333,1448,2987,1302,1402,1955,2359,1476,2977,1326,1406
42.84150289600075,1965,2330,1452,2986,1303,1402,1956,2359,1476,2979,1322,1406
42.85152789099993,1964,2326,1456,2983,1306,1402,1957,2359,1476,2980,1320,1406
42.86152206800034,1964,2322,1461,2980,1310,1402,1958,2359,1476,2981,1317,1406
42.87152183600119,1963,2319,1467,2976,1315,1402,1959,2359,1476,2981,1315,1406
42.881500352999865,1962,2317,1471,2973,1320,1402,1961,2359,1476,2981,1314,1406
42.891521801000636,1960,2316,1474,2971,1324,1402,1961,2359,1476,2980,1313,1406
42.90158398600033,1959,2317,1476,2969,1328,1402,1962,2359,1476,2980,1313,1406
42.91157599899998,1958,2319,1476,2968,1331,1402,1962,2359,1477,2980,1313,1406
42.92158036500041,1957,2322,1475,2967,1333,1402,1962,2358,1479,2979,1315,1406
42.93157513400001,1956,2326,1473,2967,1336,1402,1962,2358,1481,2977,1317,1406
42.94157862800057,1955,2331,1469,2968,1338,1402,1962,2358,1482,2976,1320,1406
42.9515827539999,1954,2336,1465,2969,1339,1402,1962,2358,1482,2975,1322,1406
42.96158094800012,1954,2339,1460,2971,1340,1402,1962,2358,1482,2974,1325,1406
42.9715836510004,1954,2342,1456,2972,1340,1402,1962,2358,1482,2974,1327,1406
42.98157918099969,1954,2342,1453,2974,1341,1402,1961,2359,1482,2974,1328,1406
42.991575400999864,1954,2342,1449,2975,1342,1402,1961,2360,1482,2974,1330,1406
43.0017954949999,1955,2340,1446,2976,1342,1402,1960,2360,1482,2975,1332,1406
43.01123230000121,1956,2337,1443,2978,1343,1402,1960,2360,1482,2975,1334,1406
43.02140194800086,1958,2332,1440,2979,1343,1402,1959,2360,1482,2975,1334,1406
43.031463962999624,1959,2328,1440,2980,1343,1402,1959,2360,1481,2975,1335,1406
43.04150065000067,1960,2323,1441,2980,1344,1402,1959,2360,1479,2975,1336,1406
43.05174510899997,1962,2320,1443,2981,1343,1402,1960,2360,1478,2976,1336,1406
43.06117888799963,1963,2317,1447,2981,1343,1402,1961,2360,1476,2977,1337,1406
43.07139949300108,1964,2315,1452,2980,1342,1402,1961,2360,1476,2977,1337,1406
43.08144765100042,1965,2314,1458,2980,1342,1402,1961,2359,1475,2978,1337,1406
43.09175083199989,1965,2313,1466,2979,1341,1402,1962,2358,1475,2978,1337,1406
43.101220769000065,1966,2314,1473,2978,1340,1402,1962,2358,1475,2978,1337,1406
43.11122846100079,1967,2315,1478,2977,1340,1402,1962,2357,1475,2978,1337,1406
43.121451721000994,1967,2316,1483,2976,1339,1402,1962,2357,1475,2978,1337,1406
43.1314499250002,1967,2317,1486,2975,1340,1402,1962,2357,1475,2978,1337,1406
43.141452818999824,1967,2319,1487,2974,1340,1402,1962,2357,1477,2978,1337,1406
43.151459017999514,1968,2321,1487,2973,1341,1402,1962,2357,1480,2978,1337,1406
43.16150245800054,1968,2323,1486,2971,1342,1402,1962,2357,1483,2978,1337,1406
43.17152589000034,1968,2325,1483,2969,1344,1402,1962,2357,1486,2978,1337,1406
43.18147561300066,1968,2327,1480,2966,1345,1402,1962,2357,1488,2978,1338,1406
43.1914940759998,1968,2329,1478,2963,1345,1402,1962,2357,1488,2978,1338,1406
43.201527807001185,1968,2329,1477,2959,1345,1402,1962,2358,1489,2978,1339,1406
43.21153080099975,1969,2329,1478,2955,1343,1402,1962,2358,1489,2977,1340,1406
43.22149808700124,1969,2328,1480,2951,1341,1402,1962,2358,1489,2975,1340,1406
43.23151924500053,1970,2327,1483,2946,1338,1402,1962,2358,1489,2973,1340,1406
43.24157830399963,1970,2325,1488,2940,1335,1402,1963,2358,1489,2971,1340,1406
43.25234471800104,1971,2323,1493,2934,1330,1402,1964,2358,1489,2968,1340,1406
43.261226847000216,1971,2321,1497,2929,1326,1402,1965,2358,1489,2965,1340,1406
43.271477457999936,1971,2320,1501,2926,1321,1402,1966,2357,1489,2961,1339,1406
43.281470522000745,1971,2320,1504,2923,1317,1402,1967,2357,1491,2958,1337,1406
43.29149802200118,1971,2320,1506,2921,1313,1402,1968,2356,1493,2954,1335,1406
43.30153607200009,1970,2320,1507,2920,1309,1402,1969,2355,1495,2950,1333,1406
43.31155706900063,1970,2322,1507,2920,1305,1402,1970,2355,1498,2946,1330,1406
43.32157947900123,1968,2323,1506,2921,1300,1402,1970,2355,1500,2942,1327,1406
43.331573146000665,1967,2325,1504,2923,1297,1402,1970,2355,1503,2939,1323,1406
43.34134659600022,1967,2327,1502,2924,1294,1402,1970,2355,1505,2938,1319,1406
43.351351282000905,1967,2327,1499,2926,1293,1402,1970,2356,1506,2937,1316,1406
43.361370186001295,1967,2327,1498,2927,1293,1402,1970,2357,1507,2936,1314,1406
43.37145253900053,1968,2325,1496,2928,1295,1402,1970,2358,1507,2935,1311,1406
43.38144680699952,1970,2322,1495,2928,1297,1402,1970,2358,1507,2935,1308,1406
43.39145055100016,1972,2317,1495,2927,1301,1402,1970,2359,1507,2935,1307,1406
43.40145429600125,1975,2312,1495,2926,1305,1402,1970,2359,1507,2935,1305,1406
43.41145275100098,1976,2308,1495,2925,1307,1402,1970,2359,1507,2935,1305,1406
43.42159646000073,1978,2304,1496,2924,1309,1402,1970,2358,1507,2935,1305,1406
43.43167266199998,1978,2301,1497,2923,1309,1402,1970,2357,1507,2935,1305,1406
43.44135454000025,1978,2298,1498,2922,1308,1402,1970,2356,1507,2934,1305,1406
43.451461369000754,1978,2296,1500,2922,1306,1402,1970,2355,1506,2933,1305,1406
43.46149391899962,1977,2295,1501,2921,1302,1402,1970,2353,1506,2932,1306,1406
43.4715489299997,1975,2294,1502,2921,1298,1402,1970,2351,1506,2931,1306,1406
43.4815480670004,1973,2294,1504,2921,1292,1402,1970,2350,1506,2930,1306,1406
43.49165072799951,1971,2295,1505,2922,1286,1402,1971,2349,1506,2930,1306,1406
43.50170385599995,1969,2296,1506,2922,1282,1402,1971,2348,1506,2930,1306,1406
43.51171502500074,1968,2297,1506,2922,1279,1402,1972,2347,1507,2929,1305,1406
43.521723219000705,1967,2299,1505,2922,1277,1402,1972,2347,1508,2928,1301,1406
43.53119814599995,1967,2301,1505,2922,1277,1402,1973,2347,1509,2928,1298,1406
43.5414543170009,1968,2303,1503,2922,1278,1402,1974,2347,1510,2928,1295,1406
43.551480084001014,1968,2305,1502,2921,1280,1402,1974,2347,1510,2928,1292,1406
43.56124627999998,1970,2308,1500,2921,1283,1402,1974,2347,1510,2928,1289,1406
43.57135007400029,1972,2311,1497,2921,1287,1402,1974,2347,1510,2928,1287,1406
43.58134324900129,1974,2314,1495,2920,1292,1402,1974,2347,1510,2928,1286,1406
43.59134457900109,1976,2315,1493,2920,1297,1402,1974,2347,1510,2928,1286,1406
43.601476335999905,1978,2317,1492,2920,1300,1402,1974,2347,1510,2928,1287,1406
43.61152305200085,1979,2317,1492,2920,1301,1402,1974,2347,1510,2928,1288,1406
43.62157965699953,1979,2317,1493,2920,1302,1402,1974,2347,1510,2928,1289,1406
43.63157244099966,1980,2316,1494,2920,1301,1402,1974,2347,1510,2928,1291,1406
43.64154785200117,1979,2315,1496,2920,1298,1402,1974,2347,1510,2928,1293,1406
43.651530928000284,1978,2313,1499,2921,1295,1402,1974,2347,1510,2928,1295,1406
43.661548128000504,1977,2310,1503,2922,1290,1402,1973,2347,1510,2928,1296,1406
43.67125036499965,1976,2308,1507,2923,1284,1402,1973,2347,1510,2928,1297,1406
43.68127096100034,1974,2305,1512,2924,1278,1402,1973,2347,1510,2928,1297,1406
43.69135036900116,1972,2302,1516,2925,1271,1402,1973,2347,1510,2928,1295,1406
43.70135194000068,1970,2301,1520,2926,1265,1402,1973,2347,1511,2928,1293,1406
43.71145392000108,1969,2300,1523,2927,1260,1402,1973,2347,1513,2928,1291,1406
43.72147266399952,1968,2300,1524,2928,1257,1402,1974,2347,1515,2928,1288,1406
43.73152461900099,1968,2302,1525,2928,1255,1402,1974,2347,1518,2928,1284,1406
43.74174781900001,1968,2305,1524,2929,1254,1402,1974,2347,1520,2928,1281,1406
43.751893660999485,1969,2310,1522,2929,1254,1402,1975,2347,1523,2928,1277,1406
43.76134272000127,1970,2315,1520,2929,1255,1402,1975,2347,1525,2928,1274,1406
43.77134846900117,1971,2320,1517,2928,1257,1402,1975,2347,1526,2929,1271,1406
43.78134880700054,1972,2323,1515,2928,1259,1402,1975,2347,1526,2929,1269,1406
43.79167315700033,1973,2326,1514,2928,1260,1402,1975,2348,1526,2929,1267,1406
43.801683985000636,1974,2326,1513,2927,1261,1402,1975,2348,1526,2929,1266,1406
43.811195420999866,1974,2326,1514,2927,1261,1402,1975,2348,1526,2929,1265,1406
43.821452484000474,1974,2324,1515,2926,1260,1402,1975,2348,1526,2929,1265,1406
43.831453213000714,1974,2321,1518,2925,1259,1402,1975,2348,1526,2929,1265,1406
43.84149949899984,1974,2317,1521,2924,1257,1402,1975,2348,1526,2929,1265,1406
43.851496421000775,1973,2313,1525,2923,1255,1402,1975,2348,1526,2929,1265,1406
43.8614987029996,1974,2310,1529,2921,1253,1402,1975,2348,1526,2929,1265,1406
43.8712228100012,1974,2308,1532,2920,1252,1402,1975,2347,1526,2928,1265,1406
43.881244259000596,1975,2307,1534,2917,1251,1402,1975,2347,1527,2928,1264,1406
43.89134373399975,1977,2308,1536,2915,1251,1402,1975,2347,1529,2928,1262,1406
43.901894902001004,1978,2310,1538,2913,1253,1402,1975,2347,1530,2928,1260,1406
43.911532246000206,1980,2313,1538,2911,1255,1402,1975,2347,1532,2926,1259,1406
43.92164666000099,1981,2316,1537,2909,1259,1402,1975,2347,1535,2925,1258,1406
43.931646697999895,1981,2318,1535,2908,1264,1402,1975,2347,1537,2923,1258,1406
43.94167706299959,1981,2320,1532,2909,1271,1402,1975,2347,1538,2922,1258,1406
43.951676288999806,1979,2321,1528,2909,1278,1402,1975,2348,1539,2920,1258,1406
43.96167479399992,1978,2323,1524,2910,1285,1402,1976,2348,1539,2919,1258,1406
43.97167479200107,1976,2323,1522,2911,1290,1402,1976,2348,1539,2918,1259,1406
43.98167409800044,1975,2324,1520,2911,1295,1402,1977,2348,1539,2918,1262,1406
43.991193891000876,1974,2324,1518,2911,1298,1402,1977,2348,1539,2918,1265,1406
44.00147360600022,1974,2324,1518,2910,1300,1402,1977,2348,1539,2918,1268,1406
44.01150262800002,1974,2325,1519,2909,1300,1402,1977,2348,1539,2918,1272,1406
44.021550126000875,1975,2325,1521,2907,1300,1402,1977,2348,1539,2918,1275,1406
44.03152003700052,1975,2326,1523,2904,1298,1402,1977,2347,1539,2918,1277,1406
44.041552046001016,1976,2327,1526,2902,1295,1402,1977,2347,1539,2918,1282,1406
44.05155067099986,1977,2328,1528,2899,1290,1402,1977,2347,1539,2917,1285,1406
44.06155180099995,1977,2329,1528,2898,1286,1402,1977,2347,1539,2915,1287,1406
44.07164614700014,1978,2331,1527,2897,1281,1402,1977,2347,1539,2913,1287,1406
44.081651333999616,1977,2333,1524,2898,1277,1402,1977,2347,1539,2911,1287,1406
44.09157297400088,1977,2335,1521,2898,1272,1402,1976,2347,1539,2910,1286,1406
44.10158452399992,1975,2338,1515,2900,1268,1402,1976,2347,1539,2908,1284,1406
44.111583881000115,1974,2340,1509,2902,1263,1402,1976,2347,1539,2908,1283,1406
44.12157308800124,1973,2342,1503,2905,1259,1402,1975,2348,1539,2907,1281,1406
44.13157277500068,1971,2343,1499,2907,1256,1402,1975,2348,1539,2907,1278,1406
44.14157536800121,1970,2343,1496,2908,1254,1402,1975,2349,1539,2907,1276,1406
44.15158539500044,1970,2342,1495,2909,1253,1402,1975,2350,1538,2907,1273,1406
44.16164846200081,1969,2341,1495,2909,1253,1402,1976,2350,1537,2908,1271,1406
44.17167296600019,1969,2338,1496,2909,1254,1402,1976,2351,1534,2908,1268,1406
44.181671110000025,1969,2335,1499,2908,1255,1402,1976,2351,1532,2908,1266,1406
44.19118924900067,1969,2331,1503,2906,1257,1402,1976,2351,1531,2908,1264,1406
44.20149202799985,1970,2326,1509,2904,1259,1402,1976,2351,1529,2908,1263,1406
44.211453502999575,1970,2321,1516,2902,1263,1402,1976,2351,1529,2908,1262,1406
44.22145417200045,1971,2315,1525,2899,1267,1402,1976,2351,1529,2908,1262,1406
44.231448689999525,1972,2309,1533,2896,1271,1402,1976,2351,1529,2908,1262,1406
44.24149486500028,1973,2305,1540,2893,1275,1402,1976,2350,1529,2908,1262,1406
44.25152616200103,1974,2302,1546,2892,1278,1402,1976,2350,1529,2907,1263,1406
44.261547480000445,1975,2301,1550,2890,1281,1402,1975,2350,1531,2905,1264,1406
44.27152493500034,1975,2300,1552,2889,1283,1402,1975,2349,1533,2904,1266,1406
44.28149374399982,1976,2301,1554,2889,1285,1402,1975,2348,1537,2902,1268,1406
44.29153061100078,1976,2304,1553,2889,1286,1402,1974,2348,1541,2901,1270,1406
44.301523266000004,1976,2307,1552,2890,1287,1402,1974,2348,1545,2899,1272,1406
44.3115471680012,1976,2312,1549,2891,1287,1402,1974,2347,1549,2898,1274,1406
44.32152682800006,1976,2317,1544,2893,1286,1402,1974,2347,1551,2898,1276,1406
44.33157540799948,1976,2323,1539,2894,1285,1402,1974,2347,1553,2898,1277,1406
44.34141756800091,1976,2328,1533,2895,1284,1402,1974,2348,1553,2898,1278,1406
44.35144911499992,1975,2331,1527,2896,1282,1402,1974,2348,1553,2897,1279,1406
44.36149496899998,1975,2333,1521,2897,1280,1402,1975,2348,1553,2897,1279,1406
44.37145270700057,1974,2334,1515,2897,1278,1402,1975,2349,1553,2897,1279,1406
44.38144547199954,1974,2333,1509,2897,1276,1402,1976,2349,1553,2897,1279,1406
44.39146767100101,1974,2332,1502,2897,1273,1402,1976,2349,1553,2898,1279,1406
44.40149917900089,1974,2330,1497,2898,1272,1402,1976,2349,1551,2898,1278,1406
44.411576212,1974,2330,1493,2901,1272,1402,1976,2349,1549,2898,1278,1406
44.42169932199977,1974,2331,1489,2904,1272,1402,1976,2349,1546,2898,1278,1406
44.43167202800032,1975,2332,1486,2908,1273,1402,1976,2349,1542,2898,1277,1406
44.441702013000395,1975,2334,1483,2913,1275,1402,1976,2349,1539,2898,1277,1406
44.451835923000544,1976,2336,1481,2917,1277,1402,1976,2349,1535,2898,1277,1406
44.46134475399958,1977,2338,1480,2920,1278,1402,1976,2349,1531,2900,1277,1406
44.4715538370001,1978,2340,1480,2923,1280,1402,1975,2349,1528,2902,1277,1406
44.48154938600055,1978,2342,1480,2924,1280,1402,1975,2349,1524,2904,1277,1406
44.491646327000126,1979,2343,1480,2925,1281,1402,1975,2349,1522,2907,1277,1406
44.50157528099953,1980,2343,1481,2925,1281,1402,1975,2349,1519,2910,1277,1406
44.511270744000285,1980,2344,1483,2923,1281,1402,1975,2349,1518,2912,1277,1406
44.521346816000005,1981,2344,1485,2921,1281,1402,1975,2349,1516,2914,1277,1406
44.531345952000265,1982,2343,1487,2918,1280,1402,1975,2349,1515,2916,1277,1406
44.54134521800006,1982,2342,1490,2913,1279,1402,1975,2349,1515,2916,1277,1406
44.5514702720011,1983,2341,1493,2909,1278,1402,1975,2349,1514,2916,1278,1406
44.56152050499986,1983,2340,1496,2904,1278,1402,1976,2349,1514,2916,1278,1406
44.57157359300072,1984,2339,1498,2901,1277,1402,1976,2349,1514,2915,1278,1406
44.58159665400126,1984,2337,1500,2899,1277,1402,1977,2349,1514,2914,1278,1406
44.59121823799978,1984,2336,1500,2897,1278,1402,1977,2349,1514,2913,1278,1406
44.60134593700059,1984,2335,1501,2897,1279,1402,1978,2349,1514,2911,1278,1406
44.61139731200092,1983,2334,1501,2897,1281,1402,1979,2349,1514,2910,1278,1406
44.62136861500039,1983,2334,1500,2899,1283,1402,1979,2349,1514,2908,1278,1406
44.63137367300078,1982,2333,1498,2901,1285,1402,1980,2349,1514,2907,1278,1406
44.64134765200106,1982,2332,1496,2904,1287,1402,1980,2349,1514,2906,1278,1406
44.65137236600094,1981,2332,1493,2907,1288,1402,1981,2349,1514,2906,1278,1406
44.661520282999845,1981,2332,1491,2909,1288,1402,1981,2349,1514,2906,1278,1406
44.6714532040005,1981,2332,1489,2910,1287,1402,1981,2349,1514,2906,1278,1406
44.68152248300066,1981,2333,1487,2910,1284,1402,1981,2349,1514,2907,1278,1406
44.69149446800111,1982,2334,1486,2910,1280,1402,1981,2349,1514,2908,1279,1406
44.701523190000444,1982,2334,1485,2909,1275,1402,1981,2349,1513,2908,1281,1406
44.71145009000065,1983,2334,1485,2908,1269,1402,1981,2349,1513,2909,1282,1406
44.72146906400121,1984,2334,1486,2907,1263,1402,1981,2349,1513,2909,1282,1406
44.731495351001286,1984,2333,1489,2906,1258,1402,1980,2349,1512,2909,1282,1406
44.74154633500075,1985,2331,1493,2906,1253,1402,1980,2349,1512,2909,1280,1406
44.752002352999625,1985,2328,1497,2907,1249,1402,1980,2349,1512,2909,1278,1406
44.761447934999524,1984,2323,1501,2908,1246,1402,1979,2349,1512,2909,1274,1406
44.77146718900076,1982,2317,1504,2910,1244,1402,1979,2349,1512,2909,1271,1406
44.78155271899959,1979,2310,1506,2912,1242,1402,1979,2349,1512,2909,1267,1406
44.79154536200076,1977,2303,1507,2914,1242,1402,1979,2349,1512,2909,1264,1406
44.801551331000155,1975,2296,1507,2916,1242,1402,1979,2349,1512,2910,1261,1406
44.81155895400116,1974,2292,1507,2917,1243,1402,1980,2349,1512,2910,1258,1406
44.821577617,1974,2288,1508,2917,1244,1402,1981,2349,1513,2910,1256,1406
44.83157576099984,1974,2286,1508,2917,1246,1402,1981,2348,1513,2911,1254,1406
44.84158223099985,1976,2285,1509,2915,1248,1402,1981,2347,1513,2912,1253,1406
44.85158051600047,1978,2285,1509,2913,1251,1402,1981,2346,1513,2913,1252,1406
44.861582417001046,1981,2287,1511,2911,1254,1402,1981,2345,1513,2914,1252,1406
44.87157885899978,1986,2290,1512,2907,1259,1402,1981,2344,1514,2914,1252,1406
44.88157764400057,1989,2293,1514,2905,1263,1402,1981,2344,1514,2914,1252,1406
44.89157996600079,1992,2296,1515,2903,1267,1402,1981,2344,1514,2914,1252,1406
44.90158236900061,1994,2299,1517,2902,1271,1402,1981,2344,1514,2914,1253,1406
44.91165756800001,1995,2302,1519,2902,1275,1402,1981,2343,1514,2913,1254,1406
44.921250789000624,1996,2305,1521,2902,1279,1402,1981,2343,1515,2912,1256,1406
44.93134171800011,1995,2307,1523,2904,1282,1402,1981,2342,1517,2911,1258,1406
44.94118846700076,1994,2308,1525,2906,1283,1402,1983,2342,1518,2910,1261,1406
44.95120341300026,1994,2309,1527,2908,1284,1402,1984,2342,1519,2909,1264,1406
44.96118887299963,1993,2308,1527,2910,1283,1402,1984,2342,1521,2909,1267,1406
44.97126969400051,1992,2307,1528,2911,1281,1402,1985,2342,1524,2909,1269,1406
44.98134231900076,1992,2305,1528,2913,1277,1402,1985,2342,1526,2910,1271,1406
44.991394795000815,1992,2302,1528,2914,1272,1402,1987,2342,1528,2910,1272,1406
45.00144814400119,1991,2299,1529,2916,1267,1402,1989,2342,1529,2910,1273,1406
45.01144946400018,1990,2296,1530,2917,1263,1402,1991,2343,1530,2911,1273,1406
45.0214513560004,1989,2294,1532,2918,1259,1402,1991,2343,1530,2912,1273,1406
45.03160568500061,1988,2293,1535,2919,1257,1402,1992,2344,1530,2913,1272,1406
45.04161781500079,1987,2292,1537,2919,1256,1402,1992,2344,1530,2914,1269,1406
45.05165888100055,1986,2291,1538,2919,1255,1402,1992,2344,1531,2915,1266,1406
45.06164752699988,1985,2289,1538,2918,1255,1402,1992,2344,1532,2916,1264,1406
45.07134660700103,1985,2287,1536,2916,1254,1402,1992,2343,1534,2916,1263,1406
45.081449359000544,1986,2284,1533,2915,1253,1402,1992,2343,1535,2916,1262,1406
45.0911886949998,1986,2280,1528,2913,1252,1402,1992,2341,1537,2916,1261,1406
45.10125281399996,1987,2277,1524,2912,1251,1402,1992,2340,1538,2916,1261,1406
45.11135102700064,1988,2275,1520,2912,1250,1402,1990,2339,1538,2916,1261,1406
45.1214482280011,1988,2274,1518,2914,1249,1402,1989,2337,1538,2916,1260,1406
45.13144729400119,1989,2273,1516,2916,1248,1402,1987,2336,1538,2916,1259,1406
45.14146697900105,1989,2273,1515,2919,1248,1402,1987,2336,1538,2916,1258,1406
45.151497154000026,1989,2273,1514,2923,1248,1402,1987,2335,1538,2916,1257,1406
45.161521617999824,1990,2274,1514,2928,1247,1402,1986,2335,1538,2916,1256,1406
45.17155380599979,1990,2275,1514,2934,1246,1402,1986,2334,1538,2916,1255,1406
45.18151730600039,1990,2277,1513,2940,1244,1402,1986,2334,1538,2917,1254,1406
45.191621068999666,1990,2278,1512,2948,1241,1402,1986,2333,1538,2918,1253,1406
45.20180418200107,1990,2279,1509,2955,1237,1402,1987,2333,1538,2921,1253,1406
45.21134088600047,1991,2279,1506,2962,1232,1402,1988,2333,1538,2924,1251,1406
45.22147347400096,1991,2279,1502,2969,1225,1402,1989,2333,1538,2928,1250,1406
45.231463473000986,1992,2278,1496,2976,1217,1402,1990,2333,1538,2933,1248,1406
45.241495641001165,1993,2276,1490,2983,1208,1402,1991,2333,1537,2938,1246,1406
45.25196094700004,1994,2274,1484,2990,1198,1402,1991,2333,1535,2942,1243,1406
45.2614664419998,1995,2272,1479,2996,1189,1402,1991,2333,1533,2947,1239,1406
45.27157632700073,1996,2270,1474,3002,1181,1402,1992,2333,1531,2953,1235,1406
45.28157476200067,1997,2267,1471,3007,1173,1402,1992,2333,1529,2959,1230,1406
45.29167012000107,1999,2264,1470,3013,1167,1402,1992,2333,1526,2964,1225,1406
45.30170394200104,2001,2262,1470,3017,1161,1402,1992,2333,1523,2970,1219,1406
45.3117238169998,2002,2259,1471,3021,1156,1402,1992,2333,1520,2975,1212,1406
45.3212156160007,2003,2256,1472,3024,1152,1402,1992,2333,1517,2981,1207,1406
45.331189995000386,2004,2253,1474,3026,1148,1402,1992,2332,1514,2986,1201,1406
45.34122436799953,2003,2250,1474,3027,1144,1402,1992,2330,1512,2991,1194,1406
45.35237830299957,2002,2246,1474,3028,1141,1402,1992,2327,1511,2995,1188,1406
45.36134480100009,2001,2241,1473,3029,1138,1402,1992,2324,1510,3000,1183,1406
45.371454334999726,2001,2235,1472,3030,1137,1402,1993,2321,1509,3004,1177,1406
45.381446478000726,2002,2229,1472,3032,1137,1402,1993,2317,1508,3007,1172,1406
45.39152044600087,2003,2223,1471,3034,1138,1402,1994,2314,1507,3010,1167,1406
45.40157559799991,2004,2219,1472,3035,1139,1402,1994,2309,1506,3013,1163,1406
45.4113497390008,2005,2215,1473,3036,1140,1402,1995,2305,1506,3015,1160,1406
45.42152169200017,2006,2213,1475,3035,1142,1402,1997,2301,1505,3017,1158,1406
45.431544773000496,2007,2211,1478,3033,1144,1402,1998,2297,1504,3020,1156,1406
45.441543438000735,2007,2211,1481,3030,1147,1402,1999,2292,1504,3023,1155,1406
45.451586127001065,2008,2211,1485,3026,1150,1402,2001,2287,1504,3024,1154,1406
45.46161644200038,2008,2212,1489,3022,1152,1402,2002,2283,1504,3025,1153,1406
45.47164511400115,2008,2214,1494,3016,1156,1402,2004,2279,1504,3025,1153,1406
45.481649850000395,2008,2217,1500,3010,1159,1402,2004,2275,1504,3024,1153,1406
45.49134073499954,2008,2220,1507,3002,1163,1402,2005,2272,1503,3024,1154,1406
45.501571679000335,2008,2223,1514,2994,1166,1402,2006,2269,1503,3023,1154,1406
45.511455277001005,2007,2226,1521,2986,1170,1402,2006,2267,1504,3021,1155,1406
45.52121844800058,2007,2229,1528,2979,1173,1402,2006,2265,1505,3018,1155,1406
45.531219999000314,2006,2230,1535,2973,1175,1402,2006,2264,1507,3015,1155,1406
45.5417209820007,2006,2231,1540,2968,1176,1402,2006,2263,1510,3011,1158,1406
45.551345371000934,2006,2232,1546,2963,1177,1402,2006,2263,1513,3007,1161,1406
45.56134928600113,2005,2231,1550,2960,1178,1402,2006,2263,1518,3002,1164,1406
45.57157146300051,2005,2229,1555,2957,1177,1402,2005,2263,1522,2997,1166,1406
45.58157603899963,2005,2226,1559,2956,1176,1402,2005,2263,1527,2992,1167,1406
45.591648374000215,2005,2222,1563,2955,1174,1402,2004,2264,1533,2988,1169,1406
45.601591443999496,2004,2216,1567,2955,1172,1402,2003,2265,1538,2983,1169,1406
45.61164470299991,2004,2210,1570,2957,1169,1402,2003,2265,1543,2980,1169,1406
45.62167038900043,2004,2203,1574,2959,1165,1402,2003,2266,1548,2977,1169,1406
45.63166840300073,2005,2197,1577,2961,1163,1402,2002,2266,1553,2975,1169,1406
45.64167318,2005,2192,1580,2963,1161,1402,2002,2266,1558,2973,1169,1406
45.651681483001084,2006,2188,1583,2965,1160,1402,2002,2266,1563,2973,1169,1406
45.661699424999824,2006,2186,1586,2965,1160,1402,2002,2265,1567,2973,1168,1406
45.671701286000825,2007,2185,1590,2965,1160,1402,2003,2263,1571,2972,1167,1406
45.68171713400079,2008,2186,1594,2965,1162,1402,2004,2262,1574,2972,1166,1406
45.691215024000485,2010,2188,1598,2964,1165,1402,2005,2259,1578,2972,1165,1406
45.70174459200098,2011,2191,1602,2962,1168,1402,2005,2257,1581,2972,1165,1406
45.71119164599986,2012,2194,1604,2959,1170,1402,2006,2254,1585,2972,1165,1406
45.72176912299983,2013,2199,1606,2956,1172,1402,2007,2253,1588,2972,1165,1406
45.731215957999666,2013,2203,1606,2952,1174,1402,2007,2251,1591,2972,1165,1406
45.74174313000003,2013,2207,1605,2947,1174,1402,2007,2249,1595,2971,1165,1406
45.75122582200129,2014,2209,1604,2944,1174,1402,2008,2249,1598,2969,1165,1406
45.76174275500125,2016,2211,1603,2941,1174,1402,2008,2248,1601,2967,1166,1406
45.77119117199982,2018,2210,1603,2938,1174,1402,2009,2248,1602,2964,1168,1406
45.78118702200118,2021,2209,1603,2935,1174,1402,2009,2248,1603,2961,1170,1406
45.79118865300006,2025,2207,1604,2933,1174,1402,2009,2248,1603,2959,1171,1406
45.80137482200007,2029,2205,1603,2932,1174,1402,2009,2249,1603,2955,1171,1406
45.81157491799968,2031,2204,1601,2932,1174,1402,2009,2249,1603,2953,1171,1406
45.82157150900093,2033,2204,1598,2933,1174,1402,2010,2250,1604,2950,1171,1406
45.83157147699967,2034,2205,1593,2934,1174,1402,2012,2250,1604,2948,1171,1406
45.84164858999975,2034,2206,1587,2935,1173,1402,2014,2250,1604,2947,1171,1406
45.851652033999926,2034,2209,1580,2937,1173,1402,2016,2250,1604,2946,1171,1406
45.8616424740012,2033,2213,1572,2940,1172,1402,2017,2250,1604,2945,1171,1406
45.87157555600061,2031,2217,1564,2942,1172,1402,2019,2249,1604,2945,1171,1406
45.88154927399955,2030,2221,1559,2945,1172,1402,2022,2249,1603,2945,1171,1406
45.891544312000406,2028,2224,1554,2947,1172,1402,2025,2249,1602,2945,1171,1406
45.90152400199986,2026,2228,1551,2949,1173,1402,2026,2249,1599,2945,1171,1406
45.91154317600012,2024,2232,1550,2951,1174,1402,2027,2249,1596,2945,1171,1406
45.92159977099982,2021,2236,1549,2954,1176,1402,2028,2249,1593,2946,1170,1406
45.931652196999494,2018,2241,1550,2956,1178,1402,2028,2249,1590,2947,1170,1406
45.94166919700001,2015,2245,1552,2958,1180,1402,2028,2249,1587,2948,1170,1406
45.95167912400029,2014,2248,1551,2960,1181,1402,2028,2249,1585,2949,1170,1406
45.96166951300074,2013,2250,1550,2961,1181,1402,2028,2250,1584,2950,1170,1406
45.97166844899948,2013,2252,1547,2962,1181,1402,2028,2251,1583,2952,1171,1406
45.981667636000566,2013,2254,1543,2963,1181,1402,2027,2253,1583,2953,1172,1406
45.99161603600078,2015,2255,1537,2963,1180,1402,2026,2254,1582,2955,1173,1406
46.00181220400009,2016,2257,1531,2964,1179,1402,2023,2256,1580,2956,1175,1406
46.011345220000294,2018,2259,1527,2963,1178,1402,2022,2258,1577,2957,1176,1406
46.021275586999764,2020,2260,1523,2963,1178,1402,2020,2260,1575,2958,1177,1406
46.03133920500113,2022,2262,1521,2962,1178,1402,2018,2262,1572,2959,1177,1406
46.041543448000084,2023,2263,1521,2961,1179,1402,2018,2263,1569,2959,1177,1406
46.051545428999816,2025,2265,1522,2959,1180,1402,2018,2265,1567,2959,1177,1406
46.061522504000095,2027,2267,1525,2957,1181,1402,2018,2267,1565,2959,1177,1406
46.071569920999536,2029,2270,1528,2955,1183,1402,2018,2268,1563,2959,1177,1406
46.08156928800054,2031,2272,1534,2952,1186,1402,2018,2269,1562,2959,1178,1406
46.091576198999974,2033,2275,1541,2950,1189,1402,2018,2270,1561,2959,1178,1406
46.10149584499959,2035,2277,1548,2947,1192,1402,2019,2271,1560,2959,1178,1406
46.11154872299994,2037,2279,1554,2945,1195,1402,2020,2273,1560,2958,1178,1406
46.121570340999824,2038,2279,1558,2943,1198,1402,2022,2274,1560,2957,1178,1406
46.13156924699979,2040,2279,1561,2942,1200,1402,2024,2275,1560,2955,1178,1406
46.14157150900064,2041,2277,1563,2942,1202,1402,2026,2277,1560,2954,1181,1406
46.15157836000071,2042,2275,1563,2943,1203,1402,2028,2279,1562,2952,1183,1406
46.16157112400106,2042,2272,1562,2944,1204,1402,2029,2280,1564,2951,1186,1406
46.17154393999954,2043,2268,1559,2945,1205,1402,2031,2282,1567,2950,1189,1406
46.1815515720009,2043,2265,1556,2947,1206,1402,2033,2283,1568,2950,1192,1406
46.19154975700076,2043,2263,1552,2949,1206,1402,2034,2284,1569,2950,1194,1406
46.20154732000083,2043,2263,1550,2950,1206,1402,2036,2285,1569,2950,1195,1406
46.21134636900024,2043,2263,1547,2950,1206,1402,2038,2286,1570,2950,1196,1406
46.22152321000067,2043,2266,1546,2951,1205,1402,2040,2286,1570,2951,1196,1406
46.23154352700112,2042,2269,1544,2950,1205,1402,2041,2286,1570,2951,1196,1406
46.24157526400086,2042,2274,1544,2949,1204,1402,2041,2285,1570,2952,1197,1406
46.25157590300114,2041,2278,1544,2947,1202,1402,2041,2285,1570,2952,1198,1406
46.26157475900072,2041,2281,1545,2945,1200,1402,2041,2284,1569,2952,1198,1406
46.27158991500073,2042,2283,1548,2942,1197,1402,2041,2284,1568,2952,1198,1406
46.28154545899997,2043,2284,1551,2938,1193,1402,2041,2283,1568,2952,1198,1406
46.29151655200076,2044,2283,1554,2935,1190,1402,2041,2283,1567,2952,1198,1406
46.301544572999774,2044,2282,1557,2932,1187,1402,2041,2284,1567,2950,1198,1406
46.31154622400027,2045,2280,1560,2930,1185,1402,2040,2286,1567,2948,1198,1406
46.321518279000884,2045,2279,1563,2930,1184,1402,2039,2287,1567,2946,1198,1406
46.33154433600066,2046,2277,1566,2930,1184,1402,2037,2289,1567,2944,1197,1406
46.34157854800105,2045,2275,1568,2931,1185,1402,2036,2290,1568,2942,1196,1406
46.351581692000764,2044,2274,1569,2931,1186,1402,2036,2291,1569,2941,1194,1406
46.36157387499952,2043,2274,1569,2931,1188,1402,2036,2291,1572,2940,1192,1406
46.37159009400057,2042,2275,1569,2929,1189,1402,2036,2292,1574,2939,1191,1406
46.38156940199951,2041,2276,1568,2927,1191,1402,2036,2293,1575,2939,1191,1406
46.39166918800038,2040,2278,1567,2924,1192,1402,2037,2293,1576,2939,1191,1406
46.40167509700041,2038,2280,1565,2919,1193,1402,2038,2293,1576,2939,1191,1406
46.4116677410002,2036,2282,1564,2915,1193,1402,2040,2293,1576,2939,1192,1406
46.42172093900081,2034,2284,1562,2910,1193,1402,2041,2293,1576,2937,1192,1406
46.43121909000001,2032,2285,1561,2907,1191,1402,2041,2292,1576,2936,1192,1406
46.44133936500111,2031,2286,1561,2904,1188,1402,2042,2292,1576,2932,1191,1406
46.451517028001035,2030,2286,1561,2902,1185,1402,2042,2291,1575,2929,1190,1406
46.46157518600012,2029,2286,1562,2902,1180,1402,2042,2291,1575,2925,1190,1406
46.471701161000965,2028,2285,1563,2902,1174,1402,2042,2291,1575,2922,1189,1406
46.481714433999514,2027,2284,1564,2902,1167,1402,2042,2291,1575,2919,1189,1406
46.49167561899958,2026,2282,1566,2904,1160,1402,2042,2291,1575,2917,1188,1406
46.50167404400054,2026,2280,1567,2905,1153,1402,2041,2291,1575,2916,1187,1406
46.511668840999846,2026,2279,1568,2907,1148,1402,2040,2291,1575,2915,1185,1406
46.52169569000034,2026,2278,1569,2908,1144,1402,2038,2291,1575,2914,1181,1406
46.531741815000714,2027,2277,1569,2909,1142,1402,2036,2292,1575,2914,1177,1406
46.54124587700062,2028,2277,1569,2910,1141,1402,2035,2292,1575,2914,1172,1406
46.55126872800065,2028,2277,1568,2910,1140,1402,2034,2292,1575,2914,1168,1406
46.56134964800003,2030,2278,1566,2911,1142,1402,2032,2292,1575,2914,1164,1406
46.571466295999926,2031,2279,1564,2910,1144,1402,2031,2292,1575,2914,1160,1406
46.58154167599969,2032,2280,1561,2910,1148,1402,2030,2292,1575,2914,1158,1406
46.59157788199991,2034,2282,1559,2909,1151,1402,2030,2292,1575,2914,1156,1406
46.60156859200106,2034,2284,1557,2908,1154,1402,2030,2292,1575,2914,1155,1406
46.611574350999945,2035,2285,1555,2907,1155,1402,2030,2292,1575,2914,1155,1406
46.6215725760012,2035,2286,1554,2907,1155,1402,2030,2291,1575,2914,1155,1406
46.6315690370011,2034,2287,1554,2907,1153,1402,2030,2291,1575,2914,1155,1406
46.64156969600117,2033,2288,1554,2906,1151,1402,2030,2291,1575,2914,1155,1406
46.6515673089998,2031,2289,1555,2906,1147,1402,2030,2291,1575,2914,1155,1406
46.66157046300032,2029,2289,1556,2906,1143,1402,2031,2291,1575,2914,1154,1406
46.6715931130002,2028,2290,1557,2906,1140,1402,2031,2291,1575,2914,1154,1406
46.68157213199993,2026,2290,1559,2906,1139,1402,2032,2293,1575,2914,1152,1406
46.69157607700072,2025,2290,1560,2906,1138,1402,2033,2294,1575,2914,1151,1406
46.70157571399977,2024,2291,1561,2905,1139,1402,2033,2296,1575,2914,1149,1406
46.7115765540002,2023,2291,1561,2905,1141,1402,2033,2296,1575,2914,1148,1406
46.721447236999666,2023,2291,1562,2904,1145,1402,2033,2297,1575,2914,1146,1406
46.731449539000096,2022,2292,1563,2904,1149,1402,2033,2298,1575,2914,1145,1406
46.74146379400008,2022,2293,1563,2903,1153,1402,2033,2298,1575,2914,1144,1406
46.75151989799997,2021,2293,1563,2903,1157,1402,2033,2299,1575,2914,1144,1406
46.76174242500019,2021,2293,1563,2903,1159,1402,2033,2299,1575,2914,1144,1406
46.77121362500111,2021,2294,1562,2903,1160,1402,2032,2300,1575,2914,1144,1406
46.781186492000415,2021,2294,1561,2903,1160,1402,2031,2300,1575,2914,1147,1406
46.79122110500066,2021,2294,1560,2903,1158,1402,2030,2301,1575,2913,1149,1406
46.801273432000016,2021,2294,1559,2904,1155,1402,2029,2301,1575,2913,1152,1406
46.81171782800084,2021,2294,1558,2904,1151,1402,2029,2301,1575,2912,1154,1406
46.821265902999585,2021,2292,1558,2904,1148,1402,2027,2301,1575,2912,1154,1406
46.831238107999525,2022,2290,1559,2904,1146,1402,2026,2301,1575,2912,1154,1406
46.84123988000101,2023,2287,1562,2902,1145,1402,2025,2301,1575,2912,1152,1406
46.85126883200064,2025,2284,1566,2901,1145,1402,2024,2301,1575,2912,1151,1406
46.86144831800084,2027,2279,1571,2899,1146,1402,2024,2301,1575,2912,1150,1406
46.871451212000466,2029,2274,1577,2897,1147,1402,2024,2301,1575,2912,1149,1406
46.881443124000725,2030,2270,1581,2896,1147,1402,2024,2301,1575,2911,1149,1406
46.891444033999505,2031,2267,1585,2897,1145,1402,2024,2301,1575,2910,1148,1406
46.90159444500023,2031,2265,1587,2898,1143,1402,2024,2301,1577,2908,1148,1406
46.911649396999564,2030,2263,1589,2900,1139,1402,2024,2301,1579,2907,1148,1406
46.92199714100025,2029,2262,1591,2902,1135,1402,2025,2301,1582,2905,1148,1406
46.93144702100108,2029,2262,1592,2904,1132,1402,2026,2301,1584,2905,1148,1406
46.94144449400119,2028,2262,1592,2906,1131,1402,2027,2300,1587,2905,1147,1406
46.951544280000235,2028,2263,1593,2907,1130,1402,2028,2300,1589,2906,1144,1406
46.96155174100022,2029,2264,1594,2908,1132,1402,2028,2300,1591,2907,1142,1406
46.9715488439997,2029,2266,1595,2908,1134,1402,2029,2300,1592,2908,1140,1406
46.981542008999895,2030,2267,1595,2908,1137,1402,2029,2300,1593,2908,1139,1406
46.991544751999754,2031,2268,1595,2909,1142,1402,2030,2301,1593,2908,1138,1406
47.00151589500092,2033,2268,1593,2909,1145,1402,2030,2301,1594,2908,1138,1406
47.011618476000876,2034,2267,1590,2910,1147,1402,2030,2302,1594,2908,1138,1406
47.021653099000105,2035,2265,1586,2912,1148,1402,2031,2302,1595,2908,1138,1406
47.031648288000724,2036,2261,1581,2914,1148,1402,2031,2302,1596,2908,1139,1406
47.04164339700037,2037,2256,1574,2917,1147,1402,2031,2302,1596,2909,1141,1406
47.05164851399968,2038,2251,1568,2920,1145,1402,2031,2302,1596,2909,1143,1406
47.0616485419996,2038,2247,1562,2923,1144,1402,2031,2301,1596,2909,1144,1406
47.071238296000956,2039,2244,1557,2926,1143,1402,2031,2301,1595,2910,1144,1406
47.08133874300074,2039,2242,1554,2928,1142,1402,2030,2300,1594,2912,1144,1406
47.09162473000106,2040,2242,1552,2929,1142,1402,2030,2299,1593,2914,1144,1406
47.10164246200111,2040,2243,1551,2930,1143,1402,2030,2298,1591,2916,1144,1406
47.111641356999826,2040,2246,1552,2931,1145,1402,2029,2297,1589,2918,1144,1406
47.12159115000031,2041,2250,1554,2932,1147,1402,2029,2296,1587,2920,1144,1406
47.13156883600095,2041,2255,1556,2932,1150,1402,2030,2296,1585,2922,1144,1406
47.14156839300085,2041,2261,1561,2931,1153,1402,2031,2296,1584,2923,1144,1406
47.151576465999824,2042,2267,1565,2930,1156,1402,2031,2295,1583,2924,1144,1406
47.16154154800097,2042,2273,1569,2928,1157,1402,2033,2294,1583,2925,1144,1406
47.17170053600057,2043,2276,1573,2926,1157,1402,2034,2294,1583,2926,1146,1406
47.18167119800091,2044,2279,1575,2924,1156,1402,2035,2294,1583,2926,1147,1406
47.191701683001156,2045,2280,1577,2922,1153,1402,2037,2294,1583,2926,1149,1406
47.201668669000355,2046,2280,1579,2920,1149,1402,2038,2294,1583,2926,1150,1406
47.211667194000256,2047,2280,1580,2917,1144,1402,2039,2294,1583,2926,1150,1406
47.2216412329999,2048,2278,1581,2913,1139,1402,2040,2295,1583,2926,1150,1406
47.231613126999946,2049,2276,1582,2910,1134,1402,2041,2295,1585,2926,1150,1406
47.24158454099961,2050,2275,1582,2908,1130,1402,2042,2295,1586,2926,1149,1406
47.25157215500076,2050,2274,1583,2906,1128,1402,2043,2296,1588,2925,1147,1406
47.26154146600129,2050,2273,1583,2904,1127,1402,2044,2296,1588,2924,1145,1406
47.27157233199978,2050,2273,1584,2902,1127,1402,2045,2296,1588,2921,1142,1406
47.281568222000715,2049,2273,1585,2901,1128,1402,2046,2296,1588,2919,1140,1406
47.29157499200119,2048,2273,1586,2900,1131,1402,2046,2296,1588,2917,1137,1406
47.301570882000306,2047,2275,1587,2899,1135,1402,2047,2296,1588,2915,1136,1406
47.31156934700084,2045,2277,1588,2899,1140,1402,2047,2296,1588,2914,1135,1406
47.321576959000595,2044,2279,1589,2899,1145,1402,2047,2296,1588,2912,1135,1406
47.33154110900068,2043,2282,1589,2900,1149,1402,2047,2295,1589,2911,1135,1406
47.34149458899992,2042,2284,1589,2901,1152,1402,2047,2295,1590,2910,1135,1406
47.35151893300099,2042,2287,1588,2902,1154,1402,2047,2294,1591,2909,1136,1406
47.36154049099969,2042,2290,1587,2904,1154,1402,2046,2294,1591,2909,1139,1406
47.3715526520009,2043,2293,1586,2905,1153,1402,2046,2294,1592,2908,1141,1406
47.38154842200129,2045,2296,1585,2907,1151,1402,2045,2295,1592,2908,1143,1406
47.39153852100026,2046,2298,1585,2907,1148,1402,2045,2297,1592,2908,1145,1406
47.401553186000456,2048,2300,1586,2907,1145,1402,2044,2299,1592,2908,1146,1406
47.411541131001286,2050,2301,1588,2906,1141,1402,2044,2302,1592,2908,1146,1406
47.4216053300006,2052,2303,1591,2905,1139,1402,2043,2304,1592,2908,1146,1406
47.4316670950011,2053,2304,1593,2905,1138,1402,2043,2306,1592,2908,1145,1406
47.44169800100099,2054,2306,1594,2905,1138,1402,2043,2308,1593,2908,1144,1406
47.45166722100112,2054,2308,1594,2907,1139,1402,2043,2309,1593,2908,1143,1406
47.46167379100007,2055,2310,1592,2909,1142,1402,2044,2310,1595,2908,1142,1406
47.471712530999866,2055,2314,1590,2912,1146,1402,2045,2311,1597,2908,1141,1406
47.48171561500021,2055,2317,1587,2915,1150,1402,2046,2312,1598,2908,1141,1406
47.49167502599994,2055,2321,1583,2917,1153,1402,2047,2314,1598,2908,1141,1406
47.50169611400088,2055,2324,1579,2918,1156,1402,2047,2316,1598,2908,1142,1406
47.511694769000314,2055,2327,1575,2919,1157,1402,2049,2318,1598,2909,1143,1406
47.52146473300127,2055,2330,1571,2918,1158,1402,2051,2320,1598,2910,1144,1406
47.53144319000057,2056,2333,1566,2916,1158,1402,2052,2323,1598,2911,1146,1406
47.54134094500114,2057,2337,1561,2914,1158,1402,2053,2326,1598,2913,1148,1406
47.55164677900029,2058,2340,1555,2911,1156,1402,2054,2329,1597,2914,1150,1406
47.56151547000081,2058,2343,1551,2908,1154,1402,2054,2332,1596,2914,1150,1406
47.571567746001165,2058,2344,1548,2907,1153,1402,2055,2336,1594,2914,1150,1406
47.58157289399969,2058,2345,1547,2906,1151,1402,2055,2340,1592,2914,1150,1406
47.59121389400025,2057,2346,1546,2906,1149,1402,2055,2344,1590,2913,1150,1406
47.60133886699987,2056,2346,1546,2907,1148,1402,2055,2347,1588,2913,1150,1406
47.61133804400015,2055,2347,1548,2908,1148,1402,2055,2350,1586,2912,1150,1406
47.62157149199993,2055,2348,1549,2909,1150,1402,2055,2351,1584,2912,1150,1406
47.631568925000465,2054,2349,1551,2909,1153,1402,2055,2352,1584,2912,1150,1406
47.641571838001255,2054,2352,1553,2909,1157,1402,2054,2353,1583,2912,1150,1406
47.65158559200063,2054,2355,1554,2908,1162,1402,2054,2354,1583,2912,1151,1406
47.661568958001226,2054,2359,1554,2907,1167,1402,2053,2354,1583,2912,1151,1406
47.67133869200006,2054,2362,1554,2907,1170,1402,2053,2354,1583,2912,1152,1406
47.68133924100039,2053,2364,1552,2907,1173,1402,2053,2355,1582,2912,1153,1406
47.691587437000635,2053,2366,1549,2908,1174,1402,2052,2357,1582,2912,1155,1406
47.701589128000705,2052,2367,1545,2909,1173,1402,2052,2359,1582,2912,1157,1406
47.71158899500006,2051,2368,1540,2911,1172,1402,2052,2361,1580,2912,1158,1406
47.721588030999555,2050,2369,1534,2914,1169,1402,2051,2364,1578,2912,1161,1406
47.73156777100121,2049,2369,1527,2917,1166,1402,2051,2367,1576,2912,1163,1406
47.7415675379998,2048,2369,1521,2920,1163,1402,2051,2369,1575,2912,1165,1406
47.75159424599951,2047,2369,1517,2922,1160,1402,2051,2372,1573,2912,1165,1406
47.761664626999845,2046,2369,1513,2924,1159,1402,2051,2374,1570,2913,1165,1406
47.77157085700128,2045,2368,1512,2925,1158,1402,2051,2375,1568,2914,1164,1406
47.781572198000504,2045,2368,1511,2926,1158,1402,2051,2377,1566,2916,1163,1406
47.79121231600038,2045,2368,1513,2926,1159,1402,2051,2378,1564,2917,1162,1406
47.80171935100043,2045,2368,1515,2925,1162,1402,2052,2378,1560,2919,1161,1406
47.81144381900049,2045,2368,1519,2924,1165,1402,2052,2378,1559,2920,1161,1406
47.82156793099966,2046,2369,1525,2922,1170,1402,2052,2378,1556,2921,1161,1406
47.83156686700022,2046,2370,1530,2920,1174,1402,2052,2377,1555,2921,1161,1406
47.84157290599978,2047,2371,1534,2919,1178,1402,2052,2376,1554,2921,1161,1406
47.85158799199962,2047,2372,1536,2919,1180,1402,2052,2376,1553,2921,1161,1406
47.86156727100024,2048,2373,1537,2919,1181,1402,2052,2375,1553,2921,1163,1406
47.871541178999905,2048,2374,1536,2919,1182,1402,2052,2375,1553,2921,1166,1406
47.88151296400065,2048,2376,1534,2920,1181,1402,2052,2375,1553,2921,1168,1406
47.89157159200113,2048,2378,1530,2922,1179,1402,2052,2376,1553,2921,1171,1406
47.90159678700002,2048,2380,1526,2924,1176,1402,2051,2378,1553,2921,1173,1406
47.91163932600102,2048,2382,1521,2926,1173,1402,2050,2381,1553,2921,1175,1406
47.92170049900051,2048,2383,1518,2928,1170,1402,2049,2383,1553,2921,1175,1406
47.93173819799995,2048,2384,1517,2928,1168,1402,2048,2385,1553,2922,1175,1406
47.94169265900018,2048,2384,1517,2928,1166,1402,2048,2387,1553,2922,1175,1406
47.951707205000275,2048,2384,1518,2927,1164,1402,2048,2389,1552,2923,1174,1406
47.961735295000835,2048,2383,1521,2925,1163,1402,2048,2391,1552,2924,1173,1406
47.97121228600008,2048,2382,1525,2923,1162,1402,2048,2392,1552,2924,1171,1406
47.981190333000995,2048,2381,1530,2922,1161,1402,2048,2393,1552,2925,1170,1406
47.99169200700089,2047,2380,1534,2920,1161,1402,2048,2393,1552,2925,1168,1406
48.001188315000036,2047,2379,1537,2920,1161,1402,2048,2393,1552,2925,1167,1406
48.011764950000725,2047,2379,1538,2921,1161,1402,2049,2393,1552,2924,1167,1406
48.021212765999735,2047,2379,1539,2923,1162,1402,2049,2392,1551,2924,1166,1406
48.03118358900065,2046,2380,1538,2925,1163,1402,2050,2392,1551,2924,1166,1406
48.0416740920009,2047,2381,1536,2928,1164,1402,2050,2391,1551,2924,1165,1406
48.05166497200116,2047,2382,1533,2929,1166,1402,2051,2391,1551,2924,1165,1406
48.06169923500056,2048,2383,1531,2930,1168,1402,2052,2391,1551,2924,1165,1406
48.07174822500019,2049,2383,1528,2930,1170,1402,2052,2391,1551,2924,1165,1406
48.08118442900013,2051,2384,1524,2929,1172,1402,2052,2391,1551,2925,1165,1406
48.091713255000286,2053,2385,1520,2927,1174,1402,2052,2391,1551,2926,1165,1406
48.1012141909996,2056,2385,1515,2925,1176,1402,2052,2391,1551,2927,1165,1406
48.11169516600057,2057,2385,1510,2923,1176,1402,2052,2392,1551,2927,1166,1406
48.121739276999506,2058,2385,1506,2921,1175,1402,2052,2392,1551,2927,1166,1406
48.1311868820012,2059,2385,1501,2920,1173,1402,2052,2393,1551,2927,1167,1406
48.14122732600117,2059,2384,1496,2920,1169,1402,2052,2393,1551,2926,1169,1406
48.15122300599978,2058,2384,1491,2921,1164,1402,2052,2394,1549,2926,1170,1406
48.16124108800068,2057,2383,1486,2922,1159,1402,2052,2395,1547,2926,1170,1406
48.17137014900072,2055,2381,1481,2924,1152,1402,2052,2395,1544,2926,1169,1406
48.1815150500006,2053,2380,1476,2926,1146,1402,2052,2395,1540,2926,1168,1406
48.191574180000316,2052,2379,1473,2928,1141,1402,2052,2395,1537,2926,1166,1406
48.201593302999754,2050,2377,1470,2929,1137,1402,2052,2395,1533,2926,1164,1406
48.21158797099997,2049,2376,1468,2931,1134,1402,2052,2395,1529,2926,1161,1406
48.22163974599971,2048,2375,1466,2931,1133,1402,2052,2395,1524,2927,1158,1406
48.231668378000904,2047,2374,1466,2932,1133,1402,2052,2395,1520,2927,1155,1406
48.24166511000112,2047,2373,1466,2932,1134,1402,2052,2395,1516,2928,1151,1406
48.25169386200105,2046,2372,1467,2932,1137,1402,2053,2394,1512,2928,1148,1406
48.26169391999974,2046,2371,1469,2932,1141,1402,2053,2394,1509,2929,1146,1406
48.27133992000017,2046,2370,1472,2931,1145,1402,2053,2394,1506,2929,1145,1406
48.281336060001195,2047,2370,1476,2930,1149,1402,2053,2394,1504,2929,1144,1406
48.2915712920003,2047,2369,1479,2929,1151,1402,2053,2394,1503,2929,1144,1406
48.30154132300049,2048,2368,1483,2929,1152,1402,2053,2394,1502,2929,1145,1406
48.31154003800111,2049,2367,1487,2928,1152,1402,2053,2394,1502,2929,1146,1406
48.32157755700064,2050,2366,1492,2928,1150,1402,2053,2394,1502,2929,1147,1406
48.331569678999585,2051,2365,1497,2928,1148,1402,2053,2394,1502,2929,1148,1406
48.34145997000087,2053,2363,1500,2928,1145,1402,2053,2394,1502,2929,1149,1406
48.35164778299986,2055,2362,1502,2928,1142,1402,2052,2394,1502,2929,1149,1406
48.36121185800039,2057,2360,1503,2927,1140,1402,2052,2394,1503,2929,1148,1406
48.37118475399984,2059,2357,1502,2927,1139,1402,2052,2394,1505,2929,1147,1406
48.3811833689997,2061,2355,1500,2927,1139,1402,2051,2394,1506,2929,1146,1406
48.391210798999964,2062,2354,1498,2927,1140,1402,2051,2394,1508,2929,1145,1406
48.4012153750009,2063,2354,1496,2927,1142,1402,2051,2394,1509,2929,1144,1406
48.4112177879997,2063,2356,1496,2928,1143,1402,2051,2394,1509,2929,1144,1406
48.42121844600115,2062,2359,1496,2929,1145,1402,2051,2394,1509,2929,1144,1406
48.43123838199972,2061,2363,1497,2930,1148,1402,2052,2394,1509,2929,1144,1406
48.441349709999486,2059,2368,1498,2931,1150,1402,2053,2394,1509,2929,1144,1406
48.45157783800096,2057,2373,1500,2932,1152,1402,2054,2394,1509,2929,1144,1406
48.461571664000076,2055,2376,1502,2934,1153,1402,2054,2394,1509,2929,1144,1406
48.471292354999605,2053,2378,1503,2934,1154,1402,2056,2394,1509,2929,1145,1406
48.48133492300076,2051,2379,1504,2935,1154,1402,2057,2394,1509,2929,1146,1406
48.49147180900036,2050,2379,1505,2935,1153,1402,2058,2394,1509,2929,1148,1406
48.501448983000955,2049,2377,1506,2935,1151,1402,2059,2394,1509,2929,1148,1406
48.51158552900051,2048,2374,1506,2935,1149,1402,2059,2394,1509,2929,1149,1406
48.52169583500108,2047,2369,1506,2934,1146,1402,2059,2394,1509,2930,1149,1406
48.53166136800064,2046,2364,1506,2934,1141,1402,2059,2394,1509,2931,1148,1406
48.54134026000065,2045,2357,1506,2932,1137,1402,2059,2394,1509,2931,1147,1406
48.551646635,2045,2351,1507,2931,1131,1402,2059,2394,1509,2931,1147,1406
48.56133508499988,2044,2346,1508,2929,1127,1402,2059,2394,1509,2931,1146,1406
48.57124386100077,2044,2342,1511,2927,1122,1402,2057,2394,1509,2931,1145,1406
48.58121058600045,2044,2339,1514,2924,1118,1402,2056,2394,1510,2931,1143,1406
48.591222285000185,2044,2338,1518,2922,1114,1402,2055,2394,1510,2931,1141,1406
48.601698792001116,2044,2337,1522,2920,1112,1402,2054,2394,1511,2931,1138,1406
48.61167174900038,2045,2337,1525,2919,1112,1402,2052,2392,1512,2930,1135,1406
48.62171864500124,2045,2337,1528,2918,1112,1402,2051,2391,1514,2929,1131,1406
48.63166622400058,2045,2337,1530,2918,1114,1402,2050,2390,1517,2928,1128,1406
48.64167128200097,2045,2336,1532,2918,1117,1402,2049,2388,1519,2927,1125,1406
48.651664807001,2046,2335,1533,2919,1122,1402,2048,2388,1522,2926,1124,1406
48.661696875000416,2046,2334,1533,2921,1127,1402,2048,2386,1525,2925,1123,1406
48.67121517400119,2046,2333,1532,2924,1133,1402,2048,2385,1527,2925,1123,1406
48.6812439360001,2046,2331,1530,2927,1139,1402,2047,2384,1530,2925,1123,1406
48.691345666000416,2047,2330,1527,2931,1143,1402,2047,2384,1531,2925,1123,1406
48.701365050001186,2047,2329,1523,2934,1146,1402,2047,2384,1532,2925,1125,1406
48.71149588499975,2047,2328,1518,2938,1148,1402,2047,2384,1532,2925,1127,1406
48.721544273999825,2048,2327,1513,2942,1149,1402,2047,2384,1532,2925,1129,1406
48.73151219099964,2048,2326,1507,2946,1148,1402,2048,2384,1532,2927,1132,1406
48.74156840500109,2048,2325,1500,2951,1147,1402,2049,2384,1532,2930,1135,1406
48.751571578999574,2049,2325,1492,2956,1143,1402,2050,2384,1532,2933,1136,1406
48.76156616600019,2049,2324,1483,2962,1139,1402,2050,2384,1532,2935,1138,1406
48.77133861400034,2049,2324,1473,2967,1133,1402,2051,2383,1530,2938,1139,1406
48.78133612700003,2050,2323,1464,2973,1127,1402,2052,2383,1528,2940,1139,1406
48.79124702700028,2050,2323,1455,2977,1122,1402,2052,2383,1526,2944,1138,1406
48.80121350199988,2050,2323,1448,2980,1117,1402,2052,2383,1522,2947,1137,1406
48.81123972900059,2050,2322,1443,2983,1112,1402,2052,2383,1518,2951,1136,1406
48.82123761299954,2049,2322,1439,2984,1109,1402,2052,2383,1513,2955,1133,1406
48.83121487800054,2049,2321,1436,2985,1106,1402,2052,2383,1508,2960,1131,1406
48.84174476500084,2048,2320,1434,2984,1104,1402,2052,2383,1503,2963,1127,1406
48.85174588500013,2047,2319,1434,2983,1103,1402,2052,2383,1497,2966,1124,1406
48.86121660400022,2046,2318,1435,2981,1103,1402,2052,2383,1492,2969,1121,1406
48.8712637410008,2045,2317,1437,2979,1104,1402,2052,2383,1488,2971,1118,1406
48.88126981999994,2044,2317,1438,2978,1106,1402,2051,2382,1483,2972,1116,1406
48.891462562000015,2043,2316,1439,2979,1108,1402,2051,2381,1480,2972,1115,1406
48.90154062700094,2042,2316,1439,2980,1109,1402,2051,2379,1478,2972,1113,1406
48.91160810200017,2042,2316,1438,2982,1111,1402,2051,2377,1476,2972,1113,1406
48.92158790100075,2041,2316,1437,2985,1112,1402,2051,2375,1475,2972,1113,1406
48.93156700899999,2040,2316,1435,2989,1114,1402,2050,2374,1474,2973,1113,1406
48.941565725001055,2040,2317,1432,2994,1115,1402,2049,2372,1473,2974,1113,1406
48.951586772000155,2039,2317,1430,3000,1117,1402,2048,2371,1472,2976,1113,1406
48.96144131500114,2039,2316,1428,3006,1118,1402,2048,2370,1470,2978,1113,1406
48.97158637699977,2038,2316,1426,3010,1120,1402,2048,2369,1468,2981,1113,1406
48.98156797000047,2037,2315,1426,3014,1121,1402,2048,2369,1466,2984,1113,1406
48.991585370000394,2037,2313,1426,3017,1122,1402,2047,2368,1464,2987,1113,1406
49.00154183599989,2036,2311,1428,3019,1123,1402,2046,2368,1463,2991,1113,1406
49.011538517999725,2035,2309,1431,3020,1124,1402,2046,2368,1461,2994,1113,1406
49.02151535200028,2034,2305,1435,3020,1125,1402,2045,2368,1460,2998,1114,1406
49.03153910400033,2033,2301,1441,3019,1125,1402,2044,2366,1460,3002,1115,1406
49.04154376100087,2031,2297,1448,3017,1126,1402,2044,2365,1459,3005,1116,1406
49.05167370399977,2030,2293,1455,3015,1126,1402,2043,2364,1459,3007,1117,1406
49.06171202400037,2030,2290,1461,3013,1126,1402,2042,2362,1459,3008,1118,1406
49.07121311999981,2029,2288,1466,3011,1126,1402,2041,2360,1459,3008,1119,1406
49.08174373899965,2029,2287,1469,3009,1126,1402,2040,2358,1460,3008,1119,1406
49.0915120690006,2029,2288,1471,3008,1125,1402,2039,2355,1462,3008,1120,1406
49.10154269499981,2030,2290,1472,3008,1124,1402,2038,2353,1465,3008,1121,1406
49.111538635001125,2032,2293,1471,3008,1122,1402,2038,2350,1467,3008,1121,1406
49.12151227300092,2034,2296,1469,3009,1121,1402,2037,2348,1470,3008,1122,1406
49.131457818000854,2036,2299,1466,3010,1119,1402,2036,2347,1471,3008,1122,1406
49.14152060400011,2038,2301,1464,3011,1118,1402,2036,2347,1472,3008,1122,1406
49.151546049999524,2040,2301,1462,3012,1116,1402,2035,2346,1472,3008,1122,1406
49.161543362000884,2042,2300,1461,3013,1116,1402,2035,2346,1472,3008,1122,1406
49.171344874999704,2044,2298,1460,3013,1115,1402,2034,2346,1472,3008,1122,1406
49.18144228700112,2046,2294,1461,3014,1114,1402,2034,2346,1472,3008,1122,1406
49.19164053900022,2048,2289,1462,3016,1113,1402,2034,2346,1472,3008,1121,1406
49.20164048600054,2050,2283,1464,3018,1112,1402,2034,2346,1472,3009,1120,1406
49.21158514000126,2051,2277,1467,3021,1111,1402,2035,2346,1473,3010,1119,1406
49.2215234209998,2052,2271,1470,3025,1109,1402,2036,2346,1473,3011,1118,1406
49.23153811700104,2052,2266,1475,3029,1108,1402,2038,2346,1473,3012,1117,1406
49.241539005999584,2051,2261,1479,3034,1106,1402,2039,2346,1473,3014,1116,1406
49.25164008399952,2051,2258,1482,3037,1105,1402,2041,2343,1474,3015,1116,1406
49.26164129400058,2052,2256,1485,3040,1104,1402,2043,2340,1476,3018,1115,1406
49.271712607000154,2053,2255,1488,3042,1103,1402,2045,2337,1478,3021,1114,1406
49.281743162000566,2055,2255,1489,3043,1103,1402,2047,2333,1481,3024,1112,1406
49.29144355400058,2057,2255,1490,3043,1104,1402,2049,2329,1483,3027,1111,1406
49.3016186320001,2061,2257,1490,3043,1104,1402,2049,2326,1486,3030,1110,1406
49.3115707500001,2064,2258,1489,3042,1105,1402,2050,2323,1488,3031,1109,1406
49.321565578000445,2067,2260,1488,3041,1106,1402,2050,2320,1489,3033,1108,1406
49.331564973999775,2068,2260,1487,3042,1106,1402,2052,2317,1489,3035,1107,1406
49.34156949099997,2068,2261,1486,3042,1107,1402,2053,2315,1490,3035,1107,1406
49.35157392700057,2068,2260,1484,3044,1107,1402,2054,2314,1490,3035,1108,1406
49.361569595999754,2067,2260,1483,3046,1106,1402,2054,2313,1490,3036,1108,1406
49.371567730000606,2065,2260,1483,3048,1106,1402,2054,2312,1490,3036,1108,1406
49.38156698700004,2064,2261,1483,3048,1105,1402,2055,2312,1490,3037,1108,1406
49.391564139001275,2064,2263,1484,3047,1105,1402,2056,2311,1490,3038,1108,1406
49.40159632700124,2064,2265,1485,3046,1105,1402,2056,2311,1490,3039,1108,1406
49.41164017800111,2065,2269,1487,3043,1104,1402,2056,2311,1490,3041,1108,1406
49.4216409769997,2066,2273,1489,3040,1104,1402,2057,2311,1490,3042,1108,1406
49.431584457999634,2068,2278,1492,3035,1103,1402,2059,2311,1490,3043,1108,1406
49.44151932299974,2069,2284,1494,3031,1102,1402,2060,2311,1490,3042,1108,1406
49.45160888999999,2070,2289,1496,3026,1101,1402,2061,2311,1491,3042,1108,1406
49.46164135900108,2071,2294,1497,3023,1100,1402,2062,2311,1493,3041,1108,1406
49.47163594599988,2072,2297,1496,3020,1098,1402,2063,2311,1495,3039,1108,1406
49.481639972000266,2071,2300,1495,3018,1096,1402,2063,2311,1496,3038,1108,1406
49.491214486999525,2070,2301,1493,3018,1094,1402,2064,2311,1498,3035,1108,1406
49.501213442001244,2069,2301,1489,3018,1091,1402,2065,2312,1498,3033,1107,1406
49.51121899099962,2066,2301,1484,3019,1088,1402,2066,2312,1498,3031,1105,1406
49.52177135000056,2063,2300,1478,3022,1084,1402,2066,2313,1499,3029,1103,1406
49.53121035000004,2060,2299,1470,3025,1080,1402,2066,2313,1499,3028,1101,1406
49.54121691,2056,2297,1461,3028,1076,1402,2066,2313,1499,3028,1099,1406
49.55166978200032,2053,2296,1454,3031,1073,1402,2066,2313,1499,3028,1096,1406
49.56169269299971,2051,2296,1448,3034,1071,1402,2066,2313,1498,3029,1094,1406
49.571722447000866,2050,2297,1444,3035,1070,1402,2066,2313,1497,3030,1091,1406
49.58120959699954,2051,2300,1441,3036,1069,1402,2065,2313,1495,3030,1089,1406
49.59120987499955,2052,2303,1439,3035,1070,1402,2064,2313,1491,3031,1086,1406
49.60166792699965,2054,2308,1438,3034,1072,1402,2063,2314,1488,3032,1084,1406
49.61168936499962,2057,2314,1439,3032,1075,1402,2061,2314,1484,3033,1082,1406
49.62166949600032,2061,2320,1440,3029,1079,1402,2060,2314,1481,3033,1080,1406
49.631670445000054,2064,2325,1442,3026,1083,1402,2060,2314,1478,3033,1080,1406
49.64168991000042,2066,2329,1445,3024,1087,1402,2058,2314,1476,3033,1080,1406
49.651677414000005,2068,2331,1447,3021,1091,1402,2057,2315,1474,3032,1080,1406
49.661689824999485,2070,2332,1449,3020,1094,1402,2057,2317,1472,3032,1080,1406
49.67121537700041,2070,2332,1451,3018,1097,1402,2057,2319,1471,3031,1081,1406
49.68120855199959,2070,2330,1452,3017,1100,1402,2057,2322,1470,3029,1083,1406
49.69123853600104,2069,2327,1454,3016,1104,1402,2058,2325,1470,3027,1085,1406
49.70124587800092,2068,2323,1456,3015,1107,1402,2059,2328,1470,3026,1087,1406
49.71133334099977,2066,2317,1457,3015,1109,1402,2059,2330,1470,3025,1089,1406
49.721392168999955,2063,2311,1459,3014,1111,1402,2060,2332,1471,3024,1091,1406
49.73144250199948,2061,2307,1461,3013,1112,1402,2061,2333,1472,3024,1093,1406
49.74158750300012,2059,2303,1462,3012,1112,1402,2063,2334,1472,3023,1095,1406
49.75163896800041,2058,2301,1463,3010,1111,1402,2065,2335,1473,3022,1098,1406
49.76164568900094,2057,2300,1464,3008,1109,1402,2065,2335,1474,3022,1099,1406
49.77145073800057,2056,2300,1466,3005,1106,1402,2065,2335,1474,3022,1100,1406
49.78145140699962,2056,2302,1467,3001,1102,1402,2065,2335,1474,3021,1101,1406
49.79156912700091,2056,2304,1468,2997,1098,1402,2066,2334,1474,3019,1101,1406
49.801765225000054,2057,2307,1467,2994,1095,1402,2066,2333,1473,3017,1101,1406
49.81125335700017,2058,2309,1466,2992,1094,1402,2066,2332,1473,3015,1101,1406
49.82120956200015,2059,2311,1464,2990,1094,1402,2066,2331,1472,3013,1100,1406
49.83167006900112,2060,2311,1462,2989,1095,1402,2065,2330,1472,3010,1099,1406
49.84166378500049,2060,2311,1458,2988,1097,1402,2064,2330,1471,3007,1099,1406
49.85166673800086,2062,2310,1454,2988,1101,1402,2061,2330,1471,3005,1098,1406
49.86146425399966,2063,2309,1449,2988,1105,1402,2060,2330,1471,3003,1098,1406
49.87151026799984,2064,2306,1443,2989,1111,1402,2059,2330,1471,3001,1098,1406
49.88153650499953,2065,2303,1438,2990,1117,1402,2059,2330,1471,3000,1099,1406
49.89148533600019,2066,2301,1435,2991,1121,1402,2058,2331,1471,2999,1100,1406
49.90223162199982,2067,2298,1433,2991,1125,1402,2058,2332,1471,2999,1102,1406
49.91168959700008,2067,2296,1432,2992,1127,1402,2058,2333,1471,2998,1104,1406
49.92127293900012,2068,2295,1433,2992,1128,1402,2058,2333,1470,2998,1106,1406
49.931339321999985,2068,2293,1435,2992,1128,1402,2059,2334,1470,2998,1109,1406
49.941447614000936,2068,2291,1439,2991,1126,1402,2060,2334,1469,2998,1112,1406
49.95163777000016,2068,2290,1443,2991,1124,1402,2062,2334,1469,2998,1114,1406
49.96163640499981,2068,2289,1448,2990,1121,1402,2064,2333,1468,2998,1116,1406
49.971591358000296,2067,2288,1452,2990,1119,1402,2065,2333,1468,2998,1117,1406
49.981564495001294,2066,2287,1455,2990,1117,1402,2066,2332,1468,2998,1117,1406
49.9915627900009,2065,2286,1456,2991,1116,1402,2066,2331,1467,2998,1116,1406
50.001645964001,2064,2285,1455,2992,1116,1402,2067,2330,1467,2998,1114,1406
50.01163827700111,2063,2284,1453,2993,1117,1402,2067,2329,1467,2998,1114,1406
50.02166703900002,2061,2284,1450,2995,1117,1402,2067,2328,1467,2998,1114,1406
50.03166123600022,2060,2283,1445,2996,1117,1402,2067,2328,1467,2998,1114,1406
50.04157061300066,2059,2283,1441,2998,1115,1402,2067,2328,1467,2998,1114,1406
50.05158535800001,2058,2284,1437,2999,1113,1402,2067,2328,1467,2998,1114,1406
50.0615672920012,2058,2285,1434,3000,1109,1402,2066,2328,1467,2998,1115,1406
50.07159173600121,2058,2286,1431,3000,1103,1402,2065,2328,1467,2998,1115,1406
50.08156773799965,2058,2288,1428,3000,1097,1402,2064,2328,1467,2998,1116,1406
50.091575921000185,2059,2290,1426,2999,1090,1402,2063,2329,1466,2998,1116,1406
50.101638627000284,2059,2292,1424,2999,1082,1402,2062,2329,1465,2998,1114,1406
50.11133669500123,2060,2295,1423,2998,1075,1402,2061,2329,1464,2998,1111,1406
50.12136149999969,2060,2298,1422,2997,1070,1402,2061,2329,1463,2998,1108,1406
50.13144339199971,2061,2300,1422,2995,1066,1402,2060,2329,1461,2998,1105,1406
50.14164251500006,2061,2303,1422,2994,1063,1402,2060,2329,1459,2998,1101,1406
50.15163580999979,2061,2306,1423,2993,1061,1402,2060,2329,1458,2998,1096,1406
50.16169115299999,2061,2308,1423,2991,1060,1402,2060,2328,1456,2998,1091,1406
50.171264746000816,2061,2311,1424,2990,1061,1402,2060,2328,1455,2998,1087,1406
50.18133513599969,2061,2314,1426,2988,1063,1402,2060,2328,1454,2998,1083,1406
50.19133404199965,2061,2317,1428,2986,1067,1402,2060,2328,1453,2998,1080,1406
50.20180312500088,2061,2319,1430,2984,1071,1402,2060,2328,1453,2998,1077,1406
50.211334188001274,2060,2321,1432,2982,1076,1402,2060,2328,1453,2998,1076,1406
50.2216922610005,2060,2322,1434,2981,1081,1402,2061,2328,1453,2996,1075,1406
50.23170760799985,2061,2321,1436,2980,1084,1402,2062,2329,1453,2995,1075,1406
50.241215877000286,2061,2320,1437,2980,1085,1402,2062,2329,1453,2993,1076,1406
50.25176964000093,2062,2317,1437,2980,1086,1402,2063,2330,1453,2992,1078,1406
50.261340789000315,2062,2314,1437,2980,1085,1402,2063,2331,1453,2991,1079,1406
50.27135952200115,2064,2310,1437,2981,1083,1402,2063,2331,1453,2990,1080,1406
50.28144712500034,2065,2304,1437,2982,1079,1402,2064,2331,1453,2990,1081,1406
50.29149083500124,2067,2298,1435,2983,1075,1402,2064,2331,1453,2989,1081,1406
50.3017134519996,2068,2291,1433,2985,1069,1402,2064,2331,1453,2989,1081,1406
50.31119607400069,2070,2286,1431,2987,1064,1402,2064,2331,1453,2989,1081,1406
50.32148760200107,2071,2281,1428,2989,1059,1402,2064,2331,1453,2988,1080,1406
50.33153790399956,2072,2278,1425,2990,1055,1402,2064,2331,1453,2988,1079,1406
50.34153653900103,2073,2277,1422,2992,1052,1402,2064,2330,1453,2988,1076,1406
50.351512903000184,2073,2276,1418,2993,1049,1402,2064,2329,1453,2988,1073,1406
50.36156977800056,2073,2277,1415,2994,1048,1402,2064,2328,1453,2989,1070,1406
50.371581718000016,2073,2280,1411,2994,1047,1402,2064,2327,1452,2989,1067,1406
50.38156757900106,2073,2283,1406,2995,1047,1402,2064,2327,1452,2990,1065,1406
50.391565842999626,2072,2288,1402,2995,1047,1402,2064,2327,1451,2991,1062,1406
50.40166013900125,2071,2295,1397,2995,1049,1402,2065,2327,1449,2992,1060,1406
50.41126221600098,2070,2302,1392,2994,1051,1402,2066,2327,1447,2993,1059,1406
50.4213476040004,2069,2308,1389,2994,1053,1402,2066,2327,1444,2993,1057,1406
50.43144216099972,2068,2313,1388,2993,1055,1402,2067,2327,1441,2993,1057,1406
50.44149278400073,2067,2317,1387,2992,1057,1402,2068,2327,1438,2993,1056,1406
50.451568414000576,2067,2319,1388,2990,1058,1402,2069,2327,1435,2993,1056,1406
50.461665044000256,2066,2320,1391,2989,1059,1402,2070,2327,1431,2993,1056,1406
50.471362510999825,2066,2320,1394,2987,1060,1402,2071,2328,1428,2993,1056,1406
50.4812648040006,2066,2318,1399,2985,1060,1402,2071,2329,1426,2993,1056,1406
50.49134293899988,2066,2315,1406,2983,1061,1402,2072,2330,1425,2992,1057,1406
50.50142248700104,2066,2311,1413,2981,1061,1402,2072,2330,1424,2992,1058,1406
50.51143917599984,2066,2306,1422,2978,1060,1402,2072,2330,1424,2992,1058,1406
50.521462648001034,2066,2301,1429,2977,1060,1402,2072,2330,1424,2992,1058,1406
50.53148382600011,2066,2298,1435,2975,1060,1402,2072,2330,1424,2991,1058,1406
50.541697005999595,2065,2294,1440,2975,1061,1402,2072,2330,1425,2989,1058,1406
50.55163863300004,2065,2292,1443,2974,1061,1402,2072,2330,1427,2987,1058,1406
50.56166415900043,2064,2292,1445,2974,1062,1402,2071,2330,1431,2986,1058,1406
50.571512040000016,2062,2292,1446,2975,1064,1402,2071,2331,1434,2985,1058,1406
50.58153535100064,2060,2294,1445,2977,1066,1402,2070,2331,1437,2984,1058,1406
50.591517955999734,2058,2297,1443,2978,1068,1402,2070,2331,1441,2984,1058,1406
50.60156788800123,2056,2301,1440,2981,1070,1402,2069,2331,1443,2983,1058,1406
50.61153984300108,2053,2305,1437,2982,1071,1402,2069,2331,1445,2983,1058,1406
50.62168854100128,2051,2309,1436,2984,1072,1402,2068,2331,1445,2983,1059,1406
50.631661268000244,2049,2313,1436,2984,1072,1402,2066,2331,1445,2983,1061,1406
50.64166826800101,2047,2316,1438,2984,1071,1402,2065,2331,1445,2983,1061,1406
50.65166407800098,2045,2319,1441,2983,1069,1402,2064,2331,1445,2983,1062,1406
50.66123946500011,2043,2321,1444,2982,1067,1402,2063,2331,1445,2983,1062,1406
50.67125375900105,2042,2322,1446,2980,1065,1402,2062,2331,1445,2983,1064,1406
50.68133568200028,2042,2322,1447,2978,1063,1402,2060,2331,1445,2983,1065,1406
50.69133132100069,2042,2320,1446,2975,1062,1402,2058,2331,1446,2983,1065,1406
50.70139392700003,2042,2319,1444,2973,1060,1402,2057,2331,1447,2982,1065,1406
50.711439550999785,2042,2317,1442,2971,1058,1402,2055,2331,1448,2982,1064,1406
50.72166810999988,2042,2315,1442,2970,1056,1402,2053,2330,1449,2982,1064,1406
50.73166168500029,2042,2315,1443,2970,1054,1402,2051,2330,1449,2981,1063,1406
50.741665210000065,2041,2315,1445,2971,1051,1402,2049,2330,1449,2979,1062,1406
50.751642224000534,2039,2315,1449,2972,1047,1402,2047,2331,1449,2978,1061,1406
50.761634587001026,2038,2317,1453,2973,1043,1402,2046,2331,1449,2978,1060,1406
50.771689458000765,2038,2318,1456,2974,1041,1402,2045,2331,1450,2977,1059,1406
50.78166833599971,2037,2320,1458,2975,1040,1402,2044,2331,1451,2977,1057,1406
50.79169655700025,2038,2322,1459,2975,1040,1402,2043,2331,1453,2977,1054,1406
50.80174079800054,2039,2324,1458,2975,1041,1402,2043,2331,1455,2977,1052,1406
50.811237425999934,2040,2327,1456,2974,1044,1402,2042,2331,1457,2977,1050,1406
50.82121305799956,2042,2329,1453,2973,1048,1402,2042,2331,1459,2977,1049,1406
50.831336639001165,2043,2331,1451,2971,1053,1402,2042,2331,1460,2977,1048,1406
50.84133296999971,2043,2332,1448,2970,1058,1402,2043,2332,1460,2977,1048,1406
50.851390265999726,2043,2332,1448,2970,1063,1402,2043,2333,1460,2977,1048,1406
50.86158579200128,2041,2332,1448,2970,1067,1402,2044,2335,1460,2976,1048,1406
50.87166159300068,2039,2331,1449,2970,1071,1402,2044,2337,1460,2976,1049,1406
50.88166124000054,2037,2330,1450,2971,1074,1402,2045,2338,1460,2976,1051,1406
50.891669091999574,2036,2330,1451,2972,1076,1402,2045,2339,1460,2976,1054,1406
50.90171512699999,2036,2330,1453,2973,1076,1402,2045,2339,1460,2976,1057,1406
50.911694496000564,2036,2330,1453,2975,1075,1402,2045,2340,1461,2976,1059,1406
50.92121012999996,2037,2331,1454,2977,1073,1402,2045,2340,1461,2976,1061,1406
50.931240494999656,2038,2332,1455,2978,1070,1402,2045,2340,1461,2976,1062,1406
50.941442784000174,2039,2333,1457,2978,1068,1402,2045,2340,1461,2976,1064,1406
50.951446338000096,2039,2332,1459,2978,1067,1402,2045,2340,1461,2977,1065,1406
50.961509886001295,2038,2331,1462,2976,1067,1402,2045,2340,1461,2977,1065,1406
50.97170761699999,2036,2329,1466,2973,1068,1402,2044,2340,1461,2977,1065,1406
50.98170838599981,2034,2327,1470,2970,1070,1402,2044,2340,1461,2977,1065,1406
50.99133351599994,2031,2324,1476,2966,1073,1402,2043,2339,1461,2976,1065,1406
51.00146784699973,2029,2323,1482,2962,1075,1402,2042,2339,1462,2976,1065,1406
51.011514863999764,2027,2322,1487,2959,1076,1402,2042,2338,1464,2976,1065,1406
51.02166405200114,2027,2322,1491,2957,1077,1402,2041,2338,1468,2974,1066,1406
51.03156053500061,2027,2323,1495,2955,1077,1402,2040,2338,1470,2973,1067,1406
51.041246700000556,2029,2326,1499,2954,1077,1402,2039,2338,1474,2971,1069,1406
51.0512148279995,2031,2329,1502,2953,1077,1402,2038,2338,1478,2968,1069,1406
51.06117941900084,2033,2332,1503,2954,1078,1402,2037,2338,1482,2967,1069,1406
51.07121368099979,2034,2335,1502,2954,1081,1402,2037,2339,1487,2965,1070,1406
51.081178623000596,2035,2338,1501,2955,1085,1402,2036,2339,1491,2964,1071,1406
51.09123332400122,2035,2340,1498,2956,1090,1402,2035,2341,1494,2963,1072,1406
51.1012079129996,2035,2342,1495,2957,1096,1402,2035,2343,1497,2963,1073,1406
51.111238469000455,2035,2344,1491,2957,1102,1402,2034,2345,1499,2963,1074,1406
51.1212352700004,2035,2346,1487,2958,1107,1402,2034,2348,1499,2963,1076,1406
51.131205511999724,2035,2348,1483,2957,1111,1402,2034,2350,1499,2963,1079,1406
51.14120697200087,2034,2350,1479,2957,1113,1402,2034,2352,1499,2962,1082,1406
51.151182433999566,2034,2352,1476,2956,1114,1402,2034,2352,1499,2962,1085,1406
51.1612142110007,2034,2354,1473,2954,1114,1402,2034,2354,1499,2962,1089,1406
51.171439674000794,2034,2356,1470,2952,1113,1402,2034,2355,1499,2962,1094,1406
51.18144243700044,2034,2358,1467,2950,1110,1402,2034,2357,1498,2962,1098,1406
51.19163781300085,2034,2360,1464,2946,1107,1402,2035,2358,1497,2962,1100,1406
51.20161482799995,2034,2362,1462,2943,1102,1402,2035,2360,1496,2962,1101,1406
51.21166307600106,2034,2364,1460,2939,1097,1402,2036,2362,1495,2961,1101,1406
51.2217064560009,2034,2365,1460,2936,1093,1402,2036,2363,1494,2959,1101,1406
51.23173461700026,2034,2365,1461,2934,1090,1402,2036,2365,1492,2957,1100,1406
51.24151057200106,2033,2364,1462,2932,1088,1402,2036,2367,1491,2954,1099,1406
51.251761743000316,2033,2362,1465,2932,1088,1402,2036,2368,1490,2952,1098,1406
51.26151571700029,2032,2359,1468,2932,1089,1402,2036,2369,1490,2949,1096,1406
51.27133300999958,2031,2355,1472,2932,1091,1402,2036,2370,1490,2947,1094,1406
51.281333007000285,2029,2350,1478,2933,1095,1402,2036,2371,1490,2946,1093,1406
51.291356368999914,2028,2346,1484,2934,1099,1402,2036,2371,1490,2944,1092,1406
51.30144058500082,2027,2342,1490,2934,1102,1402,2036,2371,1490,2943,1092,1406
51.311456994000764,2027,2339,1494,2934,1105,1402,2036,2371,1490,2943,1093,1406
51.32181513700016,2027,2337,1497,2933,1106,1402,2036,2371,1490,2943,1094,1406
51.33133338600055,2028,2337,1500,2932,1106,1402,2035,2371,1492,2942,1095,1406
51.34133154000119,2029,2338,1501,2931,1105,1402,2035,2370,1494,2942,1097,1406
51.35132959400107,2029,2340,1500,2930,1104,1402,2035,2369,1496,2942,1099,1406
51.3613309350003,2030,2343,1498,2930,1103,1402,2034,2369,1498,2942,1100,1406
51.37132896900039,2030,2345,1495,2931,1103,1402,2034,2369,1500,2941,1101,1406
51.38132824500099,2031,2348,1491,2933,1103,1402,2034,2369,1502,2940,1101,1406
51.391330165999534,2030,2351,1487,2936,1104,1402,2033,2369,1502,2939,1101,1406
51.40133258900096,2030,2354,1482,2940,1105,1402,2033,2370,1503,2939,1101,1406
51.41133013200124,2029,2357,1476,2945,1107,1402,2032,2370,1503,2939,1101,1406
51.42132974800006,2028,2360,1469,2951,1109,1402,2032,2371,1503,2939,1101,1406
51.431332551001105,2026,2363,1461,2957,1112,1402,2032,2372,1504,2940,1101,1406
51.44133802900069,2025,2366,1454,2964,1115,1402,2032,2372,1504,2941,1101,1406
51.45132963099968,2023,2369,1446,2970,1118,1402,2032,2372,1503,2942,1101,1406
51.46132925799975,2022,2371,1440,2976,1121,1402,2033,2373,1501,2945,1102,1406
51.47133026800111,2020,2373,1435,2980,1124,1402,2033,2374,1498,2948,1104,1406
51.48133536500063,2019,2374,1430,2984,1127,1402,2033,2375,1494,2952,1104,1406
51.491350109999985,2018,2375,1427,2987,1130,1402,2032,2377,1489,2956,1107,1406
51.50133820600058,2018,2375,1425,2988,1133,1402,2032,2379,1484,2960,1109,1406
51.51133455700074,2017,2375,1423,2989,1135,1402,2031,2380,1479,2964,1112,1406
51.521331437999834,2017,2374,1422,2989,1137,1402,2030,2381,1475,2967,1115,1406
51.5338965560004,2017,2373,1423,2988,1140,1402,2029,2382,1470,2971,1117,1406
51.54166011400048,2017,2372,1424,2986,1142,1402,2029,2382,1467,2973,1120,1406
51.55163609600095,2017,2370,1426,2982,1144,1402,2027,2382,1464,2976,1123,1406
51.56168958499984,2017,2367,1429,2978,1147,1402,2026,2383,1463,2977,1125,1406
51.57176553499994,2018,2364,1433,2973,1149,1402,2025,2383,1462,2977,1127,1406
51.581661666999935,2019,2361,1437,2968,1151,1402,2024,2383,1461,2977,1129,1406
51.59179789200061,2019,2358,1441,2962,1153,1402,2023,2383,1461,2977,1131,1406
51.601205552000465,2020,2355,1445,2958,1154,1402,2022,2382,1461,2977,1133,1406
51.61120653100079,2021,2353,1449,2954,1155,1402,2022,2382,1461,2976,1136,1406
51.62121321199993,2022,2351,1451,2951,1157,1402,2022,2382,1461,2974,1139,1406
51.63117826400048,2023,2349,1453,2949,1157,1402,2022,2382,1461,2971,1142,1406
51.641207276001296,2024,2348,1455,2948,1158,1402,2022,2382,1461,2969,1144,1406
51.6511790200002,2025,2347,1455,2948,1159,1402,2022,2382,1461,2966,1146,1406
51.66123180800059,2026,2347,1455,2949,1159,1402,2022,2382,1461,2963,1147,1406
51.671212578999985,2026,2348,1454,2949,1160,1402,2022,2382,1461,2961,1147,1406
51.68123587100126,2025,2349,1453,2949,1159,1402,2023,2382,1461,2960,1148,1406
51.691264021999814,2024,2350,1452,2947,1159,1402,2024,2382,1461,2960,1149,1406
51.70132892100082,2023,2351,1451,2944,1159,1402,2024,2382,1461,2959,1149,1406
51.711358184000346,2021,2352,1450,2941,1159,1402,2025,2382,1461,2958,1150,1406
51.72144111800117,2019,2354,1449,2937,1160,1402,2026,2382,1461,2958,1151,1406
51.731705444999534,2018,2356,1446,2934,1160,1402,2026,2382,1461,2956,1152,1406
51.74118709399954,2018,2357,1444,2932,1161,1402,2026,2382,1461,2954,1152,1406
51.751205286000186,2018,2359,1441,2931,1163,1402,2026,2382,1461,2952,1153,1406
51.76120678699954,2018,2361,1437,2930,1164,1402,2026,2382,1461,2950,1154,1406
51.771730903999924,2019,2363,1432,2931,1167,1402,2026,2382,1461,2947,1155,1406
51.78120893599953,2021,2364,1427,2933,1169,1402,2026,2382,1461,2945,1155,1406
51.791225696000765,2024,2366,1422,2935,1171,1402,2026,2382,1460,2943,1157,1406
51.80123230600111,2026,2367,1417,2938,1173,1402,2026,2382,1460,2942,1157,1406
51.81136186799995,2027,2368,1415,2940,1174,1402,2026,2382,1459,2942,1160,1406
51.821443238999564,2028,2368,1413,2942,1175,1402,2026,2382,1457,2942,1161,1406
51.83146408600078,2029,2368,1414,2943,1174,1402,2025,2382,1455,2943,1163,1406
51.84148389100119,2029,2367,1415,2945,1173,1402,2025,2382,1453,2943,1164,1406
51.851507653000226,2029,2366,1418,2945,1170,1402,2025,2382,1451,2944,1166,1406
51.861565360000895,2028,2364,1423,2946,1167,1402,2025,2382,1450,2945,1167,1406
51.871560568999485,2026,2362,1428,2945,1163,1402,2024,2382,1450,2945,1167,1406
51.88123771699975,2025,2359,1434,2945,1158,1402,2024,2382,1450,2945,1167,1406
51.89123892700081,2025,2356,1439,2944,1153,1402,2024,2382,1449,2945,1167,1406
51.90126631699968,2025,2354,1443,2943,1149,1402,2025,2382,1449,2945,1167,1406
51.91158097799962,2026,2352,1445,2942,1146,1402,2025,2382,1449,2945,1167,1406
51.92158271900007,2028,2350,1446,2942,1143,1402,2026,2382,1449,2945,1165,1406
51.931361930001,2030,2350,1446,2941,1142,1402,2026,2382,1450,2945,1162,1406
51.941510478000055,2032,2351,1446,2941,1141,1402,2026,2382,1452,2945,1159,1406
51.95153574300093,2034,2354,1445,2941,1141,1402,2026,2382,1454,2945,1156,1406
51.961536552000325,2037,2357,1445,2941,1142,1402,2026,2382,1454,2945,1153,1406
51.97151303499959,2039,2361,1444,2940,1143,1402,2027,2382,1454,2945,1150,1406
51.98153424300108,2042,2364,1443,2939,1143,1402,2028,2382,1454,2945,1149,1406
51.991535332999774,2046,2365,1442,2938,1143,1402,2028,2383,1455,2945,1149,1406
52.00153716400018,2050,2366,1441,2936,1141,1402,2028,2383,1455,2945,1149,1406
52.01156355199964,2054,2365,1441,2934,1139,1402,2029,2383,1455,2945,1150,1406
52.021580241000265,2056,2365,1443,2932,1137,1402,2031,2383,1455,2945,1151,1406
52.031331338999735,2058,2364,1446,2931,1134,1402,2032,2383,1455,2945,1150,1406
52.041586086999814,2059,2363,1451,2930,1132,1402,2034,2383,1455,2944,1149,1406
52.051558021001256,2059,2361,1457,2930,1129,1402,2037,2383,1455,2943,1146,1406
52.06156276799993,2058,2360,1463,2929,1127,1402,2039,2382,1455,2942,1144,1406
52.07158313400032,2058,2360,1468,2928,1126,1402,2041,2382,1455,2940,1142,1406
52.081635601000016,2057,2359,1471,2927,1125,1402,2043,2382,1455,2939,1140,1406
52.09177561300021,2057,2359,1473,2926,1124,1402,2046,2381,1457,2938,1138,1406
52.10169175200099,2056,2359,1473,2925,1125,1402,2049,2381,1460,2937,1137,1406
52.111227674000475,2055,2360,1472,2922,1125,1402,2051,2381,1463,2936,1135,1406
52.1212346049997,2055,2360,1470,2919,1127,1402,2052,2381,1466,2935,1134,1406
52.13134179500048,2054,2361,1466,2916,1129,1402,2053,2381,1469,2934,1132,1406
52.141330620999724,2054,2361,1463,2913,1131,1402,2053,2382,1471,2933,1130,1406
52.15136159699978,2054,2361,1461,2911,1132,1402,2054,2383,1471,2932,1130,1406
52.16170823900029,2054,2360,1461,2909,1132,1402,2054,2383,1471,2930,1130,1406
52.171716933000425,2055,2359,1462,2908,1132,1402,2054,2384,1471,2928,1130,1406
52.18124608200014,2056,2357,1464,2908,1131,1402,2054,2384,1472,2925,1131,1406
52.19133702200088,2057,2354,1468,2908,1129,1402,2054,2384,1472,2924,1131,1406
52.201336648000506,2058,2351,1474,2908,1127,1402,2053,2384,1472,2922,1131,1406
52.212480304000565,2060,2347,1480,2908,1125,1402,2052,2384,1472,2920,1132,1406
52.22143684299954,2061,2344,1486,2907,1123,1402,2051,2383,1472,2919,1132,1406
52.231460044000414,2062,2341,1490,2906,1122,1402,2050,2382,1472,2919,1133,1406
52.24149885500083,2062,2339,1494,2903,1122,1402,2049,2381,1474,2918,1133,1406
52.251539760000014,2062,2337,1498,2900,1122,1402,2049,2379,1477,2917,1132,1406
52.26153788400006,2061,2335,1502,2896,1122,1402,2050,2377,1480,2916,1130,1406
52.27156666600058,2060,2333,1506,2892,1122,1402,2050,2375,1483,2914,1129,1406
52.28156036099972,2057,2332,1511,2889,1121,1402,2051,2374,1487,2913,1128,1406
52.291534330001014,2055,2331,1518,2887,1120,1402,2051,2373,1491,2910,1128,1406
52.301561669000876,2053,2330,1524,2886,1119,1402,2052,2373,1495,2908,1127,1406
52.31159123299949,2051,2330,1529,2886,1117,1402,2052,2373,1499,2905,1126,1406
52.32163634599965,2050,2331,1533,2886,1116,1402,2054,2373,1503,2903,1126,1406
52.3314589090005,2050,2332,1535,2887,1115,1402,2056,2373,1508,2901,1125,1406
52.34148201000062,2050,2334,1536,2888,1114,1402,2057,2373,1512,2900,1124,1406
52.35153933500078,2052,2336,1535,2889,1113,1402,2057,2373,1517,2898,1123,1406
52.361542439000914,2054,2340,1533,2891,1113,1402,2058,2373,1522,2898,1121,1406
52.3716685039999,2057,2343,1530,2893,1112,1402,2058,2373,1526,2897,1118,1406
52.38166208000075,2060,2346,1525,2894,1112,1402,2058,2373,1529,2897,1118,1406
52.39168692400017,2063,2349,1520,2896,1113,1402,2058,2373,1531,2897,1117,1406
52.401658999000574,2064,2350,1515,2897,1114,1402,2058,2374,1531,2897,1116,1406
52.41126944200005,2064,2351,1511,2897,1115,1402,2058,2374,1531,2897,1116,1406
52.421258157999546,2063,2350,1507,2897,1117,1402,2058,2374,1531,2897,1116,1406
52.431444728001225,2062,2348,1502,2897,1119,1402,2057,2374,1531,2897,1118,1406
52.441439195001294,2059,2345,1498,2897,1121,1402,2057,2374,1531,2897,1118,1406
52.451582933999816,2056,2342,1495,2897,1122,1402,2057,2374,1530,2897,1118,1406
52.46158289199957,2054,2340,1493,2898,1121,1402,2057,2374,1528,2897,1118,1406
52.47161684300045,2053,2338,1492,2899,1119,1402,2057,2373,1527,2897,1118,1406
52.48165673600124,2052,2337,1492,2900,1116,1402,2057,2373,1526,2897,1118,1406
52.49133590800011,2053,2337,1492,2902,1112,1402,2056,2373,1524,2897,1118,1406
52.50133301000096,2053,2337,1493,2905,1107,1402,2056,2373,1523,2897,1118,1406
52.51144668300003,2054,2337,1495,2907,1102,1402,2056,2373,1522,2897,1118,1406
52.5214365009997,2056,2338,1497,2909,1097,1402,2057,2373,1522,2897,1118,1406
52.53148516100009,2057,2338,1500,2910,1094,1402,2057,2373,1521,2897,1116,1406
52.541711023999596,2057,2338,1503,2911,1092,1402,2058,2373,1521,2899,1114,1406
52.551459276999594,2058,2337,1505,2911,1091,1402,2058,2373,1521,2901,1112,1406
52.56166463199952,2058,2336,1508,2910,1091,1402,2058,2373,1521,2902,1109,1406
52.57148647400027,2058,2335,1511,2909,1093,1402,2059,2373,1521,2904,1106,1406
52.58163600300031,2058,2334,1514,2907,1096,1402,2059,2373,1521,2905,1103,1406
52.5913598799998,2058,2332,1516,2904,1100,1402,2059,2373,1521,2905,1102,1406
52.60143633200096,2057,2331,1516,2903,1104,1402,2059,2373,1521,2905,1101,1406
52.61145712899997,2058,2331,1515,2901,1107,1402,2059,2373,1521,2905,1101,1406
52.62158009900122,2058,2331,1513,2901,1110,1402,2059,2373,1522,2905,1101,1406
52.631707266000376,2058,2332,1509,2901,1112,1402,2059,2373,1522,2905,1102,1406
52.641705010000805,2059,2333,1503,2902,1114,1402,2059,2373,1523,2905,1103,1406
52.65170735100037,2060,2335,1497,2903,1115,1402,2058,2373,1523,2905,1104,1406
52.6617654290003,2061,2337,1490,2905,1116,1402,2058,2373,1523,2905,1106,1406
52.671991692999654,2061,2339,1483,2906,1117,1402,2058,2373,1523,2905,1107,1406
52.681358907000686,2061,2341,1478,2907,1117,1402,2057,2373,1523,2905,1108,1406
52.69163887300056,2061,2342,1474,2908,1117,1402,2057,2373,1522,2906,1109,1406
52.701718140000594,2061,2343,1472,2908,1118,1402,2057,2373,1520,2906,1110,1406
52.7114570850008,2060,2344,1471,2908,1118,1402,2057,2373,1519,2906,1111,1406
52.72169424999993,2058,2344,1472,2907,1118,1402,2057,2373,1516,2906,1111,1406
52.732507933000306,2057,2344,1474,2905,1118,1402,2057,2373,1513,2906,1112,1406
52.741436309001074,2056,2342,1477,2903,1116,1402,2057,2373,1511,2906,1112,1406
52.751922604000356,2055,2340,1480,2901,1113,1402,2057,2373,1509,2906,1112,1406
52.761447345001216,2055,2337,1483,2899,1109,1402,2057,2373,1508,2906,1112,1406
52.771651879000274,2056,2334,1486,2897,1104,1402,2057,2373,1507,2906,1112,1406
52.781711499001176,2058,2331,1488,2895,1099,1402,2058,2372,1507,2906,1112,1406
52.79175241400117,2060,2328,1491,2894,1094,1402,2058,2372,1507,2906,1112,1406
52.80168691700055,2061,2326,1492,2892,1090,1402,2058,2371,1507,2905,1112,1406
52.812195384000006,2063,2325,1494,2891,1087,1402,2058,2371,1507,2904,1110,1406
52.821689977999995,2064,2325,1496,2890,1086,1402,2058,2370,1507,2903,1108,1406
52.831829890001245,2065,2325,1498,2889,1086,1402,2058,2370,1507,2901,1104,1406
52.84134192700003,2066,2326,1500,2888,1087,1402,2058,2370,1507,2900,1102,1406
52.85161019100087,2066,2328,1502,2887,1090,1402,2058,2370,1507,2900,1099,1406
52.86123782600043,2066,2332,1504,2885,1093,1402,2058,2370,1507,2899,1097,1406
52.871390571999655,2066,2335,1506,2884,1097,1402,2058,2370,1508,2897,1096,1406
52.88149117899957,2065,2338,1507,2882,1099,1402,2058,2370,1508,2896,1095,1406
52.89182376400095,2065,2341,1508,2881,1101,1402,2058,2370,1510,2896,1095,1406
52.90156222800033,2064,2343,1509,2879,1101,1402,2059,2370,1510,2895,1095,1406
52.91144073699979,2063,2345,1509,2877,1099,1402,2059,2370,1511,2893,1096,1406
52.921491299999616,2062,2347,1509,2875,1097,1402,2059,2370,1511,2892,1097,1406
52.93176349100031,2061,2348,1509,2873,1093,1402,2060,2370,1511,2890,1098,1406
52.9414380649996,2061,2349,1508,2871,1091,1402,2060,2370,1512,2889,1098,1406
52.9520902029999,2061,2351,1507,2869,1089,1402,2061,2370,1512,2888,1098,1406
52.96158255299997,2060,2352,1506,2868,1088,1402,2061,2370,1512,2885,1097,1406
52.97247389200129,2061,2353,1505,2867,1089,1402,2062,2370,1512,2884,1095,1406
52.98125923800035,2061,2354,1504,2866,1091,1402,2063,2370,1512,2883,1095,1406
52.99133043999973,2062,2356,1503,2866,1094,1402,2063,2370,1512,2881,1093,1406
53.00144208799975,2063,2357,1501,2865,1098,1402,2063,2371,1512,2879,1093,1406
53.01267727599952,2063,2359,1500,2865,1103,1402,2063,2371,1513,2878,1093,1406
53.02159389000008,2064,2361,1499,2864,1109,1402,2064,2371,1513,2877,1093,1406
53.031948335999914,2064,2362,1499,2863,1114,1402,2064,2371,1513,2876,1094,1406
53.04143536599986,2063,2363,1499,2861,1118,1402,2064,2371,1513,2875,1094,1406
53.051789101000395,2062,2363,1500,2858,1120,1402,2064,2371,1513,2874,1095,1406
53.06125507100114,2061,2363,1501,2856,1122,1402,2064,2371,1513,2873,1098,1406
53.07188820299962,2059,2363,1501,2854,1122,1402,2064,2371,1513,2871,1101,1406
53.08165034200101,2057,2364,1500,2853,1121,1402,2064,2371,1513,2870,1103,1406
53.09133491400098,2055,2364,1499,2853,1119,1402,2064,2371,1513,2869,1107,1406
53.101330253000924,2053,2365,1497,2854,1116,1402,2064,2372,1513,2867,1109,1406
53.11159319699982,2052,2366,1494,2856,1113,1402,2064,2372,1513,2865,1111,1406
53.121674919000725,2051,2367,1490,2859,1110,1402,2063,2372,1513,2864,1112,1406
53.13138898699981,2049,2368,1485,2863,1106,1402,2062,2372,1513,2863,1112,1406
53.14273144700019,2048,2370,1480,2867,1102,1402,2061,2372,1513,2863,1110,1406
53.151437053000336,2048,2371,1474,2873,1097,1402,2060,2372,1513,2863,1109,1406
53.16200848799963,2047,2373,1467,2879,1092,1402,2059,2373,1513,2863,1108,1406
53.17133216000002,2047,2375,1461,2885,1087,1402,2058,2373,1512,2864,1107,1406
53.182456389000436,2047,2377,1457,2891,1083,1402,2057,2375,1510,2866,1107,1406
53.19148330000098,2047,2379,1454,2895,1079,1402,2056,2376,1507,2868,1105,1406
53.20245232600064,2048,2380,1452,2899,1077,1402,2056,2379,1503,2871,1102,1406
53.21146912900076,2049,2381,1451,2902,1075,1402,2054,2381,1500,2874,1099,1406
53.22214159500072,2051,2381,1452,2903,1074,1402,2053,2383,1496,2878,1095,1406
53.23126618100105,2053,2381,1455,2904,1073,1402,2052,2384,1493,2882,1093,1406
53.24229698400086,2055,2382,1459,2904,1073,1402,2051,2385,1490,2885,1090,1406
53.25126166799964,2058,2381,1464,2903,1074,1402,2051,2386,1489,2888,1088,1406
53.26196077399982,2061,2381,1471,2902,1076,1402,2051,2387,1488,2890,1086,1406
53.2715879790012,2064,2380,1478,2900,1078,1402,2050,2387,1488,2892,1085,1406
53.281716699000754,2066,2379,1483,2898,1079,1402,2050,2387,1488,2893,1083,1406
53.291536958000506,2068,2378,1487,2896,1081,1402,2050,2388,1488,2894,1083,1406
53.30225076200077,2070,2378,1490,2895,1082,1402,2051,2388,1488,2894,1083,1406
53.31175626699951,2071,2377,1491,2894,1083,1402,2053,2388,1489,2894,1083,1406
53.32169254400105,2071,2376,1491,2894,1084,1402,2055,2388,1491,2894,1083,1406
53.33133433600051,2072,2375,1489,2894,1084,1402,2056,2388,1493,2894,1083,1406
53.34196750800038,2072,2375,1486,2895,1085,1402,2057,2388,1495,2894,1083,1406
53.35144286600007,2072,2374,1481,2895,1085,1402,2059,2388,1496,2894,1083,1406
53.36134395699992,2071,2374,1477,2896,1085,1402,2062,2388,1497,2894,1083,1406
53.371389350000754,2071,2374,1474,2896,1086,1402,2064,2388,1497,2894,1083,1406
53.381789361999836,2071,2374,1472,2895,1087,1402,2066,2388,1497,2894,1083,1406
53.39261314400028,2072,2374,1472,2894,1089,1402,2068,2388,1497,2894,1083,1406
53.401487258001,2072,2374,1473,2893,1091,1402,2068,2389,1497,2894,1083,1406
53.41250181000032,2073,2375,1476,2891,1093,1402,2069,2389,1497,2894,1083,1406
53.42158875400128,2073,2374,1480,2889,1095,1402,2070,2389,1497,2894,1082,1406
53.431481208999685,2073,2373,1485,2888,1097,1402,2070,2389,1497,2894,1082,1406
53.44153816400103,2072,2371,1490,2888,1098,1402,2070,2389,1497,2894,1083,1406
53.45152816300106,2071,2368,1495,2889,1098,1402,2070,2389,1497,2894,1084,1406
53.46181660500042,2069,2365,1500,2891,1097,1402,2070,2388,1497,2894,1087,1406
53.4717894610003,2067,2362,1503,2892,1096,1402,2070,2388,1497,2894,1088,1406
53.48126432800018,2066,2361,1505,2893,1094,1402,2069,2388,1498,2894,1091,1406
53.491921324999566,2066,2361,1506,2894,1092,1402,2067,2388,1500,2894,1092,1406
53.50143715900049,2066,2362,1505,2894,1090,1402,2066,2387,1502,2894,1092,1406
53.511746109999876,2068,2364,1503,2894,1088,1402,2064,2387,1505,2894,1092,1406
53.52120361299967,2070,2368,1499,2893,1085,1402,2064,2387,1506,2894,1092,1406
53.531516561999524,2073,2372,1495,2891,1081,1402,2063,2387,1508,2894,1092,1406
53.54156962900015,2075,2376,1491,2890,1078,1402,2062,2388,1508,2894,1091,1406
53.55133467400083,2077,2379,1488,2890,1075,1402,2062,2388,1508,2894,1090,1406
53.5613755989998,2078,2380,1486,2890,1072,1402,2062,2389,1508,2894,1088,1406
53.57135735200063,2079,2380,1486,2891,1070,1402,2063,2389,1508,2894,1087,1406
53.58150019899949,2079,2379,1487,2892,1067,1402,2064,2390,1508,2894,1084,1406
53.591586680000546,2078,2376,1490,2894,1064,1402,2065,2391,1508,2894,1082,1406
53.60188118299993,2076,2372,1493,2897,1062,1402,2066,2391,1508,2894,1080,1406
53.61143575999995,2074,2367,1498,2900,1059,1402,2068,2391,1508,2894,1078,1406
53.62191759699999,2072,2362,1503,2903,1058,1402,2070,2391,1508,2894,1076,1406
53.631455863000156,2071,2358,1506,2904,1057,1402,2072,2390,1508,2894,1074,1406
53.641516185,2070,2355,1509,2905,1058,1402,2073,2390,1508,2895,1072,1406
53.651708665000115,2070,2353,1510,2905,1059,1402,2074,2389,1508,2896,1069,1406
53.661608234000596,2070,2352,1510,2904,1061,1402,2074,2389,1509,2897,1067,1406
53.671955927000454,2071,2351,1509,2902,1065,1402,2075,2389,1511,2899,1065,1406
53.6814447400011,2073,2352,1507,2899,1068,1402,2075,2389,1512,2900,1065,1406
53.69170416700035,2074,2353,1505,2896,1072,1402,2075,2389,1513,2901,1065,1406
53.70189220999964,2076,2355,1503,2893,1074,1402,2075,2389,1513,2901,1065,1406
53.711361927000326,2077,2356,1501,2891,1076,1402,2075,2389,1513,2900,1066,1406
53.721565228001054,2077,2357,1500,2890,1075,1402,2074,2390,1513,2900,1067,1406
53.73164545700092,2077,2359,1499,2889,1074,1402,2073,2390,1514,2900,1070,1406
53.741481155000656,2077,2360,1499,2889,1072,1402,2072,2390,1514,2899,1072,1406
53.75247660000059,2076,2361,1499,2890,1068,1402,2071,2390,1514,2898,1072,1406
53.761456644000646,2075,2361,1500,2891,1063,1402,2071,2390,1514,2897,1072,1406
53.77159150599982,2075,2361,1501,2893,1058,1402,2071,2390,1514,2896,1071,1406
53.781712240999695,2074,2361,1502,2894,1055,1402,2071,2390,1514,2896,1070,1406
53.79135466400112,2074,2360,1503,2895,1052,1402,2071,2389,1514,2896,1069,1406
53.80156055000043,2075,2359,1503,2896,1051,1402,2071,2389,1514,2896,1067,1406
53.81247727700065,2076,2358,1504,2896,1051,1402,2071,2389,1513,2896,1065,1406
53.82143634100066,2078,2356,1504,2896,1053,1402,2071,2389,1513,2896,1063,1406
53.83166614200127,2080,2353,1504,2896,1055,1402,2071,2388,1513,2896,1061,1406
53.84181124300085,2083,2350,1505,2895,1059,1402,2072,2388,1513,2896,1059,1406
53.85170544100038,2085,2347,1506,2894,1062,1402,2073,2388,1513,2896,1059,1406
53.8618837160011,2087,2345,1507,2893,1063,1402,2074,2388,1513,2896,1059,1406
53.87176501900103,2088,2343,1509,2892,1064,1402,2075,2389,1513,2896,1060,1406
53.881541976001245,2088,2342,1511,2891,1063,1402,2076,2389,1514,2896,1060,1406
53.89133136599958,2087,2340,1514,2890,1061,1402,2077,2390,1514,2896,1061,1406
53.902818730000945,2086,2339,1517,2889,1058,1402,2078,2390,1514,2896,1061,1406
53.91145513500123,2086,2337,1519,2889,1055,1402,2079,2390,1514,2896,1061,1406
53.9215242930004,2085,2334,1520,2889,1052,1402,2080,2390,1516,2896,1061,1406
53.93191310400107,2085,2332,1520,2889,1051,1402,2082,2390,1517,2896,1061,1406
53.941261703001146,2084,2330,1518,2889,1050,1402,2082,2389,1519,2896,1061,1406
53.951335789999575,2082,2330,1516,2889,1051,1402,2084,2388,1520,2896,1060,1406
53.961584507000225,2080,2331,1514,2888,1052,1402,2084,2386,1522,2896,1058,1406
53.97157968600004,2078,2333,1511,2888,1054,1402,2084,2385,1523,2896,1057,1406
53.981389544000194,2075,2335,1510,2887,1056,1402,2085,2384,1523,2896,1056,1406
53.99309627200091,2074,2337,1509,2886,1058,1402,2085,2384,1523,2896,1055,1406
54.001631626000744,2073,2337,1510,2886,1060,1402,2085,2384,1523,2896,1055,1406
54.011910089000594,2074,2337,1513,2886,1060,1402,2085,2384,1523,2896,1055,1406
54.02143576200069,2076,2336,1517,2886,1061,1402,2085,2383,1523,2896,1055,1406
54.031516140999884,2078,2334,1521,2886,1061,1402,2084,2383,1523,2896,1055,1406
54.04166355699999,2080,2333,1525,2886,1062,1402,2084,2383,1523,2896,1055,1406
54.05224357900079,2081,2332,1527,2886,1062,1402,2083,2383,1523,2896,1057,1406
54.06166037600087,2083,2332,1528,2886,1062,1402,2083,2383,1523,2896,1059,1406
54.0721154820003,2084,2333,1528,2886,1061,1402,2082,2383,1525,2896,1059,1406
54.08158024000113,2084,2335,1526,2885,1062,1402,2080,2382,1527,2895,1059,1406
54.093289753000136,2084,2338,1523,2884,1062,1402,2079,2382,1529,2895,1059,1406
54.101660395999716,2084,2342,1518,2883,1062,1402,2079,2382,1530,2894,1059,1406
54.11308707600074,2083,2346,1513,2882,1062,1402,2079,2382,1531,2894,1059,1406
54.12144297099985,2082,2349,1510,2882,1063,1402,2079,2382,1531,2893,1059,1406
54.13217600200005,2081,2350,1507,2881,1064,1402,2079,2382,1531,2892,1059,1406
54.14158719800071,2081,2351,1507,2881,1064,1402,2079,2382,1531,2891,1059,1406
54.15126545900057,2080,2351,1507,2881,1065,1402,2079,2382,1531,2890,1059,1406
54.161560032000125,2080,2350,1510,2881,1067,1402,2079,2382,1531,2890,1059,1406
54.17363172899968,2079,2348,1513,2881,1068,1402,2080,2382,1531,2890,1059,1406
54.18145532000017,2079,2344,1518,2882,1069,1402,2080,2382,1531,2889,1060,1406
54.19287464500121,2079,2340,1524,2883,1069,1402,2082,2382,1531,2889,1060,1406
54.20122866800011,2078,2337,1528,2884,1068,1402,2082,2382,1531,2889,1060,1406
54.21301624800071,2077,2333,1531,2884,1067,1402,2083,2382,1531,2889,1061,1406
54.22133144600048,2077,2331,1533,2885,1064,1402,2083,2382,1531,2889,1061,1406
54.231873235999956,2076,2328,1533,2885,1061,1402,2083,2382,1532,2889,1062,1406
54.24158257599993,2074,2327,1532,2885,1056,1402,2084,2381,1533,2889,1062,1406
54.25133591800113,2073,2325,1529,2886,1050,1402,2084,2380,1535,2889,1062,1406
54.26161076400058,2072,2325,1526,2886,1046,1402,2084,2379,1537,2889,1061,1406
54.27296493600079,2071,2324,1524,2886,1042,1402,2084,2378,1538,2889,1060,1406
54.281353133001176,2070,2324,1522,2887,1040,1402,2083,2378,1538,2889,1059,1406
54.29155296800127,2070,2325,1521,2888,1038,1402,2082,2378,1538,2889,1057,1406
54.30148409499998,2070,2325,1521,2889,1039,1402,2081,2378,1538,2889,1054,1406
54.311798214999726,2070,2326,1522,2890,1040,1402,2080,2378,1538,2889,1052,1406
54.32133220400101,2070,2327,1524,2891,1043,1402,2079,2378,1538,2889,1049,1406
54.33181987200078,2071,2328,1526,2892,1047,1402,2079,2378,1538,2889,1048,1406
54.34123395300048,2073,2330,1529,2893,1052,1402,2078,2378,1538,2889,1047,1406
54.351356782999574,2074,2331,1532,2894,1057,1402,2078,2378,1538,2889,1047,1406
54.36144009800046,2075,2333,1534,2894,1061,1402,2076,2377,1538,2889,1047,1406
54.37279133500124,2076,2335,1535,2893,1064,1402,2076,2377,1538,2889,1048,1406
54.381782849000956,2077,2337,1536,2891,1065,1402,2075,2377,1538,2889,1050,1406
54.39160681500107,2078,2340,1535,2888,1066,1402,2075,2377,1538,2889,1052,1406
54.40123315799974,2079,2343,1532,2885,1065,1402,2074,2377,1539,2889,1054,1406
54.412935075999485,2080,2347,1529,2881,1064,1402,2074,2377,1540,2889,1056,1406
54.42133590599951,2080,2350,1525,2878,1063,1402,2074,2377,1540,2889,1058,1406
54.43197420800061,2080,2353,1521,2876,1063,1402,2074,2377,1541,2889,1058,1406
54.44145648900121,2081,2356,1517,2875,1064,1402,2074,2377,1541,2888,1058,1406
54.452315378001,2081,2360,1513,2875,1066,1402,2074,2378,1541,2887,1058,1406
54.46123393400012,2081,2363,1509,2876,1070,1402,2074,2378,1541,2886,1058,1406
54.47172394700101,2081,2366,1505,2877,1074,1402,2074,2378,1541,2884,1058,1406
54.481586685000366,2081,2368,1503,2879,1079,1402,2075,2378,1541,2883,1058,1406
54.49255155300125,2081,2368,1502,2881,1083,1402,2076,2378,1540,2883,1059,1406
54.50150675900113,2081,2368,1502,2883,1087,1402,2076,2378,1539,2883,1060,1406
54.511608740000156,2081,2366,1505,2885,1090,1402,2077,2379,1537,2883,1062,1406
54.52163600899985,2081,2363,1508,2886,1092,1402,2077,2379,1536,2883,1065,1406
54.53178454600129,2082,2360,1513,2887,1094,1402,2078,2379,1534,2883,1069,1406
54.54123398500087,2082,2356,1517,2888,1095,1402,2078,2379,1533,2883,1072,1406
54.551261063999846,2083,2353,1521,2888,1094,1402,2078,2379,1533,2883,1076,1406
54.56132877900018,2084,2351,1525,2888,1092,1402,2078,2379,1533,2885,1078,1406
54.57135706000008,2085,2350,1527,2888,1089,1402,2078,2379,1533,2885,1081,1406
54.58170756900108,2086,2350,1529,2887,1084,1402,2079,2379,1533,2886,1082,1406
54.5917684420001,2087,2352,1529,2885,1079,1402,2079,2379,1533,2886,1083,1406
54.60126520999984,2089,2354,1529,2884,1073,1402,2079,2379,1534,2886,1083,1406
54.61133345599956,2090,2356,1529,2882,1068,1402,2079,2379,1535,2886,1083,1406
54.62134928300111,2091,2359,1528,2880,1065,1402,2079,2379,1537,2886,1082,1406
54.631385939999745,2092,2361,1528,2879,1062,1402,2079,2379,1537,2886,1080,1406
54.641229722999924,2093,2363,1527,2877,1061,1402,2079,2379,1537,2886,1078,1406
54.65133129199967,2094,2364,1527,2876,1061,1402,2080,2379,1537,2886,1076,1406
54.6613839390011,2095,2366,1527,2875,1063,1402,2081,2379,1537,2886,1073,1406
54.67143982200105,2096,2367,1527,2873,1066,1402,2082,2379,1537,2885,1071,1406
54.68158236900126,2097,2368,1527,2872,1070,1402,2084,2379,1537,2884,1069,1406
54.69155966300059,2098,2369,1528,2871,1074,1402,2084,2379,1537,2883,1069,1406
54.701257421000264,2098,2369,1528,2871,1078,1402,2086,2379,1537,2882,1069,1406
54.71134013400115,2098,2369,1528,2871,1080,1402,2088,2379,1537,2881,1070,1406
54.7213834840004,2098,2370,1528,2872,1082,1402,2090,2379,1537,2880,1071,1406
54.731507585000145,2098,2370,1528,2873,1082,1402,2092,2379,1537,2879,1072,1406
54.7415596310002,2098,2370,1528,2875,1080,1402,2093,2379,1537,2879,1074,1406
54.75157813400074,2097,2371,1527,2877,1078,1402,2095,2379,1537,2879,1075,1406
54.76163469800122,2096,2372,1525,2879,1074,1402,2095,2379,1537,2879,1076,1406
54.771687946000384,2095,2374,1523,2881,1071,1402,2096,2379,1537,2879,1076,1406
54.781711157000245,2094,2376,1521,2882,1068,1402,2096,2379,1537,2879,1076,1406
54.79168296200078,2094,2380,1518,2882,1067,1402,2096,2379,1537,2879,1075,1406
54.801755897000476,2093,2384,1514,2881,1067,1402,2096,2379,1537,2880,1075,1406
54.811212229000375,2093,2388,1511,2880,1068,1402,2096,2380,1537,2880,1074,1406
54.82132882600126,2093,2390,1509,2879,1070,1402,2096,2381,1537,2881,1073,1406
54.83148130200061,2093,2392,1508,2879,1072,1402,2096,2384,1537,2881,1072,1406
54.84150898200096,2093,2392,1508,2879,1075,1402,2095,2386,1536,2881,1072,1406
54.85163312300028,2094,2391,1509,2880,1078,1402,2094,2389,1534,2881,1072,1406
54.86217819900048,2094,2388,1511,2881,1082,1402,2093,2391,1533,2881,1073,1406
54.87169478500073,2095,2385,1513,2882,1085,1402,2092,2394,1533,2881,1074,1406
54.88133700800063,2095,2382,1516,2883,1088,1402,2091,2395,1533,2881,1075,1406
54.89132780700129,2095,2380,1518,2883,1089,1402,2091,2396,1533,2881,1076,1406
54.90132964900113,2094,2379,1520,2882,1089,1402,2090,2396,1533,2881,1077,1406
54.911333754000225,2094,2380,1521,2880,1088,1402,2090,2397,1533,2881,1079,1406
54.92135536200112,2093,2381,1522,2878,1086,1402,2090,2397,1533,2881,1081,1406
54.931442373999744,2093,2384,1522,2875,1085,1402,2090,2397,1533,2881,1082,1406
54.941439797001294,2093,2387,1521,2874,1086,1402,2090,2397,1533,2881,1082,1406
54.95148426800006,2093,2390,1520,2873,1088,1402,2090,2397,1533,2881,1082,1406
54.96150816100089,2093,2394,1518,2873,1091,1402,2091,2397,1533,2881,1082,1406
54.971328870000434,2094,2398,1516,2873,1095,1402,2092,2396,1533,2881,1083,1406
54.981327495001096,2094,2402,1514,2874,1099,1402,2093,2396,1533,2880,1083,1406
54.9913313800007,2095,2405,1512,2874,1102,1402,2094,2396,1533,2879,1083,1406
55.00132740000117,2095,2406,1511,2875,1104,1402,2094,2397,1532,2878,1083,1406
55.011328279000736,2095,2408,1510,2875,1104,1402,2095,2399,1531,2878,1085,1406
55.021326403000785,2095,2408,1510,2875,1103,1402,2095,2402,1530,2878,1087,1406
55.031213758000376,2094,2408,1510,2875,1102,1402,2095,2405,1530,2878,1090,1406
55.04120479900121,2094,2407,1510,2875,1098,1402,2095,2407,1529,2878,1093,1406
55.05169275700064,2093,2405,1512,2875,1094,1402,2095,2410,1529,2878,1094,1406
55.061863627001,2091,2402,1513,2874,1090,1402,2095,2412,1529,2878,1094,1406
55.07168397600071,2090,2400,1515,2874,1087,1402,2095,2414,1530,2878,1094,1406
55.08187323000129,2089,2398,1516,2874,1085,1402,2095,2415,1530,2878,1094,1406
55.091324613000324,2089,2396,1518,2875,1084,1402,2095,2416,1530,2879,1094,1406
55.10135124000044,2088,2394,1519,2875,1084,1402,2095,2416,1531,2879,1094,1406
55.11133066900038,2088,2392,1520,2876,1086,1402,2095,2416,1531,2879,1094,1406
55.12133221899967,2088,2390,1522,2877,1089,1402,2094,2416,1531,2879,1092,1406
55.13132861000122,2088,2388,1523,2877,1094,1402,2093,2415,1531,2879,1090,1406
55.14132588299981,2088,2387,1525,2877,1099,1402,2093,2414,1530,2879,1088,1406
55.151333645000705,2089,2385,1527,2876,1104,1402,2093,2413,1529,2879,1088,1406
55.16133128799993,2089,2384,1529,2875,1108,1402,2093,2412,1529,2879,1089,1406
55.171356974000446,2090,2384,1531,2872,1110,1402,2093,2411,1529,2879,1091,1406
55.18144548900091,2091,2383,1533,2869,1112,1402,2093,2411,1529,2879,1094,1406
55.191536727999846,2092,2383,1536,2864,1113,1402,2093,2411,1529,2879,1096,1406
55.20123693000096,2092,2383,1538,2860,1113,1402,2093,2411,1530,2878,1100,1406
55.211233161000564,2092,2383,1539,2856,1112,1402,2093,2411,1532,2878,1102,1406
55.2212327670004,2091,2384,1540,2853,1111,1402,2092,2411,1534,2876,1104,1406
55.231330249000166,2090,2384,1540,2851,1109,1402,2092,2412,1536,2874,1105,1406
55.241331489000004,2087,2386,1540,2851,1107,1402,2092,2413,1538,2871,1105,1406
55.25135307700111,2085,2387,1538,2851,1105,1402,2092,2413,1540,2868,1105,1406
55.26133282699993,2083,2388,1536,2852,1105,1402,2092,2414,1542,2867,1105,1406
55.27121013299984,2081,2389,1534,2853,1106,1402,2092,2414,1543,2865,1105,1406
55.281260685000234,2080,2390,1531,2854,1109,1402,2092,2414,1543,2864,1105,1406
55.29132692799976,2080,2390,1527,2855,1112,1402,2092,2414,1543,2863,1105,1406
55.301653802000146,2080,2391,1524,2857,1117,1402,2091,2414,1543,2863,1104,1406
55.31168752400117,2081,2391,1519,2859,1123,1402,2090,2414,1543,2863,1104,1406
55.32165393800096,2082,2390,1515,2861,1130,1402,2090,2414,1543,2863,1103,1406
55.33185694799977,2083,2390,1510,2863,1136,1402,2090,2413,1542,2863,1105,1406
55.34132769700045,2083,2389,1507,2865,1142,1402,2089,2412,1540,2863,1107,1406
55.3515075739997,2084,2387,1505,2867,1147,1402,2089,2412,1539,2863,1110,1406
55.36193462800111,2084,2385,1503,2869,1150,1402,2088,2412,1537,2863,1115,1406
55.37144464100129,2083,2383,1502,2872,1152,1402,2087,2412,1535,2863,1119,1406
55.381659312999545,2082,2380,1502,2874,1153,1402,2086,2412,1533,2863,1123,1406
55.391628182000204,2080,2375,1503,2878,1153,1402,2085,2412,1532,2864,1127,1406
55.401758736001284,2078,2370,1503,2880,1152,1402,2084,2412,1531,2865,1131,1406
55.411234233999494,2076,2366,1502,2883,1151,1402,2083,2413,1530,2867,1134,1406
55.42123120600081,2074,2362,1500,2884,1152,1402,2083,2413,1530,2869,1138,1406
55.43120932199963,2074,2360,1496,2884,1153,1402,2082,2413,1530,2871,1140,1406
55.44120578299953,2073,2357,1490,2885,1155,1402,2082,2413,1530,2873,1141,1406
55.45122758100115,2073,2355,1484,2885,1159,1402,2081,2413,1530,2875,1141,1406
55.461270129000695,2073,2353,1476,2885,1164,1402,2081,2413,1529,2877,1142,1406
55.471327905999715,2073,2350,1469,2884,1170,1402,2081,2412,1528,2878,1142,1406
55.481584176999604,2073,2348,1463,2884,1175,1402,2081,2412,1527,2879,1144,1406
55.49155520000022,2073,2345,1459,2885,1181,1402,2081,2411,1525,2880,1146,1406
55.501627884999834,2073,2343,1456,2885,1186,1402,2081,2411,1521,2880,1150,1406
55.51185510100004,2072,2340,1455,2886,1191,1402,2081,2411,1517,2881,1153,1406
55.52157599200109,2071,2337,1454,2887,1196,1402,2081,2410,1513,2881,1157,1406
55.53175712099983,2070,2333,1456,2889,1201,1402,2081,2409,1509,2881,1161,1406
55.54120955500002,2069,2329,1459,2891,1206,1402,2081,2408,1506,2881,1165,1406
55.55122714600111,2067,2324,1463,2894,1212,1402,2081,2406,1502,2881,1170,1406
55.56152754100003,2065,2319,1468,2896,1218,1402,2080,2404,1499,2881,1173,1406
55.57156071999998,2062,2314,1473,2899,1222,1402,2080,2401,1497,2882,1178,1406
55.58157692900022,2061,2311,1477,2902,1225,1402,2079,2397,1497,2884,1183,1406
55.5915603450012,2059,2308,1479,2903,1227,1402,2078,2394,1497,2886,1188,1406
55.601575710999896,2059,2307,1479,2905,1229,1402,2076,2389,1497,2889,1193,1406
55.61155812600009,2058,2306,1478,2906,1229,1402,2074,2384,1497,2891,1197,1406
55.62157506600124,2057,2306,1476,2906,1229,1402,2073,2380,1497,2893,1201,1406
55.631254558000364,2057,2306,1472,2907,1228,1402,2071,2377,1497,2895,1205,1406
55.64122685300026,2057,2307,1467,2907,1227,1402,2070,2374,1497,2896,1208,1406
55.65132618899952,2057,2309,1462,2908,1225,1402,2069,2371,1497,2898,1211,1406
55.6613393610005,2057,2310,1458,2909,1223,1402,2067,2368,1496,2899,1213,1406
55.67168198500076,2057,2311,1455,2909,1222,1402,2065,2367,1496,2900,1215,1406
55.68170433500018,2056,2311,1454,2911,1221,1402,2064,2365,1494,2901,1216,1406
55.69168066800012,2055,2311,1454,2912,1221,1402,2062,2364,1491,2902,1216,1406
55.70170079300078,2054,2311,1456,2914,1222,1402,2061,2363,1489,2903,1216,1406
55.71176340900092,2052,2310,1460,2916,1223,1402,2060,2363,1487,2904,1216,1406
55.7215003500005,2051,2308,1464,2919,1224,1402,2059,2363,1485,2905,1216,1406
55.73135933100093,2049,2306,1470,2921,1227,1402,2059,2362,1484,2906,1216,1406
55.741350842999964,2047,2304,1476,2923,1230,1402,2058,2362,1484,2908,1216,1406
55.75145423600043,2046,2303,1482,2924,1233,1402,2057,2361,1484,2910,1217,1406
55.76168881600097,2045,2302,1487,2923,1236,1402,2057,2360,1484,2912,1217,1406
55.771733077001045,2045,2301,1490,2922,1239,1402,2057,2359,1484,2913,1218,1406
55.78120100100023,2045,2300,1493,2920,1243,1402,2057,2359,1486,2915,1218,1406
55.79173096799968,2045,2299,1496,2917,1246,1402,2057,2358,1488,2916,1221,1406
55.80122651400052,2045,2299,1497,2914,1250,1402,2056,2357,1490,2917,1223,1406
55.811255626000275,2046,2298,1498,2910,1254,1402,2056,2356,1493,2917,1227,1406
55.82143445099973,2047,2298,1499,2908,1256,1402,2055,2355,1495,2916,1230,1406
55.831457432001116,2047,2298,1499,2907,1258,1402,2055,2355,1497,2915,1233,1406
55.84147321900127,2047,2297,1498,2907,1260,1402,2055,2355,1499,2915,1236,1406
55.8516549699998,2047,2297,1498,2908,1261,1402,2055,2355,1500,2914,1239,1406
55.861811742999635,2047,2296,1498,2910,1261,1402,2054,2355,1500,2914,1242,1406
55.87132832899988,2047,2295,1497,2912,1261,1402,2053,2355,1500,2913,1245,1406
55.88132349700027,2046,2293,1497,2916,1261,1402,2053,2355,1500,2913,1248,1406
55.89143332200001,2045,2291,1497,2921,1261,1402,2052,2355,1500,2913,1250,1406
55.90132510500007,2044,2289,1496,2926,1261,1402,2052,2355,1500,2914,1251,1406
55.91153970800042,2043,2285,1496,2932,1262,1402,2052,2355,1500,2915,1252,1406
55.921561455999836,2042,2281,1497,2937,1263,1402,2052,2355,1500,2916,1252,1406
55.93169091799973,2042,2276,1497,2941,1265,1402,2052,2355,1500,2918,1253,1406
55.94175598900074,2041,2271,1498,2944,1268,1402,2052,2354,1500,2920,1254,1406
55.95122703800007,2041,2265,1500,2947,1273,1402,2051,2352,1500,2923,1254,1406
55.961207459000434,2040,2258,1502,2948,1279,1402,2051,2350,1500,2927,1255,1406
55.97132724200128,2040,2250,1504,2949,1286,1402,2051,2347,1500,2930,1255,1406
55.981355523001184,2041,2243,1506,2949,1293,1402,2051,2344,1502,2934,1258,1406
55.99132307900072,2041,2237,1509,2949,1300,1402,2050,2341,1504,2936,1260,1406
56.00135235200105,2042,2232,1511,2949,1306,1402,2050,2337,1505,2938,1264,1406
56.01147837700046,2043,2229,1512,2948,1310,1402,2049,2333,1507,2940,1268,1406
56.02125892100048,2044,2227,1514,2949,1314,1402,2049,2328,1509,2941,1272,1406
56.03125221499977,2045,2226,1515,2949,1317,1402,2048,2323,1511,2941,1277,1406
56.041743660000066,2046,2226,1516,2950,1319,1402,2048,2317,1512,2942,1282,1406
56.051453580999805,2047,2228,1516,2950,1319,1402,2048,2312,1514,2943,1287,1406
56.061507049000284,2049,2232,1517,2951,1319,1402,2047,2307,1515,2943,1291,1406
56.071226738000405,2051,2236,1517,2952,1318,1402,2047,2302,1516,2945,1294,1406
56.08133525999983,2052,2242,1517,2952,1315,1402,2046,2298,1516,2945,1298,1406
56.09135763999984,2054,2249,1516,2951,1312,1402,2046,2295,1517,2946,1300,1406
56.101510466000036,2055,2257,1516,2950,1307,1402,2046,2292,1517,2947,1302,1406
56.11187935900125,2056,2266,1515,2948,1302,1402,2046,2290,1517,2947,1303,1406
56.12150379800005,2057,2275,1514,2945,1296,1402,2046,2289,1517,2947,1303,1406
56.131575430999874,2058,2283,1513,2941,1290,1402,2046,2289,1517,2948,1303,1406
56.1415601890003,2058,2290,1512,2938,1285,1402,2047,2289,1517,2948,1302,1406
56.151374797000244,2058,2296,1511,2935,1281,1402,2047,2289,1517,2948,1301,1406
56.161324058999526,2058,2301,1511,2932,1277,1402,2049,2290,1517,2948,1299,1406
56.17152944400004,2058,2304,1510,2929,1274,1402,2050,2293,1517,2947,1298,1406
56.181578174000606,2057,2305,1510,2928,1272,1402,2050,2296,1517,2945,1296,1406
56.19153757499953,2056,2306,1509,2926,1271,1402,2051,2300,1517,2943,1294,1406
56.20165587500014,2056,2305,1509,2925,1271,1402,2052,2304,1517,2941,1291,1406
56.21168554900032,2055,2303,1509,2924,1272,1402,2054,2308,1517,2940,1287,1406
56.22168156900079,2054,2299,1510,2924,1273,1402,2055,2311,1517,2938,1284,1406
56.23169884900017,2053,2294,1511,2924,1275,1402,2055,2313,1518,2937,1282,1406
56.241753419000815,2051,2288,1512,2924,1277,1402,2056,2314,1518,2936,1281,1406
56.2514364689996,2050,2283,1514,2925,1280,1402,2056,2315,1518,2935,1280,1406
56.26199480000105,2049,2278,1516,2926,1281,1402,2056,2315,1518,2934,1280,1406
56.27152929899967,2049,2275,1519,2926,1282,1402,2056,2315,1518,2934,1280,1406
56.28132945899961,2049,2274,1522,2927,1282,1402,2056,2315,1518,2934,1280,1406
56.29132404700067,2049,2273,1526,2927,1282,1402,2056,2315,1519,2933,1280,1406
56.30135715700089,2049,2274,1530,2928,1280,1402,2056,2314,1520,2933,1280,1406
56.311585053999806,2050,2277,1535,2928,1277,1402,2056,2312,1522,2933,1280,1406
56.32166014399991,2051,2280,1540,2928,1274,1402,2056,2311,1524,2933,1281,1406
56.33166185400114,2052,2284,1545,2928,1271,1402,2055,2310,1525,2933,1282,1406
56.34157522799978,2053,2288,1549,2929,1269,1402,2054,2310,1527,2933,1282,1406
56.35125823800081,2054,2290,1551,2930,1269,1402,2053,2309,1530,2933,1281,1406
56.36132784700021,2054,2292,1551,2931,1269,1402,2052,2309,1533,2933,1280,1406
56.371325891001106,2054,2292,1551,2933,1271,1402,2052,2309,1537,2933,1278,1406
56.381448820000514,2053,2291,1549,2935,1274,1402,2051,2309,1540,2933,1277,1406
56.39142828900003,2052,2289,1546,2938,1278,1402,2051,2310,1544,2933,1276,1406
56.40143684299983,2051,2286,1541,2941,1283,1402,2051,2311,1547,2933,1276,1406
56.41144954400079,2050,2282,1537,2945,1286,1402,2051,2312,1549,2933,1276,1406
56.42142656800024,2049,2279,1534,2948,1288,1402,2051,2313,1549,2934,1276,1406
56.431457914999555,2048,2277,1531,2952,1289,1402,2051,2314,1549,2936,1276,1406
56.441504630000054,2048,2275,1528,2956,1288,1402,2052,2314,1549,2937,1276,1406
56.451329718000125,2047,2273,1526,2959,1287,1402,2053,2314,1549,2939,1277,1406
56.461358530001235,2047,2271,1525,2963,1284,1402,2055,2314,1549,2942,1279,1406
56.471430413001144,2047,2270,1524,2967,1280,1402,2055,2313,1549,2944,1281,1406
56.4814500880002,2047,2269,1523,2971,1274,1402,2056,2312,1549,2946,1282,1406
56.49145365200093,2047,2269,1523,2975,1267,1402,2056,2311,1548,2949,1282,1406
56.50165385699984,2047,2269,1523,2978,1259,1402,2056,2310,1548,2952,1280,1406
56.5115298310011,2047,2269,1523,2982,1251,1402,2056,2309,1548,2955,1280,1406
56.52152935699996,2048,2269,1523,2984,1242,1402,2056,2308,1547,2959,1279,1406
56.5315349550001,2049,2270,1524,2986,1234,1402,2055,2307,1546,2961,1277,1406
56.541535653999745,2050,2271,1525,2986,1227,1402,2055,2307,1546,2964,1274,1406
56.5515591759995,2052,2272,1525,2986,1221,1402,2054,2307,1546,2967,1270,1406
56.561920395000925,2053,2273,1525,2985,1215,1402,2052,2307,1546,2971,1265,1406
56.571433454000726,2055,2274,1526,2982,1210,1402,2051,2307,1546,2973,1259,1406
56.58175379600107,2057,2276,1526,2979,1205,1402,2050,2308,1546,2975,1254,1406
56.59120495800016,2059,2278,1526,2975,1200,1402,2050,2308,1546,2976,1249,1406
56.60123116500108,2061,2280,1526,2971,1196,1402,2050,2308,1546,2976,1243,1406
56.611233335999714,2063,2283,1526,2968,1194,1402,2050,2309,1546,2976,1238,1406
56.62125376200129,2065,2285,1525,2965,1192,1402,2050,2309,1546,2976,1232,1406
56.63148093900054,2065,2288,1525,2964,1190,1402,2050,2309,1546,2975,1228,1406
56.64150535199951,2066,2291,1524,2963,1189,1402,2051,2309,1546,2974,1222,1406
56.65150450799956,2066,2295,1523,2964,1189,1402,2053,2308,1546,2973,1218,1406
56.66145395000058,2066,2299,1522,2965,1188,1402,2054,2308,1546,2972,1214,1406
56.67132392300118,2066,2303,1521,2968,1188,1402,2056,2308,1546,2970,1211,1406
56.68133072300043,2065,2307,1520,2971,1187,1402,2057,2308,1546,2970,1208,1406
56.69135823200122,2065,2310,1520,2974,1187,1402,2060,2308,1546,2970,1206,1406
56.701352299000064,2064,2312,1520,2976,1187,1402,2062,2308,1546,2970,1204,1406
56.71142985200095,2064,2313,1521,2977,1186,1402,2063,2310,1546,2971,1202,1406
56.72145263300081,2064,2313,1522,2977,1186,1402,2064,2312,1546,2971,1201,1406
56.731452250000075,2064,2312,1524,2976,1185,1402,2064,2314,1546,2972,1199,1406
56.74143507500048,2065,2309,1527,2974,1184,1402,2064,2316,1546,2973,1196,1406
56.75147447699965,2065,2306,1529,2971,1183,1402,2065,2318,1546,2974,1194,1406
56.76157589499962,2065,2302,1531,2968,1183,1402,2065,2319,1546,2975,1194,1406
56.77165323900044,2065,2299,1532,2966,1184,1402,2065,2320,1547,2975,1192,1406
56.78167922600005,2065,2297,1531,2964,1185,1402,2065,2321,1547,2975,1191,1406
56.79168564500105,2063,2296,1529,2964,1188,1402,2065,2321,1547,2974,1191,1406
56.80145257299955,2062,2296,1525,2964,1191,1402,2065,2321,1547,2974,1191,1406
56.811555854999824,2059,2297,1520,2965,1195,1402,2064,2321,1547,2973,1191,1406
56.82150048800031,2057,2298,1514,2968,1200,1402,2064,2321,1547,2972,1191,1406
56.83155500900102,2053,2300,1506,2971,1207,1402,2063,2320,1547,2971,1192,1406
56.84156024600088,2050,2303,1498,2974,1214,1402,2063,2320,1547,2971,1193,1406
56.85133485900042,2046,2306,1490,2978,1221,1402,2062,2319,1545,2971,1193,1406
56.861336579000636,2043,2309,1482,2981,1227,1402,2062,2318,1543,2971,1194,1406
56.87132472400117,2041,2311,1477,2984,1233,1402,2061,2318,1540,2971,1196,1406
56.88143220500024,2039,2312,1473,2986,1237,1402,2059,2318,1536,2972,1199,1406
56.89142667200031,2038,2313,1470,2987,1242,1402,2058,2319,1531,2974,1202,1406
56.90147271600108,2037,2313,1468,2988,1245,1402,2056,2319,1526,2977,1207,1406
56.91160575499998,2037,2312,1469,2988,1248,1402,2055,2319,1522,2979,1212,1406
56.9216365200009,2038,2311,1470,2987,1251,1402,2054,2320,1519,2980,1217,1406
56.931259766999574,2039,2309,1473,2985,1253,1402,2052,2320,1515,2981,1220,1406
56.94133022800088,2041,2307,1478,2982,1254,1402,2051,2320,1513,2982,1224,1406
56.951559778000956,2043,2305,1482,2979,1255,1402,2050,2320,1511,2982,1228,1406
56.96187880800062,2046,2305,1486,2977,1256,1402,2048,2320,1510,2982,1233,1406
56.97150185400096,2047,2306,1488,2975,1256,1402,2046,2319,1509,2982,1237,1406
56.98155353900074,2049,2308,1489,2974,1257,1402,2044,2319,1508,2982,1239,1406
56.991526875999625,2051,2311,1488,2973,1257,1402,2044,2318,1508,2982,1241,1406
57.00169972000003,2052,2316,1487,2973,1258,1402,2043,2318,1508,2981,1243,1406
57.01155748900055,2053,2321,1485,2972,1258,1402,2043,2318,1508,2980,1244,1406
57.02157276500111,2054,2327,1482,2972,1257,1402,2043,2318,1508,2979,1246,1406
57.03160064500116,2054,2332,1480,2972,1256,1402,2044,2319,1508,2978,1247,1406
57.04159740599971,2053,2335,1479,2971,1253,1402,2044,2320,1508,2978,1248,1406
57.051261079999676,2052,2337,1480,2970,1250,1402,2044,2323,1508,2978,1248,1406
57.06132716200045,2051,2337,1481,2968,1246,1402,2046,2327,1507,2978,1249,1406
57.07132486500086,2049,2336,1484,2965,1242,1402,2047,2330,1506,2978,1249,1406
57.08134912800051,2047,2334,1488,2963,1239,1402,2049,2334,1505,2978,1248,1406
57.09133308499986,2046,2332,1492,2961,1237,1402,2050,2337,1505,2977,1247,1406
57.101657866000096,2044,2330,1497,2959,1236,1402,2050,2339,1505,2976,1245,1406
57.111851558000126,2043,2327,1501,2958,1237,1402,2050,2340,1505,2974,1244,1406
57.121328219000134,2042,2325,1505,2957,1239,1402,2051,2341,1506,2973,1241,1406
57.131437362000725,2041,2322,1510,2956,1242,1402,2051,2341,1507,2971,1240,1406
57.14143415400031,2041,2319,1516,2955,1246,1402,2051,2341,1508,2970,1240,1406
57.15155442800096,2041,2318,1520,2954,1250,1402,2051,2341,1510,2968,1240,1406
57.161557441000696,2041,2317,1523,2953,1255,1402,2051,2341,1512,2967,1240,1406
57.17157448100079,2042,2317,1524,2951,1258,1402,2051,2340,1514,2966,1240,1406
57.18122717299957,2043,2319,1524,2950,1260,1402,2050,2340,1516,2964,1241,1406
57.19125572400117,2045,2322,1523,2948,1261,1402,2049,2339,1518,2963,1242,1406
57.20135538000068,2047,2326,1520,2946,1262,1402,2048,2338,1520,2962,1245,1406
57.21143045899953,2049,2331,1516,2944,1261,1402,2047,2338,1521,2961,1249,1406
57.22145612500026,2051,2337,1512,2941,1260,1402,2046,2338,1522,2959,1252,1406
57.231526595000105,2053,2342,1508,2939,1257,1402,2046,2338,1522,2958,1254,1406
57.24152378799954,2054,2345,1505,2937,1255,1402,2046,2339,1522,2956,1254,1406
57.251533943999675,2054,2347,1504,2936,1252,1402,2046,2341,1522,2954,1254,1406
57.26176588900125,2054,2348,1504,2935,1249,1402,2046,2344,1522,2952,1254,1406
57.27125791800063,2053,2347,1505,2935,1246,1402,2046,2347,1522,2950,1254,1406
57.28132294900024,2052,2346,1508,2934,1243,1402,2046,2350,1522,2948,1253,1406
57.29133156200078,2050,2343,1511,2934,1241,1402,2046,2352,1522,2947,1253,1406
57.30157622200022,2049,2340,1514,2934,1240,1402,2047,2353,1522,2946,1252,1406
57.3116528139999,2047,2338,1516,2933,1241,1402,2048,2355,1523,2945,1251,1406
57.32165040600012,2047,2336,1518,2933,1243,1402,2049,2355,1523,2944,1250,1406
57.33142788400073,2047,2335,1519,2932,1246,1402,2050,2355,1523,2944,1248,1406
57.34143207899979,2047,2335,1519,2930,1250,1402,2051,2355,1524,2943,1247,1406
57.35145840699988,2048,2335,1518,2929,1255,1402,2052,2355,1524,2943,1247,1406
57.3614825500008,2049,2335,1517,2927,1262,1402,2052,2355,1524,2942,1247,1406
57.37152706100096,2051,2335,1517,2925,1269,1402,2052,2355,1524,2940,1247,1406
57.381555883001056,2052,2335,1516,2923,1276,1402,2052,2355,1524,2939,1247,1406
57.39152952100085,2053,2335,1516,2921,1283,1402,2052,2354,1524,2938,1247,1406
57.40119581900035,2054,2334,1517,2920,1287,1402,2052,2354,1524,2937,1250,1406
57.41208025500055,2054,2332,1520,2919,1291,1402,2052,2354,1524,2935,1254,1406
57.42162755800018,2054,2329,1523,2919,1294,1402,2052,2354,1524,2933,1259,1406
57.43166269200083,2053,2326,1528,2919,1295,1402,2052,2354,1524,2931,1264,1406
57.44170220399974,2052,2322,1533,2920,1295,1402,2051,2354,1524,2930,1268,1406
57.45174966100058,2050,2318,1538,2920,1293,1402,2051,2354,1525,2929,1273,1406
57.46119935000024,2048,2315,1541,2921,1292,1402,2050,2354,1527,2928,1277,1406
57.47132562600018,2047,2314,1543,2921,1290,1402,2050,2354,1529,2928,1279,1406
57.48132318900025,2045,2313,1544,2921,1288,1402,2050,2354,1532,2928,1280,1406
57.49132392800129,2043,2313,1543,2920,1286,1402,2049,2354,1535,2927,1281,1406
57.501256278001165,2041,2314,1540,2919,1283,1402,2049,2354,1538,2927,1281,1406
57.511264851000305,2039,2316,1537,2918,1281,1402,2049,2354,1540,2927,1281,1406
57.52132324900049,2037,2319,1531,2916,1278,1402,2049,2354,1542,2926,1281,1406
57.531605649000994,2035,2322,1525,2915,1276,1402,2049,2354,1543,2926,1281,1406
57.541572004000045,2033,2325,1519,2913,1273,1402,2049,2354,1543,2926,1281,1406
57.5515315850007,2032,2328,1513,2913,1271,1402,2048,2355,1543,2926,1280,1406
57.56156191000082,2032,2330,1509,2912,1269,1402,2048,2355,1543,2926,1280,1406
57.57155360100114,2032,2331,1507,2913,1268,1402,2047,2355,1543,2925,1278,1406
57.58137891899969,2033,2330,1506,2914,1267,1402,2046,2355,1543,2925,1276,1406
57.59143328900063,2034,2329,1506,2915,1266,1402,2045,2355,1542,2923,1275,1406
57.60157443299977,2035,2328,1508,2917,1265,1402,2045,2355,1540,2922,1274,1406
57.61157180600094,2035,2325,1512,2919,1265,1402,2044,2355,1539,2922,1273,1406
57.62157294499957,2035,2323,1515,2920,1265,1402,2043,2355,1538,2922,1273,1406
57.631600664999496,2033,2322,1519,2921,1266,1402,2042,2354,1537,2922,1274,1406
57.641630348000035,2031,2320,1524,2922,1266,1402,2041,2354,1537,2922,1273,1406
57.651682564999646,2028,2319,1529,2922,1266,1402,2039,2354,1536,2922,1273,1406
57.66168223100067,2025,2319,1534,2922,1266,1402,2039,2354,1536,2922,1272,1406
57.671249332001025,2024,2320,1538,2923,1264,1402,2038,2354,1536,2922,1271,1406
57.68167277900102,2023,2321,1541,2924,1261,1402,2037,2354,1536,2922,1271,1406
57.69168006000109,2023,2322,1543,2925,1257,1402,2036,2354,1538,2922,1271,1406
57.701446676999694,2023,2324,1544,2926,1253,1402,2036,2354,1540,2922,1270,1406
57.71145022100063,2023,2325,1545,2927,1251,1402,2035,2354,1542,2922,1269,1406
57.72145450700009,2022,2325,1544,2927,1250,1402,2034,2354,1545,2922,1267,1406
57.73132896700008,2021,2325,1543,2928,1250,1402,2033,2354,1546,2922,1265,1406
57.74132798299979,2020,2325,1541,2928,1252,1402,2033,2354,1548,2922,1263,1406
57.75200123099967,2018,2325,1538,2928,1254,1402,2032,2354,1549,2923,1261,1406
57.76186971000061,2017,2325,1535,2927,1256,1402,2031,2354,1550,2923,1259,1406
57.77132655300011,2017,2326,1533,2927,1257,1402,2030,2355,1550,2924,1259,1406
57.78147974900094,2019,2328,1531,2926,1257,1402,2029,2355,1550,2924,1259,1406
57.791371412000444,2021,2330,1529,2926,1257,1402,2028,2355,1550,2924,1259,1406
57.801553733999754,2024,2333,1527,2925,1255,1402,2027,2355,1550,2924,1259,1406
57.81155253900033,2028,2336,1525,2925,1253,1402,2027,2355,1550,2924,1259,1406
57.82122116100072,2032,2340,1523,2926,1251,1402,2026,2355,1549,2924,1259,1406
57.83125217700035,2035,2344,1520,2927,1250,1402,2025,2354,1549,2924,1259,1406
57.84143040100025,2037,2347,1517,2929,1250,1402,2025,2354,1549,2924,1258,1406
57.85144936399956,2038,2350,1513,2932,1250,1402,2024,2354,1549,2924,1258,1406
57.86143251000067,2038,2353,1509,2936,1252,1402,2024,2354,1548,2924,1256,1406
57.87143373000072,2037,2355,1504,2940,1254,1402,2025,2354,1547,2924,1255,1406
57.88147367300007,2036,2357,1499,2944,1257,1402,2026,2356,1546,2925,1255,1406
57.89150846600023,2034,2359,1495,2948,1260,1402,2027,2358,1543,2927,1255,1406
57.90116969399969,2033,2360,1492,2951,1262,1402,2028,2360,1541,2930,1255,1406
57.9112204080011,2031,2360,1489,2952,1264,1402,2029,2362,1539,2933,1256,1406
57.92132163600036,2030,2361,1488,2953,1265,1402,2031,2364,1536,2936,1257,1406
57.93155780900088,2030,2361,1487,2952,1265,1402,2033,2366,1533,2938,1257,1406
57.941626025000005,2029,2360,1487,2951,1265,1402,2034,2367,1531,2940,1258,1406
57.95165299400105,2029,2360,1488,2949,1264,1402,2034,2368,1529,2942,1259,1406
57.96165073700104,2029,2359,1489,2946,1262,1402,2035,2368,1527,2944,1259,1406
57.971427032000065,2030,2357,1491,2942,1260,1402,2035,2368,1527,2944,1259,1406
57.98150373399949,2030,2356,1493,2937,1258,1402,2035,2368,1526,2944,1259,1406
57.991501898000934,2031,2355,1496,2932,1255,1402,2035,2368,1526,2944,1259,1406
58.00155888300105,2032,2354,1498,2927,1252,1402,2035,2368,1526,2944,1259,1406
58.012170705000244,2033,2354,1500,2923,1250,1402,2035,2367,1526,2944,1259,1406
58.02122325500022,2034,2354,1501,2920,1248,1402,2035,2367,1526,2943,1259,1406
58.031250714000635,2035,2355,1502,2918,1247,1402,2034,2366,1525,2941,1260,1406
58.04132789700088,2035,2356,1502,2917,1246,1402,2033,2366,1525,2938,1259,1406
58.05167939800049,2036,2358,1501,2917,1246,1402,2031,2366,1525,2935,1258,1406
58.06165343599969,2036,2361,1499,2918,1247,1402,2030,2366,1525,2932,1256,1406
58.07164919600109,2037,2364,1498,2920,1248,1402,2030,2366,1525,2930,1255,1406
58.08164997499989,2037,2367,1497,2921,1250,1402,2030,2367,1525,2929,1254,1406
58.09162544600076,2038,2368,1498,2922,1252,1402,2030,2367,1525,2928,1253,1406
58.10165449800115,2038,2368,1500,2921,1254,1402,2030,2368,1525,2928,1253,1406
58.11165580800116,2039,2367,1503,2920,1257,1402,2030,2370,1525,2928,1253,1406
58.121651126999495,2040,2366,1507,2917,1259,1402,2030,2372,1525,2928,1254,1406
58.131321933000436,2040,2365,1510,2916,1260,1402,2031,2373,1525,2928,1254,1406
58.141318604000844,2041,2366,1511,2914,1261,1402,2032,2374,1525,2928,1254,1406
58.151569756000754,2042,2368,1510,2913,1261,1402,2033,2374,1525,2927,1254,1406
58.16154968599949,2042,2371,1508,2912,1260,1402,2034,2375,1525,2926,1255,1406
58.17152603800059,2042,2375,1505,2912,1260,1402,2035,2375,1525,2925,1255,1406
58.18157400600103,2043,2379,1502,2912,1259,1402,2036,2375,1525,2923,1256,1406
58.191624459001105,2042,2382,1499,2913,1258,1402,2038,2376,1525,2922,1256,1406
58.20132250700044,2042,2384,1497,2914,1258,1402,2039,2378,1525,2921,1256,1406
58.21135374299956,2041,2384,1497,2916,1259,1402,2039,2380,1525,2920,1256,1406
58.22142771000108,2040,2383,1497,2918,1260,1402,2040,2382,1525,2920,1256,1406
58.231249530999776,2039,2382,1498,2919,1261,1402,2040,2384,1524,2920,1256,1406
58.241196609000326,2038,2380,1499,2920,1262,1402,2040,2385,1523,2920,1255,1406
58.2512229060012,2037,2378,1499,2920,1262,1402,2040,2386,1523,2920,1255,1406
58.261242290000155,2037,2378,1498,2919,1261,1402,2040,2387,1523,2920,1256,1406
58.27132164700015,2037,2378,1496,2916,1260,1402,2040,2388,1523,2920,1257,1406
58.281434497999726,2038,2378,1494,2913,1259,1402,2040,2388,1523,2920,1258,1406
58.291425798999626,2038,2378,1491,2910,1258,1402,2040,2389,1523,2920,1259,1406
58.30144819900124,2039,2378,1490,2906,1257,1402,2039,2389,1523,2920,1259,1406
58.311454738000975,2039,2378,1490,2903,1257,1402,2039,2389,1523,2920,1259,1406
58.32150549200014,2040,2377,1491,2901,1257,1402,2038,2389,1523,2919,1259,1406
58.33159817399974,2040,2375,1494,2900,1258,1402,2038,2389,1523,2918,1259,1406
58.341630922999684,2039,2373,1498,2899,1260,1402,2038,2389,1523,2916,1259,1406
58.351623767001,2038,2371,1500,2898,1262,1402,2038,2388,1523,2914,1259,1406
58.36124911800107,2038,2370,1502,2898,1264,1402,2038,2388,1523,2911,1259,1406
58.3717213660002,2037,2369,1502,2898,1266,1402,2038,2388,1522,2910,1259,1406
58.38175205200059,2035,2370,1500,2899,1267,1402,2038,2387,1522,2909,1259,1406
58.391722223001125,2034,2370,1498,2900,1268,1402,2038,2387,1522,2908,1260,1406
58.401196929000434,2033,2372,1493,2900,1268,1402,2038,2387,1522,2907,1260,1406
58.4112106320008,2031,2374,1488,2901,1269,1402,2038,2387,1522,2907,1261,1406
58.42134586500106,2030,2377,1484,2902,1269,1402,2038,2387,1522,2907,1262,1406
58.43125174499983,2029,2379,1481,2902,1269,1402,2039,2387,1522,2907,1263,1406
58.44122914000036,2029,2380,1479,2903,1270,1402,2039,2388,1522,2907,1264,1406
58.45125799200105,2029,2381,1479,2903,1270,1402,2039,2389,1522,2907,1264,1406
58.461324645000786,2029,2382,1480,2903,1270,1402,2039,2389,1520,2907,1264,1406
58.47137835400099,2029,2382,1483,2902,1270,1402,2038,2390,1519,2907,1264,1406
58.48152660100095,2029,2382,1487,2902,1270,1402,2038,2390,1518,2907,1264,1406
58.491527039001085,2030,2382,1492,2901,1271,1402,2038,2390,1517,2907,1264,1406
58.50157960599972,2031,2381,1499,2900,1271,1402,2037,2390,1517,2907,1264,1406
58.51155778199973,2032,2381,1504,2900,1271,1402,2037,2390,1516,2906,1264,1406
58.52157118499963,2033,2380,1508,2899,1270,1402,2037,2389,1516,2906,1265,1406
58.531559209999614,2033,2379,1511,2899,1270,1402,2035,2389,1515,2906,1267,1406
58.541551783000614,2034,2378,1513,2900,1269,1402,2035,2389,1515,2906,1268,1406
58.55125360800048,2034,2377,1512,2900,1268,1402,2034,2388,1515,2906,1269,1406
58.56132893799986,2034,2375,1511,2901,1267,1402,2033,2388,1516,2906,1269,1406
58.57157454800108,2034,2375,1509,2902,1266,1402,2033,2388,1517,2906,1269,1406
58.58157210200079,2034,2374,1507,2903,1265,1402,2032,2388,1518,2906,1269,1406
58.59132061400123,2035,2374,1507,2903,1265,1402,2032,2389,1519,2906,1269,1406
58.60157850900032,2035,2374,1508,2902,1265,1402,2032,2390,1519,2906,1269,1406
58.611580830000094,2036,2374,1511,2901,1266,1402,2032,2390,1519,2906,1269,1406
58.621624651001184,2037,2375,1514,2900,1267,1402,2032,2391,1519,2906,1269,1406
58.63132341900018,2038,2376,1518,2899,1269,1402,2032,2391,1520,2906,1269,1406
58.64132665299985,2038,2378,1520,2899,1270,1402,2033,2391,1520,2906,1269,1406
58.65133324300041,2037,2380,1521,2899,1272,1402,2033,2391,1520,2906,1269,1406
58.66132492500037,2036,2382,1520,2900,1274,1402,2034,2391,1520,2906,1269,1406
58.67132267800116,2034,2385,1518,2901,1276,1402,2035,2390,1521,2906,1269,1406
58.68147809900074,2032,2389,1514,2903,1278,1402,2036,2389,1523,2906,1269,1406
58.69150240199997,2030,2392,1511,2904,1281,1402,2036,2389,1524,2906,1269,1406
58.701526285,2029,2393,1508,2905,1284,1402,2036,2389,1524,2906,1269,1406
58.71157184799995,2028,2394,1507,2904,1286,1402,2036,2389,1524,2906,1269,1406
58.72157194600004,2028,2394,1508,2903,1289,1402,2037,2391,1524,2906,1270,1406
58.731552286000806,2029,2393,1509,2901,1292,1402,2037,2393,1524,2906,1272,1406
58.74153068300075,2031,2391,1512,2898,1294,1402,2037,2395,1524,2906,1274,1406
58.751524448000055,2033,2390,1514,2895,1297,1402,2037,2397,1524,2906,1277,1406
58.76157895899996,2034,2388,1516,2892,1298,1402,2036,2399,1524,2906,1279,1406
58.771249084000374,2035,2387,1518,2891,1299,1402,2036,2400,1524,2906,1281,1406
58.78125081500002,2036,2387,1518,2891,1299,1402,2035,2401,1525,2905,1283,1406
58.79132486200069,2036,2387,1517,2891,1298,1402,2035,2402,1526,2904,1286,1406
58.80150006000076,2035,2389,1515,2893,1297,1402,2034,2402,1526,2902,1288,1406
58.811527279000074,2034,2391,1511,2895,1297,1402,2034,2402,1526,2901,1289,1406
58.82149703899995,2034,2394,1508,2896,1297,1402,2034,2402,1526,2900,1290,1406
58.831578360001004,2033,2397,1505,2897,1299,1402,2034,2402,1526,2900,1290,1406
58.84154870100065,2032,2401,1503,2897,1302,1402,2034,2401,1526,2900,1290,1406
58.85168065800099,2032,2404,1501,2897,1307,1402,2034,2401,1526,2900,1290,1406
58.86168410200116,2032,2408,1500,2895,1312,1402,2034,2400,1525,2900,1291,1406
58.87262373200065,2033,2412,1498,2893,1318,1402,2035,2401,1523,2900,1292,1406
58.88157030200091,2033,2416,1496,2892,1325,1402,2035,2403,1522,2900,1293,1406
58.89156804599952,2033,2419,1495,2890,1331,1402,2036,2404,1521,2900,1296,1406
58.90134606399988,2033,2421,1492,2889,1336,1402,2036,2407,1519,2899,1299,1406
58.91136752199964,2033,2422,1490,2888,1339,1402,2036,2410,1518,2898,1303,1406
58.92131789599989,2033,2423,1487,2888,1341,1402,2036,2414,1518,2897,1307,1406
58.931378057000984,2032,2422,1484,2888,1342,1402,2036,2417,1517,2897,1311,1406
58.94145429800119,2032,2421,1480,2890,1342,1402,2036,2421,1516,2896,1315,1406
58.95150060299966,2031,2420,1475,2891,1340,1402,2036,2424,1516,2895,1319,1406
58.96153156900073,2030,2418,1470,2894,1337,1402,2036,2427,1515,2895,1323,1406
58.97149860399986,2029,2415,1465,2896,1333,1402,2036,2429,1515,2895,1325,1406
58.98122352199971,2028,2413,1462,2898,1329,1402,2036,2430,1515,2895,1327,1406
58.991227476999484,2027,2411,1460,2900,1324,1402,2036,2431,1514,2895,1328,1406
59.00122232499962,2026,2410,1459,2901,1320,1402,2036,2431,1512,2895,1328,1406
59.01124809100111,2026,2410,1460,2901,1317,1402,2036,2431,1510,2895,1327,1406
59.02132849000009,2026,2410,1462,2900,1314,1402,2035,2430,1508,2896,1326,1406
59.03186289600126,2025,2411,1465,2899,1311,1402,2035,2429,1505,2897,1324,1406
59.04131873699953,2025,2411,1470,2897,1308,1402,2035,2428,1502,2898,1322,1406
59.05167739100034,2025,2412,1476,2895,1305,1402,2035,2427,1500,2898,1320,1406
59.0616864349995,2024,2411,1482,2894,1303,1402,2034,2426,1498,2898,1319,1406
59.07167423999999,2024,2408,1486,2893,1303,1402,2034,2425,1497,2898,1317,1406
59.08132889500121,2023,2405,1488,2894,1302,1402,2033,2425,1496,2897,1315,1406
59.091319295001085,2022,2400,1489,2896,1302,1402,2032,2425,1496,2897,1313,1406
59.101549787001204,2021,2394,1490,2898,1303,1402,2031,2425,1496,2897,1312,1406
59.11134052000125,2019,2386,1489,2901,1303,1402,2030,2425,1497,2897,1311,1406
59.12132109100094,2018,2378,1488,2904,1305,1402,2029,2425,1497,2897,1310,1406
59.1312536509995,2017,2371,1487,2908,1306,1402,2028,2426,1498,2898,1309,1406
59.141319222000675,2015,2365,1486,2910,1307,1402,2027,2427,1498,2898,1309,1406
59.15152462700098,2015,2361,1484,2913,1308,1402,2026,2428,1499,2899,1309,1406
59.161563388001014,2014,2357,1483,2914,1310,1402,2025,2428,1499,2901,1309,1406
59.17122139000094,2014,2355,1483,2915,1311,1402,2025,2428,1499,2903,1309,1406
59.18142645400076,2014,2355,1483,2916,1312,1402,2024,2428,1499,2905,1309,1406
59.19143782300125,2014,2356,1483,2916,1313,1402,2023,2428,1499,2907,1309,1406
59.20147127400014,2015,2358,1483,2915,1315,1402,2023,2427,1499,2908,1309,1406
59.21150456400028,2016,2361,1484,2913,1316,1402,2022,2426,1499,2909,1309,1406
59.22125407900057,2017,2366,1485,2911,1317,1402,2022,2425,1499,2910,1309,1406
59.23132358700059,2018,2372,1487,2908,1318,1402,2022,2424,1499,2910,1309,1406
59.24132447699958,2019,2379,1488,2905,1319,1402,2022,2423,1498,2910,1310,1406
59.25122380399989,2020,2385,1490,2902,1320,1402,2022,2421,1498,2910,1310,1406
59.26122433199998,2021,2390,1491,2900,1320,1402,2022,2421,1498,2909,1310,1406
59.27143166099995,2022,2394,1492,2898,1320,1402,2022,2421,1498,2909,1311,1406
59.28157777399974,2022,2396,1493,2897,1320,1402,2022,2421,1498,2908,1312,1406
59.29156975600017,2022,2397,1493,2896,1319,1402,2022,2421,1498,2907,1314,1406
59.30168400900038,2021,2397,1492,2896,1318,1402,2022,2421,1498,2905,1314,1406
59.31167750500026,2020,2396,1492,2896,1317,1402,2022,2422,1498,2904,1314,1406
59.32122310500017,2019,2393,1491,2896,1315,1402,2022,2423,1498,2904,1315,1406
59.33155554900077,2018,2391,1491,2895,1313,1402,2022,2423,1499,2903,1315,1406
59.341524647999904,2017,2390,1492,2894,1311,1402,2022,2423,1499,2903,1315,1406
59.35152897400076,2017,2390,1494,2891,1310,1402,2023,2423,1499,2903,1315,1406
59.36152162799954,2017,2392,1496,2888,1310,1402,2023,2423,1499,2902,1315,1406
59.3713196839999,2018,2394,1499,2884,1309,1402,2023,2423,1499,2902,1315,1406
59.38133096300044,2019,2396,1503,2879,1309,1402,2023,2423,1499,2902,1315,1406
59.391320761000316,2020,2398,1506,2874,1309,1402,2023,2423,1499,2901,1314,1406
59.40121999800067,2021,2399,1509,2871,1309,1402,2023,2422,1500,2899,1314,1406
59.411221698999725,2022,2400,1511,2868,1309,1402,2023,2422,1502,2896,1313,1406
59.421346242001164,2022,2399,1513,2867,1310,1402,2023,2421,1504,2893,1313,1406
59.431604797000546,2023,2397,1514,2866,1310,1402,2023,2421,1506,2890,1313,1406
59.441648175999944,2023,2393,1514,2866,1310,1402,2022,2421,1507,2886,1313,1406
59.45162602200071,2024,2389,1513,2867,1311,1402,2022,2421,1510,2883,1313,1406
59.461690230000386,2024,2382,1513,2869,1311,1402,2021,2421,1511,2882,1313,1406
59.47168697100096,2024,2376,1511,2872,1311,1402,2021,2422,1513,2880,1313,1406
59.481319886001074,2024,2369,1510,2874,1311,1402,2021,2423,1514,2879,1313,1406
59.491319582999495,2024,2363,1510,2876,1311,1402,2021,2423,1514,2879,1313,1406
59.50168172400117,2023,2359,1509,2877,1310,1402,2021,2424,1515,2879,1313,1406
59.51170192000063,2023,2356,1509,2878,1309,1402,2021,2424,1515,2879,1313,1406
59.52200130200072,2023,2355,1510,2877,1308,1402,2021,2424,1516,2879,1313,1406
59.53137230300126,2023,2354,1512,2876,1306,1402,2022,2424,1516,2880,1313,1406
59.54144449600062,2022,2355,1513,2873,1304,1402,2022,2423,1516,2880,1313,1406
59.55150576900087,2022,2358,1516,2870,1301,1402,2022,2422,1516,2880,1313,1406
59.56155196399959,2022,2361,1518,2866,1298,1402,2023,2420,1516,2880,1313,1406
59.571663020000415,2021,2365,1520,2863,1296,1402,2023,2419,1516,2879,1312,1406
59.58162957500099,2020,2369,1521,2861,1294,1402,2023,2418,1516,2878,1311,1406
59.59162345100049,2020,2371,1521,2860,1293,1402,2023,2417,1516,2876,1308,1406
59.601220448001186,2019,2374,1520,2860,1292,1402,2023,2416,1517,2874,1307,1406
59.61122348100071,2018,2375,1517,2860,1291,1402,2023,2416,1518,2872,1305,1406
59.62152652000077,2017,2376,1515,2862,1291,1402,2023,2416,1520,2870,1303,1406
59.63169379300052,2016,2376,1511,2865,1292,1402,2023,2416,1521,2869,1301,1406
59.641672830999596,2015,2375,1505,2868,1293,1402,2022,2416,1521,2868,1300,1406
59.65167927100083,2013,2375,1499,2873,1294,1402,2022,2416,1521,2868,1299,1406
59.66167596200103,2012,2373,1492,2878,1295,1402,2021,2417,1522,2868,1299,1406
59.67169518599985,2011,2372,1486,2883,1297,1402,2021,2417,1522,2869,1299,1406
59.68169676599973,2010,2370,1480,2888,1298,1402,2021,2418,1522,2870,1299,1406
59.69169601199974,2009,2369,1475,2891,1299,1402,2021,2418,1523,2872,1299,1406
59.70150623100017,2009,2369,1471,2894,1300,1402,2021,2418,1523,2874,1299,1406
59.71156685400092,2009,2369,1469,2895,1301,1402,2020,2418,1521,2877,1299,1406
59.7214983720005,2009,2369,1467,2896,1301,1402,2019,2418,1519,2880,1298,1406
59.73142842699963,2009,2370,1466,2895,1301,1402,2019,2418,1517,2882,1298,1406
59.74142451700027,2010,2371,1467,2894,1301,1402,2018,2418,1513,2884,1298,1406
59.75135417199999,2011,2373,1468,2891,1300,1402,2018,2418,1510,2886,1298,1406
59.76144416900024,2013,2376,1470,2888,1299,1402,2018,2418,1507,2887,1298,1406
59.77142697400086,2015,2379,1473,2884,1298,1402,2017,2417,1505,2887,1298,1406
59.78149705400028,2016,2382,1476,2881,1297,1402,2017,2417,1503,2887,1298,1406
59.791222353000194,2018,2384,1478,2878,1296,1402,2016,2416,1501,2886,1298,1406
59.80132064600002,2019,2387,1479,2876,1296,1402,2016,2416,1501,2886,1298,1406
59.81133073199999,2021,2389,1480,2875,1296,1402,2015,2416,1501,2885,1298,1406
59.82134792200122,2022,2391,1480,2875,1296,1402,2015,2416,1501,2884,1298,1406
59.831555751999986,2023,2393,1479,2876,1297,1402,2015,2416,1501,2883,1298,1406
59.841521935000856,2024,2394,1477,2877,1298,1402,2014,2416,1501,2882,1298,1406
59.85155415400004,2024,2395,1474,2880,1300,1402,2014,2417,1501,2881,1298,1406
59.86187120900104,2023,2396,1470,2884,1302,1402,2014,2417,1501,2881,1298,1406
59.871322160999625,2022,2397,1466,2887,1306,1402,2015,2417,1501,2881,1298,1406
59.881431625000914,2019,2397,1461,2891,1311,1402,2016,2418,1501,2881,1298,1406
59.8914270639998,2016,2397,1457,2894,1315,1402,2017,2418,1501,2881,1299,1406
59.901570041000014,2014,2397,1453,2897,1318,1402,2018,2418,1501,2882,1299,1406
59.911572041999534,2011,2397,1450,2899,1320,1402,2019,2418,1500,2884,1299,1406
59.92157731900079,2010,2397,1448,2901,1320,1402,2020,2418,1498,2886,1301,1406
59.93159613200078,2009,2397,1446,2903,1319,1402,2021,2418,1496,2888,1304,1406
59.9416574450006,2008,2397,1445,2904,1317,1402,2021,2418,1493,2890,1307,1406
59.95124781999948,2008,2397,1444,2905,1314,1402,2021,2418,1490,2892,1308,1406
59.96136283499982,2009,2397,1443,2906,1310,1402,2021,2418,1487,2893,1310,1406
59.971425219000594,2010,2398,1443,2907,1305,1402,2021,2418,1484,2895,1310,1406
59.98157760399954,2012,2398,1443,2907,1301,1402,2020,2418,1482,2896,1309,1406
59.99152986199988,2013,2399,1444,2906,1298,1402,2020,2417,1479,2898,1309,1406
60.00154811300126,2015,2399,1444,2906,1297,1402,2019,2417,1478,2899,1308,1406
60.01155497400032,2017,2400,1445,2905,1297,1402,2018,2417,1477,2900,1306,1406
60.021579107000434,2019,2401,1446,2903,1298,1402,2016,2417,1476,2901,1305,1406
60.03162085300028,2021,2401,1447,2902,1300,1402,2015,2417,1476,2901,1304,1406
60.04162128099961,2023,2402,1448,2900,1303,1402,2014,2417,1476,2901,1302,1406
60.05165925000074,2025,2403,1449,2898,1308,1402,2014,2417,1476,2901,1302,1406
60.06168455599982,2027,2404,1451,2896,1313,1402,2014,2417,1476,2901,1303,1406
60.071681367000565,2029,2404,1452,2894,1318,1402,2014,2417,1476,2901,1304,1406
60.081673089000105,2029,2404,1453,2893,1321,1402,2015,2417,1476,2901,1305,1406
60.091193632000795,2030,2403,1453,2893,1323,1402,2016,2417,1476,2901,1306,1406
60.10162554400085,2029,2402,1454,2893,1323,1402,2017,2417,1476,2901,1307,1406
60.111396730000706,2028,2401,1454,2894,1323,1402,2019,2417,1476,2901,1308,1406
60.121428246000505,2027,2399,1454,2895,1321,1402,2020,2417,1476,2900,1310,1406
60.131427682999856,2024,2397,1454,2897,1318,1402,2022,2417,1476,2900,1312,1406
60.1414273499995,2022,2394,1453,2900,1314,1402,2025,2417,1476,2900,1313,1406
60.151556230001006,2019,2391,1453,2902,1309,1402,2026,2417,1476,2900,1314,1406
60.16155795099985,2016,2389,1453,2904,1306,1402,2026,2417,1476,2900,1314,1406
60.1712654160001,2014,2387,1454,2905,1304,1402,2027,2417,1476,2900,1314,1406
60.18132601800062,2012,2386,1454,2906,1303,1402,2027,2417,1476,2901,1313,1406
60.191319052000836,2011,2384,1456,2905,1304,1402,2027,2417,1476,2902,1312,1406
60.20132181500048,2010,2384,1458,2904,1305,1402,2027,2417,1476,2902,1310,1406
60.21133139000085,2011,2383,1461,2902,1305,1402,2027,2417,1476,2903,1309,1406
60.22131759200056,2012,2382,1464,2901,1304,1402,2026,2417,1476,2903,1308,1406
60.23131776900118,2014,2381,1468,2899,1302,1402,2025,2417,1476,2903,1308,1406
60.24131832800049,2016,2380,1471,2898,1299,1402,2023,2417,1476,2903,1308,1406
60.25132969700098,2018,2378,1476,2897,1295,1402,2022,2417,1476,2903,1307,1406
60.26132200000029,2021,2376,1480,2895,1290,1402,2020,2417,1476,2903,1307,1406
60.27132900000106,2023,2373,1485,2894,1285,1402,2019,2417,1477,2903,1307,1406
60.281324949999544,2024,2371,1489,2894,1281,1402,2018,2417,1479,2903,1307,1406
60.29132295400086,2025,2369,1493,2893,1278,1402,2018,2417,1481,2903,1305,1406
60.30162075299995,2026,2367,1496,2892,1277,1402,2018,2417,1483,2903,1302,1406
60.311673780001,2025,2364,1500,2891,1277,1402,2018,2417,1485,2902,1299,1406
60.32167918800042,2023,2361,1505,2890,1277,1402,2018,2417,1488,2901,1296,1406
60.331674948,2022,2359,1509,2889,1276,1402,2018,2416,1491,2900,1293,1406
60.341672509999626,2021,2357,1512,2888,1274,1402,2019,2416,1494,2899,1291,1406
60.35167600400018,2019,2355,1516,2887,1270,1402,2020,2415,1497,2898,1289,1406
60.36167768500127,2019,2354,1519,2886,1267,1402,2021,2414,1501,2897,1287,1406
60.371678172999964,2018,2353,1521,2886,1263,1402,2023,2413,1505,2897,1286,1406
60.381691836000755,2017,2353,1521,2886,1261,1402,2024,2412,1508,2896,1284,1406
60.391649754001264,2017,2354,1520,2886,1260,1402,2024,2412,1511,2896,1282,1406
60.40134596899952,2017,2356,1518,2887,1260,1402,2025,2412,1514,2895,1279,1406
60.41136232700046,2017,2358,1514,2889,1261,1402,2025,2412,1517,2894,1276,1406
60.421431124001174,2016,2361,1508,2891,1263,1402,2025,2412,1518,2894,1272,1406
60.4314431340008,2016,2365,1501,2894,1267,1402,2025,2412,1519,2894,1270,1406
60.441495439999926,2016,2369,1493,2897,1271,1402,2025,2412,1519,2894,1269,1406
60.45164669299993,2016,2374,1483,2901,1277,1402,2025,2412,1519,2894,1269,1406
60.46166455400089,2016,2380,1472,2905,1284,1402,2025,2412,1519,2894,1269,1406
60.47142151300068,2017,2387,1460,2910,1292,1402,2024,2412,1519,2895,1270,1406
60.481448370999715,2017,2394,1447,2914,1301,1402,2023,2412,1518,2896,1272,1406
60.4914225499997,2017,2401,1435,2919,1309,1402,2022,2412,1516,2898,1274,1406
60.50132344099984,2018,2407,1423,2922,1317,1402,2021,2412,1512,2900,1276,1406
60.51131847800025,2018,2414,1413,2926,1323,1402,2021,2412,1508,2903,1279,1406
60.52155575300094,2019,2419,1405,2928,1329,1402,2020,2413,1502,2906,1282,1406
60.531567252999594,2019,2424,1398,2930,1334,1402,2020,2415,1496,2909,1286,1406
60.54157098700125,2020,2429,1392,2931,1338,1402,2020,2417,1489,2911,1290,1406
60.5515778780009,2021,2434,1388,2931,1341,1402,2020,2421,1481,2914,1295,1406
60.561576112000694,2022,2438,1386,2931,1342,1402,2020,2424,1472,2917,1301,1406
60.571567723000044,2024,2442,1384,2930,1343,1402,2020,2427,1464,2919,1306,1406
60.581571288001214,2025,2445,1385,2928,1343,1402,2020,2430,1456,2921,1312,1406
60.59156682700086,2027,2448,1386,2925,1341,1402,2020,2434,1448,2922,1316,1406
60.60125279100066,2028,2451,1390,2922,1339,1402,2020,2437,1442,2922,1319,1406
60.61134272799973,2030,2453,1394,2919,1336,1402,2020,2441,1437,2922,1322,1406
60.62132994100102,2032,2455,1400,2915,1333,1402,2021,2445,1433,2922,1324,1406
60.631572587000846,2033,2456,1405,2912,1329,1402,2021,2448,1430,2921,1326,1406
60.641566022000916,2034,2456,1410,2910,1327,1402,2022,2451,1429,2921,1326,1406
60.65122010599953,2035,2456,1414,2908,1325,1402,2023,2454,1429,2920,1325,1406
60.66122240799996,2036,2456,1417,2908,1324,1402,2023,2456,1429,2919,1325,1406
60.671326001000125,2036,2455,1419,2909,1325,1402,2024,2458,1429,2918,1324,1406
60.6814252460008,2036,2453,1419,2909,1326,1402,2026,2459,1429,2917,1323,1406
60.691444338999645,2036,2452,1418,2911,1328,1402,2026,2461,1429,2915,1323,1406
60.70164556599957,2037,2450,1415,2911,1330,1402,2028,2462,1430,2915,1323,1406
60.711679506999644,2037,2448,1411,2912,1333,1402,2028,2463,1430,2915,1323,1406
60.72132383400094,2038,2445,1405,2911,1336,1402,2029,2463,1430,2915,1323,1406
60.73143108400109,2040,2443,1399,2910,1340,1402,2031,2463,1430,2915,1324,1406
60.74144388500099,2041,2441,1391,2909,1343,1402,2033,2463,1430,2915,1326,1406
60.751495349000834,2042,2440,1385,2908,1345,1402,2034,2463,1430,2915,1328,1406
60.761535353,2043,2439,1380,2907,1347,1402,2036,2462,1430,2915,1329,1406
60.77154719200007,2044,2439,1377,2906,1347,1402,2037,2461,1428,2914,1331,1406
60.78159362699989,2044,2439,1375,2906,1346,1402,2038,2461,1426,2914,1333,1406
60.791626246000305,2044,2440,1375,2906,1345,1402,2038,2461,1422,2914,1335,1406
60.801678121000805,2044,2442,1376,2907,1342,1402,2039,2461,1419,2914,1337,1406
60.81167539400121,2044,2444,1378,2909,1338,1402,2040,2461,1415,2914,1338,1406
60.82167995999953,2043,2445,1380,2910,1334,1402,2041,2461,1412,2914,1338,1406
60.831690888000594,2042,2446,1381,2912,1331,1402,2041,2461,1411,2914,1338,1406
60.841669454999646,2042,2446,1381,2913,1330,1402,2041,2461,1410,2914,1338,1406
60.85169463999955,2041,2445,1380,2913,1329,1402,2041,2461,1409,2914,1338,1406
60.861695507999684,2041,2442,1377,2914,1330,1402,2041,2461,1409,2914,1337,1406
60.871321259999604,2040,2439,1372,2914,1332,1402,2041,2461,1409,2914,1336,1406
60.88131852200058,2039,2436,1367,2914,1335,1402,2041,2461,1409,2914,1335,1406
60.89132223700108,2039,2432,1361,2913,1337,1402,2041,2461,1409,2914,1335,1406
60.90162508499998,2038,2429,1356,2913,1340,1402,2040,2461,1408,2914,1334,1406
60.91164927800128,2037,2428,1352,2913,1340,1402,2040,2461,1406,2914,1334,1406
60.921657140001116,2035,2429,1350,2914,1340,1402,2040,2461,1404,2914,1334,1406
60.931680943000174,2034,2430,1348,2914,1339,1402,2039,2461,1401,2914,1335,1406
60.94142274300066,2032,2433,1348,2915,1336,1402,2039,2462,1399,2914,1336,1406
60.95175184100117,2031,2436,1349,2917,1333,1402,2039,2462,1396,2914,1337,1406
60.96121993500128,2030,2440,1351,2919,1328,1402,2039,2462,1393,2914,1338,1406
60.97119290199953,2029,2443,1354,2920,1323,1402,2039,2462,1391,2914,1338,1406
60.98121871799958,2029,2445,1356,2922,1319,1402,2039,2462,1389,2914,1338,1406
60.991216431000794,2030,2445,1358,2924,1314,1402,2039,2461,1388,2914,1337,1406
61.00122122799985,2032,2444,1361,2927,1310,1402,2038,2460,1386,2914,1335,1406
61.011322225000185,2034,2443,1362,2929,1307,1402,2038,2460,1386,2915,1331,1406
61.02131855600055,2036,2441,1362,2932,1305,1402,2037,2459,1385,2917,1327,1406
61.031320988000516,2037,2441,1360,2934,1304,1402,2037,2459,1385,2918,1324,1406
61.04132137600027,2037,2441,1357,2936,1305,1402,2037,2459,1385,2920,1321,1406
61.05131812699983,2037,2443,1353,2937,1306,1402,2036,2459,1385,2923,1319,1406
61.061329916999966,2035,2444,1348,2939,1308,1402,2035,2459,1385,2925,1317,1406
61.07134680600029,2034,2446,1343,2941,1310,1402,2035,2460,1385,2927,1315,1406
61.08143590100008,2033,2447,1340,2942,1311,1402,2034,2461,1385,2929,1314,1406
61.09142611000061,2032,2446,1339,2943,1311,1402,2034,2461,1384,2931,1314,1406
61.10169849100021,2031,2445,1339,2943,1310,1402,2033,2462,1383,2933,1314,1406
61.11175046700009,2031,2442,1340,2944,1307,1402,2033,2462,1382,2934,1314,1406
61.121189175000836,2031,2439,1343,2944,1304,1402,2033,2462,1381,2936,1315,1406
61.13122142300017,2031,2434,1347,2944,1299,1402,2033,2462,1380,2937,1315,1406
61.14122522700018,2031,2430,1352,2945,1294,1402,2033,2462,1379,2938,1315,1406
61.15123597499951,2031,2426,1356,2945,1290,1402,2033,2462,1379,2938,1314,1406
61.16123523100032,2031,2423,1359,2945,1287,1402,2034,2461,1378,2939,1313,1406
61.17124746199988,2031,2422,1361,2946,1284,1402,2034,2460,1378,2939,1311,1406
61.18134438200104,2030,2422,1362,2946,1283,1402,2035,2459,1377,2940,1307,1406
61.19132222799999,2029,2423,1362,2947,1283,1402,2035,2459,1377,2941,1303,1406
61.20142631099952,2028,2426,1361,2948,1283,1402,2035,2458,1377,2941,1298,1406
61.211443231000885,2027,2429,1359,2948,1285,1402,2036,2457,1377,2942,1296,1406
61.221319254000264,2025,2433,1357,2948,1286,1402,2036,2457,1377,2943,1294,1406
61.231321045001096,2025,2435,1357,2948,1287,1402,2036,2457,1377,2944,1293,1406
61.241217025999504,2024,2436,1357,2948,1288,1402,2036,2458,1377,2945,1293,1406
61.25121897700046,2024,2435,1360,2947,1287,1402,2036,2458,1378,2945,1293,1406
61.2612029539996,2024,2434,1363,2945,1287,1402,2035,2459,1378,2945,1293,1406
61.271319752000636,2025,2432,1368,2942,1286,1402,2035,2459,1378,2945,1293,1406
61.28142502800074,2026,2429,1372,2939,1286,1402,2034,2459,1378,2945,1293,1406
61.29142638800113,2027,2428,1375,2936,1287,1402,2034,2459,1378,2945,1293,1406
61.30167561599956,2027,2427,1377,2932,1289,1402,2033,2459,1378,2945,1293,1406
61.31170163200113,2028,2428,1379,2928,1293,1402,2032,2459,1379,2945,1292,1406
61.32144634799988,2028,2428,1379,2925,1296,1402,2032,2459,1380,2944,1292,1406
61.33147102200019,2028,2428,1380,2923,1299,1402,2031,2459,1382,2943,1292,1406
61.341521534001004,2029,2428,1380,2921,1300,1402,2030,2458,1383,2941,1292,1406
61.35156647599979,2029,2426,1382,2921,1301,1402,2030,2458,1384,2939,1293,1406
61.36121991999971,2030,2423,1384,2921,1300,1402,2029,2458,1384,2936,1294,1406
61.371323201999985,2031,2418,1386,2923,1299,1402,2029,2458,1384,2934,1294,1406
61.38137332400038,2031,2413,1389,2925,1297,1402,2029,2458,1384,2932,1294,1406
61.39142676300071,2029,2408,1391,2926,1296,1402,2029,2458,1385,2931,1294,1406
61.401693273001,2027,2403,1393,2927,1296,1402,2029,2458,1387,2931,1294,1406
61.41168510500029,2024,2400,1394,2928,1296,1402,2029,2458,1388,2931,1294,1406
61.42171850500017,2021,2397,1395,2927,1298,1402,2029,2458,1391,2931,1294,1406
61.431349266000325,2017,2394,1396,2927,1300,1402,2029,2458,1392,2931,1294,1406
61.44137370899989,2013,2392,1397,2926,1301,1402,2029,2458,1394,2931,1294,1406
61.45133182800055,2011,2391,1398,2926,1302,1402,2030,2458,1395,2931,1294,1406
61.46143245500025,2010,2389,1400,2926,1302,1402,2030,2458,1396,2931,1294,1406
61.47162792100062,2009,2388,1403,2926,1301,1402,2029,2457,1397,2931,1295,1406
61.481252630999734,2010,2386,1407,2927,1299,1402,2027,2456,1398,2931,1295,1406
61.49119200300083,2011,2385,1412,2928,1296,1402,2026,2455,1399,2931,1296,1406
61.50121811000099,2013,2383,1417,2929,1292,1402,2025,2454,1401,2931,1296,1406
61.51125322400003,2014,2382,1420,2930,1289,1402,2025,2452,1404,2931,1296,1406
61.52131721200021,2014,2381,1422,2931,1287,1402,2024,2451,1406,2931,1296,1406
61.53132463300062,2013,2380,1423,2932,1286,1402,2023,2449,1409,2931,1295,1406
61.54131632499957,2011,2379,1422,2932,1285,1402,2021,2446,1412,2931,1294,1406
61.55143121900073,2009,2378,1420,2933,1285,1402,2019,2444,1415,2931,1294,1406
61.56144484200013,2006,2378,1417,2933,1286,1402,2018,2442,1418,2931,1293,1406
61.57144722399971,2003,2377,1412,2934,1288,1402,2017,2441,1420,2931,1293,1406
61.58147396200002,2001,2376,1405,2934,1291,1402,2016,2440,1420,2931,1292,1406
61.59149457800049,1999,2375,1398,2935,1294,1402,2015,2440,1420,2931,1292,1406
61.601599383000575,1998,2375,1393,2936,1298,1402,2014,2439,1420,2931,1291,1406
61.6116478920012,1998,2375,1388,2936,1301,1402,2014,2439,1420,2931,1291,1406
61.621626369000296,1998,2375,1385,2936,1304,1402,2014,2438,1420,2931,1291,1406
61.63169542600008,1999,2375,1384,2937,1307,1402,2013,2438,1420,2931,1291,1406
61.64167183000063,1999,2376,1384,2937,1309,1402,2012,2437,1420,2931,1291,1406
61.65169237600094,2000,2377,1385,2937,1311,1402,2011,2437,1418,2933,1292,1406
61.661694978000014,2001,2378,1388,2937,1312,1402,2010,2437,1416,2933,1294,1406
61.67144107599961,2002,2380,1392,2937,1313,1402,2010,2437,1415,2934,1297,1406
61.68168874100047,2004,2382,1398,2937,1314,1402,2010,2437,1413,2934,1299,1406
61.69170819499959,2005,2385,1403,2937,1314,1402,2009,2436,1413,2935,1301,1406
61.70144848200107,2006,2387,1407,2936,1315,1402,2009,2436,1413,2935,1302,1406
61.711446576000526,2007,2389,1410,2936,1314,1402,2008,2436,1413,2935,1304,1406
61.72142089500085,2008,2391,1411,2935,1314,1402,2007,2436,1413,2935,1305,1406
61.73164707900105,2008,2393,1411,2934,1314,1402,2007,2436,1413,2935,1306,1406
61.74164338000082,2008,2395,1409,2933,1314,1402,2006,2436,1415,2935,1306,1406
61.7513201870006,2008,2398,1406,2931,1313,1402,2006,2436,1416,2935,1307,1406
61.761317941000016,2008,2400,1402,2929,1313,1402,2006,2436,1417,2935,1308,1406
61.77131928000017,2008,2401,1397,2927,1314,1402,2006,2436,1417,2935,1308,1406
61.78132442700007,2008,2402,1394,2926,1315,1402,2006,2437,1417,2935,1308,1406
61.79131609900105,2008,2403,1392,2925,1316,1402,2006,2437,1418,2935,1309,1406
61.801315335000254,2009,2403,1392,2924,1318,1402,2006,2437,1418,2934,1309,1406
61.81132545100081,2009,2402,1393,2923,1320,1402,2007,2437,1418,2934,1310,1406
61.8213678989996,2011,2401,1395,2923,1323,1402,2007,2437,1418,2933,1310,1406
61.8317172549996,2012,2400,1399,2923,1327,1402,2008,2437,1418,2932,1311,1406
61.841193795000436,2015,2399,1404,2923,1331,1402,2009,2437,1418,2932,1312,1406
61.85124437800005,2017,2399,1409,2923,1335,1402,2009,2437,1418,2932,1314,1406
61.861260806001155,2019,2399,1413,2923,1338,1402,2009,2436,1417,2932,1316,1406
61.87132609699984,2021,2400,1416,2924,1340,1402,2010,2436,1417,2931,1318,1406
61.88144049000039,2023,2401,1417,2924,1342,1402,2011,2436,1417,2930,1320,1406
61.89142572000128,2025,2404,1417,2924,1342,1402,2012,2436,1418,2930,1323,1406
61.90156569099963,2027,2407,1415,2925,1342,1402,2012,2436,1419,2930,1326,1406
61.911567612,2028,2411,1411,2926,1341,1402,2012,2436,1421,2930,1328,1406
61.92154616900007,2030,2416,1407,2926,1339,1402,2012,2436,1422,2930,1330,1406
61.931692793001275,2031,2421,1400,2928,1337,1402,2013,2436,1422,2930,1332,1406
61.9416442290003,2032,2425,1395,2929,1336,1402,2014,2437,1422,2930,1333,1406
61.95167214899993,2032,2428,1389,2930,1334,1402,2016,2437,1422,2930,1334,1406
61.96169696300058,2032,2429,1385,2932,1334,1402,2017,2438,1422,2930,1334,1406
61.971227705000274,2031,2430,1382,2933,1334,1402,2018,2438,1422,2931,1334,1406
61.98125254000115,2030,2428,1380,2935,1334,1402,2020,2439,1422,2931,1334,1406
61.991674663000595,2028,2426,1378,2938,1336,1402,2021,2440,1421,2931,1334,1406
62.001318859000094,2026,2422,1378,2940,1338,1402,2024,2441,1420,2931,1334,1406
62.01131823600008,2025,2418,1379,2943,1342,1402,2026,2441,1417,2932,1334,1406
62.021317622000424,2024,2414,1380,2944,1345,1402,2026,2442,1415,2933,1334,1406
62.03131887100062,2024,2412,1382,2945,1347,1402,2027,2442,1413,2935,1334,1406
62.04142322500047,2026,2412,1384,2945,1350,1402,2028,2442,1412,2936,1334,1406
62.051643679000335,2028,2412,1387,2945,1352,1402,2028,2441,1412,2938,1335,1406
62.06164969800011,2031,2414,1390,2944,1354,1402,2028,2441,1411,2939,1337,1406
62.071648473000096,2036,2417,1392,2942,1355,1402,2028,2441,1411,2940,1339,1406
62.081375535000916,2040,2421,1395,2940,1356,1402,2028,2440,1411,2940,1341,1406
62.09142537700063,2043,2424,1397,2938,1357,1402,2028,2440,1411,2940,1343,1406
62.10144083300111,2045,2428,1398,2937,1357,1402,2028,2440,1411,2940,1345,1406
62.11144831400088,2046,2431,1398,2935,1356,1402,2027,2440,1411,2940,1346,1406
62.12131640299958,2046,2433,1398,2935,1355,1402,2027,2440,1411,2940,1348,1406
62.131695045000015,2045,2436,1397,2934,1354,1402,2028,2441,1411,2940,1350,1406
62.141672600000675,2043,2438,1396,2934,1352,1402,2030,2441,1411,2940,1351,1406
62.15167661400119,2040,2440,1393,2934,1350,1402,2031,2442,1411,2940,1351,1406
62.161675280000054,2037,2441,1389,2934,1348,1402,2032,2443,1411,2940,1350,1406
62.17142879200037,2035,2440,1386,2934,1347,1402,2032,2444,1411,2940,1350,1406
62.181690403000175,2033,2440,1383,2934,1347,1402,2034,2445,1411,2940,1350,1406
62.19144100900121,2032,2438,1380,2934,1348,1402,2036,2447,1411,2940,1350,1406
62.201420868999776,2033,2436,1376,2934,1349,1402,2038,2447,1411,2940,1349,1406
62.2114316469997,2034,2433,1373,2934,1352,1402,2038,2448,1411,2940,1349,1406
62.22144840500005,2036,2430,1369,2933,1356,1402,2038,2448,1410,2940,1349,1406
62.23149295700023,2039,2427,1366,2933,1359,1402,2039,2449,1408,2940,1349,1406
62.24152596699969,2041,2425,1363,2934,1362,1402,2039,2449,1407,2940,1349,1406
62.251678661999904,2042,2425,1361,2935,1364,1402,2039,2449,1406,2940,1349,1406
62.26164731999961,2042,2426,1360,2937,1366,1402,2040,2449,1405,2940,1350,1406
62.27164466300019,2042,2429,1359,2939,1367,1402,2040,2449,1404,2940,1352,1406
62.281315309001,2042,2432,1358,2943,1368,1402,2040,2449,1402,2940,1354,1406
62.291313703000924,2042,2436,1357,2947,1369,1402,2040,2449,1400,2940,1356,1406
62.30132410999977,2042,2440,1356,2951,1371,1402,2039,2449,1398,2940,1357,1406
62.311351088001175,2042,2442,1356,2954,1372,1402,2038,2449,1396,2941,1359,1406
62.32142713900066,2043,2444,1356,2956,1374,1402,2038,2449,1394,2941,1360,1406
62.33143979000124,2043,2445,1356,2958,1375,1402,2037,2448,1392,2943,1361,1406
62.341440408999915,2043,2446,1357,2958,1375,1402,2037,2448,1390,2945,1363,1406
62.351517521999995,2044,2446,1359,2957,1375,1402,2037,2449,1388,2947,1364,1406
62.361550100000386,2043,2445,1361,2956,1375,1402,2037,2451,1386,2949,1366,1406
62.37162026999977,2043,2444,1364,2953,1374,1402,2037,2452,1385,2951,1368,1406
62.381671123999695,2043,2443,1368,2950,1372,1402,2037,2453,1385,2951,1369,1406
62.39167015900057,2043,2441,1371,2946,1371,1402,2037,2453,1385,2951,1370,1406
62.40166993599996,2042,2440,1375,2942,1369,1402,2037,2454,1385,2951,1370,1406
62.411673370001154,2042,2439,1377,2939,1369,1402,2037,2455,1385,2951,1370,1406
62.421681261999765,2043,2438,1378,2936,1369,1402,2038,2455,1385,2951,1370,1406
62.43169064700123,2043,2439,1377,2935,1370,1402,2039,2455,1386,2951,1370,1406
62.44172185299976,2043,2439,1376,2935,1371,1402,2040,2456,1386,2950,1370,1406
62.45119642899954,2044,2441,1373,2936,1374,1402,2041,2456,1386,2948,1370,1406
62.461236703000395,2045,2443,1369,2937,1377,1402,2041,2456,1386,2946,1370,1406
62.47142501500093,2046,2446,1364,2940,1380,1402,2042,2456,1386,2945,1370,1406
62.48172203300055,2047,2449,1358,2943,1385,1402,2042,2455,1386,2945,1369,1406
62.491741427000306,2049,2452,1351,2947,1389,1402,2043,2455,1386,2944,1369,1406
62.50119495299987,2049,2455,1346,2950,1391,1402,2043,2454,1385,2944,1370,1406
62.51120493000053,2050,2457,1341,2952,1393,1402,2043,2454,1384,2945,1372,1406
62.5211970119999,2050,2458,1338,2954,1393,1402,2043,2455,1382,2946,1375,1406
62.53122145599991,2050,2459,1335,2955,1391,1402,2043,2457,1379,2947,1378,1406
62.54121484999996,2050,2459,1334,2955,1389,1402,2043,2459,1376,2948,1380,1406
62.55124350200094,2050,2458,1333,2955,1385,1402,2043,2461,1372,2949,1382,1406
62.56128651000108,2049,2457,1333,2954,1380,1402,2043,2463,1370,2951,1384,1406
62.57131385899993,2048,2456,1334,2953,1374,1402,2042,2465,1367,2951,1384,1406
62.5813165920008,2047,2454,1334,2951,1368,1402,2042,2466,1366,2952,1384,1406
62.59131319300104,2046,2452,1335,2950,1362,1402,2042,2466,1366,2952,1383,1406
62.601319782001156,2045,2451,1336,2948,1357,1402,2042,2467,1366,2952,1382,1406
62.61132837600053,2044,2450,1335,2948,1353,1402,2042,2467,1366,2952,1379,1406
62.62134335200062,2044,2450,1334,2947,1351,1402,2042,2467,1366,2952,1377,1406
62.63142076500117,2044,2450,1333,2948,1350,1402,2042,2467,1366,2952,1374,1406
62.641436973000964,2044,2451,1330,2948,1350,1402,2043,2467,1366,2952,1370,1406
62.651441599000464,2044,2452,1326,2950,1352,1402,2044,2466,1365,2952,1367,1406
62.661433139999644,2045,2454,1322,2952,1354,1402,2045,2466,1365,2952,1364,1406
62.67142102500111,2046,2456,1317,2954,1358,1402,2046,2466,1363,2952,1362,1406
62.681324080000195,2047,2458,1312,2957,1363,1402,2046,2466,1361,2952,1361,1406
62.69134922400008,2047,2459,1308,2959,1368,1402,2047,2466,1359,2952,1360,1406
62.70141788100045,2048,2459,1305,2961,1372,1402,2047,2466,1356,2953,1360,1406
62.71144871599972,2048,2459,1304,2962,1375,1402,2047,2466,1353,2953,1360,1406
62.72152279399961,2047,2457,1305,2962,1377,1402,2048,2466,1351,2953,1361,1406
62.731617679999545,2047,2455,1307,2962,1378,1402,2048,2467,1348,2955,1363,1406
62.741622896999615,2045,2451,1310,2961,1379,1402,2048,2467,1346,2957,1365,1406
62.75169995000033,2044,2447,1314,2960,1378,1402,2048,2467,1344,2958,1368,1406
62.761677866001264,2043,2443,1318,2958,1377,1402,2048,2467,1343,2958,1369,1406
62.77124630900107,2041,2441,1321,2957,1377,1402,2048,2467,1343,2958,1370,1406
62.781251726000846,2041,2439,1322,2957,1376,1402,2048,2467,1342,2958,1371,1406
62.79119216199979,2040,2438,1322,2957,1375,1402,2048,2466,1342,2958,1372,1406
62.801249287000246,2040,2439,1321,2958,1374,1402,2048,2466,1342,2958,1372,1406
62.811248072001035,2040,2440,1318,2959,1374,1402,2047,2466,1342,2958,1372,1406
62.82131343200126,2040,2441,1314,2960,1373,1402,2046,2466,1342,2958,1372,1406
62.83134343600068,2040,2442,1311,2961,1372,1402,2046,2466,1342,2958,1372,1406
62.84131736500058,2040,2441,1309,2961,1371,1402,2046,2466,1342,2958,1372,1406
62.85137049200057,2040,2439,1309,2961,1371,1402,2045,2466,1342,2958,1372,1406
62.861439640000754,2039,2436,1309,2960,1370,1402,2045,2466,1342,2959,1372,1406
62.871216806999655,2039,2435,1310,2959,1369,1402,2045,2466,1341,2959,1373,1406
62.88121631300055,2039,2435,1311,2958,1369,1402,2044,2466,1341,2959,1373,1406
62.89119378800024,2040,2436,1311,2958,1369,1402,2044,2466,1340,2959,1373,1406
62.901215576999675,2040,2439,1312,2958,1370,1402,2044,2467,1340,2959,1373,1406
62.91122319799979,2041,2443,1313,2958,1371,1402,2044,2467,1340,2959,1373,1406
62.921748908000154,2042,2448,1313,2958,1372,1402,2045,2467,1340,2959,1373,1406
62.9312455750005,2044,2453,1313,2959,1373,1402,2045,2467,1340,2959,1373,1406
62.941216298000654,2044,2457,1313,2959,1374,1402,2045,2467,1340,2959,1373,1406
62.95124688299984,2045,2460,1313,2959,1375,1402,2045,2466,1340,2959,1373,1406
62.96124794200114,2045,2461,1313,2959,1375,1402,2046,2466,1340,2959,1373,1406
62.9712244250004,2045,2462,1313,2958,1374,1402,2046,2466,1340,2959,1373,1406
62.98134010099966,2045,2460,1312,2957,1374,1402,2046,2467,1339,2959,1373,1406
62.99131432899958,2045,2458,1312,2956,1373,1402,2046,2469,1339,2959,1373,1406
63.00149792299999,2044,2455,1312,2955,1372,1402,2047,2470,1339,2959,1373,1406
63.01155169100093,2043,2452,1313,2954,1371,1402,2047,2471,1339,2959,1373,1406
63.02131365000059,2042,2451,1314,2953,1371,1402,2047,2472,1339,2959,1373,1406
63.03131627200128,2042,2451,1316,2953,1371,1402,2047,2472,1339,2959,1373,1406
63.04131188100109,2041,2452,1319,2953,1372,1402,2046,2473,1339,2959,1372,1406
63.05131518500093,2040,2455,1322,2953,1373,1402,2046,2473,1339,2959,1372,1406
63.06132086300022,2040,2458,1326,2953,1375,1402,2046,2473,1339,2959,1372,1406
63.071346198001265,2039,2460,1330,2954,1376,1402,2046,2473,1339,2959,1373,1406
63.08136760600064,2038,2461,1333,2954,1377,1402,2046,2473,1339,2959,1373,1406
63.09131995300049,2037,2461,1336,2953,1377,1402,2046,2473,1339,2959,1373,1406
63.10131375899982,2036,2459,1338,2953,1378,1402,2046,2473,1339,2959,1373,1406
63.111312393000844,2035,2456,1339,2952,1377,1402,2046,2473,1340,2959,1373,1406
63.12131167900043,2033,2452,1340,2951,1377,1402,2046,2472,1341,2959,1373,1406
63.131315103000816,2031,2447,1341,2950,1377,1402,2045,2472,1342,2959,1373,1406
63.14131192500099,2030,2440,1341,2949,1376,1402,2045,2471,1343,2959,1373,1406
63.15131716200085,2028,2433,1341,2947,1375,1402,2044,2471,1344,2958,1373,1406
63.16132204800124,2027,2427,1340,2946,1375,1402,2043,2471,1344,2958,1373,1406
63.17131603400048,2026,2422,1339,2946,1374,1402,2042,2471,1344,2956,1373,1406
63.1813270319999,2026,2419,1337,2945,1375,1402,2041,2471,1345,2956,1372,1406
63.19134033500086,2027,2417,1336,2945,1375,1402,2039,2472,1345,2955,1372,1406
63.20154322500093,2028,2416,1333,2945,1376,1402,2038,2473,1345,2954,1372,1406
63.21154433400079,2029,2417,1330,2946,1377,1402,2037,2473,1346,2954,1372,1406
63.22152380300031,2032,2418,1327,2946,1380,1402,2036,2473,1346,2953,1373,1406
63.23131731099966,2034,2421,1324,2948,1382,1402,2035,2473,1346,2953,1373,1406
63.24131416199998,2037,2424,1322,2949,1385,1402,2034,2473,1346,2953,1374,1406
63.251320962001046,2038,2425,1322,2950,1388,1402,2033,2473,1346,2952,1374,1406
63.261422100000345,2038,2425,1323,2951,1390,1402,2032,2473,1346,2952,1374,1406
63.27144338800099,2038,2423,1324,2952,1391,1402,2032,2472,1345,2952,1375,1406
63.281439608001165,2037,2421,1327,2952,1393,1402,2032,2471,1345,2952,1376,1406
63.29142191200117,2035,2417,1331,2953,1394,1402,2032,2471,1345,2952,1378,1406
63.30143794899959,2032,2412,1336,2953,1396,1402,2032,2471,1345,2952,1380,1406
63.311449569000615,2030,2406,1341,2954,1397,1402,2032,2469,1345,2952,1383,1406
63.32118708100097,2027,2400,1346,2954,1397,1402,2032,2468,1345,2952,1385,1406
63.331344534999516,2026,2396,1350,2955,1398,1402,2032,2468,1345,2952,1386,1406
63.34131893400081,2026,2393,1353,2956,1398,1402,2033,2466,1346,2952,1387,1406
63.35131316099978,2027,2390,1355,2957,1397,1402,2034,2465,1348,2952,1387,1406
63.36131741600002,2028,2388,1356,2959,1396,1402,2034,2463,1351,2952,1388,1406
63.37131623099958,2031,2385,1358,2961,1396,1402,2034,2461,1354,2953,1389,1406
63.38136778599983,2032,2383,1360,2962,1395,1402,2034,2459,1357,2953,1390,1406
63.39141857899995,2034,2382,1362,2963,1394,1402,2034,2457,1358,2953,1390,1406
63.40154799999982,2034,2382,1364,2963,1392,1402,2034,2455,1359,2954,1390,1406
63.4113191560009,2035,2384,1366,2962,1391,1402,2034,2453,1360,2956,1390,1406
63.42124519400022,2035,2387,1368,2962,1388,1402,2034,2451,1362,2957,1390,1406
63.43131747799998,2035,2391,1370,2960,1386,1402,2034,2449,1363,2958,1390,1406
63.441317824999715,2035,2396,1372,2959,1383,1402,2033,2447,1365,2958,1390,1406
63.45141783100007,2035,2403,1373,2957,1380,1402,2033,2446,1366,2958,1390,1406
63.461442945999806,2034,2410,1375,2955,1377,1402,2032,2445,1368,2958,1390,1406
63.47144900500098,2034,2415,1376,2953,1375,1402,2031,2445,1370,2958,1390,1406
63.48141941600079,2033,2419,1377,2951,1375,1402,2031,2445,1371,2958,1390,1406
63.49143750800067,2032,2422,1377,2949,1375,1402,2030,2445,1373,2958,1388,1406
63.501419461001205,2032,2424,1377,2948,1376,1402,2030,2445,1375,2958,1386,1406
63.51144626899986,2031,2424,1377,2946,1378,1402,2030,2445,1376,2958,1384,1406
63.521496761999515,2030,2423,1376,2945,1381,1402,2030,2446,1377,2957,1383,1406
63.53166875399984,2029,2420,1375,2944,1385,1402,2030,2447,1378,2956,1382,1406
63.5416909430005,2028,2417,1374,2943,1391,1402,2030,2448,1378,2955,1382,1406
63.55168953800057,2027,2412,1372,2943,1397,1402,2030,2448,1378,2954,1382,1406
63.56169735000003,2026,2406,1370,2942,1404,1402,2031,2448,1378,2953,1383,1406
63.571746019000784,2026,2402,1369,2943,1410,1402,2031,2448,1378,2952,1383,1406
63.58169119299964,2025,2399,1367,2944,1414,1402,2032,2448,1378,2952,1384,1406
63.59166757499952,2025,2397,1366,2945,1417,1402,2032,2448,1378,2951,1386,1406
63.60169111700088,2025,2396,1365,2946,1419,1402,2032,2448,1378,2951,1390,1406
63.611685444000614,2025,2397,1365,2948,1420,1402,2032,2447,1378,2951,1393,1406
63.62166683600117,2025,2399,1364,2950,1421,1402,2032,2446,1378,2951,1398,1406
63.631221413001185,2025,2403,1364,2953,1420,1402,2032,2445,1378,2951,1401,1406
63.64122201099963,2026,2407,1363,2955,1418,1402,2032,2445,1377,2951,1404,1406
63.651217099999485,2027,2412,1362,2957,1417,1402,2032,2444,1377,2951,1406,1406
63.661315903000286,2028,2416,1361,2958,1415,1402,2032,2444,1377,2951,1408,1406
63.67121951900117,2029,2420,1360,2958,1415,1402,2032,2444,1377,2951,1408,1406
63.681315788000575,2030,2422,1358,2958,1416,1402,2032,2444,1377,2952,1409,1406
63.69131331000062,2032,2423,1356,2956,1417,1402,2031,2444,1377,2953,1409,1406
63.701799836000646,2033,2423,1354,2953,1420,1402,2030,2445,1377,2954,1409,1406
63.71140427700084,2035,2423,1351,2949,1423,1402,2030,2445,1378,2955,1409,1406
63.72131420400001,2037,2421,1348,2944,1428,1402,2030,2446,1378,2955,1410,1406
63.73169821600095,2038,2419,1344,2939,1432,1402,2030,2446,1378,2955,1411,1406
63.741669028000615,2039,2417,1342,2935,1437,1402,2030,2446,1378,2954,1413,1406
63.751687771000434,2040,2416,1340,2931,1441,1402,2030,2446,1378,2954,1415,1406
63.76169229700099,2040,2415,1340,2928,1443,1402,2030,2446,1378,2952,1418,1406
63.77168753499973,2040,2414,1340,2926,1445,1402,2031,2446,1377,2950,1421,1406
63.781687792999946,2039,2415,1342,2925,1446,1402,2032,2446,1377,2947,1424,1406
63.791673764000734,2038,2416,1344,2925,1446,1402,2032,2446,1376,2944,1427,1406
63.801670635000846,2037,2418,1347,2926,1446,1402,2033,2446,1374,2942,1429,1406
63.81168987900128,2035,2420,1351,2928,1444,1402,2034,2446,1373,2939,1432,1406
63.821615916000155,2033,2422,1354,2930,1443,1402,2035,2445,1373,2938,1433,1406
63.83132006500091,2032,2424,1356,2933,1442,1402,2036,2445,1373,2937,1434,1406
63.84131110599992,2032,2425,1356,2935,1441,1402,2036,2445,1373,2937,1435,1406
63.85131962000014,2032,2426,1355,2936,1441,1402,2037,2445,1373,2937,1435,1406
63.861316270000316,2033,2426,1352,2938,1442,1402,2038,2445,1373,2937,1435,1406
63.87131367300026,2034,2426,1349,2939,1444,1402,2038,2445,1373,2937,1435,1406
63.88142657299977,2035,2425,1345,2941,1447,1402,2038,2445,1373,2938,1435,1406
63.89143930499995,2036,2423,1341,2942,1452,1402,2038,2445,1373,2938,1436,1406
63.90148993799994,2037,2421,1338,2943,1458,1402,2038,2445,1373,2939,1436,1406
63.911356452999826,2038,2419,1335,2944,1466,1402,2038,2446,1373,2939,1438,1406
63.92148974200063,2038,2416,1332,2946,1474,1402,2038,2446,1373,2940,1440,1406
63.931563498001196,2038,2414,1330,2947,1483,1402,2038,2446,1372,2940,1442,1406
63.94156867499987,2038,2412,1329,2949,1491,1402,2038,2446,1371,2941,1446,1406
63.95156520599994,2038,2411,1327,2950,1499,1402,2038,2446,1370,2941,1449,1406
63.9615956409998,2038,2411,1326,2951,1505,1402,2038,2446,1368,2942,1454,1406
63.971245808001186,2038,2411,1324,2952,1510,1402,2038,2446,1366,2943,1458,1406
63.98124312000073,2038,2412,1323,2954,1513,1402,2038,2446,1364,2945,1464,1406
63.99125133300004,2038,2414,1321,2955,1515,1402,2038,2446,1362,2946,1469,1406
64.00166683499992,2038,2417,1319,2956,1516,1402,2038,2446,1360,2947,1475,1406
64.01139878600043,2038,2420,1317,2957,1516,1402,2038,2445,1358,2948,1481,1406
64.02143618400078,2038,2425,1314,2958,1515,1402,2038,2445,1356,2949,1485,1406
64.03147050600091,2039,2430,1311,2959,1512,1402,2038,2445,1354,2950,1490,1406
64.0414895190006,2039,2437,1309,2960,1508,1402,2038,2445,1352,2951,1494,1406
64.0515251630004,2039,2444,1305,2961,1502,1402,2038,2445,1350,2952,1497,1406
64.0615456200012,2040,2452,1302,2962,1496,1402,2038,2445,1349,2953,1499,1406
64.07164325099984,2040,2461,1300,2963,1488,1402,2038,2447,1347,2954,1499,1406
64.0816690770007,2041,2469,1298,2964,1480,1402,2038,2449,1344,2956,1498,1406
64.09168610599954,2041,2475,1296,2965,1474,1402,2038,2452,1341,2957,1497,1406
64.10141932999977,2042,2480,1296,2965,1468,1402,2038,2455,1338,2958,1495,1406
64.11143949600046,2042,2484,1297,2965,1463,1402,2038,2458,1335,2959,1493,1406
64.12141586899997,2042,2487,1298,2965,1459,1402,2038,2463,1333,2960,1490,1406
64.13144429000022,2042,2488,1301,2965,1456,1402,2038,2467,1330,2960,1487,1406
64.14143988900105,2042,2488,1304,2964,1455,1402,2038,2472,1328,2960,1483,1406
64.15156121499967,2042,2487,1308,2964,1455,1402,2038,2477,1328,2961,1480,1406
64.16154662400004,2041,2484,1313,2963,1456,1402,2038,2481,1327,2961,1476,1406
64.17155225200077,2041,2480,1318,2962,1458,1402,2038,2485,1327,2962,1472,1406
64.18151616100113,2040,2474,1325,2961,1462,1402,2038,2487,1327,2962,1469,1406
64.19155080400014,2040,2467,1332,2960,1467,1402,2038,2490,1327,2962,1468,1406
64.20185056700029,2039,2460,1340,2959,1472,1402,2038,2491,1328,2962,1467,1406
64.21134333699956,2038,2452,1346,2957,1478,1402,2038,2492,1331,2962,1467,1406
64.22141858699979,2038,2446,1352,2956,1483,1402,2038,2492,1334,2962,1467,1406
64.23143935299959,2037,2441,1356,2956,1487,1402,2038,2492,1337,2962,1468,1406
64.24141827099993,2037,2438,1359,2955,1490,1402,2038,2491,1341,2962,1470,1406
64.25144068000009,2037,2435,1362,2955,1492,1402,2038,2490,1344,2962,1472,1406
64.26144062800086,2037,2434,1363,2954,1493,1402,2038,2488,1348,2962,1475,1406
