ramp,t,pos_raw,vel_raw,goal_raw
pos,8.999995770864189e-08,694,0,1372
pos,0.0009262900002795504,694,0,1372
pos,0.001518352999482886,694,0,1372
pos,0.0021141130000614794,694,0,1372
pos,0.002715193000767613,694,0,1372
pos,0.003308568000647938,694,0,1372
pos,0.0038591049997194204,694,0,1372
pos,0.004463531000510557,694,0,1372
pos,0.0050607030007086,694,0,1372
pos,0.005611290000160807,694,0,1372
pos,0.006265508000069531,694,0,1372
pos,0.006858533000922762,694,0,1372
pos,0.007463640000423766,694,0,1372
pos,0.008033742000407074,694,0,1372
pos,0.008605266999438754,694,0,1372
pos,0.00920998400033568,694,0,1372
pos,0.009785206000742619,694,0,1372
pos,0.010362021001128596,694,0,1372
pos,0.010997714000041015,694,0,1372
pos,0.011608591999902274,694,0,1372
pos,0.012241550999533501,694,0,1372
pos,0.01282843400076672,694,0,1372
pos,0.013405499999862514,694,0,1372
pos,0.014026527000169153,694,0,1372
pos,0.014584095999452984,694,0,1372
pos,0.015215171000818373,694,0,1372
pos,0.015781416001118487,694,0,1372
pos,0.016358442000637297,694,0,1372
pos,0.016982985000140616,694,0,1372
pos,0.017573896000612876,694,0,1372
pos,0.018157943999540294,694,0,1372
pos,0.01875301300060528,694,0,1372
pos,0.019332953999764868,694,0,1372
pos,0.019912863999707042,694,0,1372
pos,0.020534360999590717,694,0,1372
pos,0.02110379300029308,694,0,1372
pos,0.02171218600051361,694,0,1372
pos,0.022311251999781234,694,0,1372
pos,0.022853964001114946,694,0,1372
pos,0.023461865999706788,694,0,1372
pos,0.024059659999693395,694,0,1372
pos,0.02460361399971589,694,0,1372
pos,0.025226394000128494,694,0,1372
pos,0.025824017000559252,694,0,1372
pos,0.026408416000776924,694,0,1372
pos,0.02700399599962111,694,0,1372
pos,0.027576974000112386,694,0,1372
pos,0.02815838700007589,694,0,1372
pos,0.02873381000063091,694,0,1372
pos,0.029338787000597222,694,0,1372
pos,0.029906605001087883,694,0,1372
pos,0.030476407000605832,694,0,1372
pos,0.031081314000402926,694,0,1372
pos,0.031658048999815946,694,0,1372
pos,0.032279256000038004,694,0,1372
pos,0.03286022800057253,694,0,1372
pos,0.03345997500036901,694,0,1372
pos,0.03403152099963336,694,0,1372
pos,0.03460258499944757,694,0,1372
pos,0.035206971000661724,694,0,1372
pos,0.03578349500094191,694,0,1372
pos,0.036352405999423354,694,0,1372
pos,0.03697609700066096,694,0,1372
pos,0.03757182700064732,694,0,1372
pos,0.03816105500118283,694,0,1372
pos,0.0387341630012088,694,0,1372
pos,0.03933201700056088,694,0,1372
pos,0.03990420300033293,694,0,1372
pos,0.04048258100010571,694,0,1372
pos,0.04108233800070593,694,0,1372
pos,0.04165805100092257,694,0,1372
pos,0.042279919000066,694,0,1372
pos,0.04282490500008862,694,0,1372
pos,0.04340446599962888,694,0,1372
pos,0.04400205899946741,694,0,1372
pos,0.0445715999994718,694,0,1372
pos,0.045160838000811054,694,0,1372
pos,0.04573423700094281,695,0,1372
pos,0.046330728000612,695,0,1372
pos,0.04690345600101864,695,0,1372
pos,0.047476634001213824,695,0,1372
pos,0.048083634001159226,695,0,1372
pos,0.0486587960003817,695,0,1372
pos,0.04928297900005418,695,0,1372
pos,0.04985216900058731,695,0,1372
pos,0.05045995200089237,695,0,1372
pos,0.05102961400007189,695,0,1372
pos,0.05162968100012222,696,100,1372
pos,0.05225682899981621,696,100,1372
pos,0.052823916001216276,696,100,1372
pos,0.053410279000672745,696,100,1372
pos,0.054003003000616445,696,100,1372
pos,0.05460782000045583,696,100,1372
pos,0.05521014199985075,696,100,1372
pos,0.055778129999453085,696,100,1372
pos,0.05635482500110811,697,100,1372
pos,0.05698261399993498,697,100,1372
pos,0.05758322300061991,697,100,1372
pos,0.058225699000104214,697,100,1372
pos,0.05882266099979461,698,100,1372
pos,0.05940775199997006,698,100,1372
pos,0.06000088700056949,698,100,1372
pos,0.06060361900017597,698,100,1372
pos,0.061209347999465535,698,100,1372
pos,0.06177761700018891,698,100,1372
pos,0.06233125899962033,699,100,1372
pos,0.0629028040002595,699,100,1372
pos,0.06347517100039113,699,100,1372
pos,0.06408005800039973,699,100,1372
pos,0.06468481500087364,699,100,1372
pos,0.06528042399986589,700,100,1372
pos,0.06585904200073855,700,100,1372
pos,0.06645867900078883,700,100,1372
pos,0.06703193800058216,700,100,1372
pos,0.0675997960006498,701,100,1372
pos,0.06820921100006672,701,100,1372
pos,0.06880939900111116,702,100,1372
pos,0.06940837500042107,702,100,1372
pos,0.07001480500002799,702,100,1372
pos,0.07061542399969767,703,100,1372
pos,0.07120453100105806,703,350,1372
pos,0.07178342999941378,703,350,1372
pos,0.07235093800045433,704,350,1372
pos,0.07297976900008507,704,350,1372
pos,0.07357107099960558,704,350,1372
pos,0.0741554289998021,704,350,1372
pos,0.07472566199976427,705,350,1372
pos,0.07533624999996391,705,350,1372
pos,0.07597879599961743,705,350,1372
pos,0.07657318299970939,706,350,1372
pos,0.07715379500041308,706,350,1372
pos,0.07772607200058701,707,350,1372
pos,0.07833195100101875,708,350,1372
pos,0.07890325500011386,708,350,1372
pos,0.07950788200105308,708,350,1372
pos,0.08008536800116417,708,350,1372
pos,0.080681559000368,709,350,1372
pos,0.08128556399969966,710,350,1372
pos,0.08185058700109948,710,350,1372
pos,0.082459381001172,711,350,1372
pos,0.08303207900098641,711,350,1372
pos,0.08360894399993413,712,350,1372
pos,0.08421214800000598,712,350,1372
pos,0.08478477500102599,712,350,1372
pos,0.085350348999782,713,350,1372
pos,0.08597885000017413,713,350,1372
pos,0.08658613099942158,714,350,1372
pos,0.08722541099996306,715,350,1372
pos,0.0878221430011763,715,350,1372
pos,0.0884079040006327,716,350,1372
pos,0.08900185099992086,716,350,1372
pos,0.08959963500092272,717,350,1372
pos,0.09023705100116786,718,350,1372
pos,0.09082614900034969,718,350,1372
pos,0.09141061800073658,719,800,1372
pos,0.0920017700009339,719,800,1372
pos,0.09258215100089728,720,800,1372
pos,0.09315292500104988,720,800,1372
pos,0.09372465100022964,720,800,1372
pos,0.09433049899962498,721,800,1372
pos,0.0949057920006453,721,800,1372
pos,0.09548214499955066,722,800,1372
pos,0.0960799690001295,722,800,1372
pos,0.09665753599983873,723,800,1372
pos,0.09728142800122441,725,800,1372
pos,0.09785043800002313,725,800,1372
pos,0.09845925199988415,726,800,1372
pos,0.09902748100103054,726,800,1372
pos,0.09960780300025363,727,800,1372
pos,0.10020483500011323,728,800,1372
pos,0.10077987700060476,728,800,1372
pos,0.10138148800069757,729,800,1372
pos,0.10198307800055773,729,800,1372
pos,0.10258143300052325,730,800,1372
pos,0.10320489399964572,732,800,1372
pos,0.10377916499965067,732,800,1372
pos,0.10437560600075813,733,800,1372
pos,0.10498249600095733,733,800,1372
pos,0.10558066100020369,734,800,1372
pos,0.10620427200046834,735,800,1372
pos,0.10678459399969142,735,800,1372
pos,0.10737567500109435,737,800,1372
pos,0.10797720600021421,737,800,1372
pos,0.10857086200121557,738,800,1372
pos,0.10915202500109444,739,800,1372
pos,0.1097518320002564,739,800,1372
pos,0.11033536899958563,741,800,1372
pos,0.11090133400102786,741,1150,1372
pos,0.11147834000075818,742,1150,1372
pos,0.11208018100114714,743,1150,1372
pos,0.11265486199954466,743,1150,1372
pos,0.11327921500014781,745,1150,1372
pos,0.11385587900076644,745,1150,1372
pos,0.11446159800107125,746,1150,1372
pos,0.11502913600088505,746,1150,1372
pos,0.11559949900038191,747,1150,1372
pos,0.11620471599962912,749,1150,1372
pos,0.11680849100048363,749,1150,1372
pos,0.11740184700101963,750,1150,1372
pos,0.11800737500016112,750,1150,1372
pos,0.11856953200003773,752,1150,1372
pos,0.11915243800103781,753,1150,1372
pos,0.1197238839995407,753,1150,1372
pos,0.12033330899976136,755,1150,1372
pos,0.12090953299957619,755,1150,1372
pos,0.12147331400046824,757,1150,1372
pos,0.1220787719994405,758,1150,1372
pos,0.12265301200022805,758,1150,1372
pos,0.12328166199949919,760,1150,1372
pos,0.1238496509995457,760,1150,1372
pos,0.124467141000423,762,1150,1372
pos,0.12505401499947766,763,1150,1372
pos,0.12559906100068474,763,1150,1372
pos,0.12620445900029154,765,1150,1372
pos,0.12677878999966197,765,1150,1372
pos,0.12735137600066082,766,1150,1372
pos,0.12797383600081957,766,1150,1372
pos,0.12858400200093456,768,1150,1372
pos,0.12920354600100836,770,1150,1372
pos,0.12978308600031596,770,1150,1372
pos,0.13035271800072223,771,1150,1372
pos,0.13097805300094478,771,1550,1372
pos,0.13157008599955589,773,1550,1372
pos,0.1321772270002839,775,1550,1372
pos,0.13279158099976485,775,1550,1372
pos,0.13337955600036366,777,1550,1372
pos,0.13397495600111142,778,1550,1372
pos,0.13456996400054777,778,1550,1372
pos,0.13515132800057472,780,1550,1372
pos,0.1357233439994161,780,1550,1372
pos,0.13632908200088423,782,1550,1372
pos,0.1369008780002332,782,1550,1372
pos,0.1374729439994553,784,1550,1372
pos,0.13807859200096573,786,1550,1372
pos,0.13865043800069543,786,1550,1372
pos,0.13928412799941725,788,1550,1372
pos,0.13985280800079636,788,1550,1372
pos,0.14045521099978941,790,1550,1372
pos,0.14102624500083039,792,1550,1372
pos,0.141597929999989,792,1550,1372
pos,0.1422228740011633,794,1550,1372
pos,0.14282120899952133,794,1550,1372
pos,0.14339927600121882,796,1550,1372
pos,0.14399846299966157,798,1550,1372
pos,0.14457853400017484,798,1550,1372
pos,0.14515116100119485,800,1550,1372
pos,0.1457227660011995,800,1550,1372
pos,0.146331199000997,802,1550,1372
pos,0.14690582000002905,804,1550,1372
pos,0.1474719060006464,804,1550,1372
pos,0.148082763000275,806,1550,1372
pos,0.1486808680001559,806,1550,1372
pos,0.1492797339997196,808,1550,1372
pos,0.14985150900065491,808,1550,1372
pos,0.1504565260001982,811,1550,1372
pos,0.15102542600106972,813,2000,1372
pos,0.15160395500060986,813,2000,1372
pos,0.15220233900072344,815,2000,1372
pos,0.15277813300053822,815,2000,1372
pos,0.15337929300039832,817,2000,1372
pos,0.15397603400015214,819,2000,1372
pos,0.1545686890003708,819,2000,1372
pos,0.15515767600118124,822,2000,1372
pos,0.15572222800074087,822,2000,1372
pos,0.1563319440010673,824,2000,1372
pos,0.1569915319996653,827,2000,1372
pos,0.15757292499984032,827,2000,1372
pos,0.15815582200048084,829,2000,1372
pos,0.15872181700069632,829,2000,1372
pos,0.15933242400024028,832,2000,1372
pos,0.15997948800031736,834,2000,1372
pos,0.16056813500108547,834,2000,1372
pos,0.1611495390006894,837,2000,1372
pos,0.1617238790004194,837,2000,1372
pos,0.162307927999791,839,2000,1372
pos,0.16284663199985516,839,2000,1372
pos,0.16343347600013658,842,2000,1372
pos,0.16402447700056655,844,2000,1372
pos,0.16459625300012704,844,2000,1372
pos,0.16520265200051654,847,2000,1372
pos,0.16577460799999244,847,2000,1372
pos,0.16634619400065276,849,2000,1372
pos,0.16697141800068493,852,2000,1372
pos,0.16756818999965617,852,2000,1372
pos,0.16814830099974643,854,2000,1372
pos,0.1687223509998148,854,2000,1372
pos,0.16933248700115655,857,2000,1372
pos,0.1699100030000409,859,2000,1372
pos,0.1704761889996007,859,2000,1372
pos,0.17107768999994732,861,2400,1372
pos,0.1716531220008619,861,2400,1372
pos,0.17227779499989992,864,2400,1372
pos,0.17284707699946011,867,2400,1372
pos,0.1734555900002306,867,2400,1372
pos,0.17403086200101825,869,2400,1372
pos,0.1745965360005357,869,2400,1372
pos,0.17520585100101016,871,2400,1372
pos,0.1757476120001229,871,2400,1372
pos,0.17633173000103852,874,2400,1372
pos,0.1769030150007893,877,2400,1372
pos,0.17747107400100504,877,2400,1372
pos,0.17808134100050665,880,2400,1372
pos,0.17864876800013008,880,2400,1372
pos,0.17927923200113582,882,2400,1372
pos,0.17984663999959594,885,2400,1372
pos,0.18045479300053557,885,2400,1372
pos,0.18105019200083916,887,2400,1372
pos,0.18159642099999473,887,2400,1372
pos,0.18222508100006962,890,2400,1372
pos,0.18281878699963272,892,2400,1372
pos,0.18339925899999798,892,2400,1372
pos,0.18397583400110307,895,2400,1372
pos,0.18456696500106773,895,2400,1372
pos,0.18514835899986792,897,2400,1372
pos,0.18572063499959768,897,2400,1372
pos,0.1863258230005158,900,2400,1372
pos,0.18690287800018268,902,2400,1372
pos,0.18749672400008421,902,2400,1372
pos,0.18809529899954214,905,2400,1372
pos,0.18870449399946665,905,2400,1372
pos,0.18927775300107896,908,2400,1372
pos,0.1898452109999198,910,2400,1372
pos,0.19045401500079606,910,2600,1372
pos,0.19102555000063148,913,2600,1372
pos,0.19159509100063588,913,2600,1372
pos,0.1922052480003913,916,2600,1372
pos,0.19280490500023006,918,2600,1372
pos,0.1933990220004489,918,2600,1372
pos,0.19399979099944176,921,2600,1372
pos,0.19456621700010146,921,2600,1372
pos,0.19515071600108058,924,2600,1372
pos,0.19571934600025997,926,2600,1372
pos,0.1963259559997823,926,2600,1372
pos,0.19689763099995616,929,2600,1372
pos,0.19746996799949557,929,2600,1372
pos,0.19807542600028683,932,2600,1372
pos,0.19864928599963605,932,2600,1372
pos,0.1992767339997954,935,2600,1372
pos,0.1998448530011956,937,2600,1372
pos,0.20045421800023178,937,2600,1372
pos,0.2010221470009128,940,2600,1372
pos,0.2015942729995004,940,2600,1372
pos,0.20220400899961533,943,2600,1372
pos,0.20277161699959834,946,2600,1372
pos,0.20335104700097872,946,2600,1372
pos,0.2039693980004813,949,2600,1372
pos,0.20456669099985447,949,2600,1372
pos,0.20514999800070655,951,2600,1372
pos,0.20571891799954756,954,2600,1372
pos,0.20632442600071954,954,2600,1372
pos,0.20697379500052193,956,2600,1372
pos,0.20757428400065692,956,2600,1372
pos,0.20822689899978286,959,2600,1372
pos,0.20881818099951488,962,2600,1372
pos,0.20939650900072593,962,2600,1372
pos,0.20997368400094274,965,2600,1372
pos,0.21057576600105676,965,2700,1372
pos,0.21120206200066605,967,2700,1372
pos,0.21177143299973977,970,2700,1372
pos,0.21234893000109878,970,2700,1372
pos,0.21297735000007378,973,2700,1372
pos,0.21356532600111677,973,2700,1372
pos,0.21416297900032077,976,2700,1372
pos,0.2147253670009377,979,2700,1372
pos,0.21532531500088226,979,2700,1372
pos,0.21589765200042166,981,2700,1372
pos,0.2164692770002148,981,2700,1372
pos,0.2170796740010701,984,2700,1372
pos,0.21767513400118332,987,2700,1372
pos,0.2182723559999431,987,2700,1372
pos,0.21884857999975793,990,2700,1372
pos,0.21945313600008376,990,2700,1372
pos,0.2200222669998766,993,2700,1372
pos,0.22059354200064263,995,2700,1372
pos,0.22120373899997503,995,2700,1372
pos,0.22177464299966232,998,2700,1372
pos,0.2223698620000505,998,2700,1372
pos,0.2229722040010529,1001,2700,1372
pos,0.22357843300051172,1001,2700,1372
pos,0.22420246500041685,1004,2700,1372
pos,0.2247717560003366,1006,2700,1372
pos,0.22534381200057396,1006,2700,1372
pos,0.22596895700007735,1009,2700,1372
pos,0.22656719100086775,1009,2700,1372
pos,0.22715043800053536,1012,2700,1372
pos,0.22774467499948514,1015,2700,1372
pos,0.2283241850000195,1015,2700,1372
pos,0.22889962699991884,1018,2700,1372
pos,0.2294690790004097,1018,2700,1372
pos,0.23007430600046064,1021,2700,1372
pos,0.23067233100118756,1024,2850,1372
pos,0.23127967199980048,1024,2850,1372
pos,0.23184287200092513,1026,2850,1372
pos,0.2324521869995806,1026,2850,1372
pos,0.23302429300019867,1029,2850,1372
pos,0.233593042999928,1032,2850,1372
pos,0.23421790700012934,1032,2850,1372
pos,0.23481901699960872,1035,2850,1372
pos,0.23540030000003753,1035,2850,1372
pos,0.2359992860001512,1038,2850,1372
pos,0.23657415700108686,1041,2850,1372
pos,0.2371490490004362,1041,2850,1372
pos,0.23771880099957343,1044,2850,1372
pos,0.23832913700061908,1044,2850,1372
pos,0.23887047700009134,1047,2850,1372
pos,0.23946830100067018,1047,2850,1372
pos,0.24007509100010793,1049,2850,1372
pos,0.24064975200053595,1052,2850,1372
pos,0.241271400000187,1052,2850,1372
pos,0.2418436269999802,1055,2850,1372
pos,0.24245196999982,1055,2850,1372
pos,0.24302734199955012,1058,2850,1372
pos,0.2435931870004424,1061,2850,1372
pos,0.24419836400011263,1061,2850,1372
pos,0.24477817499973753,1064,2850,1372
pos,0.24535014100001717,1064,2850,1372
pos,0.2459679010007676,1067,2850,1372
pos,0.2465650039994216,1070,2850,1372
pos,0.24714533500082325,1070,2850,1372
pos,0.24771785200027807,1073,2850,1372
pos,0.24832442200022342,1073,2850,1372
pos,0.24889490500027023,1075,2850,1372
pos,0.24946747300054994,1078,2850,1372
pos,0.25007349199950113,1078,2850,1372
pos,0.25065049700060626,1081,2850,1372
pos,0.25127001100008783,1081,2850,1372
pos,0.25184782699943753,1084,2850,1372
pos,0.25245134200122266,1084,2850,1372
pos,0.25304615999993985,1086,2850,1372
pos,0.2535923079994973,1090,2850,1372
pos,0.2542170819997409,1090,2850,1372
pos,0.2548156770008063,1092,2850,1372
pos,0.25539763199958543,1092,2850,1372
pos,0.25599351200071396,1095,2850,1372
pos,0.25656336400061264,1098,2850,1372
pos,0.2571488749999844,1098,2850,1372
pos,0.25771649300077115,1100,2850,1372
pos,0.25832369400086463,1100,2850,1372
pos,0.2588998379997065,1103,2850,1372
pos,0.25952372000028845,1106,2850,1372
pos,0.26009320100092737,1106,2850,1372
pos,0.2607007229998999,1108,2850,1372
pos,0.26127521300077206,1108,2850,1372
pos,0.26184226000077615,1111,2850,1372
pos,0.2624503429997276,1114,2850,1372
pos,0.26302675700026157,1114,2850,1372
pos,0.2635918110008788,1117,2850,1372
pos,0.2642024280012265,1117,2850,1372
pos,0.2647764379998989,1119,2850,1372
pos,0.2653425429998606,1119,2850,1372
pos,0.26597403900086647,1122,2850,1372
pos,0.2665630669998791,1125,2850,1372
pos,0.26714974000060465,1125,2850,1372
pos,0.26771723800084146,1127,2850,1372
pos,0.26832840600036434,1127,2850,1372
pos,0.26889753700015717,1130,2850,1372
pos,0.26946663800117676,1132,2850,1372
pos,0.2700821440012078,1132,2700,1372
pos,0.2706705900000088,1135,2700,1372
pos,0.27127276200008055,1135,2700,1372
pos,0.27184224400116364,1138,2700,1372
pos,0.27245253100045375,1141,2700,1372
pos,0.27301890600028855,1141,2700,1372
pos,0.27359162399989145,1143,2700,1372
pos,0.27419644000110566,1143,2700,1372
pos,0.2747692080010893,1146,2700,1372
pos,0.2753466340000159,1146,2700,1372
pos,0.27596624800025893,1148,2700,1372
pos,0.27656342100090114,1150,2700,1372
pos,0.2771476990001247,1150,2700,1372
pos,0.2777160890000232,1153,2700,1372
pos,0.2783263960009208,1153,2700,1372
pos,0.278895425999508,1156,2700,1372
pos,0.27947337300065556,1158,2700,1372
pos,0.28008022399990296,1158,2700,1372
pos,0.2806463890010491,1160,2700,1372
pos,0.2812688280009752,1160,2700,1372
pos,0.2818449320002401,1163,2700,1372
pos,0.2824495080003544,1166,2700,1372
pos,0.2830500170002779,1166,2700,1372
pos,0.2836183660001552,1168,2700,1372
pos,0.28428109000014956,1168,2700,1372
pos,0.28484092300095654,1170,2700,1372
pos,0.28544942699954845,1172,2700,1372
pos,0.28601836699999694,1172,2700,1372
pos,0.2865904539994517,1175,2700,1372
pos,0.2871962320004968,1175,2700,1372
pos,0.2877697010007978,1177,2700,1372
pos,0.2883446020005067,1179,2700,1372
pos,0.28896610000083456,1179,2700,1372
pos,0.28957242900105484,1182,2700,1372
pos,0.2901974529995641,1182,2500,1372
pos,0.29076872800033016,1185,2500,1372
pos,0.29134079399955226,1187,2500,1372
pos,0.29196577800030354,1187,2500,1372
pos,0.29256297100073425,1189,2500,1372
pos,0.29314313200120523,1189,2500,1372
pos,0.2937152180002158,1191,2500,1372
pos,0.2943226400002459,1194,2500,1372
pos,0.29489674999967974,1194,2500,1372
pos,0.2954916279995814,1196,2500,1372
pos,0.2960940410011972,1196,2500,1372
pos,0.29669946800095204,1198,2500,1372
pos,0.29729715200119244,1200,2500,1372
pos,0.29784032399948046,1200,2500,1372
pos,0.29844908800077974,1202,2500,1372
pos,0.29901949200029776,1202,2500,1372
pos,0.29959035600040806,1204,2500,1372
pos,0.30019521299982443,1204,2500,1372
pos,0.3007732700007182,1207,2500,1372
pos,0.3013451860006171,1209,2500,1372
pos,0.30196924800111447,1209,2500,1372
pos,0.3025614910002332,1211,2500,1372
pos,0.30314602100042976,1211,2500,1372
pos,0.3037201309998636,1213,2500,1372
pos,0.30432010799995624,1215,2500,1372
pos,0.3048923050009762,1215,2500,1372
pos,0.3054644410003675,1217,2500,1372
pos,0.3060744980011805,1217,2500,1372
pos,0.30664220600010594,1219,2500,1372
pos,0.30727162800030783,1221,2500,1372
pos,0.3078714450002735,1221,2500,1372
pos,0.3085190109995892,1223,2500,1372
pos,0.3090962070000387,1223,2500,1372
pos,0.30970085300032224,1225,2500,1372
pos,0.31029907800075307,1227,2100,1372
pos,0.31087191500046174,1227,2100,1372
pos,0.3114955170003668,1229,2100,1372
pos,0.31209465299980366,1229,2100,1372
pos,0.3127010420012084,1231,2100,1372
pos,0.31330091000018,1233,2100,1372
pos,0.313846958000795,1233,2100,1372
pos,0.314455812000233,1234,2100,1372
pos,0.31504501000017626,1234,2100,1372
pos,0.31564597000033245,1236,2100,1372
pos,0.3162721660009993,1238,2100,1372
pos,0.3168386620000092,1238,2100,1372
pos,0.3174491690006107,1240,2100,1372
pos,0.3180223970011866,1240,2100,1372
pos,0.318591066999943,1242,2100,1372
pos,0.3191984090008191,1244,2100,1372
pos,0.31976804100122536,1244,2100,1372
pos,0.32034025699977065,1246,2100,1372
pos,0.3209695080004167,1246,2100,1372
pos,0.32157496600120794,1247,2100,1372
pos,0.32214366600055655,1247,2100,1372
pos,0.3227201610006887,1249,2100,1372
pos,0.3258178500000213,1254,2100,1372
pos,0.32639821200064034,1256,2100,1372
pos,0.3270039500002895,1256,2100,1372
pos,0.3275903530011419,1257,2100,1372
pos,0.32819470899994485,1259,2100,1372
pos,0.32876668500102824,1259,2100,1372
pos,0.3293776330010587,1260,2100,1372
pos,0.3299675620000926,1260,1750,1372
pos,0.3305610780007555,1262,1750,1372
pos,0.3311452460002329,1263,1750,1372
pos,0.33171403699998336,1263,1750,1372
pos,0.33232471399969654,1265,1750,1372
pos,0.3328931640007795,1265,1750,1372
pos,0.3334669930009113,1266,1750,1372
pos,0.33407452500068757,1266,1750,1372
pos,0.33464196200111473,1268,1750,1372
pos,0.33527846800097905,1269,1750,1372
pos,0.33586637299958966,1269,1750,1372
pos,0.3364644670000416,1271,1750,1372
pos,0.3370700260002195,1271,1750,1372
pos,0.3376713859997835,1272,1750,1372
pos,0.3382661440009542,1273,1750,1372
pos,0.33883906200026104,1273,1750,1372
pos,0.33945017000041844,1275,1750,1372
pos,0.34001947100114194,1275,1750,1372
pos,0.3405887419994542,1276,1750,1372
pos,0.3411997799994424,1277,1750,1372
pos,0.34176659700096934,1277,1750,1372
pos,0.3423720049995609,1279,1750,1372
pos,0.34296391799944104,1279,1750,1372
pos,0.3435602379995544,1280,1750,1372
pos,0.34414968700002646,1281,1750,1372
pos,0.34471340799973405,1281,1750,1372
pos,0.3453185750004195,1282,1750,1372
pos,0.3458908419997897,1282,1750,1372
pos,0.3465235100011341,1284,1750,1372
pos,0.34709277100046165,1285,1750,1372
pos,0.3476964860001317,1285,1750,1372
pos,0.3482706249997136,1286,1750,1372
pos,0.3488428220007336,1286,1750,1372
pos,0.3494471379999595,1287,1750,1372
pos,0.35004796700013685,1289,1350,1372
pos,0.35058840500096267,1289,1350,1372
pos,0.35119388299972343,1290,1350,1372
pos,0.35180038299949956,1290,1350,1372
pos,0.3523911030006275,1291,1350,1372
pos,0.3529959700008476,1291,1350,1372
pos,0.3535621450009785,1292,1350,1372
pos,0.3541441699999268,1293,1350,1372
pos,0.35471572499955073,1293,1350,1372
pos,0.35531889900084934,1294,1350,1372
pos,0.35596306800107413,1294,1350,1372
pos,0.35655985999983386,1295,1350,1372
pos,0.3571466940011305,1296,1350,1372
pos,0.3577127179996751,1296,1350,1372
pos,0.35832475800089014,1297,1350,1372
pos,0.3588901719995192,1297,1350,1372
pos,0.3594622790005815,1298,1350,1372
pos,0.36006753600122465,1298,1350,1372
pos,0.3606720330008102,1298,1350,1372
pos,0.3612717699998029,1299,1350,1372
pos,0.36184094100099173,1299,1350,1372
pos,0.36244717000045057,1300,1350,1372
pos,0.36304397200001404,1301,1350,1372
pos,0.36364220600080444,1301,1350,1372
pos,0.36426440499963064,1302,1350,1372
pos,0.3648373529995297,1302,1350,1372
pos,0.36544731899994076,1303,1350,1372
pos,0.3660151180010871,1304,1350,1372
pos,0.3665869129999919,1304,1350,1372
pos,0.36719303199970454,1305,1350,1372
pos,0.3677654090006399,1305,1350,1372
pos,0.36836385400056315,1306,1350,1372
pos,0.36896717800118495,1306,1350,1372
pos,0.36956220700085396,1306,1350,1372
pos,0.3701401239995903,1307,900,1372
pos,0.37071243100035645,1307,900,1372
pos,0.3713177480003651,1308,900,1372
pos,0.37189151700113143,1308,900,1372
pos,0.372490662999553,1309,900,1372
pos,0.3730735700009973,1310,900,1372
pos,0.3736415780003881,1310,900,1372
pos,0.3742652300006739,1311,900,1372
pos,0.3748453709995374,1311,900,1372
pos,0.37544628999967244,1311,900,1372
pos,0.37602048000007926,1312,900,1372
pos,0.3765871369996603,1312,900,1372
pos,0.37721137900007307,1312,900,1372
pos,0.37781298000118113,1312,900,1372
pos,0.37843440799952077,1313,900,1372
pos,0.37901871699978074,1314,900,1372
pos,0.37958836799953133,1314,900,1372
pos,0.38019274399994174,1314,900,1372
pos,0.3807717430008779,1314,900,1372
pos,0.3813655190006102,1315,900,1372
pos,0.3819686130009359,1316,900,1372
pos,0.3825584620008158,1316,900,1372
pos,0.38314279100086424,1317,900,1372
pos,0.38371258299957844,1317,900,1372
pos,0.384317990999989,1317,900,1372
pos,0.3861757300001045,1318,900,1372
pos,0.386772531999668,1318,900,1372
pos,0.3873377359996084,1319,900,1372
pos,0.3879620090010576,1319,900,1372
pos,0.38855868999962695,1319,900,1372
pos,0.3891424579996965,1320,900,1372
pos,0.38971143799972197,1320,700,1372
pos,0.3903169360000902,1321,700,1372
pos,0.3909614359999978,1321,700,1372
pos,0.39155784800095716,1321,700,1372
pos,0.3922023680006532,1322,700,1372
pos,0.3927929880010197,1322,700,1372
pos,0.39334098000108497,1323,700,1372
pos,0.3939617560008628,1323,700,1372
pos,0.394559919999665,1323,700,1372
pos,0.3951456020004116,1324,700,1372
pos,0.39573982900037663,1324,700,1372
pos,0.3963184469994303,1324,700,1372
pos,0.39689291800095816,1325,700,1372
pos,0.39746143800039135,1325,700,1372
pos,0.3980678870011616,1325,700,1372
pos,0.398638912000024,1325,700,1372
pos,0.3992674420005642,1326,700,1372
pos,0.39984236400050577,1327,700,1372
pos,0.4004447959996469,1327,700,1372
pos,0.40101399699960893,1327,700,1372
pos,0.4015867640009674,1327,700,1372
pos,0.4021931540009973,1328,700,1372
pos,0.40276630200060026,1328,700,1372
pos,0.40333711600032984,1328,700,1372
pos,0.40396160899945244,1329,700,1372
pos,0.40455741900041176,1329,700,1372
pos,0.4051459460006299,1329,700,1372
pos,0.4057109090008453,1329,700,1372
pos,0.40632040399941616,1330,700,1372
pos,0.40688993600087997,1330,700,1372
pos,0.4074606300000596,1330,700,1372
pos,0.40807234900057665,1331,700,1372
pos,0.408644806000666,1331,700,1372
pos,0.4092649110007187,1331,700,1372
pos,0.40983573499943304,1332,550,1372
pos,0.4104442179996113,1332,550,1372
pos,0.4110138199994253,1332,550,1372
pos,0.4115853750008682,1332,550,1372
pos,0.41219069299950206,1333,550,1372
pos,0.41276732699952845,1333,550,1372
pos,0.4133420880007179,1333,550,1372
pos,0.41396706200066546,1334,550,1372
pos,0.4145623010008421,1334,550,1372
pos,0.4151445360002981,1334,550,1372
pos,0.41571099199973105,1334,550,1372
pos,0.41632451500117895,1334,550,1372
pos,0.41688906800118275,1335,550,1372
pos,0.4174919810011488,1335,550,1372
pos,0.4180859269999928,1335,550,1372
pos,0.4186945210003614,1335,550,1372
pos,0.41929780499958724,1335,550,1372
pos,0.4198377820011956,1336,550,1372
pos,0.4204438010001468,1336,550,1372
pos,0.42104262599968934,1336,550,1372
pos,0.42158500799996546,1336,550,1372
pos,0.42219073600062984,1337,550,1372
pos,0.4227887800007011,1337,550,1372
pos,0.42333754299943394,1337,550,1372
pos,0.42396385000029113,1338,550,1372
pos,0.4245655610011454,1338,550,1372
pos,0.42519510300007823,1338,550,1372
pos,0.4257646250007383,1338,550,1372
pos,0.42634111900042626,1338,550,1372
pos,0.42696001100011927,1339,550,1372
pos,0.4275649989995145,1339,550,1372
pos,0.42814027100030216,1339,550,1372
pos,0.42870912100079295,1339,550,1372
pos,0.4293153809994692,1339,550,1372
pos,0.4298874270007218,1340,400,1372
pos,0.43045959300070535,1340,400,1372
pos,0.4310647500005871,1340,400,1372
pos,0.4316372470002534,1340,400,1372
pos,0.43226800199954596,1341,400,1372
pos,0.4328673889995116,1341,400,1372
pos,0.43345976199998404,1341,400,1372
pos,0.43407072000081826,1341,400,1372
pos,0.43463913000050525,1341,400,1372
pos,0.43526225999994494,1341,400,1372
pos,0.43583723200026725,1342,400,1372
pos,0.4364432410002337,1342,400,1372
pos,0.4370399319996068,1342,400,1372
pos,0.4375842669996928,1342,400,1372
pos,0.4382168049996835,1342,400,1372
pos,0.43880855799943674,1343,400,1372
pos,0.43938662500113423,1343,400,1372
pos,0.43998680299955595,1343,400,1372
pos,0.44055550300072355,1343,400,1372
pos,0.4411361750007927,1343,400,1372
pos,0.4417090229999303,1344,400,1372
pos,0.44231430100080615,1344,400,1372
pos,0.4428929589994368,1344,400,1372
pos,0.4434590939999907,1344,400,1372
pos,0.44406421200073964,1344,400,1372
pos,0.4446396340008505,1345,400,1372
pos,0.445263886000248,1345,400,1372
pos,0.4458335180006543,1345,400,1372
pos,0.4464426630001981,1345,400,1372
pos,0.4470144890001393,1345,400,1372
pos,0.4475914840004407,1345,400,1372
pos,0.4481955390001531,1346,400,1372
pos,0.44876584300072864,1346,400,1372
pos,0.449361721999594,1346,300,1372
pos,0.44996072799949616,1346,300,1372
pos,0.45055566700102645,1346,300,1372
pos,0.4513666140010173,1347,300,1372
pos,0.4519682850004756,1347,300,1372
pos,0.4525580440003978,1347,300,1372
pos,0.4532005000000936,1347,300,1372
pos,0.453788656001052,1348,300,1372
pos,0.4543652810007188,1348,300,1372
pos,0.454961371000536,1348,300,1372
pos,0.45555843399961304,1348,300,1372
pos,0.4562053580011707,1348,300,1372
pos,0.45680459499999415,1348,300,1372
pos,0.45740392100015015,1348,300,1372
pos,0.4579935599995224,1348,300,1372
pos,0.45855914400090114,1348,300,1372
pos,0.4591440340009285,1349,300,1372
pos,0.45970865600065736,1349,300,1372
pos,0.4603133529999468,1349,300,1372
pos,0.46088672100086114,1349,300,1372
pos,0.4614664119999361,1349,300,1372
pos,0.46206559799975366,1349,300,1372
pos,0.462636061000012,1350,300,1372
pos,0.46326148600019224,1350,300,1372
pos,0.463841255999796,1350,300,1372
pos,0.4644402320009249,1350,300,1372
pos,0.4650156749994494,1350,300,1372
pos,0.46558367400029965,1350,300,1372
pos,0.4661930790007318,1350,300,1372
pos,0.46676316100092663,1351,300,1372
pos,0.4673403770011646,1351,300,1372
pos,0.4681331299998419,1351,300,1372
pos,0.46873506200063275,1351,300,1372
pos,0.46933597099996405,1351,250,1372
pos,0.4699609849994886,1351,250,1372
pos,0.4705374099994515,1352,250,1372
pos,0.4710855020002782,1352,250,1372
pos,0.4716891759999271,1352,250,1372
pos,0.4722993030009093,1352,250,1372
pos,0.47288741800002754,1352,250,1372
pos,0.4734591440010263,1352,250,1372
pos,0.47407087400097225,1352,250,1372
pos,0.4746421180007019,1353,250,1372
pos,0.475268624999444,1353,250,1372
pos,0.47583378899980744,1353,250,1372
pos,0.47644191200015484,1353,250,1372
pos,0.4770167130009213,1353,250,1372
pos,0.4775829980007984,1353,250,1372
pos,0.4782147650003026,1353,250,1372
pos,0.47880645700024616,1353,250,1372
pos,0.47936511900115875,1353,250,1372
pos,0.47995897500004503,1354,250,1372
pos,0.4805589629995666,1354,250,1372
pos,0.4811418090012012,1354,250,1372
pos,0.48170817400023225,1354,250,1372
pos,0.48231822100024146,1354,250,1372
pos,0.48288579899963224,1354,250,1372
pos,0.4834579850012233,1354,250,1372
pos,0.48406605800118996,1354,250,1372
pos,0.4846382949999679,1354,250,1372
pos,0.48526036300063424,1354,250,1372
pos,0.4858401439996669,1355,250,1372
pos,0.4864414540006692,1355,250,1372
pos,0.48701000300025044,1355,250,1372
pos,0.4875824400005513,1355,250,1372
pos,0.488215418999971,1355,250,1372
pos,0.4888126719997672,1355,250,1372
pos,0.4893860209995182,1355,200,1372
pos,0.48998968500018236,1355,200,1372
pos,0.4905541269999958,1355,200,1372
pos,0.4911394780010596,1355,200,1372
pos,0.491707306000535,1356,200,1372
pos,0.492312853999465,1356,200,1372
pos,0.4928864630001044,1356,200,1372
pos,0.4935098440000729,1356,200,1372
pos,0.49408691999997245,1356,200,1372
pos,0.4946913460007636,1356,200,1372
pos,0.4952903619996505,1356,200,1372
pos,0.49586353999984567,1356,200,1372
pos,0.4964574559999164,1357,200,1372
pos,0.49706295400028466,1357,200,1372
pos,0.4976409920000151,1357,200,1372
pos,0.4982594440007233,1357,200,1372
pos,0.4988317299994378,1357,200,1372
pos,0.4994413660006103,1357,200,1372
pos,0.5000409330004913,1357,200,1372
pos,0.5009976090004784,1357,200,1372
pos,0.5015604279997206,1357,200,1372
pos,0.5021372330011218,1357,200,1372
pos,0.5027067150003859,1357,200,1372
pos,0.5033177730001626,1357,200,1372
pos,0.5038870640000823,1358,200,1372
pos,0.5044572070000868,1358,200,1372
pos,0.5050636060004763,1358,200,1372
pos,0.5056341700001212,1358,200,1372
pos,0.5062615179995191,1358,200,1372
pos,0.5068390640008147,1358,200,1372
pos,0.5074378999997862,1358,200,1372
pos,0.508044088999668,1358,200,1372
pos,0.5085896069995215,1358,200,1372
pos,0.5091867789997195,1358,200,1372
pos,0.5097589950000838,1359,200,1372
pos,0.5103397279999626,1359,200,1372
pos,0.5109566370010725,1359,200,1372
pos,0.5115529880004033,1359,200,1372
pos,0.5121344620001764,1359,200,1372
pos,0.5127063170002657,1359,200,1372
pos,0.5133122959996399,1359,200,1372
pos,0.5138580340008048,1359,200,1372
pos,0.5145140550012002,1359,200,1372
pos,0.5150900080006977,1359,200,1372
pos,0.5156905969997752,1359,200,1372
pos,0.5163116839994473,1359,200,1372
pos,0.5169580780002434,1359,200,1372
pos,0.5175587470002938,1360,200,1372
pos,0.5181421039997076,1360,200,1372
pos,0.5187077880000288,1360,200,1372
pos,0.51931221400082,1360,200,1372
pos,0.5199573549998604,1360,200,1372
pos,0.5205574829997204,1360,200,1372
pos,0.5211350400004449,1360,200,1372
pos,0.5217353080006433,1360,200,1372
pos,0.5223125040010927,1360,200,1372
pos,0.5228865839999344,1360,200,1372
pos,0.5234562250007002,1360,200,1372
pos,0.524065800000244,1360,200,1372
pos,0.5246383680005238,1361,200,1372
pos,0.5252618089998577,1361,200,1372
pos,0.5258614760005003,1361,200,1372
pos,0.5265157440007897,1361,200,1372
pos,0.5270811280006455,1361,200,1372
pos,0.5276896110008238,1361,200,1372
pos,0.5282870840001124,1361,200,1372
pos,0.5288858799995069,1361,200,1372
pos,0.5294556120006746,1361,100,1372
pos,0.5300655480004934,1361,100,1372
pos,0.5306388469998637,1361,100,1372
pos,0.5312582400001702,1361,100,1372
pos,0.5318311480004922,1361,100,1372
pos,0.5324405129995284,1361,100,1372
pos,0.5330392779997055,1361,100,1372
pos,0.5336341870006436,1361,100,1372
pos,0.5342575779995968,1361,100,1372
pos,0.5348344329995598,1361,100,1372
pos,0.5354393600009644,1361,100,1372
pos,0.536016785999891,1361,100,1372
pos,0.5365838130001066,1362,100,1372
pos,0.537211622000541,1362,100,1372
pos,0.5378058589994907,1362,100,1372
pos,0.5383881340003427,1362,100,1372
pos,0.5389819310003077,1362,100,1372
pos,0.539584313000887,1362,100,1372
pos,0.5401882179994573,1362,100,1372
pos,0.5407648729997163,1362,100,1372
pos,0.5413861500001076,1362,100,1372
pos,0.5419886319996294,1362,100,1372
pos,0.5425803340003768,1362,100,1372
pos,0.5431899200011685,1362,100,1372
pos,0.543758028999946,1362,100,1372
pos,0.5443298049995065,1362,100,1372
pos,0.544959316999666,1362,100,1372
pos,0.5455540149996523,1363,100,1372
pos,0.5461352580005041,1363,100,1372
pos,0.546708927000509,1363,100,1372
pos,0.5473166190004122,1363,100,1372
pos,0.5478891660004592,1363,100,1372
pos,0.5484874909998325,1363,100,1372
pos,0.5490610400011064,1363,100,1372
pos,0.549635680999927,1363,100,1372
pos,0.5502589120005723,1363,100,1372
pos,0.5508305969997309,1363,100,1372
pos,0.5514384689995495,1363,100,1372
pos,0.5520372350001708,1363,100,1372
pos,0.5525797669997701,1363,100,1372
pos,0.5531850839997787,1363,100,1372
pos,0.5537576110000373,1363,100,1372
pos,0.5543343059998733,1363,100,1372
pos,0.5549564650009415,1363,100,1372
pos,0.555552584999532,1363,100,1372
pos,0.5561335880011029,1363,100,1372
pos,0.5567044920007902,1363,100,1372
pos,0.5573110019995511,1363,100,1372
pos,0.5578834990010364,1363,100,1372
pos,0.558454554000491,1363,100,1372
pos,0.5590656320000562,1363,100,1372
pos,0.5596660000010161,1364,100,1372
pos,0.5602564000000712,1364,100,1372
pos,0.5608341669994843,1364,100,1372
pos,0.561438052000085,1364,100,1372
pos,0.5620071630000893,1364,100,1372
pos,0.5625790390004113,1364,100,1372
pos,0.5632094530010363,1364,100,1372
pos,0.5638022069997533,1364,100,1372
pos,0.5643814459999703,1364,100,1372
pos,0.5649865939994925,1364,100,1372
pos,0.565585939999437,1364,100,1372
pos,0.5662086499996803,1364,100,1372
pos,0.5668023660000472,1364,100,1372
pos,0.5673813949997566,1365,100,1372
pos,0.5679867830003786,1365,100,1372
pos,0.5685860200010211,1365,100,1372
pos,0.5691847350008175,1365,100,1372
pos,0.5697632230003364,1365,100,1372
pos,0.5703287070009537,1365,100,1372
pos,0.5709619360004581,1365,100,1372
pos,0.571552547000465,1365,100,1372
pos,0.5721329980005976,1365,100,1372
pos,0.5727126790006878,1365,100,1372
pos,0.5733093399994686,1365,100,1372
pos,0.5738821680006367,1365,100,1372
pos,0.5744538230010221,1365,100,1372
pos,0.5750362190010492,1365,100,1372
pos,0.5755864340007975,1365,100,1372
pos,0.576188015000298,1365,100,1372
pos,0.5767591000003449,1365,100,1372
pos,0.5773571740010084,1365,100,1372
pos,0.5779581540009531,1365,100,1372
pos,0.5785499760004313,1365,100,1372
pos,0.5791317399998661,1365,100,1372
pos,0.5797039170010976,1365,100,1372
pos,0.5803116290007893,1365,100,1372
pos,0.580880559000434,1365,100,1372
pos,0.581453586999487,1365,100,1372
pos,0.5820756960001745,1365,100,1372
pos,0.5826940070001001,1365,100,1372
pos,0.5832892560010805,1365,100,1372
pos,0.5838551110009575,1365,100,1372
pos,0.5844893120010966,1366,100,1372
pos,0.5850783099995169,1366,100,1372
pos,0.5856872140011546,1366,100,1372
pos,0.586281310999766,1366,100,1372
pos,0.5868281910006772,1366,100,1372
pos,0.5874364730007073,1366,100,1372
pos,0.5880052430002252,1366,100,1372
pos,0.5885775500009913,1366,100,1372
pos,0.5891875670004083,1366,50,1372
pos,0.5897897989998455,1366,50,1372
pos,0.5903861900005722,1366,50,1372
pos,0.5909843339995859,1366,50,1372
pos,0.5915850430010323,1366,50,1372
pos,0.5921874859996024,1366,50,1372
pos,0.5927591510007915,1366,50,1372
pos,0.5933538890003547,1366,50,1372
pos,0.5939530150008068,1366,50,1372
pos,0.5945515700004762,1366,50,1372
pos,0.5951300680007989,1366,50,1372
pos,0.5957326709994959,1366,50,1372
pos,0.5963290420004341,1366,50,1372
pos,0.5969573719994514,1366,50,1372
pos,0.5975485439994372,1366,50,1372
pos,0.5981303379994642,1366,50,1372
pos,0.5987292840000009,1366,50,1372
pos,0.5993328580007073,1367,50,1372
pos,0.5999588739996398,1367,50,1372
pos,0.6005520790004084,1367,50,1372
pos,0.6011283030002232,1367,50,1372
pos,0.6017036249995726,1367,50,1372
pos,0.6023082110004907,1367,50,1372
pos,0.6028797070011933,1367,50,1372
pos,0.6034528750005848,1367,50,1372
pos,0.6040583930007415,1367,50,1372
pos,0.6046355689995835,1367,50,1372
pos,0.6052549520009052,1367,50,1372
pos,0.6058548199998768,1367,50,1372
pos,0.6065063830010331,1367,50,1372
pos,0.6070780879999802,1367,50,1372
pos,0.6076857700008986,1367,50,1372
pos,0.6082548110007338,1367,50,1372
pos,0.6088278589995753,1367,50,1372
pos,0.6094354609995207,1367,50,1372
pos,0.6100078180006676,1367,50,1372
pos,0.6105769879995933,1367,50,1372
pos,0.6112088850004511,1367,50,1372
pos,0.6118008579996967,1367,50,1372
pos,0.612379336000231,1367,50,1372
pos,0.6129809570011275,1367,50,1372
pos,0.6135572610000963,1367,50,1372
pos,0.6141826359998959,1367,50,1372
pos,0.6147619650000706,1367,50,1372
pos,0.615354228999422,1367,50,1372
pos,0.6159572420001496,1367,50,1372
pos,0.616566116001195,1367,50,1372
pos,0.6171853200012265,1367,50,1372
pos,0.6177575760011678,1367,50,1372
pos,0.6183617520000553,1367,50,1372
pos,0.618952361999618,1367,50,1372
pos,0.6195532310011913,1367,50,1372
pos,0.6201301569999487,1367,50,1372
pos,0.6207025429994246,1367,50,1372
pos,0.6213124700007029,1367,50,1372
pos,0.62188417499965,1367,50,1372
pos,0.6224607100011781,1367,50,1372
pos,0.6230590750001284,1367,50,1372
pos,0.6236309100004291,1367,50,1372
pos,0.6242590700003348,1367,50,1372
pos,0.6248276999995142,1367,50,1372
pos,0.6254356120007287,1367,50,1372
pos,0.6260100130002684,1367,50,1372
pos,0.6266039590009314,1367,50,1372
pos,0.6272591689994442,1367,50,1372
pos,0.62782910200076,1367,50,1372
pos,0.6284331570004724,1367,50,1372
pos,0.6290329639996344,1367,0,1372
pos,0.6295763070011162,1367,0,1372
pos,0.6301819149994117,1367,0,1372
pos,0.6307544530009181,1367,0,1372
pos,0.6313343630008603,1367,0,1372
pos,0.6319556910002575,1367,0,1372
pos,0.6325481650001166,1367,0,1372
pos,0.6331307899999956,1367,0,1372
pos,0.6337010330007615,1367,0,1372
pos,0.6343069320009818,1367,0,1372
pos,0.6348820830007753,1367,0,1372
pos,0.6355071180005325,1367,0,1372
pos,0.636075978000008,1367,0,1372
pos,0.6366848420002498,1367,0,1372
pos,0.6372836179998558,1367,0,1372
pos,0.6378863909994834,1367,0,1372
pos,0.6384516140005871,1367,0,1372
pos,0.6390621509999619,1367,0,1372
pos,0.6396317630005797,1367,0,1372
pos,0.640262127000824,1367,0,1372
pos,0.6408530280004925,1367,0,1372
pos,0.6414505110005848,1367,0,1372
pos,0.6420569109995995,1367,0,1372
pos,0.6426353380011278,1367,0,1372
pos,0.6432531190002919,1367,0,1372
pos,0.6438263780000852,1367,0,1372
pos,0.6444353019996925,1367,0,1372
pos,0.6450349389997427,1367,0,1372
pos,0.6455759079999552,1367,0,1372
pos,0.6462129040010041,1367,0,1372
pos,0.6468014609999955,1367,0,1372
pos,0.6473784959998738,1367,0,1372
pos,0.6479502010006399,1367,0,1372
pos,0.6485500689996115,1367,0,1372
pos,0.6491346479997446,1367,0,1372
pos,0.6497001730003831,1367,0,1372
pos,0.6503050999999687,1367,0,1372
pos,0.6508816740006296,1367,0,1372
pos,0.651481901999432,1367,0,1372
pos,0.6520790650010895,1367,0,1372
pos,0.6526846930009924,1367,0,1372
pos,0.653278859999773,1367,0,1372
pos,0.6538791279999714,1367,0,1372
pos,0.6544769020001695,1367,0,1372
pos,0.655055330000323,1367,0,1372
pos,0.6556289290001587,1367,0,1372
pos,0.6562553759995353,1367,0,1372
pos,0.6568252779998147,1367,0,1372
pos,0.6574311759995908,1367,0,1372
pos,0.6580090330007806,1367,0,1372
pos,0.658574717999727,1367,0,1372
pos,0.6591845740003919,1367,0,1372
pos,0.6597554780000792,1367,0,1372
pos,0.660328717000084,1367,0,1372
pos,0.6609575479997147,1367,0,1372
pos,0.6615611619999981,1367,0,1372
pos,0.6621802850004315,1367,0,1372
pos,0.6627518999994209,1367,0,1372
pos,0.6633546230004868,1367,0,1372
pos,0.6639559630002623,1367,0,1372
pos,0.6645452110005863,1367,0,1372
pos,0.6651264749998518,1367,0,1372
pos,0.665699573000893,1367,0,1372
pos,0.666305992001071,1367,0,1372
pos,0.6668793110002298,1367,0,1372
pos,0.6674549540002772,1367,0,1372
pos,0.6680551620011101,1367,0,1372
pos,0.6686322370005655,1367,0,1372
pos,0.6692541459997301,1367,0,1372
pos,0.669824028000221,1367,0,1372
pos,0.6704326409999339,1367,0,1372
pos,0.6710078430005524,1367,0,1372
pos,0.6715735079997103,1367,0,1372
pos,0.6721786050002265,1367,0,1372
pos,0.6727592370007187,1367,0,1372
pos,0.6733280469998135,1367,0,1372
pos,0.6739568379998673,1367,0,1372
pos,0.6745449139998527,1367,0,1372
pos,0.6751298239996686,1367,0,1372
pos,0.6756989850000537,1367,0,1372
pos,0.6763038620010775,1367,0,1372
pos,0.6768764389998978,1367,0,1372
pos,0.6774486150006851,1367,0,1372
pos,0.6780545439996786,1367,0,1372
pos,0.6786518869994325,1367,0,1372
pos,0.679250672001217,1367,0,1372
pos,0.6798500889999559,1367,0,1372
pos,0.6804487440003868,1367,0,1372
pos,0.6810554650000995,1367,0,1372
pos,0.6816525270005513,1367,0,1372
pos,0.6822541180008557,1367,0,1372
pos,0.6828249620011775,1367,0,1372
pos,0.6834333750011865,1367,0,1372
pos,0.6840270009997766,1367,0,1372
pos,0.6846255260006728,1367,0,1372
pos,0.6852555290006421,1367,0,1372
pos,0.6858255719998851,1367,0,1372
pos,0.6864317010004015,1367,0,1372
pos,0.6870006820008712,1367,0,1372
pos,0.6875534920000064,1367,0,1372
pos,0.688197511000908,1367,0,1372
pos,0.6887958959996467,1367,0,1372
pos,0.6893765879995044,1367,0,1372
pos,0.6899755039994488,1367,0,1372
pos,0.6905442940005742,1367,0,1372
pos,0.6911270399996283,1367,0,1372
pos,0.6916984250001406,1367,0,1372
pos,0.6923032920003607,1367,0,1372
pos,0.6928787140004715,1367,0,1372
pos,0.6934477049999259,1367,0,1372
pos,0.6940544850003789,1367,0,1372
pos,0.6946252590005315,1367,0,1372
pos,0.695256213999528,1367,0,1372
pos,0.6958288910009287,1367,0,1372
pos,0.6964313839998795,1367,0,1372
pos,0.6970007350009837,1367,0,1372
pos,0.6975727009994444,1367,0,1372
pos,0.6981778480003413,1367,0,1372
pos,0.698749854000198,1367,0,1372
pos,0.6993227120001393,1367,0,1372
pos,0.6999545380003838,1367,0,1372
pos,0.7005438070009404,1367,0,1372
pos,0.7011260720009886,1367,0,1372
pos,0.7016977769999357,1367,0,1372
pos,0.7023072320007486,1367,0,1372
pos,0.7028768140007742,1367,0,1372
pos,0.7034471469996788,1367,0,1372
pos,0.7040530260001105,1367,0,1372
pos,0.7046282780011097,1367,0,1372
pos,0.7052520190009091,1367,0,1372
pos,0.7058300970002165,1367,0,1372
pos,0.7064313770006265,1367,0,1372
pos,0.7070000969997636,1367,0,1372
pos,0.7075722730005509,1367,0,1372
pos,0.7081757979995018,1367,0,1372
pos,0.708750529000099,1367,0,1372
pos,0.709348262000276,1367,0,1372
pos,0.7099515059999248,1367,0,1372
pos,0.7105523059999541,1367,0,1372
pos,0.7111774400000286,1367,0,1372
pos,0.7117501070006256,1367,0,1372
pos,0.7123221729998477,1367,0,1372
pos,0.712946997000472,1367,0,1372
pos,0.7135575539996353,1367,0,1372
pos,0.714177980000386,1367,0,1372
pos,0.7147581909994187,1367,0,1372
pos,0.7153569370002515,1367,0,1372
pos,0.7159543899997516,1367,0,1372
pos,0.7165442380010063,1367,0,1372
pos,0.7171251609997853,1367,0,1372
pos,0.7177280340001744,1367,0,1372
pos,0.718322161001197,1367,0,1372
pos,0.7189551400006167,1367,0,1372
pos,0.7195447590002004,1367,0,1372
pos,0.7201285459996143,1367,0,1372
pos,0.7207227029994101,1367,0,1372
pos,0.7213032050003676,1367,0,1372
pos,0.7218740090011124,1367,0,1372
pos,0.7224468069998693,1367,0,1372
pos,0.7230529560001742,1367,0,1372
pos,0.7236310730004334,1367,0,1372
pos,0.7242489740001474,1367,0,1372
pos,0.7248284840006818,1367,0,1372
pos,0.7254300550011976,1367,0,1372
pos,0.7259983839994675,1367,0,1372
pos,0.7265710810006567,1367,0,1372
pos,0.7271812079998199,1367,0,1372
pos,0.7277526529996976,1367,0,1372
pos,0.7283206920001248,1367,0,1372
pos,0.7289498829995864,1367,0,1372
pos,0.7295514140005253,1367,0,1372
pos,0.7301817879997543,1367,0,1372
pos,0.7307541850004782,1367,0,1372
pos,0.7313270419999753,1367,0,1372
pos,0.7319522870002402,1367,0,1372
pos,0.7325556910000159,1367,0,1372
pos,0.733176457000809,1367,0,1372
pos,0.7337545240006875,1367,0,1372
pos,0.7343290150001849,1367,0,1372
pos,0.734945673000766,1367,0,1372
pos,0.7355424050001602,1367,0,1372
pos,0.7361232780003775,1367,0,1372
pos,0.7366960150011437,1367,0,1372
pos,0.7373053499995876,1367,0,1372
pos,0.7378796310003963,1367,0,1372
pos,0.7384455560004426,1367,0,1372
pos,0.7390519050004514,1367,0,1372
pos,0.739627578001091,1367,0,1372
pos,0.7402493959998537,1367,0,1372
pos,0.7408208810011274,1367,0,1372
pos,0.7414290939996135,1367,0,1372
pos,0.7420043160000205,1367,0,1372
pos,0.7425965599995834,1367,0,1372
pos,0.7432498460002535,1367,0,1372
pos,0.7438271410010202,1367,0,1372
pos,0.7444292630007112,1367,0,1372
pos,0.7450027819995739,1367,0,1372
pos,0.7455968289996235,1367,0,1372
pos,0.7462510069999553,1367,0,1372
pos,0.7468277320003835,1367,0,1372
pos,0.7474289620004129,1367,0,1372
pos,0.7479980019998038,1367,0,1372
pos,0.7485982409998542,1367,0,1372
pos,0.7492491520006297,1367,0,1372
pos,0.7498243139998522,1367,0,1372
pos,0.7504286300008971,1367,0,1372
pos,0.751005174999591,1367,0,1372
pos,0.7515699979994679,1367,0,1372
pos,0.7521764670000266,1367,0,1372
pos,0.7527543340002012,1367,0,1372
pos,0.7533226230007131,1367,0,1372
pos,0.753944471000068,1367,0,1372
pos,0.7545407620000333,1367,0,1372
pos,0.7551250910000817,1367,0,1372
pos,0.7556945030009956,1367,0,1372
pos,0.7562999010006024,1367,0,1372
pos,0.7568791400008195,1367,0,1372
pos,0.7574523780003801,1367,0,1372
pos,0.7580527669997537,1367,0,1372
pos,0.758627768000224,1367,0,1372
pos,0.7592488749996846,1367,0,1372
pos,0.759820060000493,1367,0,1372
pos,0.760428834000777,1367,0,1372
pos,0.7610002390010777,1367,0,1372
pos,0.7615695000004052,1367,0,1372
pos,0.7621750480011542,1367,0,1372
pos,0.7627493880008842,1367,0,1372
pos,0.7633241690000432,1367,0,1372
pos,0.7639496140000119,1367,0,1372
pos,0.7645547320007609,1367,0,1372
pos,0.7651775920003274,1367,0,1372
pos,0.7657525930007978,1367,0,1372
pos,0.766351439000573,1367,0,1372
pos,0.7669445740011724,1367,0,1372
pos,0.7675498010012234,1367,0,1372
pos,0.7681216370001493,1367,0,1372
pos,0.7687024799997744,1367,0,1372
pos,0.7693047020002268,1367,0,1372
pos,0.7698790819995338,1367,0,1372
pos,0.770443774999876,1367,0,1372
pos,0.7710524890007946,1367,0,1372
pos,0.7716220599995722,1367,0,1372
pos,0.772248416000366,1367,0,1372
pos,0.7728228070009209,1367,0,1372
pos,0.7734276840001257,1367,0,1372
pos,0.7740219210008945,1367,0,1372
pos,0.7745732189996488,1367,0,1372
pos,0.7751775050001015,1367,0,1372
pos,0.7757807790003426,1367,0,1372
pos,0.7763725309996516,1367,0,1372
pos,0.7769496359996992,1367,0,1372
pos,0.7775418199998967,1367,0,1372
pos,0.7781287640009396,1367,0,1372
pos,0.7786947389995476,1367,0,1372
pos,0.7793006270003389,1367,0,1372
pos,0.7798788649997732,1367,0,1372
pos,0.7804452510008559,1367,0,1372
pos,0.7810525120003149,1367,0,1372
pos,0.7816236560011021,1367,0,1372
pos,0.7822543710008176,1367,0,1372
pos,0.7828497099999367,1367,0,1372
pos,0.7834439369999018,1367,0,1372
pos,0.7840496059998259,1367,0,1372
pos,0.7846286650001275,1367,0,1372
pos,0.7852497109997785,1367,0,1372
pos,0.785819373000777,1367,0,1372
pos,0.786427746001209,1367,0,1372
pos,0.786997467999754,1367,0,1372
pos,0.787570857000901,1367,0,1372
pos,0.7881753530000424,1367,0,1372
pos,0.7887496430012106,1367,0,1372
pos,0.7893239839995658,1367,0,1372
pos,0.7899441580011626,1367,0,1372
pos,0.7905403290005779,1367,0,1372
pos,0.7911230250010703,1367,0,1372
pos,0.7917200880001474,1367,0,1372
pos,0.7923048970005766,1367,0,1372
pos,0.7928779760004545,1367,0,1372
pos,0.7934450430002471,1367,0,1372
pos,0.7940503000008903,1367,0,1372
pos,0.7946241390000068,1367,0,1372
pos,0.7952470390009694,1367,0,1372
pos,0.7958489110005758,1367,0,1372
pos,0.7964511629998015,1367,0,1372
pos,0.7970539660000213,1367,0,1372
pos,0.7976286770008301,1367,0,1372
pos,0.7982236959996953,1367,0,1372
pos,0.7987913640008628,1367,0,1372
pos,0.7993732079994516,1367,0,1372
pos,0.7999697790000937,1367,0,1372
pos,0.8005399120011134,1367,0,1372
pos,0.8011224670008232,1367,0,1372
pos,0.8016932310001721,1367,0,1372
pos,0.8022998409996944,1367,0,1372
pos,0.8028759450007783,1367,0,1372
pos,0.803442812000867,1367,0,1372
pos,0.8040525670003262,1367,0,1372
pos,0.8046488279996993,1367,0,1372
pos,0.8052484550007648,1367,0,1372
pos,0.8058243190007488,1367,0,1372
pos,0.8064270419999957,1367,0,1372
pos,0.8069973649999156,1367,0,1372
pos,0.8075681789996452,1367,0,1372
pos,0.8081782850003947,1367,0,1372
pos,0.8087469250003778,1367,0,1372
pos,0.8093484250002803,1367,0,1372
pos,0.8099473510010284,1367,0,1372
pos,0.8105395040001895,1367,0,1372
pos,0.8111222400002589,1367,0,1372
pos,0.8116927940009191,1367,0,1372
pos,0.8122995040012029,1367,0,1372
pos,0.812871129000996,1367,0,1372
pos,0.8134428749999643,1367,0,1372
pos,0.8140478519999306,1367,0,1372
pos,0.8146445639995363,1367,0,1372
pos,0.8152521659994818,1367,0,1372
pos,0.815852404000907,1367,0,1372
pos,0.8164435649996449,1367,0,1372
pos,0.8170493540001189,1367,0,1372
pos,0.8176218000007793,1367,0,1372
pos,0.818245301999923,1367,0,1372
pos,0.8188233189994207,1367,0,1372
pos,0.8194264020003175,1367,0,1372
pos,0.8199972359998355,1367,0,1372
pos,0.820567740000115,1367,0,1372
pos,0.821193134999703,1367,0,1372
pos,0.8218149530002847,1367,0,1372
pos,0.8224044510006934,1367,0,1372
pos,0.8229958629999601,1367,0,1372
pos,0.8235678990004089,1367,0,1372
pos,0.8241746889998467,1367,0,1372
pos,0.8247449520004011,1367,0,1372
pos,0.8253183910001098,1367,0,1372
pos,0.8259439459998248,1367,0,1372
pos,0.8265416089998325,1367,0,1372
pos,0.8271201580009802,1367,0,1372
pos,0.8277266370005236,1367,0,1372
pos,0.828299775999767,1367,0,1372
pos,0.8288761200001318,1367,0,1372
pos,0.8294428760000301,1367,0,1372
pos,0.8300244700003532,1367,0,1372
pos,0.8305671319994872,1367,0,1372
pos,0.8311722689995804,1367,0,1372
pos,0.8317496350009606,1367,0,1372
pos,0.8323171530009859,1367,0,1372
pos,0.8329501719999826,1367,0,1372
pos,0.8335379569998622,1367,0,1372
pos,0.8341264840000804,1367,0,1372
pos,0.8346919480009092,1367,0,1372
pos,0.83529785599967,1367,0,1372
pos,0.8358747309994214,1367,0,1372
pos,0.8364987229997496,1367,0,1372
pos,0.8370667220005998,1367,0,1372
pos,0.8376759870006936,1367,0,1372
pos,0.8382706049997068,1367,0,1372
pos,0.8388719249996939,1367,0,1372
pos,0.8394943349994719,1367,0,1372
pos,0.8400668619997305,1367,0,1372
pos,0.8406777090003743,1367,0,1372
pos,0.8412720870001067,1367,0,1372
pos,0.8418168829994102,1367,0,1372
pos,0.8424253560006036,1367,0,1372
pos,0.8430024919998687,1367,0,1372
pos,0.8435671940005705,1367,0,1372
pos,0.8441781220008124,1367,0,1372
pos,0.8447514710005635,1367,0,1372
pos,0.8453478219998942,1367,0,1372
pos,0.8459418590009591,1367,0,1372
pos,0.8465410349999729,1367,0,1372
pos,0.8471264060008252,1367,0,1372
pos,0.8477240989996062,1367,0,1372
pos,0.8482958950007742,1367,0,1372
pos,0.8488692640003137,1367,0,1372
pos,0.849441079000826,1367,0,1372
pos,0.8500459059996501,1367,0,1372
pos,0.8506248249996133,1367,0,1372
pos,0.8512464730010834,1367,0,1372
pos,0.8518164550005167,1367,0,1372
pos,0.8524253190007585,1367,0,1372
pos,0.85302232200047,1367,0,1372
pos,0.8535920640006225,1367,0,1372
pos,0.854244218000531,1367,0,1372
pos,0.8548158730009163,1367,0,1372
pos,0.8554247270003543,1367,0,1372
pos,0.8559932170010143,1367,0,1372
pos,0.8565920020009798,1367,0,1372
pos,0.8571708110011969,1367,0,1372
pos,0.8577456120001443,1367,0,1372
pos,0.8583238800001709,1367,0,1372
pos,0.8589457480011333,1367,0,1372
pos,0.8595369800004846,1367,0,1372
pos,0.8601220599994122,1367,0,1372
pos,0.8606906500008336,1367,0,1372
pos,0.8612959570000385,1367,0,1372
pos,0.8618682340002124,1367,0,1372
pos,0.8624406710005132,1367,0,1372
pos,0.863050377000036,1367,0,1372
pos,0.8636472180005512,1367,0,1372
pos,0.8642485390009824,1367,0,1372
pos,0.8648490470004617,1367,0,1372
pos,0.8654401690000668,1367,0,1372
pos,0.8660465180000756,1367,0,1372
pos,0.8666199970011803,1367,0,1372
pos,0.8672428370009584,1367,0,1372
pos,0.867815724999673,1367,0,1372
pos,0.8684235470009298,1367,0,1372
pos,0.8690218320007261,1367,0,1372
pos,0.8695648940010869,1367,0,1372
pos,0.8701747200011596,1367,0,1372
pos,0.8707438010005717,1367,0,1372
pos,0.8713198450004711,1367,0,1372
pos,0.8719447490002494,1367,0,1372
pos,0.8725364210004045,1367,0,1372
pos,0.8731191770002624,1367,0,1372
pos,0.8736898700008169,1367,0,1372
pos,0.8743017699998745,1367,0,1372
pos,0.8748697490009363,1367,0,1372
pos,0.875497228000313,1367,0,1372
pos,0.8760976160010614,1367,0,1372
pos,0.8766894990003493,1367,0,1372
pos,0.877296448999914,1367,0,1372
pos,0.8779401280007733,1367,0,1372
pos,0.878536599000654,1367,0,1372
pos,0.8791173310000886,1367,0,1372
pos,0.879689548000897,1367,0,1372
pos,0.8802994540001237,1367,0,1372
pos,0.8808701180005301,1367,0,1372
pos,0.881466138000178,1367,0,1372
pos,0.8820650239995302,1367,0,1372
pos,0.8826760320007452,1367,0,1372
pos,0.883246395000242,1367,0,1372
pos,0.8838152150001406,1367,0,1372
pos,0.8844230980012071,1367,0,1372
pos,0.8850184670009185,1367,0,1372
pos,0.8855645450003067,1367,0,1372
pos,0.8861741809996602,1367,0,1372
pos,0.8867427599998337,1367,0,1372
pos,0.8873142650008958,1367,0,1372
pos,0.8879392390008434,1367,0,1372
pos,0.8885361419997935,1367,0,1372
pos,0.8891209710000112,1367,0,1372
pos,0.8896896710011788,1367,0,1372
pos,0.890294218001145,1367,0,1372
pos,0.8908676060000289,1367,0,1372
pos,0.8914389910005411,1367,0,1372
pos,0.8920498090010369,1367,0,1372
pos,0.8926248709994979,1367,0,1372
pos,0.8932444149995717,1367,0,1372
pos,0.8938425489996007,1367,0,1372
pos,0.8944389799999044,1367,0,1372
pos,0.8950442380009918,1367,0,1372
pos,0.8956164640003408,1367,0,1372
pos,0.8962479800011351,1367,0,1372
pos,0.8968147360010335,1367,0,1372
pos,0.8974233799999638,1367,0,1372
pos,0.8979923709994182,1367,0,1372
pos,0.898563696000565,1367,0,1372
pos,0.8991698350000661,1367,0,1372
pos,0.8997416210004303,1367,0,1372
pos,0.9003135670009215,1367,0,1372
pos,0.9009430090009118,1367,0,1372
pos,0.9015355930005171,1367,0,1372
pos,0.9021164650002902,1367,0,1372
pos,0.9027154810009961,1367,0,1372
pos,0.9032956730006845,1367,0,1372
pos,0.9038661760005198,1367,0,1372
pos,0.9044380720006302,1367,0,1372
pos,0.9050452530009352,1367,0,1372
pos,0.9056456010002876,1367,0,1372
pos,0.9062424330004433,1367,0,1372
pos,0.9068158620011673,1367,0,1372
pos,0.9074223320003512,1367,0,1372
pos,0.9079947089994675,1367,0,1372
pos,0.9085639099994296,1367,0,1372
pos,0.9091884730005404,1367,0,1372
pos,0.9097860359997867,1367,0,1372
pos,0.9103738209996663,1367,0,1372
pos,0.9109667160009849,1367,0,1372
pos,0.9115632470002311,1367,0,1372
pos,0.9121735240005364,1367,0,1372
pos,0.9127490869996109,1367,0,1372
pos,0.9133397069999774,1367,0,1372
pos,0.9139382320008735,1367,0,1372
pos,0.9145522460003122,1367,0,1372
pos,0.9151706169996032,1367,0,1372
pos,0.9157444070006022,1367,0,1372
pos,0.9163459680003143,1367,0,1372
pos,0.9169431999998778,1367,0,1372
pos,0.9175347029995464,1367,0,1372
pos,0.9181165070003772,1367,0,1372
pos,0.9186940729996422,1367,0,1372
pos,0.9192983280008775,1367,0,1372
pos,0.9198731199994654,1367,0,1372
pos,0.9204387940008019,1367,0,1372
pos,0.9210441420000279,1367,0,1372
pos,0.9216464439996344,1367,0,1372
pos,0.92224411800089,1367,0,1372
pos,0.9228167649998795,1367,0,1372
pos,0.9234221120004804,1367,0,1372
pos,0.923991333000231,1367,0,1372
pos,0.9245622979997279,1367,0,1372
pos,0.925193102000776,1367,0,1372
pos,0.9257864379997045,1367,0,1372
pos,0.9263674110006832,1367,0,1372
pos,0.9269678489999933,1367,0,1372
pos,0.9275343950012029,1367,0,1372
pos,0.92811606900068,1367,0,1372
pos,0.9286879850005789,1367,0,1372
pos,0.9292984420007997,1367,0,1372
pos,0.9298678930008464,1367,0,1372
pos,0.9304376550007873,1367,0,1372
pos,0.9310508880007546,1367,0,1372
pos,0.9316224030008016,1367,0,1372
pos,0.9322429090007063,1367,0,1372
pos,0.9328141530004359,1367,0,1372
pos,0.9333913390000816,1367,0,1372
pos,0.9339960750003229,1367,0,1372
pos,0.9345624910001789,1367,0,1372
pos,0.9351678889997856,1367,0,1372
pos,0.9357396949999384,1367,0,1372
pos,0.9363407250002638,1367,0,1372
pos,0.936945020001076,1367,0,1372
pos,0.9375330460006808,1367,0,1372
pos,0.9381145389997982,1367,0,1372
pos,0.9386868760011566,1367,0,1372
pos,0.9392978140003834,1367,0,1372
pos,0.9398669950005569,1367,0,1372
pos,0.9404895850002504,1367,0,1372
pos,0.9410689640008059,1367,0,1372
pos,0.9416449180007476,1367,0,1372
pos,0.9422450860001845,1367,0,1372
pos,0.9428133350011194,1367,0,1372
pos,0.9434238120011287,1367,0,1372
pos,0.9439952669999911,1367,0,1372
pos,0.9445620139995299,1367,0,1372
pos,0.9451907349994144,1367,0,1372
pos,0.945784060000733,1367,0,1372
pos,0.9463394049998897,1367,0,1372
pos,0.9469376800007012,1367,0,1372
pos,0.947536024999863,1367,0,1372
pos,0.9481144430010318,1367,0,1372
pos,0.9487167950010189,1367,0,1372
pos,0.9492934800000512,1367,0,1372
pos,0.949866947999908,1367,0,1372
pos,0.950436590001118,1367,0,1372
pos,0.9510432000006404,1367,0,1372
pos,0.951648087000649,1367,0,1372
pos,0.9522387470005924,1367,0,1372
pos,0.9528180070010421,1367,0,1372
pos,0.9534200890011562,1367,0,1372
pos,0.9539919439994264,1367,0,1372
pos,0.9545607750005729,1367,0,1372
pos,0.9551705200010474,1367,0,1372
pos,0.9557422260004387,1367,0,1372
pos,0.9563147730004857,1367,0,1372
pos,0.9569381040000735,1367,0,1372
pos,0.9575332530002925,1367,0,1372
pos,0.9581189239997911,1367,0,1372
pos,0.9586869030008529,1367,0,1372
pos,0.9592922410010942,1367,0,1372
pos,0.9598713499999576,1367,0,1372
pos,0.9604365830000461,1367,0,1372
pos,0.9610469600011129,1367,0,1372
pos,0.9616167120002501,1367,0,1372
pos,0.9622448320005788,1367,0,1372
pos,0.9628125700000965,1367,0,1372
pos,0.9634200720010995,1367,0,1372
pos,0.9640189980000287,1367,0,1372
pos,0.9645611989999452,1367,0,1372
pos,0.9651665159999538,1367,0,1372
pos,0.9657423789994937,1367,0,1372
pos,0.9663402730002417,1367,0,1372
pos,0.9669360730003973,1367,0,1372
pos,0.9675339170007646,1367,0,1372
pos,0.9681156410006224,1367,0,1372
pos,0.9686938489994645,1367,0,1372
pos,0.9692905209994933,1367,0,1372
pos,0.9699357919998874,1367,0,1372
pos,0.9705421609996847,1367,0,1372
pos,0.9711658230007743,1367,0,1372
pos,0.97174057400116,1367,0,1372
pos,0.9723176799998328,1367,0,1372
pos,0.9729429540002457,1367,0,1372
pos,0.9735319009996601,1367,0,1372
pos,0.974117533000026,1367,0,1372
pos,0.9746930950004753,1367,0,1372
pos,0.9752913499996794,1367,0,1372
pos,0.9759356300000945,1367,0,1372
pos,0.9765315799995733,1367,0,1372
pos,0.977113945000383,1367,0,1372
pos,0.9776882460009801,1367,0,1372
pos,0.9782903169998463,1367,0,1372
pos,0.9788647670011414,1367,0,1372
pos,0.9794898820000526,1367,0,1372
pos,0.9800609960002475,1367,0,1372
pos,0.9806396550011414,1367,0,1372
pos,0.981240314000388,1367,0,1372
pos,0.9818151150011545,1367,0,1372
pos,0.9824187200010783,1367,0,1372
pos,0.982987729999877,1367,0,1372
pos,0.9835605280004529,1367,0,1372
pos,0.9841660149995732,1367,0,1372
pos,0.9847666040004697,1367,0,1372
pos,0.9853129530001752,1367,0,1372
pos,0.9859355230000801,1367,0,1372
pos,0.9865352400011034,1367,0,1372
pos,0.9871176150008978,1367,0,1372
pos,0.9876847119994636,1367,0,1372
pos,0.9882951689996844,1367,0,1372
pos,0.988869249000345,1367,0,1372
pos,0.9894345430002431,1367,0,1372
pos,0.9900398509998922,1367,0,1372
pos,0.9906168960005743,1367,0,1372
pos,0.9912443450011779,1367,0,1372
pos,0.9918112409995956,1367,0,1372
pos,0.9924183319999429,1367,0,1372
pos,0.9929877129998204,1367,0,1372
pos,0.9935593080008402,1367,0,1372
pos,0.9941690739997284,1367,0,1372
pos,0.9947368829998595,1367,0,1372
pos,0.9953117040004145,1367,0,1372
pos,0.9959415270004683,1367,0,1372
pos,0.996530583999629,1367,0,1372
pos,0.9971127690005233,1367,0,1372
pos,0.9976840840008663,1367,0,1372
pos,0.9982893119995424,1367,0,1372
pos,0.9989361160005501,1367,0,1372
pos,0.9995312549999653,1367,0,1372
pos,1.0001139609994425,1367,0,1372
pos,1.00069106599949,1367,0,1372
pos,1.0012949610008945,1367,0,1372
pos,1.0018685200011532,1367,0,1372
pos,1.002461525000399,1367,0,1372
pos,1.0030392419994314,1367,0,1372
pos,1.0036115180009801,1367,0,1372
pos,1.004239949001203,1367,0,1372
pos,1.0048160919996008,1367,0,1372
pos,1.0054175229997782,1367,0,1372
pos,1.0060186430000613,1367,0,1372
pos,1.0065603830007603,1367,0,1372
pos,1.0071694569996907,1367,0,1372
pos,1.0077383980005834,1367,0,1372
pos,1.0083086810009263,1367,0,1372
pos,1.0089361089994782,1367,0,1372
pos,1.0095449929995084,1367,0,1372
pos,1.0101637860007031,1367,0,1372
pos,1.0107358019995445,1367,0,1372
pos,1.0113087200006703,1367,0,1372
pos,1.011939383999561,1367,0,1372
pos,1.0125302050000755,1367,0,1372
pos,1.0131116089996794,1367,0,1372
pos,1.0136832839998533,1367,0,1372
pos,1.0142900840000948,1367,0,1372
pos,1.014942969999538,1367,0,1372
pos,1.0155326580006658,1367,0,1372
pos,1.0161178590005875,1367,0,1372
pos,1.0166914380006347,1367,0,1372
pos,1.0172900130000926,1367,0,1372
pos,1.0178668379994633,1367,0,1372
pos,1.018434495999827,1367,0,1372
pos,1.0190446930009784,1367,0,1372
pos,1.0196145450008771,1367,0,1372
pos,1.0202540860009321,1367,0,1372
pos,1.020816112999455,1367,0,1372
pos,1.0214188560003095,1367,0,1372
pos,1.021987997000906,1367,0,1372
pos,1.0225594820003607,1367,0,1372
pos,1.0231657320000522,1367,0,1372
pos,1.023741876000713,1367,0,1372
pos,1.02433857700089,1367,0,1372
pos,1.024934397000834,1367,0,1372
pos,1.0255297260009684,1367,0,1372
pos,1.0261149170000863,1367,0,1372
pos,1.0266837970011693,1367,0,1372
pos,1.0272930920000363,1367,0,1372
pos,1.0278687850004644,1367,0,1372
pos,1.0284402400011459,1367,0,1372
pos,1.029040127999906,1367,0,1372
pos,1.0296137969999108,1367,0,1372
pos,1.030242688000726,1367,0,1372
pos,1.0308155060010904,1367,0,1372
pos,1.0314175769999565,1367,0,1372
pos,1.0319858769998973,1367,0,1372
pos,1.0325576020004519,1367,0,1372
pos,1.0331654849996994,1367,0,1372
pos,1.033740556000339,1367,0,1372
pos,1.0343342020005366,1367,0,1372
pos,1.0349377769998682,1367,0,1372
pos,1.0355294490000233,1367,0,1372
pos,1.0361145490005583,1367,0,1372
pos,1.036682739000753,1367,0,1372
pos,1.0372875049997674,1367,0,1372
pos,1.0378604930010624,1367,0,1372
pos,1.0384323489997769,1367,0,1372
pos,1.0390376960003778,1367,0,1372
pos,1.039640049000809,1367,0,1372
pos,1.0402349770010915,1367,0,1372
pos,1.0408130340001662,1367,0,1372
pos,1.0414185219997307,1367,0,1372
pos,1.0419862710004963,1367,0,1372
pos,1.042558547000226,1367,0,1372
pos,1.043164095000975,1367,0,1372
pos,1.0437089010010823,1367,0,1372
pos,1.0442878200010455,1367,0,1372
pos,1.0448631920007756,1367,0,1372
pos,1.0454899899996235,1367,0,1372
pos,1.0460574469998392,1367,0,1372
pos,1.0466661709997425,1367,0,1372
pos,1.0472674209995603,1367,0,1372
pos,1.047808220000661,1367,0,1372
pos,1.0484165030011354,1367,0,1372
pos,1.0490152180009318,1367,0,1372
pos,1.0495571390001714,1367,0,1372
pos,1.0501640590009629,1367,0,1372
pos,1.0507608610005263,1367,0,1372
pos,1.0513118489998305,1367,0,1372
pos,1.0519393070007936,1367,0,1372
pos,1.0525439730008657,1367,0,1372
pos,1.0531620239999029,1367,0,1372
pos,1.0537606500001857,1367,0,1372
pos,1.0543396590001066,1367,0,1372
pos,1.0549316720007482,1367,0,1372
pos,1.0555533500009915,1367,0,1372
pos,1.0561619230011274,1367,0,1372
pos,1.0567358829994191,1367,0,1372
pos,1.0573136500006513,1367,0,1372
pos,1.0579327329996886,1367,0,1372
pos,1.058528182000373,1367,0,1372
pos,1.0591125909995753,1367,0,1372
pos,1.0596888950003631,1367,0,1372
pos,1.0602868900004978,1367,0,1372
pos,1.0608593369997834,1367,0,1372
pos,1.0614315729999362,1367,0,1372
pos,1.0620416990004742,1367,0,1372
pos,1.0626353050010948,1367,0,1372
pos,1.0632348020008067,1367,0,1372
pos,1.0638087219995214,1367,0,1372
pos,1.064415442000609,1367,0,1372
pos,1.0649838820008881,1367,0,1372
pos,1.0655566790010198,1367,0,1372
pos,1.066182223999931,1367,0,1372
pos,1.0667794969995157,1367,0,1372
pos,1.06736314400041,1367,0,1372
pos,1.06796479500008,1367,0,1372
pos,1.0685627090006165,1367,0,1372
pos,1.0691613950002647,1367,0,1372
pos,1.0697401529996569,1367,0,1372
pos,1.070306278001226,1367,0,1372
pos,1.0709314630003064,1367,0,1372
pos,1.0715290360003564,1367,0,1372
pos,1.072112683999876,1367,0,1372
pos,1.0726888680001139,1367,0,1372
pos,1.0732908390000375,1367,0,1372
pos,1.073859789999915,1367,0,1372
pos,1.0744378470008087,1367,0,1372
pos,1.0750365519998013,1367,0,1372
pos,1.0756426210009522,1367,0,1372
pos,1.0762392230008118,1367,0,1372
pos,1.076808453999547,1367,0,1372
pos,1.0774165359998733,1367,0,1372
pos,1.077989184001126,1367,0,1372
pos,1.0785866469996108,1367,0,1372
pos,1.0792332910004916,1367,0,1372
pos,1.0798134420001588,1367,0,1372
pos,1.0804145420006535,1367,0,1372
pos,1.080986278000637,1367,0,1372
pos,1.0815817870006867,1367,0,1372
pos,1.08223327000087,1367,0,1372
pos,1.0828041040003882,1367,0,1372
pos,1.083414361000905,1367,0,1372
pos,1.083983963000719,1367,0,1372
pos,1.0845859540004312,1367,0,1372
pos,1.0852392400011013,1367,0,1372
pos,1.0858078100009152,1367,0,1372
pos,1.0864144700008183,1367,0,1372
pos,1.086985124000421,1367,0,1372
pos,1.0875550960008695,1367,0,1372
pos,1.0881655440007307,1367,0,1372
pos,1.088736087000143,1367,0,1372
pos,1.0893118399999366,1367,0,1372
pos,1.0899346400001377,1367,0,1372
pos,1.0905409700008022,1367,0,1372
pos,1.091160313000728,1367,0,1372
pos,1.0917381700000988,1367,0,1372
pos,1.0923390700008895,1367,0,1372
pos,1.0929306220004946,1367,0,1372
pos,1.0935272530005022,1367,0,1372
pos,1.09411408699998,1367,0,1372
pos,1.0946805130006396,1367,0,1372
pos,1.0952918910006701,1367,0,1372
pos,1.0958613729999342,1367,0,1372
pos,1.0964300430005096,1367,0,1372
pos,1.0970412820006459,1367,0,1372
pos,1.0976087290000578,1367,0,1372
pos,1.0982397240004502,1367,0,1372
pos,1.0988113000003068,1367,0,1372
pos,1.0994137920006324,1367,0,1372
pos,1.0999828730000445,1367,0,1372
pos,1.1005551100006414,1367,0,1372
pos,1.1011599659996136,1367,0,1372
pos,1.101739396000994,1367,0,1372
pos,1.102304940999602,1367,0,1372
pos,1.1029298240009666,1367,0,1372
pos,1.1035374160001084,1367,0,1372
pos,1.1041648450009234,1367,0,1372
pos,1.1047361189994263,1367,0,1372
pos,1.1053046390006784,1367,0,1372
pos,1.1059344620007323,1367,0,1372
pos,1.1065254929999355,1367,0,1372
pos,1.1071073380007874,1367,0,1372
pos,1.1076800749997346,1367,0,1372
pos,1.1082858240006317,1367,0,1372
pos,1.1088600639996002,1367,0,1372
pos,1.1094554330011306,1367,0,1372
pos,1.110060090000843,1367,0,1372
pos,1.1106634330008092,1367,0,1372
pos,1.1112642730004154,1367,0,1372
pos,1.111865172000762,1367,0,1372
pos,1.1124820509994606,1367,0,1372
pos,1.113053946999571,1367,0,1372
pos,1.1136628719996224,1367,0,1372
pos,1.1142617269997572,1367,0,1372
pos,1.1148359880007774,1367,0,1372
pos,1.115430195000954,1367,0,1372
pos,1.1160367850006878,1367,0,1372
pos,1.1166144620001432,1367,0,1372
pos,1.1172403870004928,1367,0,1372
pos,1.1178114819995244,1367,0,1372
pos,1.1184133930000826,1367,0,1372
pos,1.1189873929997702,1367,0,1372
pos,1.1195580170005996,1367,0,1372
pos,1.1201602180008194,1367,0,1372
pos,1.1207318039996608,1367,0,1372
pos,1.121303940000871,1367,0,1372
pos,1.1219285740007763,1367,0,1372
pos,1.122525606000636,1367,0,1372
pos,1.1231120789998386,1367,0,1372
pos,1.1236830030011333,1367,0,1372
pos,1.124320250000892,1367,0,1372
pos,1.1249309470003936,1367,0,1372
pos,1.125526918000105,1367,0,1372
pos,1.1261092229997303,1367,0,1372
pos,1.1266790549998404,1367,0,1372
pos,1.127289803000167,1367,0,1372
pos,1.1278615579994948,1367,0,1372
pos,1.128429677000895,1367,0,1372
pos,1.1290404150004179,1367,0,1372
pos,1.1296136430009938,1367,0,1372
pos,1.1302326660006656,1367,0,1372
pos,1.130804802000057,1367,0,1372
pos,1.131412745000489,1367,0,1372
pos,1.1319822370005568,1367,0,1372
pos,1.1325537619995885,1367,0,1372
pos,1.1331590490008239,1367,0,1372
pos,1.1337318070000038,1367,0,1372
pos,1.1343303920002654,1367,0,1372
pos,1.1349291780006752,1367,0,1372
pos,1.1355264110006829,1367,0,1372
pos,1.136105891000625,1367,0,1372
pos,1.1367111880008451,1367,0,1372
pos,1.1372852879994753,1367,0,1372
pos,1.1378575649996492,1367,0,1372
pos,1.1384284289997595,1367,0,1372
pos,1.1390346780008258,1367,0,1372
pos,1.1396375410004111,1367,0,1372
pos,1.1402309969998896,1367,0,1372
pos,1.1408046360011213,1367,0,1372
pos,1.1414117269996495,1367,0,1372
pos,1.14196038999944,1367,0,1372
pos,1.1425246720009454,1367,0,1372
pos,1.1431056250003166,1367,0,1372
pos,1.1436777110011462,1367,0,1372
pos,1.1442830890009645,1367,0,1372
pos,1.1448557670009905,1367,0,1372
pos,1.1454290649999166,1367,0,1372
pos,1.1460334309995233,1367,0,1372
pos,1.1466075709995494,1367,0,1372
pos,1.1472304409999197,1367,0,1372
pos,1.147810341000877,1367,0,1372
pos,1.1484124729995528,1367,0,1372
pos,1.148982705999515,1367,0,1372
pos,1.1495790770004533,1367,0,1372
pos,1.150230109000404,1367,0,1372
pos,1.1508084270008112,1367,0,1372
pos,1.1514111600008619,1367,0,1372
pos,1.1519800309997663,1367,0,1372
pos,1.1525526080004056,1367,0,1372
pos,1.1531583460000547,1367,0,1372
pos,1.1537329069997213,1367,0,1372
pos,1.154302369001016,1367,0,1372
pos,1.154927442999906,1367,0,1372
pos,1.155524615000104,1367,0,1372
pos,1.1561090440009139,1367,0,1372
pos,1.1567051550009637,1367,0,1372
pos,1.157283231999827,1367,0,1372
pos,1.1578555890009739,1367,0,1372
pos,1.1584831580003083,1367,0,1372
pos,1.1590552540001227,1367,0,1372
pos,1.159661824000068,1367,0,1372
pos,1.1602604100007738,1367,0,1372
pos,1.1608605080000416,1367,0,1372
pos,1.1614269340007013,1367,0,1372
pos,1.162036879999505,1367,0,1372
pos,1.1626336709996394,1367,0,1372
pos,1.1632295920007891,1367,0,1372
pos,1.163775168999564,1367,0,1372
pos,1.1643580550007755,1367,0,1372
pos,1.1649598960011645,1367,0,1372
pos,1.165522986000724,1367,0,1372
pos,1.1661055220010894,1367,0,1372
pos,1.1666778689996136,1367,0,1372
pos,1.1672830560000875,1367,0,1372
pos,1.1678554030004307,1367,0,1372
pos,1.1684812880012032,1367,0,1372
pos,1.1690567710011237,1367,0,1372
pos,1.1696606959994824,1367,0,1372
pos,1.1702581890003785,1367,0,1372
pos,1.1708039269997244,1367,0,1372
pos,1.1714105370010657,1367,0,1372
pos,1.1720053549997829,1367,0,1372
pos,1.1725515540001652,1367,0,1372
pos,1.1731765879994782,1367,0,1372
pos,1.1737743520006916,1367,0,1372
pos,1.174362106999979,1367,0,1372
pos,1.174927371001104,1367,0,1372
pos,1.1755274290007947,1367,0,1372
pos,1.1761060869994253,1367,0,1372
pos,1.1766852760010806,1367,0,1372
pos,1.1772832910010038,1367,0,1372
pos,1.1778596450003533,1367,0,1372
pos,1.1784273730008863,1367,0,1372
pos,1.1790321299995412,1367,0,1372
pos,1.1796039750006457,1367,0,1372
pos,1.1802315240001917,1367,0,1372
pos,1.1808061150004505,1367,0,1372
pos,1.1813818179998634,1367,0,1372
pos,1.1819586929996149,1367,0,1372
pos,1.1825367900000856,1367,0,1372
pos,1.18312347400024,1367,0,1372
pos,1.1842598020011792,1367,0,1372
pos,1.184804417000123,1367,0,1372
pos,1.1854101959997934,1367,0,1372
pos,1.1859823220002,1367,0,1372
pos,1.1865511730011349,1367,0,1372
pos,1.1871568509995996,1367,0,1372
pos,1.1877294780006196,1367,0,1372
pos,1.188301735001005,1367,0,1372
pos,1.1889302649997262,1367,0,1372
pos,1.1895261560002837,1367,0,1372
pos,1.1901044639998872,1367,0,1372
pos,1.1906758889999765,1367,0,1372
pos,1.1912838509997528,1367,0,1372
pos,1.19185674900109,1367,0,1372
pos,1.1924256790007348,1367,0,1372
pos,1.1930331109997496,1367,0,1372
pos,1.193610467000326,1367,0,1372
pos,1.1942280880011822,1367,0,1372
pos,1.1948023080003622,1367,0,1372
pos,1.1954106810007943,1367,0,1372
pos,1.1959802029996354,1367,0,1372
pos,1.1965804410010605,1367,0,1372
pos,1.197228487000757,1367,0,1372
pos,1.197801876000085,1367,0,1372
pos,1.19841173200075,1367,0,1372
pos,1.1989793699995062,1367,0,1372
pos,1.1995821130003606,1367,0,1372
neg,1.00000761449337e-07,1367,0,690
neg,0.0006224990011105547,1367,0,690
neg,0.001242424001247855,1367,0,690
neg,0.0018294580004294403,1367,0,690
neg,0.0024115329997584922,1367,0,690
neg,0.0029835690002073534,1367,0,690
neg,0.0035924029998568585,1367,0,690
neg,0.004168767000010121,1367,0,690
neg,0.00473233800039452,1367,0,690
neg,0.005337825999959023,1367,0,690
neg,0.005910153000513674,1367,0,690
neg,0.006536509001307422,1367,0,690
neg,0.007111570999768446,1367,0,690
neg,0.007715777001067181,1367,0,690
neg,0.008286320000479463,1367,0,690
neg,0.008863245000611641,1367,0,690
neg,0.00946719000057783,1367,0,690
neg,0.010039036000307533,1367,0,690
neg,0.010611773999698926,1367,0,690
neg,0.011238301000048523,1367,0,690
neg,0.011828811000668793,1367,0,690
neg,0.012410846000420861,1367,0,690
neg,0.012989464001293527,1367,0,690
neg,0.01358761899973615,1367,0,690
neg,0.014165085000058752,1367,0,690
neg,0.014788877000682987,1367,0,690
neg,0.015365912000561366,1367,0,690
neg,0.015966140001182794,1367,0,690
neg,0.016560878000746015,1367,0,690
neg,0.0171662960001413,1367,0,690
neg,0.017764180000085616,1367,0,690
neg,0.01833853100106353,1367,0,690
neg,0.0189092550008354,1367,0,690
neg,0.019553825000912184,1367,0,690
neg,0.020113829001275008,1367,0,690
neg,0.02071630099999311,1367,0,690
neg,0.021285081000314676,1367,0,690
neg,0.021856917001059628,1367,0,690
neg,0.022462234999693464,1367,0,690
neg,0.023040713000227697,1367,0,690
neg,0.023606296999787446,1367,0,690
neg,0.02423258400085615,1367,0,690
neg,0.02482782300103281,1367,0,690
neg,0.025408925999727217,1367,0,690
neg,0.025981733000662643,1367,0,690
neg,0.0265885540011368,1367,0,690
neg,0.02715977899970312,1367,0,690
neg,0.027731975000278908,1367,0,690
neg,0.02833635100068932,1367,0,690
neg,0.028912765001223306,1367,0,690
neg,0.029533681999964756,1367,0,690
neg,0.030106379001153982,1367,0,690
neg,0.030715013001099578,1367,0,690
neg,0.03128411400030018,1367,0,690
neg,0.03186509599981946,1367,0,690
neg,0.03246123700046155,1367,0,690
neg,0.033033593999789446,1367,0,690
neg,0.03361086000040814,1367,0,690
neg,0.03423645499970007,1367,0,690
neg,0.03482796699972823,1367,0,690
neg,0.03540963100022054,1367,0,690
neg,0.03600704400014365,1367,0,690
neg,0.036587245000191615,1367,0,690
neg,0.03716561300097965,1366,0,690
neg,0.037782913001137786,1366,0,690
neg,0.03836228300133371,1366,0,690
neg,0.0389643939997768,1366,0,690
neg,0.03953765300138912,1366,0,690
neg,0.04011318599987135,1366,0,690
neg,0.040714726001169765,1366,0,690
neg,0.041289247001259355,1366,0,690
neg,0.041858148000756046,1366,-50,690
neg,0.04246257399972819,1366,-50,690
neg,0.043033628000557655,1366,-50,690
neg,0.043635870000798604,1366,-50,690
neg,0.044239324000955094,1366,-50,690
neg,0.044826438001109636,1366,-50,690
neg,0.04541177900136972,1366,-50,690
neg,0.04598086000078183,1365,-50,690
neg,0.046586678001403925,1365,-50,690
neg,0.04715852400113363,1365,-50,690
neg,0.04778717500084895,1365,-50,690
neg,0.048360183000113466,1365,-50,690
neg,0.048963737001031404,1365,-50,690
neg,0.04955977800091205,1365,-50,690
neg,0.05011181700137968,1365,-50,690
neg,0.05071390900047845,1365,-50,690
neg,0.05128362100003869,1364,-50,690
neg,0.05186234900065756,1364,-50,690
neg,0.05246500199973525,1364,-50,690
neg,0.0530378200000996,1364,-50,690
neg,0.053605578001224785,1364,-50,690
neg,0.05423070200049551,1364,-50,690
neg,0.054826962999868556,1364,-50,690
neg,0.055407796000508824,1364,-50,690
neg,0.05597959100123262,1363,-50,690
neg,0.05658583100012038,1363,-50,690
neg,0.05716481000126805,1363,-50,690
neg,0.05772951200015086,1363,-50,690
neg,0.05834115200013912,1363,-50,690
neg,0.05891077399974165,1362,-50,690
neg,0.05953385400061961,1362,-50,690
neg,0.06010515900015889,1362,-50,690
neg,0.060713382001267746,1362,-50,690
neg,0.061288905000765226,1362,-50,690
neg,0.061854708999817376,1362,-200,690
neg,0.062468412001180695,1362,-200,690
neg,0.06303248400035955,1362,-200,690
neg,0.06363320300079067,1362,-200,690
neg,0.06423280000126397,1361,-200,690
neg,0.06483516200023587,1361,-200,690
neg,0.06545980600094481,1361,-200,690
neg,0.06603340500078048,1360,-200,690
neg,0.06660454899974866,1360,-200,690
neg,0.06723494300058519,1360,-200,690
neg,0.06782633500006341,1360,-200,690
neg,0.06841046400040796,1360,-200,690
neg,0.06897908300015843,1359,-200,690
neg,0.06958883900006185,1359,-200,690
neg,0.07015583599968522,1359,-200,690
neg,0.07072899500053609,1359,-200,690
neg,0.07133472300120047,1358,-200,690
neg,0.0718813820003561,1357,-200,690
neg,0.07253154300087772,1357,-200,690
neg,0.07311154400122177,1357,-200,690
neg,0.07371367599989753,1357,-200,690
neg,0.07428653399983887,1356,-200,690
neg,0.07486047299971688,1355,-200,690
neg,0.07546004100004211,1355,-200,690
neg,0.07603673500125296,1355,-200,690
neg,0.07660386200041103,1355,-200,690
neg,0.07723323500067636,1354,-200,690
neg,0.07782496700019692,1353,-200,690
neg,0.07840642100018158,1353,-200,690
neg,0.07896254800107272,1352,-200,690
neg,0.07953340200037928,1352,-200,690
neg,0.08010996700068063,1351,-200,690
neg,0.08071268999992753,1351,-200,690
neg,0.08128329300052428,1351,-200,690
neg,0.0818535360012902,1350,-600,690
neg,0.08247903099982068,1350,-600,690
neg,0.08307590300137235,1349,-600,690
neg,0.08365793800112442,1349,-600,690
neg,0.08422895200055791,1348,-600,690
neg,0.08483874800003832,1347,-600,690
neg,0.08548285700089764,1347,-600,690
neg,0.08607756499986863,1346,-600,690
neg,0.08665597300023364,1346,-600,690
neg,0.08725992899962876,1345,-600,690
neg,0.08782515200073249,1344,-600,690
neg,0.0884063250014151,1344,-600,690
neg,0.08898560499983432,1343,-600,690
neg,0.08958487200106902,1343,-600,690
neg,0.09016032399995311,1342,-600,690
neg,0.09072828300122637,1341,-600,690
neg,0.09133421200021985,1341,-600,690
neg,0.0919060680007533,1340,-600,690
neg,0.09253465800065896,1340,-600,690
neg,0.09310422000089602,1339,-600,690
neg,0.09371346500120126,1338,-600,690
neg,0.09428444900004251,1338,-600,690
neg,0.09485282900095626,1337,-600,690
neg,0.09545915800117655,1337,-600,690
neg,0.09603071400124463,1336,-600,690
neg,0.0966074589996424,1336,-600,690
neg,0.09722876600062591,1335,-600,690
neg,0.09782940500008408,1334,-600,690
neg,0.09840686100142193,1334,-600,690
neg,0.09897779600032663,1333,-600,690
neg,0.09958292300143512,1333,-600,690
neg,0.10015599100006511,1332,-600,690
neg,0.10073567099971115,1331,-600,690
neg,0.10133278400098789,1331,-600,690
neg,0.10191020999991451,1330,-1000,690
neg,0.10253592600020056,1330,-1000,690
neg,0.10310266200031037,1329,-1000,690
neg,0.10371144600139814,1328,-1000,690
neg,0.10428884199973254,1328,-1000,690
neg,0.10485302400047658,1327,-1000,690
neg,0.10546240900112025,1327,-1000,690
neg,0.10603535700101929,1325,-1000,690
neg,0.10660229400127719,1324,-1000,690
neg,0.10722718800025177,1324,-1000,690
neg,0.1078239400012535,1323,-1000,690
neg,0.1084106830003293,1323,-1000,690
neg,0.10897807100081991,1322,-1000,690
neg,0.10958885900072346,1322,-1000,690
neg,0.11015551499986032,1320,-1000,690
neg,0.11078777200054901,1319,-1000,690
neg,0.11135258500144118,1319,-1000,690
neg,0.11196134900092147,1317,-1000,690
neg,0.11255895300018892,1317,-1000,690
neg,0.11310209600014787,1316,-1000,690
neg,0.11366083699977025,1314,-1000,690
neg,0.11425331099962932,1314,-1000,690
neg,0.11486436999985017,1313,-1000,690
neg,0.11545956900044985,1313,-1000,690
neg,0.11605951599995024,1312,-1000,690
neg,0.11662897800124483,1310,-1000,690
neg,0.11723075900044932,1310,-1000,690
neg,0.1178246660001605,1308,-1000,690
neg,0.11840946600023017,1308,-1000,690
neg,0.11897731400131306,1307,-1000,690
neg,0.11958711999977822,1305,-1000,690
neg,0.12015628100016329,1305,-1000,690
neg,0.1207270350005274,1303,-1000,690
neg,0.12133854400053679,1303,-1400,690
neg,0.1219112420003512,1302,-1400,690
neg,0.12253306000093289,1302,-1400,690
neg,0.12313266700039094,1300,-1400,690
neg,0.12379591100034304,1299,-1400,690
neg,0.12435867100066389,1299,-1400,690
neg,0.12496205500065116,1297,-1400,690
neg,0.12556063000010909,1295,-1400,690
neg,0.1261026510001102,1295,-1400,690
neg,0.1267113049998443,1293,-1400,690
neg,0.12728242900084297,1293,-1400,690
neg,0.12785270200038212,1292,-1400,690
neg,0.1284586310011946,1292,-1400,690
neg,0.1290323810007976,1290,-1400,690
neg,0.12961042800088762,1288,-1400,690
neg,0.13022711700068612,1288,-1400,690
neg,0.13082607300020754,1286,-1400,690
neg,0.13141184400046768,1286,-1400,690
neg,0.13200992900056008,1285,-1400,690
neg,0.13258212500113586,1283,-1400,690
neg,0.1331562949999352,1283,-1400,690
neg,0.13372639800036268,1281,-1400,690
neg,0.13433303800047725,1281,-1400,690
neg,0.13493729400033772,1279,-1400,690
neg,0.13553299399973184,1277,-1400,690
neg,0.13610211400009575,1277,-1400,690
neg,0.13671127900124702,1276,-1400,690
neg,0.13727958900017256,1276,-1400,690
neg,0.1378513750005368,1274,-1400,690
neg,0.1384605700004613,1274,-1400,690
neg,0.13903367800048727,1272,-1400,690
neg,0.13960110600055486,1270,-1400,690
neg,0.14023099900077796,1270,-1400,690
neg,0.1408328800007439,1269,-1400,690
neg,0.14148050600124407,1267,-1750,690
neg,0.1420743320013571,1267,-1750,690
neg,0.1426586910001788,1265,-1750,690
neg,0.14325802799976373,1265,-1750,690
neg,0.14383183700010704,1263,-1750,690
neg,0.14446357400083798,1261,-1750,690
neg,0.14503357600005984,1261,-1750,690
neg,0.14560416000131227,1259,-1750,690
neg,0.14623005500106956,1259,-1750,690
neg,0.14682217900008254,1256,-1750,690
neg,0.14740395300032105,1256,-1750,690
neg,0.14800580500013893,1254,-1750,690
neg,0.14858330100105377,1252,-1750,690
neg,0.1491566500008048,1252,-1750,690
neg,0.14972579999994196,1250,-1750,690
neg,0.1503116920011962,1250,-1750,690
neg,0.15090955600135203,1248,-1750,690
neg,0.15153459000066505,1246,-1750,690
neg,0.15210556500096573,1246,-1750,690
neg,0.15270951999991667,1243,-1750,690
neg,0.15327829000125348,1243,-1750,690
neg,0.15382190400123363,1241,-1750,690
neg,0.1544033270001819,1239,-1750,690
neg,0.15497588400103268,1239,-1750,690
neg,0.15558249400055502,1237,-1750,690
neg,0.15615432000049623,1237,-1750,690
neg,0.15678233000107866,1234,-1750,690
neg,0.15735065000080795,1234,-1750,690
neg,0.15795750000143016,1232,-1750,690
neg,0.15855691700016905,1229,-1750,690
neg,0.15915761600081169,1229,-1750,690
neg,0.15972565500123892,1227,-1750,690
neg,0.16033526100000017,1227,-1750,690
neg,0.16093094999996538,1225,-1750,690
neg,0.16153384400058712,1223,-2200,690
neg,0.1621048079996399,1223,-2200,690
neg,0.1627087130000291,1221,-2200,690
neg,0.16327773400007572,1221,-2200,690
neg,0.16385278500092681,1218,-2200,690
neg,0.16446167000140122,1216,-2200,690
neg,0.16503168200142682,1216,-2200,690
neg,0.16560688400022627,1213,-2200,690
neg,0.16622651800025778,1213,-2200,690
neg,0.1668213970006036,1211,-2200,690
neg,0.16740531499999634,1209,-2200,690
neg,0.16797468700133322,1209,-2200,690
neg,0.16858179799965,1206,-2200,690
neg,0.16915579700071248,1206,-2200,690
neg,0.16972511899984966,1204,-2200,690
neg,0.17033646700110694,1202,-2200,690
neg,0.17093321900028968,1202,-2200,690
neg,0.17152836800050864,1199,-2200,690
neg,0.17210543400142342,1199,-2200,690
neg,0.1727061630008393,1196,-2200,690
neg,0.1732821559999138,1196,-2200,690
neg,0.17385025499970652,1194,-2200,690
neg,0.17445519200009585,1191,-2200,690
neg,0.17502726900056587,1191,-2200,690
neg,0.17559986600099364,1189,-2200,690
neg,0.17622774499977822,1189,-2200,690
neg,0.1768209210003988,1186,-2200,690
neg,0.17740279500139877,1184,-2200,690
neg,0.17798217500057945,1184,-2200,690
neg,0.1785798689998046,1181,-2200,690
neg,0.1791314069996588,1181,-2200,690
neg,0.17972552399987762,1178,-2200,690
neg,0.1803352900005848,1176,-2200,690
neg,0.18090194599972165,1176,-2200,690
neg,0.1815267500005575,1173,-2500,690
neg,0.18209931700039306,1173,-2500,690
neg,0.18270882300021185,1170,-2500,690
neg,0.18328173000008974,1168,-2500,690
neg,0.1838580550011102,1168,-2500,690
neg,0.18447811900114175,1165,-2500,690
neg,0.18507185599992226,1165,-2500,690
neg,0.18565650500022457,1162,-2500,690
neg,0.1862567139996827,1160,-2500,690
neg,0.18682125600025756,1160,-2500,690
neg,0.18740464400070778,1157,-2500,690
neg,0.1880059640006948,1157,-2500,690
neg,0.18858176700086915,1154,-2500,690
neg,0.18915634800032421,1154,-2500,690
neg,0.1897237960001803,1152,-2500,690
neg,0.19033136800135253,1149,-2500,690
neg,0.1909289909999643,1149,-2500,690
neg,0.19152890900113562,1146,-2500,690
neg,0.19213302400021348,1146,-2500,690
neg,0.19272474700119346,1143,-2500,690
neg,0.19333172700135037,1141,-2500,690
neg,0.19390727000063634,1141,-2500,690
neg,0.19452710500081594,1138,-2500,690
neg,0.19509942100012267,1138,-2500,690
neg,0.1957073040011892,1135,-2500,690
neg,0.19630408600096416,1132,-2500,690
neg,0.19684869200136745,1132,-2500,690
neg,0.19745861800038256,1130,-2500,690
neg,0.19799966699974902,1130,-2500,690
neg,0.1985851179997553,1127,-2500,690
neg,0.19915291600045748,1127,-2500,690
neg,0.19975319500008482,1124,-2500,690
neg,0.20032974900095724,1122,-2500,690
neg,0.20092710199969588,1122,-2700,690
neg,0.2015338930013968,1119,-2700,690
neg,0.2020984650007449,1119,-2700,690
neg,0.2027105750003102,1116,-2700,690
neg,0.20327608899970073,1113,-2700,690
neg,0.20385687199996028,1113,-2700,690
neg,0.20447642600083782,1111,-2700,690
neg,0.20507116400040104,1111,-2700,690
neg,0.20562480599983246,1108,-2700,690
neg,0.20622726900000998,1105,-2700,690
neg,0.2068190420013707,1105,-2700,690
neg,0.2074013070014189,1103,-2700,690
neg,0.20797391400083143,1103,-2700,690
neg,0.20857806999993045,1100,-2700,690
neg,0.2091581109998515,1097,-2700,690
neg,0.20972372500000347,1097,-2700,690
neg,0.21033506400090118,1094,-2700,690
neg,0.2109077109998907,1094,-2700,690
neg,0.21152889800032426,1092,-2700,690
neg,0.21210498199980066,1092,-2700,690
neg,0.21270669300065492,1089,-2700,690
neg,0.21328108300076565,1087,-2700,690
neg,0.21385203800127783,1087,-2700,690
neg,0.2144544800012227,1084,-2700,690
neg,0.21503154600031849,1084,-2700,690
neg,0.21560192900142283,1081,-2700,690
neg,0.21623296400139225,1078,-2700,690
neg,0.21682028900067962,1078,-2700,690
neg,0.21740878499986138,1076,-2700,690
neg,0.2179805010000564,1076,-2700,690
neg,0.218578295000043,1073,-2700,690
neg,0.2192231860008178,1070,-2700,690
neg,0.21981928600143874,1070,-2700,690
neg,0.22040632000062033,1067,-2700,690
neg,0.22098065099999076,1067,-2750,690
neg,0.22157877500103496,1064,-2750,690
neg,0.22222278400113282,1062,-2750,690
neg,0.22281923500122502,1062,-2750,690
neg,0.22340524700121023,1059,-2750,690
neg,0.22397781499967095,1059,-2750,690
neg,0.22457814300105383,1056,-2750,690
neg,0.22515168199970503,1053,-2750,690
neg,0.22572285699970962,1053,-2750,690
neg,0.22633393500109378,1050,-2750,690
neg,0.22690557100031583,1050,-2750,690
neg,0.22752594600024167,1047,-2750,690
neg,0.22810386400124116,1044,-2750,690
neg,0.22870935200080567,1044,-2750,690
neg,0.2293072660013422,1041,-2750,690
neg,0.22990439800014428,1041,-2750,690
neg,0.2305295420010225,1039,-2750,690
neg,0.23112383999978192,1036,-2750,690
neg,0.23172263500055124,1036,-2750,690
neg,0.23232795300100406,1033,-2750,690
neg,0.23290213300060714,1033,-2750,690
neg,0.23352939100004733,1030,-2750,690
neg,0.2341042030002427,1027,-2750,690
neg,0.23470591400109697,1027,-2750,690
neg,0.2352799939999386,1024,-2750,690
neg,0.23584892500002752,1024,-2750,690
neg,0.23645725800088258,1020,-2750,690
neg,0.23703091700008372,1017,-2750,690
neg,0.23760334400139982,1017,-2750,690
neg,0.23822216700136778,1015,-2750,690
neg,0.23881853800048702,1015,-2750,690
neg,0.23939937999966787,1012,-2750,690
neg,0.23997934100043494,1012,-2750,690
neg,0.2405771450012253,1009,-2750,690
neg,0.2411532790010824,1006,-2900,690
neg,0.24177872400105116,1006,-2900,690
neg,0.24234682300084387,1003,-2900,690
neg,0.24295599700053572,1003,-2900,690
neg,0.24355358100001467,1000,-2900,690
neg,0.24409663300139073,997,-2900,690
neg,0.24470564800139982,997,-2900,690
neg,0.245274609000262,994,-2900,690
neg,0.2458469260000129,994,-2900,690
neg,0.24645200300074066,992,-2900,690
neg,0.2470322440003656,989,-2900,690
neg,0.24760171600064496,989,-2900,690
neg,0.24822156000118412,986,-2900,690
neg,0.24882901199998742,986,-2900,690
neg,0.24945199200010393,983,-2900,690
neg,0.2500527920001332,981,-2900,690
neg,0.2506224429998838,981,-2900,690
neg,0.2512216200011608,978,-2900,690
neg,0.251818392000132,978,-2900,690
neg,0.25239914400117414,975,-2900,690
neg,0.2529709600003116,972,-2900,690
neg,0.25357716899998195,972,-2900,690
neg,0.2541519400001562,969,-2900,690
neg,0.2547282150007959,969,-2900,690
neg,0.2553316690009524,966,-2900,690
neg,0.2559036050006398,966,-2900,690
neg,0.256523730000481,964,-2900,690
neg,0.25709620700035885,961,-2900,690
neg,0.25770529200053716,961,-2900,690
neg,0.2583099180010322,958,-2900,690
neg,0.25885373200071626,958,-2900,690
neg,0.2594570159999421,955,-2900,690
neg,0.26002477499969245,953,-2900,690
neg,0.26062359000025026,953,-2800,690
neg,0.2612210130009771,950,-2800,690
neg,0.2618217730014294,950,-2800,690
neg,0.2624049189998914,947,-2800,690
neg,0.26297091400010686,945,-2800,690
neg,0.2635767330011731,945,-2800,690
neg,0.2641485490003106,942,-2800,690
neg,0.26477366300059657,942,-2800,690
neg,0.26535344399962923,939,-2800,690
neg,0.26595407300010265,937,-2800,690
neg,0.2665543310013163,937,-2800,690
neg,0.26709571100036555,934,-2800,690
neg,0.2677046050011995,934,-2800,690
neg,0.26828088900037983,932,-2800,690
neg,0.26884594300099707,932,-2800,690
neg,0.2694511000008788,929,-2800,690
neg,0.27002322600128537,926,-2800,690
neg,0.270599661000233,926,-2800,690
neg,0.27122817100098473,923,-2800,690
neg,0.2718168580013298,923,-2800,690
neg,0.27240193900070153,921,-2800,690
neg,0.2729704880002828,918,-2800,690
neg,0.27357563599980494,918,-2800,690
neg,0.27414777200101526,915,-2800,690
neg,0.2747273020013381,915,-2800,690
neg,0.27533214899995073,913,-2800,690
neg,0.27592394200109993,910,-2800,690
neg,0.27652793699962785,910,-2800,690
neg,0.2770950440008164,908,-2800,690
neg,0.2777015540013963,908,-2800,690
neg,0.278280854001423,905,-2800,690
neg,0.27884514600009425,903,-2800,690
neg,0.27945641500082274,903,-2800,690
neg,0.28002261000074213,901,-2800,690
neg,0.2806216160006443,901,-2600,690
neg,0.2812251900013507,898,-2600,690
neg,0.28181612200023665,898,-2600,690
neg,0.2824000300006446,895,-2600,690
neg,0.2829701720002049,893,-2600,690
neg,0.28355644499970367,893,-2600,690
neg,0.2841227710014209,891,-2600,690
neg,0.2847209350002231,891,-2600,690
neg,0.2853252610002528,888,-2600,690
neg,0.28590560300108336,886,-2600,690
neg,0.28652422500090324,886,-2600,690
neg,0.2870981750002102,884,-2600,690
neg,0.2877034020002611,884,-2600,690
neg,0.28825289700034773,881,-2600,690
neg,0.28882599500138895,879,-2600,690
neg,0.28945588799979305,879,-2600,690
neg,0.29002178300106607,877,-2600,690
neg,0.29059523199975956,877,-2600,690
neg,0.2912198949998128,874,-2600,690
neg,0.29181786000117427,872,-2600,690
neg,0.292397269000503,872,-2600,690
neg,0.2929695660004654,870,-2600,690
neg,0.2935744229998818,870,-2600,690
neg,0.2941554460012412,868,-2600,690
neg,0.2947197680005047,868,-2600,690
neg,0.2953030750013568,865,-2600,690
neg,0.29584568700011005,863,-2600,690
neg,0.2964695890004805,863,-2600,690
neg,0.29706666200036125,861,-2600,690
neg,0.29765041900100186,861,-2600,690
neg,0.29822148400126025,859,-2600,690
neg,0.29881566100084456,857,-2600,690
neg,0.2993967040001735,857,-2600,690
neg,0.29996846900030505,855,-2600,690
neg,0.30058042900054716,855,-2300,690
neg,0.30114745600076276,852,-2300,690
neg,0.301719242001127,852,-2300,690
neg,0.302324710000903,850,-2300,690
neg,0.3028993410007388,848,-2300,690
neg,0.30352116900030524,848,-2300,690
neg,0.304101110999909,846,-2300,690
neg,0.30470286200034025,846,-2300,690
neg,0.30527769299987995,843,-2300,690
neg,0.3058495990007941,842,-2300,690
neg,0.306470655999874,842,-2300,690
neg,0.3070691610009817,840,-2300,690
neg,0.30765225700088195,840,-2300,690
neg,0.3082483880007203,837,-2300,690
neg,0.3088151550000475,835,-2300,690
neg,0.3093999949996942,835,-2300,690
neg,0.30996886499997345,833,-2300,690
neg,0.31057948200032115,833,-2300,690
neg,0.3111515689997759,831,-2300,690
neg,0.311777394001183,829,-2300,690
neg,0.31234358999972756,829,-2300,690
neg,0.3129538670000329,827,-2300,690
neg,0.31355012800122495,827,-2300,690
neg,0.3140975090009306,825,-2300,690
neg,0.3147207090005395,823,-2300,690
neg,0.3153303550006967,823,-2300,690
neg,0.31590072800099733,821,-2300,690
neg,0.3165298800013261,821,-2300,690
neg,0.3170966560010129,819,-2300,690
neg,0.317702244999964,818,-2300,690
neg,0.31827168600102596,818,-2300,690
neg,0.3188439030000154,816,-2300,690
neg,0.3194497610002145,816,-2300,690
neg,0.320028228999945,814,-2300,690
neg,0.32059386400032963,814,-2000,690
neg,0.3212259210013144,812,-2000,690
neg,0.3218144170004962,811,-2000,690
neg,0.3223985660006292,811,-2000,690
neg,0.3229688890005491,809,-2000,690
neg,0.32357340500129794,809,-2000,690
neg,0.3241496000009647,807,-2000,690
neg,0.32477513500089117,806,-2000,690
neg,0.3253461590011284,806,-2000,690
neg,0.3259562849998474,804,-2000,690
neg,0.32655083300051047,804,-2000,690
neg,0.32709273399996164,803,-2000,690
neg,0.32769991500026663,801,-2000,690
neg,0.32827088900012313,801,-2000,690
neg,0.3288433760008047,800,-2000,690
neg,0.32944871400104603,800,-2000,690
neg,0.33002350500100874,798,-2000,690
neg,0.3305927960009285,798,-2000,690
neg,0.3312183210000512,797,-2000,690
neg,0.3318141010004183,795,-2000,690
neg,0.3324005539998325,795,-2000,690
neg,0.3329676510002173,793,-2000,690
neg,0.33357481300117797,793,-2000,690
neg,0.33415224900090834,792,-2000,690
neg,0.334717483001441,790,-2000,690
neg,0.3353028040000936,790,-2000,690
neg,0.3358425200003694,789,-2000,690
neg,0.33645219600111886,789,-2000,690
neg,0.3370481359997939,788,-2000,690
neg,0.3375930319998588,786,-2000,690
neg,0.33821803600039857,786,-2000,690
neg,0.33882240200000524,785,-2000,690
neg,0.33944864899967797,785,-2000,690
neg,0.34002011400116317,784,-2000,690
neg,0.3406011370007036,783,-1450,690
neg,0.34122618100082036,783,-1450,690
neg,0.34181359500144026,781,-1450,690
neg,0.34240020800098137,781,-1450,690
neg,0.3429676659998222,780,-1450,690
neg,0.34357320399976743,779,-1450,690
neg,0.34422512800119875,779,-1450,690
neg,0.3448159890012903,778,-1450,690
neg,0.3454011800004082,778,-1450,690
neg,0.34596756599967193,777,-1450,690
neg,0.34657301399965945,775,-1450,690
neg,0.34714925800108176,775,-1450,690
neg,0.34771703600017645,774,-1450,690
neg,0.34832865499993204,774,-1450,690
neg,0.348894669999936,773,-1450,690
neg,0.3495204860009835,773,-1450,690
neg,0.3501263150010345,772,-1450,690
neg,0.35071987100127444,771,-1450,690
neg,0.35132352500113484,771,-1450,690
neg,0.35189675400033593,770,-1450,690
neg,0.3525191230000928,769,-1450,690
neg,0.35311792900029104,769,-1450,690
neg,0.3537198300000455,768,-1450,690
neg,0.3543253879997792,768,-1450,690
neg,0.3549235629998293,767,-1450,690
neg,0.35551906200089434,766,-1450,690
neg,0.3560994440013019,766,-1450,690
neg,0.3567012050007179,765,-1450,690
neg,0.35730342700117035,765,-1450,690
neg,0.35789427800045814,764,-1450,690
neg,0.35852238799998304,763,-1450,690
neg,0.3591249399996741,763,-1450,690
neg,0.3597166630006541,762,-1450,690
neg,0.36032703000091715,762,-1100,690
neg,0.3608945980013232,761,-1100,690
neg,0.3615232490010385,760,-1100,690
neg,0.36209568600133935,760,-1100,690
neg,0.3627016749996983,759,-1100,690
neg,0.36327109600097174,759,-1100,690
neg,0.3638407880007435,758,-1100,690
neg,0.36446639300083916,757,-1100,690
neg,0.36506379599995853,757,-1100,690
neg,0.3656478150005569,757,-1100,690
neg,0.36624883500007854,757,-1100,690
neg,0.36681793500065396,756,-1100,690
neg,0.36739392900017265,756,-1100,690
neg,0.36797166600081255,755,-1100,690
neg,0.3685752399997,754,-1100,690
neg,0.369147907000297,754,-1100,690
neg,0.3697418940009811,754,-1100,690
neg,0.3703481840002496,754,-1100,690
neg,0.3709497950003424,753,-1100,690
neg,0.37154774900045595,752,-1100,690
neg,0.3721468849998928,752,-1100,690
neg,0.3727152350002143,751,-1100,690
neg,0.37332080300075177,751,-1100,690
neg,0.373895213000651,750,-1100,690
neg,0.3745180839996465,750,-1100,690
neg,0.375095749999673,750,-1100,690
neg,0.3756998360004218,749,-1100,690
neg,0.37626840499979153,749,-1100,690
neg,0.3768410330012557,748,-1100,690
neg,0.37744675100111635,748,-1100,690
neg,0.3780184570005076,748,-1100,690
neg,0.3785978570012958,747,-1100,690
neg,0.37922095700014324,747,-1100,690
neg,0.37981304000095406,746,-1100,690
neg,0.38039809099973354,746,-750,690
neg,0.3809654180004145,746,-750,690
neg,0.3815711770002963,745,-750,690
neg,0.382145968000259,745,-750,690
neg,0.3827225830009411,744,-750,690
neg,0.38332078799976443,744,-750,690
neg,0.38389459700010775,744,-750,690
neg,0.38452594299997145,743,-750,690
neg,0.38508982399980596,743,-750,690
neg,0.38569912900129566,742,-750,690
neg,0.38626790899979824,742,-750,690
neg,0.38684004599963373,742,-750,690
neg,0.38744567400135566,741,-750,690
neg,0.388021918000959,741,-750,690
neg,0.3885902370002441,741,-750,690
neg,0.3892210520007211,741,-750,690
neg,0.38981131200125674,740,-750,690
neg,0.3904384300003585,739,-750,690
neg,0.39102797800114786,739,-750,690
neg,0.39159782100068696,739,-750,690
neg,0.3922171040012472,739,-750,690
neg,0.3928143370012549,738,-750,690
neg,0.39339302600092196,738,-750,690
neg,0.39396451100037666,738,-750,690
neg,0.3945744869997725,737,-750,690
neg,0.3951432970006863,737,-750,690
neg,0.3957154340005218,736,-750,690
neg,0.39632071100095345,736,-750,690
neg,0.396921501000179,736,-750,690
neg,0.3975197850013501,736,-750,690
neg,0.39811533500142104,736,-750,690
neg,0.398724269000013,735,-750,690
neg,0.3993248080005287,734,-750,690
neg,0.3999220210007479,734,-750,690
neg,0.40051686900005734,734,-600,690
neg,0.4011188010008482,734,-600,690
neg,0.4021314010005881,733,-600,690
neg,0.40271813400067913,733,-600,690
neg,0.40332876200045575,732,-600,690
neg,0.40392095500101277,732,-600,690
neg,0.4045181480014435,732,-600,690
neg,0.40509529399969324,732,-600,690
neg,0.4057021139997232,731,-600,690
neg,0.40627028299968515,731,-600,690
neg,0.4068453050003882,731,-600,690
neg,0.40745045200128516,730,-600,690
neg,0.4080163470007392,730,-600,690
neg,0.40858927500084974,730,-600,690
neg,0.4092145790000359,730,-600,690
neg,0.40981145200021274,729,-600,690
neg,0.41039493900098023,729,-600,690
neg,0.4109638990012172,729,-600,690
neg,0.4115691670012893,728,-600,690
neg,0.4121455020012945,728,-600,690
neg,0.4127697439998883,728,-600,690
neg,0.41333874500014645,728,-600,690
neg,0.4139489320004941,728,-600,690
neg,0.4145436700000573,727,-600,690
neg,0.41512152700124716,727,-600,690
neg,0.4157159740007046,727,-600,690
neg,0.4163265919996775,726,-600,690
neg,0.4169182740006363,726,-600,690
neg,0.4175223199999891,726,-600,690
neg,0.41809010799988755,726,-600,690
neg,0.41869856100129255,726,-600,690
neg,0.41929260800134216,725,-600,690
neg,0.419840059001217,725,-600,690
neg,0.42044410400012566,725,-450,690
neg,0.42102534800142166,725,-450,690
neg,0.4215967130003264,724,-450,690
neg,0.42221392300052685,724,-450,690
neg,0.4228111150005134,724,-450,690
neg,0.42339094599992677,723,-450,690
neg,0.42396441500022775,723,-450,690
neg,0.4245696819998557,723,-450,690
neg,0.42514231000131986,723,-450,690
neg,0.42571326400138787,723,-450,690
neg,0.4263206560008257,722,-450,690
neg,0.426891159000661,722,-450,690
neg,0.4275156820003758,722,-450,690
neg,0.4281188260010822,722,-450,690
neg,0.428766300999996,722,-450,690
neg,0.4293648060011037,721,-450,690
neg,0.42994677100068657,721,-450,690
neg,0.43054297200069414,721,-450,690
neg,0.4310969150010351,721,-450,690
neg,0.4316722870007652,721,-450,690
neg,0.4322735380010272,720,-450,690
neg,0.43284697600029176,720,-450,690
neg,0.43346772299992153,720,-450,690
neg,0.4340606370005844,720,-450,690
neg,0.4346441150009923,720,-450,690
neg,0.43521826500000316,719,-450,690
neg,0.43581381399962993,719,-450,690
neg,0.4363933750009892,719,-450,690
neg,0.4369691280007828,719,-450,690
neg,0.4375687950014253,719,-450,690
neg,0.43814714300060587,718,-450,690
neg,0.4387130579998484,718,-450,690
neg,0.4393207299999631,718,-450,690
neg,0.43991695099975914,718,-350,690
neg,0.44052199799989467,718,-350,690
neg,0.441114061000917,717,-350,690
neg,0.441712757001369,717,-350,690
neg,0.442319617000976,717,-350,690
neg,0.44292088800102647,717,-350,690
neg,0.44352556400008325,717,-350,690
neg,0.44409502600137785,717,-350,690
neg,0.44469724700138613,716,-350,690
neg,0.4452695039999526,716,-350,690
neg,0.44587181600036274,716,-350,690
neg,0.44651641600103176,716,-350,690
neg,0.44709124800101563,716,-350,690
neg,0.4476976370006014,715,-350,690
neg,0.4482735210003739,715,-350,690
neg,0.4488646219997463,715,-350,690
neg,0.4495166260003316,715,-350,690
neg,0.45008711900118215,715,-350,690
neg,0.4506966549997742,715,-350,690
neg,0.45127059500009636,714,-350,690
neg,0.45186557400120364,714,-350,690
neg,0.4525158039996313,714,-350,690
neg,0.4531215630013321,714,-350,690
neg,0.4537120530003449,714,-350,690
neg,0.45431856300092477,713,-350,690
neg,0.4548983639997459,713,-350,690
neg,0.4555170760013425,713,-350,690
neg,0.45609428200077673,713,-350,690
neg,0.45669559199996,713,-350,690
neg,0.45726568500140274,713,-350,690
neg,0.4578371000006882,713,-350,690
neg,0.45844218700040074,713,-350,690
neg,0.4590177700010827,713,-350,690
neg,0.45958679000068514,712,-350,690
neg,0.46021202500014624,712,-300,690
neg,0.46081780399981653,712,-300,690
neg,0.46144641499995487,712,-300,690
neg,0.4620208249998541,712,-300,690
neg,0.4625951560010435,712,-300,690
neg,0.46321441899999627,711,-300,690
neg,0.46380776499972853,711,-300,690
neg,0.46439000999998825,711,-300,690
neg,0.4649625370002468,711,-300,690
neg,0.46556698300082644,711,-300,690
neg,0.4661433070014027,711,-300,690
neg,0.4667117970002437,711,-300,690
neg,0.46731754500069655,710,-300,690
neg,0.4679222619997745,710,-300,690
neg,0.4685206060003111,710,-300,690
neg,0.4690863910000189,710,-300,690
neg,0.46969672799968976,710,-300,690
neg,0.47026771200035,710,-300,690
neg,0.4708365030001005,710,-300,690
neg,0.4714425020010822,709,-300,690
neg,0.47204191899982106,709,-300,690
neg,0.47259129300073255,709,-300,690
neg,0.4732122799996432,709,-300,690
neg,0.47380798000085633,709,-300,690
neg,0.47438913299993146,709,-300,690
neg,0.47496112900080334,709,-300,690
neg,0.47557145599967043,708,-300,690
neg,0.47614191899992875,708,-300,690
neg,0.4767430690008041,708,-300,690
neg,0.4773180210013379,708,-300,690
neg,0.47789098900102545,708,-300,690
neg,0.47851197500131093,708,-300,690
neg,0.47909343900028034,708,-300,690
neg,0.4796948090006481,708,-250,690
neg,0.4802687290011818,707,-250,690
neg,0.48083704900091107,707,-250,690
neg,0.48144217600020056,707,-250,690
neg,0.48204003000137163,707,-250,690
neg,0.48258689000067534,707,-250,690
neg,0.4832114430009824,707,-250,690
neg,0.4838082250007574,707,-250,690
neg,0.4843911010011652,706,-250,690
neg,0.48496725500081084,706,-250,690
neg,0.48556627099969774,706,-250,690
neg,0.48613901899989287,706,-250,690
neg,0.48671136499979184,706,-250,690
neg,0.4873164220007311,706,-250,690
neg,0.4878893200002494,706,-250,690
neg,0.4885199250002188,706,-250,690
neg,0.48905838900100207,706,-250,690
neg,0.4896380190002674,706,-250,690
neg,0.4902113480002299,706,-250,690
neg,0.4908115460002591,706,-250,690
neg,0.4913618120008323,706,-250,690
neg,0.49196207100067113,705,-250,690
neg,0.4925667870011239,705,-250,690
neg,0.4931464080000296,705,-250,690
neg,0.49376760500126693,705,-250,690
neg,0.49433561300065776,705,-250,690
neg,0.4949445279999054,705,-250,690
neg,0.49551908900139097,705,-250,690
neg,0.49611256400021375,705,-250,690
neg,0.49670977700043295,705,-250,690
neg,0.49731684800099174,704,-250,690
neg,0.4979178880003019,704,-250,690
neg,0.4985159620009654,704,-250,690
neg,0.4990848730012658,704,-250,690
neg,0.49967111499972816,704,-150,690
neg,0.5002934140011348,704,-150,690
neg,0.5008361670006707,704,-150,690
neg,0.5014602789997298,704,-150,690
neg,0.5020587840008375,704,-150,690
neg,0.5026414300009492,704,-150,690
neg,0.5032425800000055,704,-150,690
neg,0.5038202670002647,704,-150,690
neg,0.5044448700009525,703,-150,690
neg,0.5050157240002591,703,-150,690
neg,0.5056157720009651,703,-150,690
neg,0.5062178230000427,703,-150,690
neg,0.5068058289998589,703,-150,690
neg,0.5073930529997597,703,-150,690
neg,0.5079600400003983,703,-150,690
neg,0.5085648969998147,703,-150,690
neg,0.5091381860002002,703,-150,690
neg,0.5097179870008404,703,-150,690
neg,0.5103167120014405,703,-150,690
neg,0.5109134140002425,702,-150,690
neg,0.5115121190010541,702,-150,690
neg,0.5121189800011052,702,-150,690
neg,0.5127093400005833,702,-150,690
neg,0.5133150279998517,702,-150,690
neg,0.5138911020003434,702,-150,690
neg,0.5145193919997837,702,-150,690
neg,0.5151189990010607,702,-150,690
neg,0.5157111330008775,702,-150,690
neg,0.5163165000012668,702,-150,690
neg,0.5168883860005735,702,-150,690
neg,0.5175128890004999,702,-150,690
neg,0.5180848859999969,701,-150,690
neg,0.5186942110012751,701,-150,690
neg,0.5192626900006871,701,-150,690
neg,0.5198341960003745,701,-150,690
neg,0.520446376000109,701,-150,690
neg,0.5210132230004092,701,-150,690
neg,0.5215846280007099,701,-150,690
neg,0.5222167550000449,701,-150,690
neg,0.5228051320009399,701,-150,690
neg,0.5233883490000153,701,-150,690
neg,0.5239591930003371,701,-150,690
neg,0.5245658130006632,701,-150,690
neg,0.5251369170000544,701,-150,690
neg,0.5257096750010533,701,-150,690
neg,0.5263148120011465,701,-150,690
neg,0.5269193679996533,701,-150,690
neg,0.5275121730010142,701,-150,690
neg,0.5280893590006599,701,-150,690
neg,0.5286933639999916,701,-150,690
neg,0.5292682950002927,700,-150,690
neg,0.5298345709998102,700,-150,690
neg,0.5304390480014263,700,-150,690
neg,0.5310121359998448,700,-150,690
neg,0.53158718800114,700,-150,690
neg,0.5322091760008334,700,-150,690
neg,0.5328048060000583,700,-150,690
neg,0.5333872310002334,700,-150,690
neg,0.5339583860004495,700,-150,690
neg,0.5345690030007972,700,-150,690
neg,0.5351420110000618,700,-150,690
neg,0.5357086069998331,700,-150,690
neg,0.5363156880011957,700,-150,690
neg,0.5368858510009886,700,-150,690
neg,0.5375175680001121,700,-150,690
neg,0.5380881609999051,699,-150,690
neg,0.5386923969999771,699,-150,690
neg,0.5392604660009965,699,-150,690
neg,0.5398328230003244,699,-100,690
neg,0.5404652810011612,699,-100,690
neg,0.5410561820008297,699,-100,690
neg,0.5416360119997989,699,-100,690
neg,0.5422348580013931,699,-100,690
neg,0.5428050310001709,699,-100,690
neg,0.5433860740013188,699,-100,690
neg,0.5439847990000999,699,-100,690
neg,0.5445682370009308,699,-100,690
neg,0.5451423570011684,699,-100,690
neg,0.5457083319997764,699,-100,690
neg,0.5463182180010335,699,-100,690
neg,0.5468882300010591,699,-100,690
neg,0.5475104289998853,699,-100,690
neg,0.5480835170001228,699,-100,690
neg,0.548692051001126,699,-100,690
neg,0.5492636369999673,699,-100,690
neg,0.5498594370001229,699,-100,690
neg,0.5505138850003277,699,-100,690
neg,0.5510828559999936,699,-100,690
neg,0.5516917800014198,698,-100,690
neg,0.5522654090000287,698,-100,690
neg,0.552841263001028,698,-100,690
neg,0.5534392669997032,698,-100,690
neg,0.554041479001171,698,-100,690
neg,0.5546430690010311,698,-100,690
neg,0.5552404219997698,698,-100,690
neg,0.555832496000221,698,-100,690
neg,0.5564381840013084,698,-100,690
neg,0.5570101100001921,698,-100,690
neg,0.5575880570013396,698,-100,690
neg,0.5582077609997214,698,-100,690
neg,0.5588042230010615,698,-100,690
neg,0.5593870290013001,698,-50,690
neg,0.5599656579997827,698,-50,690
neg,0.5605626699998538,698,-50,690
neg,0.5611384430012549,698,-50,690
neg,0.5617065019996517,698,-50,690
neg,0.5623185920012475,698,-50,690
neg,0.5629195520014036,697,-50,690
neg,0.563512886999888,697,-50,690
neg,0.5640900130001683,697,-50,690
neg,0.5646914130011282,697,-50,690
neg,0.5652886759999092,697,-50,690
neg,0.565892722001081,697,-50,690
neg,0.5665166939998016,697,-50,690
neg,0.5671079849998932,697,-50,690
neg,0.5677144950004731,697,-50,690
neg,0.5683156750001217,697,-50,690
neg,0.5688838850001048,697,-50,690
neg,0.5695150500014279,697,-50,690
neg,0.5700813860003109,697,-50,690
neg,0.5706915629998548,697,-50,690
neg,0.5712650920013402,697,-50,690
neg,0.5718577660009032,697,-50,690
neg,0.5725106010013405,697,-50,690
neg,0.5730817260009644,697,-50,690
neg,0.5736901689997467,697,-50,690
neg,0.5742656519996672,697,-50,690
neg,0.5748315970013209,697,-50,690
neg,0.5754361130002508,697,-50,690
neg,0.5760162540009333,696,-50,690
neg,0.5766103810001368,696,-50,690
neg,0.5772058710008423,696,-50,690
neg,0.5778021120004269,696,-50,690
neg,0.5783865110006445,696,-50,690
neg,0.5789561029996548,696,-50,690
neg,0.5795611200010171,696,-100,690
neg,0.5801417920010863,696,-100,690
neg,0.5807058840000536,696,-100,690
neg,0.5813109010014159,696,-100,690
neg,0.5819164990007266,696,-100,690
neg,0.5825164270008827,696,-100,690
neg,0.5830808690006961,696,-100,690
neg,0.5836895530010224,696,-100,690
neg,0.5842590250013018,696,-100,690
neg,0.5848306600000797,696,-100,690
neg,0.5854365289997077,696,-100,690
neg,0.586011139999755,696,-100,690
neg,0.5865804910008592,696,-100,690
neg,0.5872052750000876,696,-100,690
neg,0.5878120449997368,696,-100,690
neg,0.5884412470004463,696,-100,690
neg,0.5890153070013184,696,-100,690
neg,0.5895809520006878,696,-100,690
neg,0.5902055950009526,696,-100,690
neg,0.5908105620001152,696,-100,690
neg,0.5914356860012049,696,-100,690
neg,0.5920123110008717,695,-100,690
neg,0.592579829000897,695,-100,690
neg,0.5932060350005486,695,-100,690
neg,0.5938106610010436,695,-100,690
neg,0.5944349239998701,695,-100,690
neg,0.5950397110009362,695,-100,690
neg,0.5956384460005211,695,-100,690
neg,0.5962331740010995,695,-100,690
neg,0.5968297560011706,695,-100,690
neg,0.5974372480013699,695,-100,690
neg,0.5980379770007858,695,-100,690
neg,0.5986664680003742,695,-100,690
neg,0.5992594830004236,695,-50,690
neg,0.5998346249998576,695,-50,690
neg,0.6004358050013252,695,-50,690
neg,0.601037055001143,695,-50,690
neg,0.6015805180013558,695,-50,690
neg,0.6022049910006899,695,-50,690
neg,0.6028034060000209,695,-50,690
neg,0.6033939270000701,695,-50,690
neg,0.6039560250010254,695,-50,690
neg,0.6045614820013725,695,-50,690
neg,0.6051368250009546,695,-50,690
neg,0.6057059960003244,695,-50,690
neg,0.6063172740014124,695,-50,690
neg,0.6068826080008876,695,-50,690
neg,0.6075091750008141,695,-50,690
neg,0.6080850890011789,695,-50,690
neg,0.6086888840000029,695,-50,690
neg,0.6092910160004976,695,-50,690
neg,0.6098827679998067,695,-50,690
neg,0.610509385000114,695,-50,690
neg,0.611086401000648,695,-50,690
neg,0.6116884120001487,695,-50,690
neg,0.6122851740001352,695,-50,690
neg,0.6128858730007778,695,-50,690
neg,0.6135147439999855,695,-50,690
neg,0.6140799380009412,695,-50,690
neg,0.6147061440005928,695,-50,690
neg,0.6152904530008527,695,-50,690
neg,0.6158306209999864,695,-50,690
neg,0.6164364890009892,695,-50,690
neg,0.6170410459999403,695,-50,690
neg,0.6176362550013437,695,-50,690
neg,0.618213731000651,695,-50,690
neg,0.6188020070003404,695,-50,690
neg,0.6193594169999415,695,0,690
neg,0.6199396280007932,695,0,690
neg,0.6205351380012871,694,0,690
neg,0.6210796430004848,694,0,690
neg,0.6216886370002612,694,0,690
neg,0.6222603030000755,694,0,690
neg,0.622831397000482,694,0,690
neg,0.6234564620008314,694,0,690
neg,0.6240692629999103,694,0,690
neg,0.6246626890006155,694,0,690
neg,0.6252589000014268,694,0,690
neg,0.6258297740005219,694,0,690
neg,0.6264612800005125,694,0,690
neg,0.6270585230013239,694,0,690
neg,0.6276314010010537,694,0,690
neg,0.6282044790004875,694,0,690
neg,0.6288007000002835,694,0,690
neg,0.6293894770005863,694,0,690
neg,0.6302362500009622,694,0,690
neg,0.6308024160007335,694,0,690
neg,0.6313870650010358,694,0,690
neg,0.6319546330014418,694,0,690
neg,0.63256069199997,694,0,690
neg,0.633132929000567,694,0,690
neg,0.6337044240008254,694,0,690
neg,0.6343099420009821,694,0,690
neg,0.634884373001114,694,0,690
neg,0.6355113500012521,694,0,690
neg,0.6360792890009179,694,0,690
neg,0.6366877729997213,694,0,690
neg,0.6372623440001917,694,0,690
neg,0.6378365640011907,694,0,690
neg,0.6384386860008817,694,0,690
neg,0.6390147500005696,694,-50,690
neg,0.6395813660001295,694,-50,690
neg,0.6402040860011766,694,-50,690
neg,0.6407997060014168,694,-50,690
neg,0.6413874410009157,694,-50,690
neg,0.6419533959997352,694,-50,690
neg,0.6425644540013309,694,-50,690
neg,0.643136960999982,694,-50,690
neg,0.6437576170010288,694,-50,690
neg,0.6443285109999124,694,-50,690
neg,0.6449378859997523,694,-50,690
neg,0.6455137900011323,694,-50,690
neg,0.6460785930012207,694,-50,690
neg,0.6466888499999186,694,-50,690
neg,0.6472825960008777,694,-50,690
neg,0.647828553999716,694,-50,690
neg,0.648433862001184,694,-50,690
neg,0.6490093949996663,694,-50,690
neg,0.6495823630011728,694,-50,690
neg,0.650203799999872,694,-50,690
neg,0.6508007419997739,694,-50,690
neg,0.6513886480006477,694,-50,690
neg,0.6519800200003374,694,-50,690
neg,0.6525635170000896,694,-50,690
neg,0.6531304540003475,694,-50,690
neg,0.6537047840010928,694,-50,690
neg,0.6543132879996847,693,-50,690
neg,0.6548820080006408,693,-50,690
neg,0.6555083040002501,693,-50,690
neg,0.656081813000128,693,-50,690
neg,0.6566867000001366,693,-50,690
neg,0.6572598090006068,693,-50,690
neg,0.6578275070005475,693,-50,690
neg,0.6584329850011272,693,-50,690
neg,0.6590318810012832,693,-50,690
neg,0.6596042480014148,693,-50,690
neg,0.6602076020008099,693,-50,690
neg,0.6608005870002671,693,-50,690
neg,0.6613852360005694,693,-50,690
neg,0.6619601880011032,693,-50,690
neg,0.6625575010002649,693,-50,690
neg,0.6631314400001429,693,-50,690
neg,0.6637552120009786,693,-50,690
neg,0.664327589000095,693,-50,690
neg,0.6649379259997659,693,-50,690
neg,0.6655083890000242,693,-50,690
neg,0.6661034879998624,693,-50,690
neg,0.6667602610014001,693,-50,690
neg,0.6673279690003255,693,-50,690
neg,0.6679363430012017,693,-50,690
neg,0.6685318820000248,693,-50,690
neg,0.6691313990013441,693,-50,690
neg,0.6697032450010738,693,-50,690
neg,0.6703139830005966,693,-50,690
neg,0.6708796769999026,693,-50,690
neg,0.671511354001268,693,-50,690
neg,0.6720814359996439,693,-50,690
neg,0.6726858020010695,693,-50,690
neg,0.673256306001349,693,-50,690
neg,0.673799398000483,693,-50,690
neg,0.6743813330012927,693,-50,690
neg,0.6749523569997109,693,-50,690
neg,0.6755593280013272,693,-50,690
neg,0.6762023150004097,693,-50,690
neg,0.6767988570009038,693,-50,690
neg,0.6773854300008679,693,-50,690
neg,0.6780050240013225,693,-50,690
neg,0.678558786999929,693,-50,690
neg,0.6792047190010635,693,0,690
neg,0.6798012310009653,693,0,690
neg,0.6803808510012459,693,0,690
neg,0.6809523860010813,693,0,690
neg,0.6815575740001805,693,0,690
neg,0.6821368130003975,693,0,690
neg,0.6827059839997673,693,0,690
neg,0.6833077450010023,693,0,690
neg,0.6838864540004579,693,0,690
neg,0.68450797100013,693,0,690
neg,0.6850766620009381,693,0,690
neg,0.685685755999657,693,0,690
neg,0.6862581840014172,693,0,690
neg,0.6868278550009563,693,0,690
neg,0.6874327220011764,693,0,690
neg,0.6880091270013509,693,0,690
neg,0.6885808120005095,693,0,690
neg,0.6892017589998432,693,0,690
neg,0.6897991220012045,693,0,690
neg,0.6903828390004492,693,0,690
neg,0.6909511890007707,693,0,690
neg,0.691556166000737,692,0,690
neg,0.6921354960013559,692,0,690
neg,0.6927015210003447,692,0,690
neg,0.693318569999974,692,0,690
neg,0.6939086399997905,692,0,690
neg,0.6945137969996722,692,0,690
neg,0.6954844090014376,692,0,690
neg,0.6960503339996649,692,0,690
neg,0.6966320290011936,692,0,690
neg,0.6972330780008633,692,0,690
neg,0.697806677000699,692,0,690
neg,0.6984375219999492,692,0,690
neg,0.6990037779996783,692,-50,690
neg,0.6995774570004869,692,-50,690
neg,0.7002073700004985,692,-50,690
neg,0.7007985020009073,692,-50,690
neg,0.7013823100005538,692,-50,690
neg,0.701951029999691,692,-50,690
neg,0.7025568380013283,692,-50,690
neg,0.7031322310012911,692,-50,690
neg,0.7037337609999668,692,-50,690
neg,0.704307942000014,692,-50,690
neg,0.7049047939999582,692,-50,690
neg,0.7055082380011299,692,-50,690
neg,0.7060828089997813,692,-50,690
neg,0.706684861001122,692,-50,690
neg,0.7072563060009998,692,-50,690
neg,0.7078325000002224,692,-50,690
neg,0.7084310950012878,692,-50,690
neg,0.7090305020010419,692,-50,690
neg,0.7095755379996262,692,-50,690
neg,0.7102051609999762,692,-50,690
neg,0.7108078940000269,692,-50,690
neg,0.7116196830011177,692,-50,690
neg,0.7122045329997491,692,-50,690
neg,0.7127974270006234,692,-50,690
neg,0.7133851930011588,692,-50,690
neg,0.7139504560000205,692,-50,690
neg,0.7145574870010023,692,-50,690
neg,0.7151336410006479,692,-50,690
neg,0.7157022009996581,692,-50,690
neg,0.71630655700028,692,-50,690
neg,0.7168814890010253,692,-50,690
neg,0.7175052700004017,692,-50,690
neg,0.7180753630000254,692,-50,690
neg,0.7186850590005633,692,0,690
neg,0.7192570950010122,692,0,690
neg,0.7198258750013338,692,0,690
neg,0.7204379049999261,692,0,690
neg,0.7210057640004379,692,0,690
neg,0.7216013939996628,692,0,690
neg,0.7222022229998402,692,0,690
neg,0.7227964600006089,692,0,690
neg,0.7233779939997476,692,0,690
neg,0.7239841430000524,692,0,690
neg,0.7245788810014346,692,0,690
neg,0.7252043759999651,692,0,690
neg,0.725811528000122,692,0,690
neg,0.7264344080012961,692,0,690
neg,0.7270122050013015,692,0,690
neg,0.7275762760000362,692,0,690
neg,0.7285070150010142,692,0,690
neg,0.7290788709997287,692,0,690
neg,0.7296877650005626,692,0,690
neg,0.7302591400002711,692,0,690
neg,0.7308257260010578,692,0,690
neg,0.7314317350010242,692,0,690
neg,0.7320047530010925,692,0,690
neg,0.7326021160006349,692,0,690
neg,0.7332009720012138,692,0,690
neg,0.7337972330005869,692,0,690
neg,0.7343787270001485,692,0,690
neg,0.7349494610007241,692,0,690
neg,0.7355574530010927,692,0,690
neg,0.7361288179999974,692,0,690
neg,0.736700033001398,692,0,690
neg,0.7373056710002857,692,0,690
neg,0.7379051180014358,692,0,690
neg,0.7385051860001113,692,0,690
neg,0.7390813600013644,692,0,690
neg,0.7396846540013939,692,0,690
neg,0.7402784700007032,692,0,690
neg,0.7408803520011134,692,0,690
neg,0.7415033620000031,692,0,690
neg,0.7420739160006633,692,0,690
neg,0.7426850840001862,692,0,690
neg,0.7432597450006142,692,0,690
neg,0.7438246080000681,692,0,690
neg,0.7444337329998234,692,0,690
neg,0.7450103580013092,692,0,690
neg,0.7455745600000228,692,0,690
neg,0.7461997339996742,692,0,690
neg,0.7467961450001894,692,0,690
neg,0.7473765770009777,692,0,690
neg,0.7479495850002422,692,0,690
neg,0.7485608240003785,692,0,690
neg,0.7491290730013134,692,0,690
neg,0.7496989350001968,692,0,690
neg,0.750309492001179,692,0,690
neg,0.7509054830006789,692,0,690
neg,0.7515014430009614,692,0,690
neg,0.7520738500006701,692,0,690
neg,0.7526825240001926,692,0,690
neg,0.7532512540001335,692,0,690
neg,0.7538234109997575,692,0,690
neg,0.7544336980008666,692,0,690
neg,0.7550008650014206,692,0,690
neg,0.7555800240006647,692,0,690
neg,0.7561979960009921,692,0,690
neg,0.7567947870011267,692,0,690
neg,0.7573816210006044,692,0,690
neg,0.7579483980007353,692,0,690
neg,0.7585546469999827,692,0,690
neg,0.7591258419997757,692,0,690
neg,0.7596982280010707,692,0,690
neg,0.7603046479998739,692,0,690
neg,0.7608779170004709,692,0,690
neg,0.7615006460000586,692,0,690
neg,0.7620778119999159,692,0,690
neg,0.7626822479996918,692,0,690
neg,0.7632511890005844,692,0,690
neg,0.7638233650013717,692,0,690
neg,0.7644484089996695,692,0,690
neg,0.7650459430005867,692,0,690
neg,0.765625973999704,692,0,690
neg,0.7662304300010874,692,0,690
neg,0.7667939109996951,692,0,690
neg,0.7673780390014144,692,0,690
neg,0.7679739690011047,692,0,690
neg,0.7685532289997354,692,0,690
neg,0.7691287220004597,692,0,690
neg,0.7697530940004071,692,0,690
neg,0.770327565000116,692,0,690
neg,0.7709312200004206,692,0,690
neg,0.7715296050009783,692,0,690
neg,0.7720803419997537,692,0,690
neg,0.7726814409998042,692,0,690
neg,0.7732809179997275,692,0,690
neg,0.7738223880005535,692,0,690
neg,0.7744295390002662,692,0,690
neg,0.7750001830008841,692,0,690
neg,0.7756009029999404,692,0,690
neg,0.7762027040007524,692,0,690
neg,0.7767975620008656,692,0,690
neg,0.7773830130008719,692,0,690
neg,0.777947906000918,692,0,690
neg,0.7785538750013075,692,0,690
neg,0.7791263920007623,692,0,690
neg,0.7796975870005554,692,0,690
neg,0.7803038359998027,692,0,690
neg,0.7808811720005906,692,0,690
neg,0.7815040320001572,692,0,690
neg,0.7820722910000768,692,0,690
neg,0.7826812060011434,692,0,690
neg,0.7832559270009369,692,0,690
neg,0.7838481010003306,692,0,690
neg,0.784499704001064,692,0,690
neg,0.7850789130006888,692,0,690
neg,0.7856806540003163,692,0,690
neg,0.7862538230001519,692,0,690
neg,0.7868218420007906,692,0,690
neg,0.7874319279999327,692,0,690
neg,0.7880019109998102,692,0,690
neg,0.7885721230013587,692,0,690
neg,0.7892056330001651,692,0,690
neg,0.7897948709996854,692,0,690
neg,0.7903786389997549,692,0,690
neg,0.7909464470012608,692,0,690
neg,0.7915572450001491,692,0,690
neg,0.7921319260003656,692,0,690
neg,0.7926966289996926,692,0,690
neg,0.7933086490011192,692,0,690
neg,0.7938744040002348,692,0,690
neg,0.7944994879999285,692,0,690
neg,0.7950755020010547,692,0,690
neg,0.7956808500002808,692,0,690
neg,0.7962491990001581,692,0,690
neg,0.7968503490010335,692,0,690
neg,0.7974996480006666,692,0,690
neg,0.798078677000376,692,0,690
neg,0.7986809890007862,692,0,690
neg,0.7992553200001566,692,0,690
neg,0.7998477030014328,692,0,690
neg,0.8005063600012363,692,0,690
neg,0.8010713330004364,692,0,690
neg,0.8016805879997264,692,0,690
neg,0.8022518930010847,692,0,690
neg,0.8028212540011737,692,0,690
neg,0.8034274729998288,692,0,690
neg,0.8040004720005527,692,0,690
neg,0.8045735900013824,692,0,690
neg,0.8051986339996802,692,0,690
neg,0.8058080090013391,692,0,690
neg,0.8064261700001225,692,0,690
neg,0.8070021439998527,692,0,690
neg,0.8075709439999628,692,0,690
neg,0.8082007570010319,692,0,690
neg,0.8087926200005313,692,0,690
neg,0.8093737330000295,692,0,690
neg,0.8099457190000976,692,0,690
neg,0.8105556050013547,692,0,690
neg,0.8111256480005977,692,0,690
neg,0.8116956600006233,692,0,690
neg,0.8123010480012454,692,0,690
neg,0.8128746969996428,692,0,690
neg,0.8135043300007965,692,0,690
neg,0.8140761659997224,692,0,690
neg,0.8146790390001115,692,0,690
neg,0.8152534100008779,692,0,690
neg,0.8158221499998035,692,0,690
neg,0.816426796000087,692,0,690
neg,0.8170001649996266,692,0,690
neg,0.8175711590010906,692,0,690
neg,0.818203787001039,692,0,690
neg,0.818792284000665,692,0,690
neg,0.8193739280013688,692,0,690
neg,0.8199730240012286,692,0,690
neg,0.8205508009996265,692,0,690
neg,0.8211280570012605,692,0,690
neg,0.8216955950010743,692,0,690
neg,0.8223051900004066,692,0,690
neg,0.8229075030012609,692,0,690
neg,0.8235025909998512,692,0,690
neg,0.8240918800001964,692,0,690
neg,0.8247268220002297,692,0,690
neg,0.825305701000616,692,0,690
neg,0.8258798910010228,692,0,690
neg,0.8265050059999339,692,0,690
neg,0.8270968280012312,692,0,690
neg,0.8277256390010734,692,0,690
neg,0.8283019940008671,692,0,690
neg,0.82887526200102,692,0,690
neg,0.8295006670014118,692,0,690
neg,0.830070498999703,692,0,690
neg,0.8306794330001139,692,0,690
neg,0.8312518200000341,692,0,690
neg,0.8318200590001652,692,0,690
neg,0.8324313579996669,692,0,690
neg,0.8330053879999468,692,0,690
neg,0.8335770640005649,692,0,690
neg,0.8341968380009348,692,0,690
neg,0.8347958940012177,692,0,690
neg,0.8353747430010117,692,0,690
neg,0.8359707540003001,692,0,690
neg,0.8365502440010459,692,0,690
neg,0.8371948140011227,692,0,690
neg,0.8377911250008765,692,0,690
neg,0.8383796520010947,692,0,690
neg,0.8389444540007389,692,0,690
neg,0.8395495820004726,692,0,690
neg,0.8401389600003313,692,0,690
neg,0.8408224720005819,692,0,690
neg,0.8414269679997233,692,0,690
neg,0.8419990450001933,692,0,690
neg,0.8425966980012163,692,0,690
neg,0.8432022970009712,692,0,690
neg,0.8437931580010627,692,0,690
neg,0.8443726980003703,692,0,690
neg,0.8449448640003538,692,0,690
neg,0.8455506629998126,692,0,690
neg,0.8461220580011286,692,0,690
neg,0.8466965389998222,692,0,690
neg,0.8473008950004441,692,0,690
neg,0.8478735120006604,692,0,690
neg,0.8484973140002694,692,0,690
neg,0.8490733470007399,692,0,690
neg,0.8496786850009812,692,0,690
neg,0.85025212400069,692,0,690
neg,0.8508196319999115,692,0,690
neg,0.8514265419998992,692,0,690
neg,0.8520051110008353,692,0,690
neg,0.8525692420007545,692,0,690
neg,0.8531943970010616,692,0,690
neg,0.8537907780009846,692,0,690
neg,0.8543718210003135,692,0,690
neg,0.8549440980004874,692,0,690
neg,0.8555546750012581,692,0,690
neg,0.856125117999909,692,0,690
neg,0.8566971850013942,692,0,690
neg,0.8573011500011489,692,0,690
neg,0.857906017001369,692,0,690
neg,0.8584969580006145,692,0,690
neg,0.8590744240009371,692,0,690
neg,0.8596801820003748,692,0,690
neg,0.8602501850000408,692,0,690
neg,0.8608191550010815,692,0,690
neg,0.8614250540013018,692,0,690
neg,0.8620012680003128,692,0,690
neg,0.862574456999937,692,0,690
neg,0.8631992000009632,692,0,690
neg,0.8637918750009703,692,0,690
neg,0.8643749710008706,692,0,690
neg,0.8649523980002414,692,0,690
neg,0.8655540990002919,692,0,690
neg,0.8661265560003812,692,0,690
neg,0.8666935630008084,692,0,690
neg,0.8673013349998655,692,0,690
neg,0.8678786210002727,692,0,690
neg,0.8684971330003464,692,0,690
neg,0.8690691690007952,692,0,690
neg,0.8696786239997891,692,0,690
neg,0.8702539470014017,692,0,690
neg,0.8708183790004114,692,0,690
neg,0.871428205000484,692,0,690
neg,0.8719990890003828,692,0,690
neg,0.8725694220011064,692,0,690
neg,0.8731986140010122,692,0,690
neg,0.873790577001273,692,0,690
neg,0.8743789640011528,692,0,690
neg,0.8749519419998251,692,0,690
neg,0.8755548150002141,692,0,690
neg,0.8761233340010222,692,0,690
neg,0.876693307000096,692,0,690
neg,0.8773002369998721,692,0,690
neg,0.8778727650005749,692,0,690
neg,0.8784982090000995,692,0,690
neg,0.8790743730005488,692,0,690
neg,0.8796775370010437,692,0,690
neg,0.8802742490006494,692,0,690
neg,0.8808745370006363,692,0,690
neg,0.8814956639998854,692,0,690
neg,0.8820944500002952,692,0,690
neg,0.8826956499997323,692,0,690
neg,0.8832997460012848,692,0,690
neg,0.8839013659999182,692,0,690
neg,0.884495804000835,692,0,690
neg,0.8850731900001847,692,0,690
neg,0.8856769550002355,692,0,690
neg,0.8862496319998172,692,0,690
neg,0.8868176710002444,692,0,690
neg,0.887422919000528,692,0,690
neg,0.8879955960001098,692,0,690
neg,0.8885966660000122,692,0,690
neg,0.8891928670000198,692,0,690
neg,0.8897913720011275,692,0,690
neg,0.8903702309999062,692,0,690
neg,0.8909500210011174,692,0,690
neg,0.8915484860008291,692,0,690
neg,0.8921215350001148,692,0,690
neg,0.8927520390006976,692,0,690
neg,0.8933232939998561,692,0,690
neg,0.8939269080001395,692,0,690
neg,0.8945279480012687,692,0,690
neg,0.8950675040014175,692,0,690
neg,0.8956764490012574,692,0,690
neg,0.89624722300141,692,0,690
neg,0.8968168040009914,692,0,690
neg,0.897423244001402,692,0,690
neg,0.8980019829996309,692,0,690
neg,0.8985947769997438,692,0,690
neg,0.8991927210008726,692,0,690
neg,0.899788732000161,692,0,690
neg,0.9003757560003578,692,0,690
neg,0.9009415800010174,692,0,690
neg,0.9015476100012165,692,0,690
neg,0.9021248560002277,692,0,690
neg,0.9027229100011027,692,0,690
neg,0.9032981220007059,692,0,690
neg,0.903901757001222,692,0,690
neg,0.9044970260001719,692,0,690
neg,0.9050667179999436,692,0,690
neg,0.9056760630010103,692,0,690
neg,0.9062475780010573,692,0,690
neg,0.9068498200012982,692,0,690
neg,0.9074969450011849,692,0,690
neg,0.9080967620011506,692,0,690
neg,0.9087443179996626,692,0,690
neg,0.9093243290008104,692,0,690
neg,0.9099256690005859,692,0,690
neg,0.9104938580003363,692,0,690
neg,0.9110660250007641,692,0,690
neg,0.9116759410007944,692,0,690
neg,0.912246204999974,692,0,690
neg,0.9128160170002957,692,0,690
neg,0.9134257929999876,692,0,690
neg,0.9139993110002251,692,0,690
neg,0.9145704060010758,692,0,690
neg,0.9152027440013626,692,0,690
neg,0.9157899080000789,692,0,690
neg,0.9163733750010579,692,0,690
neg,0.9169419950012525,692,0,690
neg,0.9175491260011768,692,0,690
neg,0.918120872000145,692,0,690
neg,0.9186919660005515,692,0,690
neg,0.9193016320004972,692,0,690
neg,0.9198709030006285,692,0,690
neg,0.9204971590006608,692,0,690
neg,0.9210928590000549,692,0,690
neg,0.9217521770005987,692,0,690
neg,0.9223177610001585,692,0,690
neg,0.922925202999977,692,0,690
neg,0.9235224559997732,692,0,690
neg,0.92409378100092,692,0,690
neg,0.9247435400011454,692,0,690
neg,0.9253241220012569,692,0,690
neg,0.9259245310004189,692,0,690
neg,0.9264986510006565,692,0,690
neg,0.9270876190003037,692,0,690
neg,0.9276929460011161,692,0,690
neg,0.9283025220011041,692,0,690
neg,0.9288742980006646,692,0,690
neg,0.9295005240001046,692,0,690
neg,0.9300731410003209,692,0,690
neg,0.9306753430009849,692,0,690
neg,0.9312439530003758,692,0,690
neg,0.9318162800009304,692,0,690
neg,0.9324257759999455,692,0,690
neg,0.9330215660011163,692,0,690
neg,0.933569697999701,692,0,690
neg,0.934191104999627,692,0,690
neg,0.9347871660011151,692,0,690
neg,0.9353699319999578,692,0,690
neg,0.9359404550014006,692,0,690
neg,0.9365461329998652,692,0,690
neg,0.9371212650003145,692,0,690
neg,0.9377193400014221,692,0,690
neg,0.9383013040005608,692,0,690
neg,0.9389006710007379,692,0,690
neg,0.9394991660010419,692,0,690
neg,0.9400702300008561,692,0,690
neg,0.9406739349997224,692,0,690
neg,0.941242996001165,692,0,690
neg,0.9418150630008313,692,0,690
neg,0.9424212220001209,692,0,690
neg,0.9430014130011841,692,0,690
neg,0.9435716759999195,692,0,690
neg,0.9441913000009663,692,0,690
neg,0.9447884030014393,692,0,690
neg,0.9453714390001551,692,0,690
neg,0.9459410310009844,692,0,690
neg,0.9465461580002739,692,0,690
neg,0.947193904001324,692,0,690
neg,0.9477865790013311,692,0,690
neg,0.948368223000216,692,0,690
neg,0.9489404390005802,692,0,690
neg,0.9495461170008639,692,0,690
neg,0.9501248760007002,692,0,690
neg,0.9506908410003234,692,0,690
neg,0.9512970710002264,692,0,690
neg,0.9518713310008025,692,0,690
neg,0.952500413000962,692,0,690
neg,0.9530658270014101,692,0,690
neg,0.9536740800012922,692,0,690
neg,0.954243251000662,692,0,690
neg,0.9548155780012166,692,0,690
neg,0.9554211560007388,692,0,690
neg,0.9560005760013155,692,0,690
neg,0.9565954640002019,692,0,690
neg,0.9571963329999562,692,0,690
neg,0.9577974830008316,692,0,690
neg,0.9583785360009642,692,0,690
neg,0.9589780530004646,692,0,690
neg,0.9595447000010608,692,0,690
neg,0.9601210340006219,692,0,690
neg,0.9606930700010707,692,0,690
neg,0.9612950420014386,692,0,690
neg,0.9618943580007908,692,0,690
neg,0.9624930040008621,692,0,690
neg,0.9630912480006373,692,0,690
neg,0.9636895130006451,692,0,690
neg,0.9642957520009077,692,0,690
neg,0.9648941870000272,692,0,690
neg,0.9654931730001408,692,0,690
neg,0.96606830500059,692,0,690
neg,0.9666732020014024,692,0,690
neg,0.9672688020000351,692,0,690
neg,0.9678141390013479,692,0,690
neg,0.9684212900010607,692,0,690
neg,0.9689915430008114,692,0,690
neg,0.9695904290001636,692,0,690
neg,0.970191299000362,692,0,690
neg,0.9707991110008152,692,0,690
neg,0.971419966999747,692,0,690
neg,0.9719936270012113,692,0,690
neg,0.97256347900111,692,0,690
neg,0.9731903160009097,692,0,690
neg,0.9737872679997963,692,0,690
neg,0.9743715069998871,692,0,690
neg,0.9749382740010333,692,0,690
neg,0.9755443030007882,692,0,690
neg,0.9761186830000952,692,0,690
neg,0.9767458510013967,692,0,690
neg,0.9773215340010211,692,0,690
neg,0.977924697999697,692,0,690
neg,0.9784968639996805,692,0,690
neg,0.9790907910009992,692,0,690
neg,0.9797420040013094,692,0,690
neg,0.9803204620002361,692,0,690
neg,0.9809231449999061,692,0,690
neg,0.9815200970006117,692,0,690
neg,0.9820684590013116,692,0,690
neg,0.9826721440003894,692,0,690
neg,0.9832467550004367,692,0,690
neg,0.9838196729997435,692,0,690
neg,0.9844249100005982,692,0,690
neg,0.9849943219996931,692,0,690
neg,0.9855640940004378,692,0,690
neg,0.9861879460004275,692,0,690
neg,0.9867852490006044,692,0,690
neg,0.9873675239996373,692,0,690
neg,0.9879463220004254,692,0,690
neg,0.9885434450006869,692,0,690
neg,0.9891189080008189,692,0,690
neg,0.9896888399998716,692,0,690
neg,0.9902943180004513,692,0,690
neg,0.9908663040005194,692,0,690
neg,0.9914953360002983,692,0,690
neg,0.9920678830003453,692,0,690
neg,0.9926716780009883,692,0,690
neg,0.9932679290013766,692,0,690
neg,0.9938392439999006,692,0,690
neg,0.994496067,692,0,690
neg,0.9950700560002588,692,0,690
neg,0.9956713669998862,692,0,690
neg,0.996272336000402,692,0,690
neg,0.9968679360008537,692,0,690
neg,0.9974970479997864,692,0,690
neg,0.9980627920012921,692,0,690
neg,0.9986731589997362,692,0,690
neg,0.9992700710008648,692,0,690
neg,0.9998126840000623,692,0,690
neg,1.0004433680005604,692,0,690
neg,1.0010359520001657,692,0,690
neg,1.0016185880012927,692,0,690
neg,1.002216953000243,692,0,690
neg,1.0027923960005865,692,0,690
neg,1.0034188219997304,692,0,690
neg,1.0039910989999044,692,0,690
neg,1.0045677939997404,692,0,690
neg,1.005187939001189,692,0,690
neg,1.0057834880008159,692,0,690
neg,1.0063698410012876,692,0,690
neg,1.00693727900034,692,0,690
neg,1.007542306000687,692,0,690
neg,1.0081150330006494,692,0,690
neg,1.0086868990001676,692,0,690
neg,1.0092978270004096,692,0,690
neg,1.0098646740007098,692,0,690
neg,1.0104893780007842,692,0,690
neg,1.011061625000366,692,0,690
neg,1.0116707590004808,692,0,690
neg,1.012272310001208,692,0,690
neg,1.0128119760011032,692,0,690
neg,1.0134184660000756,692,0,690
neg,1.0139902520004398,692,0,690
neg,1.0145656849999796,692,0,690
neg,1.0152003559996956,692,0,690
neg,1.015785126000992,692,0,690
neg,1.0163711180011887,692,0,690
neg,1.016937403999691,692,0,690
neg,1.0175468690013076,692,0,690
neg,1.0181200670012913,692,0,690
neg,1.0186874850005552,692,0,690
neg,1.0192934440001409,692,0,690
neg,1.0198964480005088,692,0,690
neg,1.0204931099997339,692,0,690
neg,1.0210652660007327,692,0,690
neg,1.0216732190001494,692,0,690
neg,1.0222403160005342,692,0,690
neg,1.0228192249996937,692,0,690
neg,1.0236047350008448,692,0,690
neg,1.024197009001,692,0,690
neg,1.0247878190002666,692,0,690
neg,1.0253734910002095,692,0,690
neg,1.025937091000742,692,0,690
neg,1.0265417880000314,692,0,690
neg,1.0271871800014196,692,0,690
neg,1.027784342000814,692,0,690
neg,1.0283708850001858,692,0,690
neg,1.0289631289997487,692,0,690
neg,1.0295440320005582,692,0,690
neg,1.0301184420004574,692,0,690
neg,1.030687062000652,692,0,690
neg,1.0312977300000057,692,0,690
neg,1.0318911459999072,692,0,690
neg,1.0324911440002325,692,0,690
neg,1.0330614060003427,692,0,690
neg,1.0336702010008594,692,0,690
neg,1.0342657700002746,692,0,690
neg,1.0348123690000648,692,0,690
neg,1.0354160540009616,692,0,690
neg,1.035990906000734,692,0,690
neg,1.036568913001247,692,0,690
neg,1.0371911020010884,692,0,690
neg,1.0377821929996571,692,0,690
neg,1.03836543000034,692,0,690
neg,1.0389358840002387,692,0,690
neg,1.0395469420000154,692,0,690
neg,1.0401178960000834,692,0,690
neg,1.0406863959997281,692,0,690
neg,1.041296452000097,692,0,690
neg,1.041864421000355,692,0,690
neg,1.0424912180005776,692,0,690
neg,1.0430614910001168,692,0,690
neg,1.0436693940009718,692,0,690
neg,1.0442664260008314,692,0,690
neg,1.0448107310003252,692,0,690
neg,1.0454167300013069,692,0,690
neg,1.0459881250008038,692,0,690
neg,1.046567886000048,692,0,690
neg,1.0471908760009683,692,0,690
neg,1.0477826389997063,692,0,690
neg,1.04836623600022,692,0,690
neg,1.048940978000246,692,0,690
neg,1.0495458750010584,692,0,690
neg,1.0501140540000051,692,0,690
neg,1.0506862199999887,692,0,690
neg,1.0512915380004415,692,0,690
neg,1.051870606999728,692,0,690
neg,1.0524879670010705,692,0,690
neg,1.0530603940005676,692,0,690
neg,1.0536704000005557,692,0,690
neg,1.054240072000539,692,0,690
neg,1.0548098840008606,692,0,690
neg,1.0554163140004675,692,0,690
neg,1.0560175840000738,692,0,690
neg,1.05656367300071,692,0,690
neg,1.0571848700001283,692,0,690
neg,1.0577819320005801,692,0,690
neg,1.058371110000735,692,0,690
neg,1.058934890999808,692,0,690
neg,1.0595219750011893,692,0,690
neg,1.0600608900003863,692,0,690
neg,1.0606715080011782,692,0,690
neg,1.0612133680006082,692,0,690
neg,1.0618145879998337,692,0,690
neg,1.0624167200003285,692,0,690
neg,1.0629900390013063,692,0,690
neg,1.063559891001205,692,0,690
neg,1.06418934300018,692,0,690
neg,1.0647815170013928,692,0,690
neg,1.0653649040013988,692,0,690
neg,1.06593485600024,692,0,690
neg,1.0665446519997204,692,0,690
neg,1.0671166080010153,692,0,690
neg,1.0676845369998773,692,0,690
neg,1.0682963670005847,692,0,690
neg,1.0688639750005677,692,0,690
neg,1.0694887790014036,692,0,690
neg,1.070089447999635,692,0,690
neg,1.0707440160003898,692,0,690
neg,1.0713184470005217,692,0,690
neg,1.0719184350000432,692,0,690
neg,1.0724874260013166,692,0,690
neg,1.0730643309998413,692,0,690
neg,1.0736696180010767,692,0,690
neg,1.074240171999918,692,0,690
neg,1.0748098040003242,692,0,690
neg,1.075419980001243,692,0,690
neg,1.0759869880002952,692,0,690
neg,1.0765668580006604,692,0,690
neg,1.077185220001411,692,0,690
neg,1.0777851180009748,692,0,690
neg,1.0783622529997956,692,0,690
neg,1.0789425849998224,692,0,690
neg,1.0795442360013112,692,0,690
neg,1.080184549000478,692,0,690
neg,1.0807850769997458,692,0,690
neg,1.0813641170007031,692,0,690
neg,1.0819413019999047,692,0,690
neg,1.0825415609997435,692,0,690
neg,1.083111503001419,692,0,690
neg,1.0836843010001758,692,0,690
neg,1.0842894180004805,692,0,690
neg,1.0848914100006368,692,0,690
neg,1.0854946939998626,692,0,690
neg,1.0860645360007766,692,0,690
neg,1.086667950001356,692,0,690
neg,1.0872414100012975,692,0,690
neg,1.087809388000096,692,0,690
neg,1.0884146759999567,692,0,690
neg,1.0889870230002998,692,0,690
neg,1.0895592890010448,692,0,690
neg,1.0901838629997656,692,0,690
neg,1.090780745000302,692,0,690
neg,1.0913664270010486,692,0,690
neg,1.091960353000104,692,0,690
neg,1.0925395930007653,692,0,690
neg,1.0931151550012146,692,0,690
neg,1.0936886740000773,692,0,690
neg,1.0942885220010794,692,0,690
neg,1.0948609490005765,692,0,690
neg,1.0954930260013498,692,0,690
neg,1.096064180999747,692,0,690
neg,1.0966678660006437,692,0,690
neg,1.097241325000141,692,0,690
neg,1.097815986000569,692,0,690
neg,1.0984187989997736,692,0,690
neg,1.0989864969997143,692,0,690
neg,1.0995589840003959,692,0,690
neg,1.1001830170007452,692,0,690
neg,1.1007801690011547,692,0,690
neg,1.101360681001097,692,0,690
neg,1.1019342100007634,692,0,690
neg,1.1025380450009834,692,0,690
neg,1.103113717999804,692,0,690
neg,1.1037376710009994,692,0,690
neg,1.1043083340009616,692,0,690
neg,1.1049185610008863,692,0,690
neg,1.1055161240001325,692,0,690
neg,1.106057855000472,692,0,690
neg,1.1066668590010522,692,0,690
neg,1.107268911000574,692,0,690
neg,1.1078076360008708,692,0,690
neg,1.1084204369999497,692,0,690
neg,1.108987244000673,692,0,690
neg,1.1095643700009532,692,0,690
neg,1.1101835830013442,692,0,690
neg,1.110789983000359,692,0,690
neg,1.111412862999714,692,0,690
neg,1.1119851800012839,692,0,690
neg,1.1125574569996388,692,0,690
neg,1.1131888620002428,692,0,690
neg,1.1137800440010324,692,0,690
neg,1.1143622390009114,692,0,690
neg,1.1149400060003245,692,0,690
neg,1.115542548999656,692,0,690
neg,1.1161112790014158,692,0,690
neg,1.116739689001406,692,0,690
neg,1.117308700000649,692,0,690
neg,1.117916873001377,692,0,690
neg,1.118517722999968,692,0,690
neg,1.1190607650005404,692,0,690
neg,1.11966764600038,692,0,690
neg,1.1202359449998767,692,0,690
neg,1.1208076809998602,692,0,690
neg,1.1214332260005904,692,0,690
neg,1.1220298780008306,692,0,690
neg,1.1226100590010901,692,0,690
neg,1.1231870749998052,692,0,690
neg,1.1238001670008089,692,0,690
neg,1.1244198109998251,692,0,690
neg,1.1249602589996357,692,0,690
neg,1.125562010000067,692,0,690
neg,1.1261823360000562,692,0,690
neg,1.1267805099996622,692,0,690
neg,1.127363346000493,692,0,690
neg,1.127932987999884,692,0,690
neg,1.1285377149997657,692,0,690
neg,1.129114870000194,692,0,690
neg,1.129682087999754,692,0,690
neg,1.1302943789996789,692,0,690
neg,1.1308675370000856,692,0,690
neg,1.1314869510006247,692,0,690
neg,1.1320607699999528,692,0,690
neg,1.1326684329997079,692,0,690
neg,1.1332368120001775,692,0,690
neg,1.1338378119999106,692,0,690
neg,1.134485267000855,692,0,690
neg,1.1350566720011557,692,0,690
neg,1.1356656570005725,692,0,690
neg,1.1362086400004046,692,0,690
neg,1.1367828500005999,692,0,690
neg,1.1373598160007532,692,0,690
neg,1.1379397159998916,692,0,690
neg,1.13853668900083,692,0,690
neg,1.1391091260011308,692,0,690
neg,1.139689397001348,692,0,690
neg,1.14029095800106,692,0,690
neg,1.1408614610008954,692,0,690
neg,1.1414864460002718,692,0,690
neg,1.142056628001228,692,0,690
neg,1.1426652720001584,692,0,690
neg,1.143237408999994,692,0,690
neg,1.1438072910004848,692,0,690
neg,1.1444160050014034,692,0,690
neg,1.1449877310005832,692,0,690
neg,1.145585394000591,692,0,690
neg,1.1461811940007465,692,0,690
neg,1.1467798000012408,692,0,690
neg,1.1473644289999356,692,0,690
neg,1.1479319170011877,692,0,690
neg,1.1485416230007104,692,0,690
neg,1.1491136599997844,692,0,690
neg,1.1496887009998318,692,0,690
neg,1.15028834900113,692,0,690
neg,1.1508609660013462,692,0,690
neg,1.1514877930003422,692,0,690
neg,1.152062745000876,692,0,690
neg,1.1526646069996787,692,0,690
neg,1.1532410609997896,692,0,690
neg,1.1538068760000897,692,0,690
neg,1.1544305269999313,692,0,690
neg,1.15502872199977,692,0,690
neg,1.1556079920010234,692,0,690
neg,1.1562087010006508,692,0,690
neg,1.156776980000359,692,0,690
neg,1.1573620710005343,692,0,690
neg,1.1579312310004752,692,0,690
neg,1.1585422300013306,692,0,690
neg,1.1591120220000448,692,0,690
neg,1.1597330889999284,692,0,690
neg,1.1603064880000602,692,0,690
neg,1.160914430000048,692,0,690
neg,1.161515360001431,692,0,690
neg,1.1620838690014352,692,0,690
neg,1.1627068300003884,692,0,690
neg,1.1633128590001434,692,0,690
neg,1.163914119000765,692,0,690
neg,1.1645153490007942,692,0,690
neg,1.1650554570005625,692,0,690
neg,1.16566644500017,692,0,690
neg,1.166235165001126,692,0,690
neg,1.166805007000221,692,0,690
neg,1.1674161160008225,692,0,690
neg,1.1679875509998965,692,0,690
neg,1.1685866070001794,692,0,690
neg,1.1691889490011818,692,0,690
neg,1.1697766350007441,692,0,690
neg,1.1703596610004752,692,0,690
neg,1.1709303349998663,692,0,690
neg,1.1715368750010384,692,0,690
neg,1.172108130000197,692,0,690
neg,1.1726798760009842,692,0,690
neg,1.1732852029999776,692,0,690
neg,1.1738570489997073,692,0,690
neg,1.1744831249998242,692,0,690
neg,1.1750556330007385,692,0,690
neg,1.1756665310003882,692,0,690
neg,1.1762330769997789,692,0,690
neg,1.1768055140000797,692,0,690
neg,1.1774376810008107,692,0,690
neg,1.1780270689996541,692,0,690
neg,1.1786091840003792,692,0,690
neg,1.179206017000979,692,0,690
neg,1.17980868900122,692,0,690
neg,1.1804109010008688,692,0,690
neg,1.1809880370001338,692,0,690
neg,1.1815813220000564,692,0,690
neg,1.1821840650009108,692,0,690
neg,1.1827762890006852,692,0,690
neg,1.1833621010009665,692,0,690
neg,1.1842679640012648,692,0,690
neg,1.1848626010014414,692,0,690
neg,1.1854832680000982,692,0,690
neg,1.1860616450012458,692,0,690
neg,1.1866635570004291,692,0,690
neg,1.1872324579999258,692,0,690
neg,1.1878094330004387,692,0,690
neg,1.1884148610006378,692,0,690
neg,1.1889875880006002,692,0,690
neg,1.1895805730000575,692,0,690
neg,1.1901842480001505,692,0,690
neg,1.1907606630011287,692,0,690
neg,1.1913566830007767,692,0,690
neg,1.1919289500001469,692,0,690
neg,1.1925349590001133,692,0,690
neg,1.1931111430003511,692,0,690
neg,1.1936818570011383,692,0,690
neg,1.1942916019997938,692,0,690
neg,1.1948583890007285,692,0,690
neg,1.195487189999767,692,0,690
neg,1.1960819690011704,692,0,690
neg,1.1966792010007339,692,0,690
neg,1.1972889870012295,692,0,690
neg,1.197885479001343,692,0,690
neg,1.1984820510006102,692,0,690
neg,1.1990614400001505,692,0,690
neg,1.199663262001195,692,0,690
