ramp,t,pos_raw,vel_raw,goal_raw
pos,2.110009518219158e-07,1741,0,2411
pos,0.0009400819999427767,1741,0,2411
pos,0.001534418999654008,1741,0,2411
pos,0.0021244880008453038,1741,0,2411
pos,0.002695842000321136,1741,0,2411
pos,0.0033067100011976436,1741,0,2411
pos,0.0038798580008005956,1741,0,2411
pos,0.004445492000741069,1741,0,2411
pos,0.0050497470001573674,1741,0,2411
pos,0.00562500900014129,1741,0,2411
pos,0.006224015000043437,1741,0,2411
pos,0.006819494001319981,1741,0,2411
pos,0.007415334001052543,1741,0,2411
pos,0.008002438000403345,1741,0,2411
pos,0.008569083000111277,1741,0,2411
pos,0.009175311999570113,1741,0,2411
pos,0.009747779000463197,1741,0,2411
pos,0.010319404000256327,1741,0,2411
pos,0.010927657000138424,1741,0,2411
pos,0.011496226001327159,1741,0,2411
pos,0.012127382000471698,1741,0,2411
pos,0.012698706001174287,1741,0,2411
pos,0.013302571000167518,1741,0,2411
pos,0.013874546000806731,1741,0,2411
pos,0.014451721001023543,1741,0,2411
pos,0.015068820999658783,1741,0,2411
pos,0.015667186000428046,1741,0,2411
pos,0.01625793600032921,1741,0,2411
pos,0.01684612200006086,1741,0,2411
pos,0.01741575300002296,1741,0,2411
pos,0.017999691001023166,1741,0,2411
pos,0.018569272000604542,1741,0,2411
pos,0.01917994900031772,1741,0,2411
pos,0.01975499000036507,1741,0,2411
pos,0.02031836999958614,1741,0,2411
pos,0.020923808000588906,1741,0,2411
pos,0.021496625000509084,1741,0,2411
pos,0.02212684900041495,1741,0,2411
pos,0.022698243001286755,1741,0,2411
pos,0.023300595001273905,1741,0,2411
pos,0.02387034700041113,1741,0,2411
pos,0.024451159000818734,1741,0,2411
pos,0.02504815100110136,1741,0,2411
pos,0.02562048700019659,1741,0,2411
pos,0.026219583000056446,1741,0,2411
pos,0.026818939000804676,1741,0,2411
pos,0.02741571099977591,1741,0,2411
pos,0.027995631000521826,1741,0,2411
pos,0.028567987001224537,1741,0,2411
pos,0.02917936700032442,1741,0,2411
pos,0.029826812000464997,1741,0,2411
pos,0.030417002000831417,1741,0,2411
pos,0.030999447000795044,1741,0,2411
pos,0.031569378999847686,1741,0,2411
pos,0.032176359000004595,1741,0,2411
pos,0.03275613900041208,1741,0,2411
pos,0.033318116000373266,1741,0,2411
pos,0.03392321300088952,1741,0,2411
pos,0.03449682199970994,1741,0,2411
pos,0.035120434000418754,1741,0,2411
pos,0.035693992000233266,1741,0,2411
pos,0.036302776001321035,1741,0,2411
pos,0.037600953999572084,1741,0,2411
pos,0.038201703000595444,1741,0,2411
pos,0.03881979499965382,1741,0,2411
pos,0.039414543000020785,1741,0,2411
pos,0.03999819999989995,1741,0,2411
pos,0.04057593600009568,1741,0,2411
pos,0.04117302899976494,1741,0,2411
pos,0.04174723800133506,1741,0,2411
pos,0.042348117000074126,1741,0,2411
pos,0.042948866001097485,1741,0,2411
pos,0.04355121899970982,1741,0,2411
pos,0.044155053999929805,1741,0,2411
pos,0.044692645000395714,1741,0,2411
pos,0.045301529000425944,1741,0,2411
pos,0.04586959700100124,1741,0,2411
pos,0.04641381100009312,1741,0,2411
pos,0.04699691700079711,1741,0,2411
pos,0.0475673300006747,1741,0,2411
pos,0.04817830800129741,1741,0,2411
pos,0.0487485600006039,1741,0,2411
pos,0.04933056499976374,1741,0,2411
pos,0.04992475099970761,1741,0,2411
pos,0.05049944200072787,1741,0,2411
pos,0.051121561000400106,1741,0,2411
pos,0.051723902999583515,1741,0,2411
pos,0.05231929200090235,1741,0,2411
pos,0.05292364799970528,1742,0,2411
pos,0.05353023800125811,1742,0,2411
pos,0.05412350299957325,1742,0,2411
pos,0.05469277300107933,1742,0,2411
pos,0.05530143699979817,1742,0,2411
pos,0.05587508600001456,1742,0,2411
pos,0.05644300400126667,1742,0,2411
pos,0.05705213799956255,1742,0,2411
pos,0.05762630800018087,1742,0,2411
pos,0.05822544399961771,1742,0,2411
pos,0.05881717600095726,1743,0,2411
pos,0.05962829700001748,1743,0,2411
pos,0.060176949000378954,1743,0,2411
pos,0.06074899499981257,1743,0,2411
pos,0.06131702300081088,1743,100,2411
pos,0.06190194299961149,1743,100,2411
pos,0.06244219899963355,1743,100,2411
pos,0.06305270600023505,1743,100,2411
pos,0.06362731700028235,1743,100,2411
pos,0.06420067500039295,1743,100,2411
pos,0.06481759400048759,1743,100,2411
pos,0.06541418500091822,1743,100,2411
pos,0.0659956580002472,1743,100,2411
pos,0.06656751400078065,1744,100,2411
pos,0.06717862200093805,1744,100,2411
pos,0.06774751200100582,1744,100,2411
pos,0.06831650200001604,1745,100,2411
pos,0.06892825100112532,1745,100,2411
pos,0.06952811900009692,1745,100,2411
pos,0.0701275049996184,1745,100,2411
pos,0.07069890000093437,1745,100,2411
pos,0.07130091100043501,1745,100,2411
pos,0.07190201100092963,1746,100,2411
pos,0.0724420469996403,1746,100,2411
pos,0.07306641000104719,1746,100,2411
pos,0.07366550600090704,1746,100,2411
pos,0.0742176540006767,1746,100,2411
pos,0.07481577900034608,1747,100,2411
pos,0.07567689300049096,1747,100,2411
pos,0.07627839300039341,1748,100,2411
pos,0.07687023600010434,1748,100,2411
pos,0.0774424020000879,1748,100,2411
pos,0.07805082500090066,1748,100,2411
pos,0.07862095699965721,1749,100,2411
pos,0.07919090900031733,1749,100,2411
pos,0.07981806700081506,1750,100,2411
pos,0.08041675300046336,1750,100,2411
pos,0.08100182199996198,1750,400,2411
pos,0.08159635000083654,1751,400,2411
pos,0.08217150100063009,1751,400,2411
pos,0.08282470800077135,1752,400,2411
pos,0.08341556900086289,1752,400,2411
pos,0.08399627000108012,1752,400,2411
pos,0.08456608199958282,1753,400,2411
pos,0.08517084900086047,1754,400,2411
pos,0.08582177100106492,1754,400,2411
pos,0.08641457500016259,1754,400,2411
pos,0.08699378399978741,1754,400,2411
pos,0.08756633099983446,1755,400,2411
pos,0.0881498279995867,1756,400,2411
pos,0.08875134800109663,1756,400,2411
pos,0.08931702200061409,1757,400,2411
pos,0.08992532500087691,1757,400,2411
pos,0.09049311300077534,1758,400,2411
pos,0.09111794700038445,1759,400,2411
pos,0.09166356300011103,1759,400,2411
pos,0.09224366400121653,1759,400,2411
pos,0.0928441420001036,1759,400,2411
pos,0.0934121709997271,1760,400,2411
pos,0.09399338299954252,1760,400,2411
pos,0.09456533900083741,1761,400,2411
pos,0.09517082700040191,1762,400,2411
pos,0.09574619799968787,1762,400,2411
pos,0.09634567499961122,1763,400,2411
pos,0.09694079400105693,1763,400,2411
pos,0.0975492170000507,1764,400,2411
pos,0.09812138300003426,1765,400,2411
pos,0.09872410600110015,1765,400,2411
pos,0.0993156580007053,1766,400,2411
pos,0.09990120899965405,1766,400,2411
pos,0.10044054300124117,1767,400,2411
pos,0.10104779399989638,1768,850,2411
pos,0.10161903799962602,1768,850,2411
pos,0.10219069300001138,1769,850,2411
pos,0.10282018600082665,1769,850,2411
pos,0.1034185910011729,1770,850,2411
pos,0.10399707800024771,1771,850,2411
pos,0.104565547000675,1771,850,2411
pos,0.10517725700083247,1772,850,2411
pos,0.10574267000083637,1772,850,2411
pos,0.10631555700092576,1773,850,2411
pos,0.1069221670004481,1773,850,2411
pos,0.1074930310005584,1774,850,2411
pos,0.10812033900037932,1775,850,2411
pos,0.10869047100095486,1775,850,2411
pos,0.10929932500039286,1776,850,2411
pos,0.10987192200082063,1776,850,2411
pos,0.11044009000033839,1777,850,2411
pos,0.11104573900047399,1778,850,2411
pos,0.11162123100075405,1778,850,2411
pos,0.11222384299981059,1780,850,2411
pos,0.11281490399960603,1780,850,2411
pos,0.11341442100092536,1781,850,2411
pos,0.11399429100129055,1782,850,2411
pos,0.11456510500102013,1782,850,2411
pos,0.11517563199959113,1783,850,2411
pos,0.1157445219996589,1783,850,2411
pos,0.1163422650006396,1785,850,2411
pos,0.11694023900054162,1786,850,2411
pos,0.11754892300086794,1786,850,2411
pos,0.11814711700026237,1787,850,2411
pos,0.11868962799962901,1787,850,2411
pos,0.11929913300082262,1788,850,2411
pos,0.11987082800078497,1790,850,2411
pos,0.12044004900053551,1790,850,2411
pos,0.12104978500065044,1791,1150,2411
pos,0.12159577199963678,1791,1150,2411
pos,0.12216991100103769,1792,1150,2411
pos,0.12274667600104294,1792,1150,2411
pos,0.12331447300130094,1794,1150,2411
pos,0.12392826700124715,1795,1150,2411
pos,0.12452063000091584,1795,1150,2411
pos,0.1251182730011351,1796,1150,2411
pos,0.12569979700128897,1796,1150,2411
pos,0.1263005359996896,1798,1150,2411
pos,0.12687172000005376,1799,1150,2411
pos,0.12744005800050218,1799,1150,2411
pos,0.12807284700102173,1800,1150,2411
pos,0.1286625760003517,1800,1150,2411
pos,0.12924279700018815,1802,1150,2411
pos,0.1298426940011268,1804,1150,2411
pos,0.1304401270008384,1804,1150,2411
pos,0.13104486399970483,1805,1150,2411
pos,0.13162264000129653,1805,1150,2411
pos,0.13219452500015905,1807,1150,2411
pos,0.132815061000656,1808,1150,2411
pos,0.13341355600095994,1808,1150,2411
pos,0.13399991799997224,1810,1150,2411
pos,0.13459126999987348,1810,1150,2411
pos,0.13517505700110632,1812,1150,2411
pos,0.13581551000061154,1813,1150,2411
pos,0.13641201199970965,1813,1150,2411
pos,0.13699304399960965,1815,1150,2411
pos,0.13756566000120074,1815,1150,2411
pos,0.13817030700010946,1816,1150,2411
pos,0.13875095799994597,1818,1150,2411
pos,0.13931918700109236,1818,1150,2411
pos,0.13992045700069866,1820,1150,2411
pos,0.1405256140005804,1820,1500,2411
pos,0.1411205130007147,1821,1500,2411
pos,0.14169670600131212,1823,1500,2411
pos,0.14230098200096108,1823,1500,2411
pos,0.14287256600073306,1825,1500,2411
pos,0.14344047400118143,1825,1500,2411
pos,0.14405030000125407,1827,1500,2411
pos,0.1446189600010257,1829,1500,2411
pos,0.1451909750012419,1829,1500,2411
pos,0.14582146999964607,1831,1500,2411
pos,0.14642567500050063,1831,1500,2411
pos,0.14704619100120908,1833,1500,2411
pos,0.14765051700123877,1835,1500,2411
pos,0.14819420900130353,1835,1500,2411
pos,0.14881935400080692,1837,1500,2411
pos,0.14941540499967232,1837,1500,2411
pos,0.1499981300003128,1839,1500,2411
pos,0.15083697299996857,1841,1500,2411
pos,0.1514272020012868,1841,1500,2411
pos,0.15204687600089528,1843,1500,2411
pos,0.15262393100056215,1845,1500,2411
pos,0.1531952250006725,1845,1500,2411
pos,0.15381497999987914,1847,1500,2411
pos,0.15441472699967562,1847,1500,2411
pos,0.15500018800048565,1849,1500,2411
pos,0.15556504000051063,1852,1500,2411
pos,0.15617682000083732,1852,1500,2411
pos,0.15674213300007978,1854,1500,2411
pos,0.15737510200051474,1854,1500,2411
pos,0.1579538700007106,1856,1500,2411
pos,0.15854944000057003,1858,1500,2411
pos,0.15912032300002465,1858,1500,2411
pos,0.1596895630009385,1860,1500,2411
pos,0.16029983000044012,1860,2100,2411
pos,0.16087447000063548,1863,2100,2411
pos,0.16143928299970867,1863,2100,2411
pos,0.16204940900024667,1865,2100,2411
pos,0.16262075400118192,1867,2100,2411
pos,0.16321793600036472,1867,2100,2411
pos,0.16381453800022427,1870,2100,2411
pos,0.16442056599953503,1870,2100,2411
pos,0.16499618899979396,1872,2100,2411
pos,0.16557206099969335,1874,2100,2411
pos,0.16616925400012406,1874,2100,2411
pos,0.16674277200036158,1876,2100,2411
pos,0.1673149979997106,1876,2100,2411
pos,0.16792064600122103,1879,2100,2411
pos,0.1684948460006126,1881,2100,2411
pos,0.16912379800123745,1881,2100,2411
pos,0.1696964040002058,1884,2100,2411
pos,0.17029860600086977,1884,2100,2411
pos,0.17089306300113094,1886,2100,2411
pos,0.17143869000028644,1889,2100,2411
pos,0.17204421800124692,1889,2100,2411
pos,0.1726183669998136,1891,2100,2411
pos,0.17318893000083335,1891,2100,2411
pos,0.17381579799985047,1894,2100,2411
pos,0.1744188419997954,1896,2100,2411
pos,0.17504539900073723,1896,2100,2411
pos,0.17562108099991747,1899,2100,2411
pos,0.17618987999958335,1899,2100,2411
pos,0.1768136120008421,1901,2100,2411
pos,0.17741036400002486,1904,2100,2411
pos,0.17799507299969264,1904,2100,2411
pos,0.17859701400084305,1906,2100,2411
pos,0.1791693610011862,1906,2100,2411
pos,0.17974112600131775,1909,2100,2411
pos,0.18037077900044096,1911,2400,2411
pos,0.18094768300034048,1911,2400,2411
pos,0.18154730000060226,1914,2400,2411
pos,0.18214688700027182,1914,2400,2411
pos,0.18269216299995605,1917,2400,2411
pos,0.1832974410008319,1919,2400,2411
pos,0.183872130999589,1919,2400,2411
pos,0.18443940799988923,1922,2400,2411
pos,0.18504414400013047,1922,2400,2411
pos,0.18561957600104506,1924,2400,2411
pos,0.18619724200107157,1924,2400,2411
pos,0.18681335000110266,1927,2400,2411
pos,0.18741016199965088,1930,2400,2411
pos,0.18799110399959318,1930,2400,2411
pos,0.18856424200021138,1933,2400,2411
pos,0.1891740370010666,1933,2400,2411
pos,0.18974997000077565,1935,2400,2411
pos,0.19036452500040468,1938,2400,2411
pos,0.1909383140009595,1938,2400,2411
pos,0.19154865100063034,1940,2400,2411
pos,0.19214819800072291,1940,2400,2411
pos,0.19268876500063925,1943,2400,2411
pos,0.1932981700010714,1946,2400,2411
pos,0.1938978770012909,1946,2400,2411
pos,0.19443837400103803,1949,2400,2411
pos,0.19504333100121585,1949,2400,2411
pos,0.1956234620010946,1951,2400,2411
pos,0.19619323299957614,1954,2400,2411
pos,0.19682114300121611,1954,2400,2411
pos,0.19741407699984848,1957,2400,2411
pos,0.19799425800010795,1957,2400,2411
pos,0.19856384900049306,1959,2400,2411
pos,0.19916918700073438,1962,2400,2411
pos,0.1997456709996186,1962,2400,2411
pos,0.20032105300015246,1965,2700,2411
pos,0.2009197179995681,1965,2700,2411
pos,0.20149416800086328,1967,2700,2411
pos,0.2021165469996049,1970,2700,2411
pos,0.2026887030006037,1970,2700,2411
pos,0.2032975969996187,1973,2700,2411
pos,0.20384168100099487,1973,2700,2411
pos,0.20444436300022062,1976,2700,2411
pos,0.20506378699974448,1979,2700,2411
pos,0.20566133099964645,1979,2700,2411
pos,0.20624328499980038,1982,2700,2411
pos,0.20683938500042132,1982,2700,2411
pos,0.20740993800063734,1984,2700,2411
pos,0.20799289400019916,1984,2700,2411
pos,0.20857052000064868,1987,2700,2411
pos,0.2091687339998316,1990,2700,2411
pos,0.2097476729995833,1990,2700,2411
pos,0.21031364699956612,1993,2700,2411
pos,0.21091929500107653,1993,2700,2411
pos,0.21149189199968532,1995,2700,2411
pos,0.21211866900011955,1999,2700,2411
pos,0.2126929790010763,1999,2700,2411
pos,0.21329953900021792,2001,2700,2411
pos,0.21386502200039104,2001,2700,2411
pos,0.2144376390006073,2004,2700,2411
pos,0.21504448000086995,2006,2700,2411
pos,0.21561698600089585,2006,2700,2411
pos,0.21618867100005446,2009,2700,2411
pos,0.21681621999960043,2009,2700,2411
pos,0.21740871400106698,2012,2700,2411
pos,0.21799470500081952,2015,2700,2411
pos,0.2185622630004218,2015,2700,2411
pos,0.21916784099994402,2018,2700,2411
pos,0.21974010700068902,2018,2800,2411
pos,0.22031474700088438,2021,2800,2411
pos,0.22091770000042743,2024,2800,2411
pos,0.22151898000083747,2024,2800,2411
pos,0.22212203399976715,2027,2800,2411
pos,0.22268835900104023,2027,2800,2411
pos,0.22329617099967436,2030,2800,2411
pos,0.22383883200018317,2030,2800,2411
pos,0.22441222999987076,2033,2800,2411
pos,0.22499379300097644,2035,2800,2411
pos,0.2255909760006034,2035,2800,2411
pos,0.22617090600033407,2038,2800,2411
pos,0.22674439399997937,2038,2800,2411
pos,0.22731228200063924,2041,2800,2411
pos,0.22791793100077484,2044,2800,2411
pos,0.22849274100008188,2044,2800,2411
pos,0.2291168440006004,2047,2800,2411
pos,0.22969384899988654,2047,2800,2411
pos,0.23029652100012754,2050,2800,2411
pos,0.23089654900104506,2053,2800,2411
pos,0.2314376070007711,2053,2800,2411
pos,0.23204513900054735,2055,2800,2411
pos,0.23262064099981217,2055,2800,2411
pos,0.2331897010008106,2058,2800,2411
pos,0.23381214999972144,2061,2800,2411
pos,0.23440929299977142,2061,2800,2411
pos,0.2349979490008991,2064,2800,2411
pos,0.23557058600090386,2064,2800,2411
pos,0.23616885100091167,2067,2800,2411
pos,0.23674576499979594,2070,2800,2411
pos,0.23736468800052535,2070,2800,2411
pos,0.23794093200012867,2073,2800,2411
pos,0.2385460690002219,2073,2800,2411
pos,0.23911959700126317,2076,2800,2411
pos,0.23969359600050666,2076,2900,2411
pos,0.24029615899962664,2079,2900,2411
pos,0.24086456800068845,2081,2900,2411
pos,0.2414387570006511,2081,2900,2411
pos,0.24204276199998276,2084,2900,2411
pos,0.24261966700032644,2084,2900,2411
pos,0.2431915819997812,2087,2900,2411
pos,0.2438115069999185,2090,2900,2411
pos,0.24441047300024366,2090,2900,2411
pos,0.24499644500065187,2093,2900,2411
pos,0.24556915200082585,2093,2900,2411
pos,0.24616765700011456,2096,2900,2411
pos,0.2467414650000137,2099,2900,2411
pos,0.24731188800069503,2099,2900,2411
pos,0.2479222350011696,2101,2900,2411
pos,0.2484890310006449,2101,2900,2411
pos,0.2491180830002122,2104,2900,2411
pos,0.249693625000873,2107,2900,2411
pos,0.2502953350012831,2107,2900,2411
pos,0.25086453600124514,2110,2900,2411
pos,0.2514539940002578,2110,2900,2411
pos,0.25204451399986283,2112,2900,2411
pos,0.2526186230006715,2112,2900,2411
pos,0.2531882940002106,2115,2900,2411
pos,0.25381325899979856,2118,2900,2411
pos,0.2544103410000389,2118,2900,2411
pos,0.2549926660012716,2121,2900,2411
pos,0.25556216699988,2121,2900,2411
pos,0.2561671439998463,2124,2900,2411
pos,0.25674162399991474,2126,2900,2411
pos,0.25734332499996526,2126,2900,2411
pos,0.25794378300088283,2129,2900,2411
pos,0.2585453539995797,2129,2900,2411
pos,0.2591197040001134,2132,2900,2411
pos,0.2596912480003084,2134,2750,2411
pos,0.26029527399987273,2134,2750,2411
pos,0.2608642140003212,2138,2750,2411
pos,0.26144123900121485,2138,2750,2411
pos,0.26204654600041977,2140,2750,2411
pos,0.26261472400074126,2143,2750,2411
pos,0.26326541600064957,2143,2750,2411
pos,0.2638228350006102,2146,2750,2411
pos,0.2644092869995802,2146,2750,2411
pos,0.2649919230007072,2148,2750,2411
pos,0.26556154399986553,2151,2750,2411
pos,0.266166751000128,2151,2750,2411
pos,0.26674562900007004,2154,2750,2411
pos,0.2673176250009419,2154,2750,2411
pos,0.267917152001246,2157,2750,2411
pos,0.26851477499985776,2159,2750,2411
pos,0.2691138410009444,2159,2750,2411
pos,0.2696902549996594,2162,2750,2411
pos,0.2703272710004967,2162,2750,2411
pos,0.2709213380003348,2165,2750,2411
pos,0.27152087499962363,2167,2750,2411
pos,0.27209344200127816,2167,2750,2411
pos,0.2726588149998861,2170,2750,2411
pos,0.2732386650004628,2170,2750,2411
pos,0.2738398750007036,2172,2750,2411
pos,0.2744076330000098,2172,2750,2411
pos,0.2749931830003334,2175,2750,2411
pos,0.27556154200101446,2178,2750,2411
pos,0.2761687530000927,2178,2750,2411
pos,0.2767443850007112,2180,2750,2411
pos,0.27731062000020756,2180,2750,2411
pos,0.27791800200066064,2183,2750,2411
pos,0.2784900770002423,2185,2750,2411
pos,0.27911596299964003,2185,2700,2411
pos,0.27971148300093773,2188,2700,2411
pos,0.2803665129995352,2190,2700,2411
pos,0.2809422850004921,2190,2700,2411
pos,0.2815442869996332,2193,2700,2411
pos,0.2821391350007616,2193,2700,2411
pos,0.28273865200026194,2196,2700,2411
pos,0.2833162070000981,2196,2700,2411
pos,0.28391638600078295,2198,2700,2411
pos,0.2844876600011048,2200,2700,2411
pos,0.28511256400088314,2200,2700,2411
pos,0.285688936999577,2202,2700,2411
pos,0.2862943150012143,2202,2700,2411
pos,0.2868956950005668,2205,2700,2411
pos,0.28744252400065307,2207,2700,2411
pos,0.2880647130004945,2207,2700,2411
pos,0.2886574770000152,2209,2700,2411
pos,0.2892398519998096,2209,2700,2411
pos,0.28983812700062117,2212,2700,2411
pos,0.2904349580003327,2214,2700,2411
pos,0.2910452850010188,2214,2700,2411
pos,0.2916129830009595,2217,2700,2411
pos,0.29218493799999123,2217,2700,2411
pos,0.2928101830002561,2219,2700,2411
pos,0.29341035099969304,2221,2700,2411
pos,0.2939917140010948,2221,2700,2411
pos,0.2945684380010789,2223,2700,2411
pos,0.29516504000093846,2223,2700,2411
pos,0.29574423899975955,2226,2700,2411
pos,0.2963104030004615,2228,2700,2411
pos,0.2969153699996241,2228,2700,2411
pos,0.2974948000010045,2230,2700,2411
pos,0.29811682800027484,2230,2700,2411
pos,0.2986850070010405,2232,2700,2411
pos,0.2992935399997805,2234,2300,2411
pos,0.29986988400014525,2234,2300,2411
pos,0.3004353770011221,2237,2300,2411
pos,0.30104671600020083,2237,2300,2411
pos,0.301616587999888,2238,2300,2411
pos,0.30219261099955474,2241,2300,2411
pos,0.3028098310005589,2241,2300,2411
pos,0.3034065020001435,2243,2300,2411
pos,0.3039882260000013,2243,2300,2411
pos,0.3045597899999848,2245,2300,2411
pos,0.30516517800060683,2247,2300,2411
pos,0.30573735399957513,2247,2300,2411
pos,0.3063104619996011,2249,2300,2411
pos,0.3069214799998008,2249,2300,2411
pos,0.30749126100090507,2251,2300,2411
pos,0.3081174680010008,2253,2300,2411
pos,0.30868920300054015,2253,2300,2411
pos,0.3092954620005912,2255,2300,2411
pos,0.3098675279998133,2255,2300,2411
pos,0.31043555600081163,2258,2300,2411
pos,0.3110413940012222,2258,2300,2411
pos,0.3116208240007836,2260,2300,2411
pos,0.31218992399954004,2262,2300,2411
pos,0.3128153090001433,2262,2300,2411
pos,0.3134064300011232,2264,2300,2411
pos,0.31399273200077005,2264,2300,2411
pos,0.31456004900064727,2266,2300,2411
pos,0.3151705159998528,2267,2300,2411
pos,0.31573973699960334,2267,2300,2411
pos,0.3163415380004153,2269,2300,2411
pos,0.3169196140006534,2269,2300,2411
pos,0.31748828400122875,2271,2300,2411
pos,0.3181196200002887,2273,2300,2411
pos,0.31869026300046244,2273,2300,2411
pos,0.3192943980011478,2275,2050,2411
pos,0.3198675160001585,2275,2050,2411
pos,0.32043470300050103,2277,2050,2411
pos,0.32104099200114433,2279,2050,2411
pos,0.3216139390005992,2279,2050,2411
pos,0.3221880390010483,2280,2050,2411
pos,0.32281674000114435,2280,2050,2411
pos,0.32340626800032624,2282,2050,2411
pos,0.3239943940006924,2284,2050,2411
pos,0.32455994700103474,2284,2050,2411
pos,0.32516860100076883,2286,2050,2411
pos,0.3257386429995677,2286,2050,2411
pos,0.3263164689997211,2288,2050,2411
pos,0.3269159960000252,2288,2050,2411
pos,0.32749454400072864,2289,2050,2411
pos,0.32811552100065455,2291,2050,2411
pos,0.3286884580011247,2291,2050,2411
pos,0.32929362499999115,2294,2050,2411
pos,0.3298618530006934,2294,2050,2411
pos,0.3304346599998098,2295,2050,2411
pos,0.3310395669996069,2298,2050,2411
pos,0.3316143579995696,2298,2050,2411
pos,0.3321874260000186,2300,2050,2411
pos,0.332810175999839,2300,2050,2411
pos,0.33340686700103106,2302,2050,2411
pos,0.33398680800019065,2303,2050,2411
pos,0.33455958500053384,2303,2050,2411
pos,0.3351415180004551,2305,2050,2411
pos,0.33568437000030826,2305,2050,2411
pos,0.33629395500065584,2307,2050,2411
pos,0.3368647389997932,2308,2050,2411
pos,0.33743841700015764,2308,2050,2411
pos,0.33804373500061047,2310,2050,2411
pos,0.33861610100029793,2310,1800,2411
pos,0.339217300999735,2311,1800,2411
pos,0.3398125900002924,2311,1800,2411
pos,0.34040570500110334,2313,1800,2411
pos,0.3409910749996925,2314,1800,2411
pos,0.34158497200041893,2314,1800,2411
pos,0.34216529300101683,2316,1800,2411
pos,0.3427363160008099,2316,1800,2411
pos,0.34336604999953124,2317,1800,2411
pos,0.34393715300029726,2319,1800,2411
pos,0.3445435730009194,2319,1800,2411
pos,0.3451432100009697,2320,1800,2411
pos,0.34568397700058995,2320,1800,2411
pos,0.346294785000282,2322,1800,2411
pos,0.3468615410001803,2323,1800,2411
pos,0.34740523400068923,2323,1800,2411
pos,0.3479868770009489,2324,1800,2411
pos,0.3485586630013131,2324,1800,2411
pos,0.3491659539995453,2326,1800,2411
pos,0.34973990300022706,2327,1800,2411
pos,0.35030877200006216,2327,1800,2411
pos,0.35091451100015547,2328,1800,2411
pos,0.3515093389996764,2328,1800,2411
pos,0.3521160290001717,2329,1800,2411
pos,0.352684417999626,2329,1800,2411
pos,0.3532933620008407,2330,1800,2411
pos,0.3538878300005308,2332,1800,2411
pos,0.35449031200005265,2332,1800,2411
pos,0.3551115190002747,2333,1800,2411
pos,0.35569086800023797,2334,1800,2411
pos,0.35629263000009814,2334,1800,2411
pos,0.35686726000130875,2335,1800,2411
pos,0.35746289900089323,2335,1800,2411
pos,0.35811225900033605,2336,1800,2411
pos,0.35868385399953695,2338,1350,2411
pos,0.35929358000066713,2338,1350,2411
pos,0.3598655450005026,2339,1350,2411
pos,0.3604341740010568,2339,1350,2411
pos,0.36103882099996554,2340,1350,2411
pos,0.3616116379998857,2340,1350,2411
pos,0.3621840939995309,2341,1350,2411
pos,0.3628085470008955,2342,1350,2411
pos,0.36340519900113577,2342,1350,2411
pos,0.36398758399991493,2343,1350,2411
pos,0.36456508900118934,2343,1350,2411
pos,0.36517018700033077,2344,1350,2411
pos,0.3657394170004409,2345,1350,2411
pos,0.3663618869995844,2345,1350,2411
pos,0.3669336220009427,2346,1350,2411
pos,0.367542386000423,2346,1350,2411
pos,0.368139678001171,2347,1350,2411
pos,0.3686883400005172,2348,1350,2411
pos,0.36929205500018725,2348,1350,2411
pos,0.3698942370010627,2349,1350,2411
pos,0.370432929999879,2349,1350,2411
pos,0.3710391700005857,2350,1350,2411
pos,0.37158492600065074,2351,1350,2411
pos,0.3721636940008466,2351,1350,2411
pos,0.372740609000175,2352,1350,2411
pos,0.37330832600127906,2352,1350,2411
pos,0.3739180419997865,2352,1350,2411
pos,0.37448536900046747,2352,1350,2411
pos,0.37511517200073285,2353,1350,2411
pos,0.3757511769999837,2354,1350,2411
pos,0.376367034001305,2354,1350,2411
pos,0.37693369000044186,2355,1350,2411
pos,0.3775437360000069,2356,1350,2411
pos,0.3781441850005649,2356,1350,2411
pos,0.3786842509998678,2356,900,2411
pos,0.3792930850013363,2356,900,2411
pos,0.3798625159997755,2357,900,2411
pos,0.3804599490013061,2358,900,2411
pos,0.3811133460003475,2358,900,2411
pos,0.38171089900060906,2359,900,2411
pos,0.3823109770000883,2359,900,2411
pos,0.3829148320000968,2359,900,2411
pos,0.3834854449996783,2360,900,2411
pos,0.38411254300081055,2360,900,2411
pos,0.384682915000667,2361,900,2411
pos,0.385292531000232,2361,900,2411
pos,0.38589211799990153,2361,900,2411
pos,0.3864327749997756,2362,900,2411
pos,0.38704308200067317,2362,900,2411
pos,0.38761542800057214,2363,900,2411
pos,0.38818240399996284,2363,900,2411
pos,0.3888081599998259,2363,900,2411
pos,0.3894041900002776,2364,900,2411
pos,0.38998530299977574,2364,900,2411
pos,0.3905661050011986,2365,900,2411
pos,0.3911703900012071,2365,900,2411
pos,0.3917389390007884,2365,900,2411
pos,0.39230826000130037,2365,900,2411
pos,0.39291456899991317,2366,900,2411
pos,0.39348540300125023,2366,900,2411
pos,0.3941142439998657,2366,900,2411
pos,0.3946883139997226,2367,900,2411
pos,0.3952917280003021,2367,900,2411
pos,0.3958672700009629,2367,900,2411
pos,0.39643274300033227,2368,900,2411
pos,0.39706483100053447,2368,900,2411
pos,0.3976556609995896,2369,900,2411
pos,0.3982360219997645,2369,650,2411
pos,0.39884069900108443,2369,650,2411
pos,0.39943271100128186,2370,650,2411
pos,0.4000386799998523,2370,650,2411
pos,0.4006104550007876,2370,650,2411
pos,0.401167523001277,2370,650,2411
pos,0.4017344790008792,2370,650,2411
pos,0.40230768699984765,2371,650,2411
pos,0.4029187960004492,2371,650,2411
pos,0.4034884470001998,2372,650,2411
pos,0.4041129600009299,2372,650,2411
pos,0.40470828900106426,2372,650,2411
pos,0.40530768600001466,2372,650,2411
pos,0.4059128429998964,2372,650,2411
pos,0.40648456800045096,2373,650,2411
pos,0.4071095020008215,2373,650,2411
pos,0.4076821590006148,2373,650,2411
pos,0.408292756001174,2373,650,2411
pos,0.4088619160011149,2373,650,2411
pos,0.40943253899968113,2374,650,2411
pos,0.4100397510010225,2374,650,2411
pos,0.41061301800073124,2374,650,2411
pos,0.4111828000004607,2375,650,2411
pos,0.41180715300106385,2375,650,2411
pos,0.41240385499986587,2375,650,2411
pos,0.4129847370004427,2375,650,2411
pos,0.4135574930005532,2375,650,2411
pos,0.4141646940006467,2375,650,2411
pos,0.41473538799982634,2375,650,2411
pos,0.4153073730012693,2376,650,2411
pos,0.41591190899998765,2376,650,2411
pos,0.4164843060007115,2376,650,2411
pos,0.41710908000095515,2376,650,2411
pos,0.4177086560011958,2376,650,2411
pos,0.4183071210009075,2376,350,2411
pos,0.4189120280007046,2376,350,2411
pos,0.4194843140012381,2376,350,2411
pos,0.4201127249998535,2376,350,2411
pos,0.4206870649995835,2376,350,2411
pos,0.4212910500009457,2376,350,2411
pos,0.42186470799970266,2376,350,2411
pos,0.4224314439998125,2376,350,2411
pos,0.4230367220006883,2376,350,2411
pos,0.4236377409997658,2376,350,2411
pos,0.4242106080000667,2376,350,2411
pos,0.42480677900130104,2376,350,2411
pos,0.42541215700111934,2376,350,2411
pos,0.42603723100000934,2376,350,2411
pos,0.4266124120003951,2376,350,2411
pos,0.42718187300124555,2376,350,2411
pos,0.42780916199990315,2376,350,2411
pos,0.4284079170010955,2376,350,2411
pos,0.4289848320004239,2376,350,2411
pos,0.4295571180009574,2376,350,2411
pos,0.4301666640003532,2376,350,2411
pos,0.43073655500120367,2376,350,2411
pos,0.4313607280000724,2376,350,2411
pos,0.43193399499978113,2376,350,2411
pos,0.4325404150004033,2377,350,2411
pos,0.43313976200079196,2377,350,2411
pos,0.43368094000106794,2377,350,2411
pos,0.4342919880000409,2377,350,2411
pos,0.43486062699957984,2377,350,2411
pos,0.43543140099973243,2378,350,2411
pos,0.4360366079999949,2378,350,2411
pos,0.43658953799968003,2378,350,2411
pos,0.43716578100065817,2378,350,2411
pos,0.4377395499996055,2378,100,2411
pos,0.43830682699990575,2378,100,2411
pos,0.438916072000211,2379,100,2411
pos,0.43948894900131563,2379,100,2411
pos,0.4401174300001003,2379,100,2411
pos,0.4406870809998509,2379,100,2411
pos,0.44129104599960556,2379,100,2411
pos,0.44186065699977917,2379,100,2411
pos,0.4424326830012433,2380,100,2411
pos,0.4430361369995808,2380,100,2411
pos,0.4436090140006854,2380,100,2411
pos,0.4441821020009229,2380,100,2411
pos,0.44481356800133653,2380,100,2411
pos,0.4453903220000939,2381,100,2411
pos,0.4459359390002646,2381,100,2411
pos,0.4465400540011615,2381,100,2411
pos,0.44711166900015087,2381,100,2411
pos,0.4476865800006635,2381,100,2411
pos,0.4482916770011798,2381,100,2411
pos,0.4488892000008491,2381,100,2411
pos,0.44943101900025795,2381,100,2411
pos,0.4500364970008377,2382,100,2411
pos,0.45063423099963984,2382,100,2411
pos,0.4511885030005942,2382,100,2411
pos,0.4518168340000557,2382,100,2411
pos,0.4524073140000837,2382,100,2411
pos,0.45298646300034306,2383,100,2411
pos,0.4535644389998197,2383,100,2411
pos,0.4541612909997639,2383,100,2411
pos,0.4547336670002551,2383,100,2411
pos,0.45530637400042906,2383,100,2411
pos,0.45591957600117894,2383,100,2411
pos,0.4565135230004671,2383,100,2411
pos,0.4571097629996075,2383,100,2411
pos,0.45768162900094467,2383,300,2411
pos,0.4582933790006791,2384,300,2411
pos,0.45886220800093724,2384,300,2411
pos,0.4594328610000957,2384,300,2411
pos,0.4600367359998927,2384,300,2411
pos,0.460613971001294,2384,300,2411
pos,0.46118542600015644,2385,300,2411
pos,0.4618065930008015,2385,300,2411
pos,0.4624127220013179,2385,300,2411
pos,0.46298621999994793,2385,300,2411
pos,0.4635568030007562,2385,300,2411
pos,0.4641662890007865,2385,300,2411
pos,0.46473309400062135,2385,300,2411
pos,0.46530681300100696,2385,300,2411
pos,0.4658872340005473,2386,300,2411
pos,0.46643036600107735,2386,300,2411
pos,0.46703648500079,2386,300,2411
pos,0.46761032399990654,2386,300,2411
pos,0.46820968000065477,2386,300,2411
pos,0.4688058909996471,2386,300,2411
pos,0.46940196200011997,2386,300,2411
pos,0.4699877530001686,2386,300,2411
pos,0.4705558610003209,2386,300,2411
pos,0.47116344300047786,2387,300,2411
pos,0.47189303199957067,2387,300,2411
pos,0.4724874990006356,2387,300,2411
pos,0.47311208300016006,2387,300,2411
pos,0.4737088550009503,2387,300,2411
pos,0.47435844500068924,2387,300,2411
pos,0.4749379940003564,2387,300,2411
pos,0.47553791199970874,2387,300,2411
pos,0.4761083450011938,2388,300,2411
pos,0.47671508500025084,2388,300,2411
pos,0.47730865999983507,2388,200,2411
pos,0.4779190870012826,2388,200,2411
pos,0.478516008999577,2388,200,2411
pos,0.4791139330009173,2388,200,2411
pos,0.4797080200005439,2388,200,2411
pos,0.48030586400091124,2388,200,2411
pos,0.48091589999967255,2388,200,2411
pos,0.48148578200016345,2388,200,2411
pos,0.4821073900002375,2388,200,2411
pos,0.48268039700087684,2388,200,2411
pos,0.483289400999638,2388,200,2411
pos,0.48385775000133435,2389,200,2411
pos,0.48443025699998543,2389,200,2411
pos,0.4850353640013054,2389,200,2411
pos,0.4856134410001687,2389,200,2411
pos,0.4862132380003459,2389,200,2411
pos,0.4868125740013056,2389,200,2411
pos,0.487401131000297,2389,200,2411
pos,0.4880635050012643,2389,200,2411
pos,0.4894561290002457,2390,200,2411
pos,0.49004645900095056,2390,200,2411
pos,0.49063734900119016,2390,200,2411
pos,0.4911808920005569,2390,200,2411
pos,0.4918097930003569,2390,200,2411
pos,0.4924031090013159,2390,200,2411
pos,0.49298896999971475,2390,200,2411
pos,0.49355516499963414,2390,200,2411
pos,0.4941649110005528,2390,200,2411
pos,0.4947326180008531,2391,200,2411
pos,0.4953070880001178,2391,200,2411
pos,0.4959145900011208,2391,200,2411
pos,0.49651178200110735,2391,200,2411
pos,0.49710770300043805,2391,150,2411
pos,0.4976874519998091,2391,150,2411
pos,0.49828971399983857,2391,150,2411
pos,0.49885807300051965,2391,150,2411
pos,0.49943461700058833,2391,150,2411
pos,0.5000349250003637,2391,150,2411
pos,0.5006068910006434,2391,150,2411
pos,0.5011854780004796,2391,150,2411
pos,0.5018041809998977,2392,150,2411
pos,0.5024005220002437,2392,150,2411
pos,0.5029818550010532,2392,150,2411
pos,0.503585540000131,2392,150,2411
pos,0.5041628050003055,2392,150,2411
pos,0.5051676370003406,2392,150,2411
pos,0.5057327989998157,2392,150,2411
pos,0.5063572130002285,2392,150,2411
pos,0.50693463800053,2392,150,2411
pos,0.5075383729999885,2392,150,2411
pos,0.5081333710004401,2392,150,2411
pos,0.5087317760007863,2393,150,2411
pos,0.5093048230010027,2393,150,2411
pos,0.5099123550007789,2393,150,2411
pos,0.5104901920003613,2393,150,2411
pos,0.5111161069999071,2393,150,2411
pos,0.5117057560000831,2393,150,2411
pos,0.5123052630005986,2393,150,2411
pos,0.5129107909997401,2393,150,2411
pos,0.5135086640002555,2393,150,2411
pos,0.514112519000264,2393,150,2411
pos,0.5146792350005853,2393,150,2411
pos,0.5152896820000024,2394,150,2411
pos,0.5158593430005567,2394,150,2411
pos,0.5164290350003284,2394,150,2411
pos,0.51703443200131,2394,150,2411
pos,0.5176126599999407,2394,150,2411
pos,0.5181791850009176,2394,150,2411
pos,0.5188040789998922,2394,150,2411
pos,0.5194002190000901,2394,150,2411
pos,0.5199813620001805,2394,150,2411
pos,0.520558707001328,2394,150,2411
pos,0.5211631630008924,2394,150,2411
pos,0.5217312519998814,2394,150,2411
pos,0.5223041389999707,2394,150,2411
pos,0.5229108390012698,2394,150,2411
pos,0.5234841969995614,2394,150,2411
pos,0.524109412001053,2395,150,2411
pos,0.5246845929996198,2395,150,2411
pos,0.5252887290007493,2395,150,2411
pos,0.5258640000010928,2395,150,2411
pos,0.5264366770006745,2395,150,2411
pos,0.5270342599997093,2395,150,2411
pos,0.527614230000836,2395,150,2411
pos,0.5281841020005231,2395,150,2411
pos,0.5288038270009565,2395,150,2411
pos,0.5294008590008161,2395,150,2411
pos,0.5299822420001874,2395,150,2411
pos,0.5305539970013342,2395,150,2411
pos,0.5311645640013012,2395,150,2411
pos,0.5317318710003747,2395,150,2411
pos,0.5323367880009755,2395,150,2411
pos,0.5329088840007898,2395,150,2411
pos,0.5334885930005839,2395,150,2411
pos,0.5341093600000022,2396,150,2411
pos,0.5346784900011698,2396,150,2411
pos,0.5352898590008408,2396,150,2411
pos,0.5358586790007394,2396,150,2411
pos,0.536460770001213,2396,150,2411
pos,0.5371112720004021,2396,100,2411
pos,0.5376791300004697,2396,100,2411
pos,0.5382597810003062,2396,100,2411
pos,0.5388603999999759,2396,100,2411
pos,0.5394294800007629,2396,100,2411
pos,0.5400585820007109,2396,100,2411
pos,0.5406528889998299,2396,100,2411
pos,0.541236987000957,2396,100,2411
pos,0.5418042040000728,2396,100,2411
pos,0.5423996830013493,2396,100,2411
pos,0.5429808959997899,2396,100,2411
pos,0.5435540939997736,2396,100,2411
pos,0.5441653020006925,2396,100,2411
pos,0.5447309660012252,2396,100,2411
pos,0.5453031119996012,2396,100,2411
pos,0.5459142700001394,2396,100,2411
pos,0.5464840420008841,2396,100,2411
pos,0.5471111000006204,2396,100,2411
pos,0.5476783860012802,2396,100,2411
pos,0.5482877419999568,2397,100,2411
pos,0.5488555190004263,2397,100,2411
pos,0.5494283259995427,2397,100,2411
pos,0.550033303001328,2397,100,2411
pos,0.5506093260009948,2397,100,2411
pos,0.5511800090007455,2397,100,2411
pos,0.5518154430010327,2397,100,2411
pos,0.5524017750012717,2397,100,2411
pos,0.5529838200000086,2397,100,2411
pos,0.5535817939999106,2397,100,2411
pos,0.5541600310007198,2397,100,2411
pos,0.5547324670005764,2397,100,2411
pos,0.5553043319996505,2397,100,2411
pos,0.5559094489999552,2397,100,2411
pos,0.5565105189998576,2397,50,2411
pos,0.5571082530004787,2397,50,2411
pos,0.5576869610013091,2397,50,2411
pos,0.5582872289996885,2397,50,2411
pos,0.5588584230008564,2397,50,2411
pos,0.5594277030013473,2397,50,2411
pos,0.5600526470007026,2397,50,2411
pos,0.5606517329997587,2397,50,2411
pos,0.5612360020004417,2397,50,2411
pos,0.5618297979999625,2398,50,2411
pos,0.562401563000094,2398,50,2411
pos,0.5629807019995496,2398,50,2411
pos,0.5635608930006129,2398,50,2411
pos,0.5641585960001976,2398,50,2411
pos,0.5647321750002448,2398,50,2411
pos,0.5653044909995515,2398,50,2411
pos,0.5659087559997715,2398,50,2411
pos,0.5664821549999033,2398,50,2411
pos,0.5671067580005911,2398,50,2411
pos,0.5676783630005957,2398,50,2411
pos,0.5682875780003087,2398,50,2411
pos,0.5688638310002716,2398,50,2411
pos,0.5694290440005716,2398,50,2411
pos,0.5700335800011089,2398,50,2411
pos,0.5706089619998238,2398,50,2411
pos,0.5711769200006529,2398,50,2411
pos,0.5718078650006646,2398,50,2411
pos,0.5724030640012643,2398,50,2411
pos,0.5729802090008889,2398,50,2411
pos,0.5735608209997736,2398,50,2411
pos,0.5741635140002472,2398,50,2411
pos,0.5747354989998712,2398,50,2411
pos,0.5753039580013137,2398,50,2411
pos,0.5759089950006455,2398,50,2411
pos,0.5764858599995932,2398,50,2411
pos,0.5771048530004919,2398,50,2411
pos,0.5776773190009408,2398,50,2411
pos,0.5782870750008442,2398,50,2411
pos,0.5788562350007851,2398,50,2411
pos,0.5794330999997328,2398,50,2411
pos,0.5800331469999946,2398,50,2411
pos,0.5806390460002149,2398,50,2411
pos,0.5812342450008146,2398,50,2411
pos,0.5818291730010969,2398,50,2411
pos,0.5823993049998535,2398,50,2411
pos,0.5829798570011917,2398,50,2411
pos,0.5835783620004804,2398,50,2411
pos,0.5841586030001054,2398,50,2411
pos,0.5847378720009146,2398,50,2411
pos,0.5853029740010243,2398,50,2411
pos,0.5859075110001868,2398,50,2411
pos,0.5864813799998956,2398,50,2411
pos,0.5871238260006066,2398,50,2411
pos,0.5876794310006517,2398,50,2411
pos,0.5882890470002167,2398,50,2411
pos,0.5888602909999463,2398,50,2411
pos,0.5894544479997421,2398,50,2411
pos,0.5901049490003061,2398,50,2411
pos,0.5906781670000782,2398,50,2411
pos,0.5912865509999392,2398,50,2411
pos,0.591862172999754,2398,50,2411
pos,0.5924273660002655,2398,50,2411
pos,0.5930322620006336,2398,50,2411
pos,0.5936105100008717,2398,50,2411
pos,0.5942069709999487,2398,50,2411
pos,0.5948091829995974,2398,50,2411
pos,0.5953987510001753,2398,50,2411
pos,0.5959819569998217,2398,50,2411
pos,0.5965524800012645,2398,0,2411
pos,0.5971590299996024,2398,0,2411
pos,0.5977314860010665,2398,0,2411
pos,0.5983021290012402,2398,0,2411
pos,0.5989131879996421,2398,0,2411
pos,0.5994854740001756,2398,0,2411
pos,0.6001066610006092,2398,0,2411
pos,0.6006846070013125,2398,0,2411
pos,0.601286869001342,2398,0,2411
pos,0.6018586549998872,2398,0,2411
pos,0.6024269730005472,2398,0,2411
pos,0.6030525280002621,2398,0,2411
pos,0.6036496409997198,2398,0,2411
pos,0.6042343900007836,2398,0,2411
pos,0.6048062959998788,2398,0,2411
pos,0.605397837000055,2398,0,2411
pos,0.6059820049995324,2398,0,2411
pos,0.6065519470012077,2398,0,2411
pos,0.6071571949996724,2398,0,2411
pos,0.6077292800000578,2398,0,2411
pos,0.608354705000238,2398,0,2411
pos,0.60893016800037,2398,0,2411
pos,0.6095358760012459,2398,0,2411
pos,0.6101324869996461,2398,0,2411
pos,0.6106766709999647,2398,0,2411
pos,0.6112860760003969,2398,0,2411
pos,0.6118802330001927,2398,0,2411
pos,0.6124268910007231,2398,0,2411
pos,0.6130319679996319,2398,0,2411
pos,0.6136040940000385,2398,0,2411
pos,0.6141764510011853,2398,0,2411
pos,0.6148012440007733,2398,0,2411
pos,0.6153974549997656,2398,0,2411
pos,0.6159868129998358,2398,0,2411
pos,0.6166170570013492,2398,0,2411
pos,0.617207106000933,2398,0,2411
pos,0.6178023250013212,2398,0,2411
pos,0.6184149260006961,2398,0,2411
pos,0.6190344700007699,2398,0,2411
pos,0.6196043210002244,2398,0,2411
pos,0.6201798840011179,2398,0,2411
pos,0.6208012509996479,2398,0,2411
pos,0.6213976119997824,2398,0,2411
pos,0.6219802880004863,2398,0,2411
pos,0.6225508200004697,2398,0,2411
pos,0.6231567890008591,2398,0,2411
pos,0.6237319100000605,2398,0,2411
pos,0.6243082439996215,2398,0,2411
pos,0.6249119690000953,2398,0,2411
pos,0.6254782539999724,2398,0,2411
pos,0.6261086980011896,2398,0,2411
pos,0.6266754540010879,2398,0,2411
pos,0.6272840780002298,2398,0,2411
pos,0.627854861000742,2398,0,2411
pos,0.6284245120004925,2398,0,2411
pos,0.6290364819997194,2398,0,2411
pos,0.6296047600008023,2398,0,2411
pos,0.6301831279997714,2398,0,2411
pos,0.6308007179995911,2398,0,2411
pos,0.631396828999641,2398,0,2411
pos,0.6319785630003025,2398,0,2411
pos,0.6325503780008148,2398,0,2411
pos,0.6331560560010985,2398,0,2411
pos,0.6337275200003205,2398,0,2411
pos,0.6343000470005791,2398,0,2411
pos,0.6349097530001018,2398,0,2411
pos,0.6355106419996446,2398,0,2411
pos,0.636103816999821,2398,0,2411
pos,0.6367089039995335,2398,0,2411
pos,0.6373340690006444,2398,0,2411
pos,0.6379253800005245,2398,0,2411
pos,0.638507154000763,2398,0,2411
pos,0.6391030040012993,2399,0,2411
pos,0.6396751499996753,2399,0,2411
pos,0.640262093000274,2399,0,2411
pos,0.6408579230010218,2399,0,2411
pos,0.6414288169999054,2399,0,2411
pos,0.6420303270006116,2399,0,2411
pos,0.6426062099999399,2399,0,2411
pos,0.6431752600001346,2399,0,2411
pos,0.6438036800009286,2399,0,2411
pos,0.6443960440010414,2399,0,2411
pos,0.6449832480011537,2399,0,2411
pos,0.6455580090005242,2399,0,2411
pos,0.6461285010009306,2399,0,2411
pos,0.6467081210012111,2399,0,2411
pos,0.647300083999653,2399,0,2411
pos,0.6479104110003391,2399,0,2411
pos,0.6485036360008962,2399,0,2411
pos,0.649102450999635,2399,0,2411
pos,0.6496488089997001,2399,0,2411
pos,0.6502302019998751,2399,0,2411
pos,0.6508329050011525,2399,0,2411
pos,0.6513959840012831,2399,0,2411
pos,0.6519838080002955,2399,0,2411
pos,0.6525515760004055,2399,0,2411
pos,0.6531580660011969,2399,0,2411
pos,0.6537324359997001,2399,0,2411
pos,0.65432611200049,2399,0,2411
pos,0.6549098800005595,2399,0,2411
pos,0.655477697000606,2399,0,2411
pos,0.6561059270006808,2400,100,2411
pos,0.6566802670004108,2400,100,2411
pos,0.6572835710012441,2400,100,2411
pos,0.6578898610005126,2400,100,2411
pos,0.658479449000879,2400,100,2411
pos,0.659106437000446,2400,100,2411
pos,0.6596828000001551,2400,100,2411
pos,0.660284251000121,2400,100,2411
pos,0.6608794399999169,2400,100,2411
pos,0.6614790370003902,2400,100,2411
pos,0.6621086690010998,2400,100,2411
pos,0.6626751350013365,2400,100,2411
pos,0.6632546640012151,2400,100,2411
pos,0.6638554929995735,2400,100,2411
pos,0.6644245030001912,2400,100,2411
pos,0.6650305620005383,2400,100,2411
pos,0.6656019670008391,2400,100,2411
pos,0.6661826990002737,2400,100,2411
pos,0.6668040260010457,2400,100,2411
pos,0.6673978720009472,2400,100,2411
pos,0.6679791149999801,2400,100,2411
pos,0.6685494480007037,2400,100,2411
pos,0.6691542340013257,2400,100,2411
pos,0.669729274999554,2400,100,2411
pos,0.670304135999686,2400,100,2411
pos,0.6709043740011111,2400,100,2411
pos,0.6715036910009076,2400,100,2411
pos,0.6721078959999431,2400,100,2411
pos,0.672679571000117,2400,100,2411
pos,0.6732826450006542,2400,100,2411
pos,0.6738829830010218,2400,100,2411
pos,0.6744787330007966,2400,100,2411
pos,0.6751013520006381,2400,100,2411
pos,0.6756736280003679,2400,0,2411
pos,0.6762824630004616,2400,0,2411
pos,0.6768800959998771,2400,0,2411
pos,0.6774816369998007,2400,0,2411
pos,0.6781030239999382,2400,0,2411
pos,0.6786739580002177,2400,0,2411
pos,0.6792826110013266,2400,0,2411
pos,0.6798515110003791,2400,0,2411
pos,0.6804237070009549,2400,0,2411
pos,0.6810288340002444,2400,0,2411
pos,0.6816085240006942,2400,0,2411
pos,0.6821999260009761,2400,0,2411
pos,0.6828028790005192,2400,0,2411
pos,0.6833981680010766,2400,0,2411
pos,0.6839794309998979,2400,0,2411
pos,0.6845488110011502,2400,0,2411
pos,0.6851532370001223,2400,0,2411
pos,0.6857294910005294,2400,0,2411
pos,0.6863308909996704,2400,0,2411
pos,0.6869096090013045,2400,0,2411
pos,0.6875074630006566,2400,0,2411
pos,0.6881014789996698,2400,0,2411
pos,0.6886736249998648,2400,0,2411
pos,0.6892849240011856,2400,0,2411
pos,0.6898797020003258,2400,0,2411
pos,0.6904230740001367,2400,0,2411
pos,0.6910288630006107,2400,0,2411
pos,0.6916082320003625,2400,0,2411
pos,0.6922056950006663,2400,0,2411
pos,0.6928028270012874,2400,0,2411
pos,0.6934051090011053,2400,0,2411
pos,0.6940297929995722,2400,0,2411
pos,0.6946021990006557,2400,0,2411
pos,0.6951813680007035,2400,0,2411
pos,0.6958008120000159,2400,0,2411
pos,0.696404877000532,2400,0,2411
pos,0.69703027200012,2400,0,2411
pos,0.6976005140004418,2400,0,2411
pos,0.6981783210012509,2400,0,2411
pos,0.6988020830012829,2400,0,2411
pos,0.699398693999683,2400,0,2411
pos,0.6999812289996044,2400,0,2411
pos,0.7005482960012159,2400,0,2411
pos,0.701153322999744,2400,0,2411
pos,0.7017059720001271,2400,0,2411
pos,0.7022983660008322,2400,0,2411
pos,0.7029029320001428,2400,0,2411
pos,0.7035036010001932,2400,0,2411
pos,0.7041004630009411,2400,0,2411
pos,0.7046790200001851,2400,0,2411
pos,0.7052815630013356,2400,0,2411
pos,0.7058766110003489,2400,0,2411
pos,0.7064749260007375,2400,0,2411
pos,0.7071049389996915,2400,0,2411
pos,0.7076767340004153,2400,0,2411
pos,0.7082815209996625,2400,0,2411
pos,0.7088503710001532,2400,0,2411
pos,0.7094226270000945,2400,0,2411
pos,0.7100324729999556,2400,0,2411
pos,0.7106062519997067,2400,0,2411
pos,0.7112059390001377,2400,0,2411
pos,0.7117987230012659,2400,0,2411
pos,0.7124045420005132,2400,0,2411
pos,0.7129792220002855,2400,0,2411
pos,0.7135474910010089,2400,0,2411
pos,0.7141569460000028,2400,0,2411
pos,0.7147321780012135,2400,0,2411
pos,0.7153521820000606,2400,0,2411
pos,0.7159283060009329,2400,0,2411
pos,0.7165327420007088,2400,0,2411
pos,0.7171292530001665,2400,0,2411
pos,0.7176781250000204,2400,0,2411
pos,0.7182818199999019,2400,0,2411
pos,0.7188762069999939,2400,0,2411
pos,0.7194305900011386,2400,0,2411
pos,0.7200472690001334,2400,0,2411
pos,0.7206448720007756,2400,0,2411
pos,0.7212295010012895,2400,0,2411
pos,0.7218281160003244,2400,0,2411
pos,0.7223937600010686,2400,0,2411
pos,0.7229749620000803,2400,0,2411
pos,0.7235476590012695,2400,0,2411
pos,0.7241541590010456,2400,0,2411
pos,0.7247034020001593,2400,0,2411
pos,0.7253039110000827,2400,0,2411
pos,0.7259027560012328,2400,0,2411
pos,0.7264818350013229,2400,0,2411
pos,0.7271011590000853,2400,0,2411
pos,0.7276734950009995,2400,0,2411
pos,0.7282813670008181,2400,0,2411
pos,0.7288577210001677,2400,0,2411
pos,0.7294232940002985,2400,0,2411
pos,0.7300317080007517,2400,0,2411
pos,0.7305732670010912,2400,0,2411
pos,0.7311547500012239,2400,0,2411
pos,0.7318015649998415,2400,0,2411
pos,0.7324073630006751,2400,0,2411
pos,0.7330284399995435,2400,0,2411
pos,0.7336028500012617,2400,0,2411
pos,0.7341790230002516,2400,0,2411
pos,0.7347969849997753,2400,0,2411
pos,0.7354023919997417,2400,0,2411
pos,0.7360282780009584,2400,0,2411
pos,0.7366035699997155,2400,0,2411
pos,0.7371721390009043,2400,0,2411
pos,0.7378007500010426,2400,0,2411
pos,0.738396439999633,2400,0,2411
pos,0.7389773520008021,2400,0,2411
pos,0.7395473440010392,2400,0,2411
pos,0.7401571200007311,2400,0,2411
pos,0.7407287040005031,2400,0,2411
pos,0.7412980950011843,2400,0,2411
pos,0.7419034430004103,2400,0,2411
pos,0.7425080590001016,2400,0,2411
pos,0.7431027670008916,2400,0,2411
pos,0.7436763550012984,2400,0,2411
pos,0.7442814220012224,2400,0,2411
pos,0.7448525560012058,2400,0,2411
pos,0.745430323000619,2400,0,2411
pos,0.746032084000035,2400,0,2411
pos,0.7466045100009069,2400,0,2411
pos,0.7471715259998746,2400,0,2411
pos,0.7477968210005201,2400,0,2411
pos,0.7483965379997244,2400,0,2411
pos,0.7489761779997934,2400,0,2411
pos,0.7495546450008987,2400,0,2411
pos,0.7501530600002297,2400,0,2411
pos,0.7507276209998963,2400,0,2411
pos,0.7513032229999226,2400,0,2411
pos,0.7519260429999122,2400,0,2411
pos,0.7525322620003863,2400,0,2411
pos,0.7531037770004332,2400,0,2411
pos,0.7536723459998029,2400,0,2411
pos,0.7542812499996217,2400,0,2411
pos,0.7548239010011457,2400,0,2411
pos,0.7553951150002831,2400,0,2411
pos,0.7559787720001623,2400,0,2411
pos,0.7565471910002088,2400,0,2411
pos,0.7571542220011906,2400,0,2411
pos,0.7577288730008149,2400,0,2411
pos,0.7582967810012633,2400,0,2411
pos,0.7589034510001511,2400,0,2411
pos,0.7595076159996097,2400,0,2411
pos,0.7601047790012672,2400,0,2411
pos,0.7606995469996036,2400,0,2411
pos,0.7612965280004573,2400,0,2411
pos,0.7619040000008681,2400,0,2411
pos,0.7624808250002388,2400,0,2411
pos,0.7631054379999114,2400,0,2411
pos,0.7636726750006346,2400,0,2411
pos,0.7642802669997764,2400,0,2411
pos,0.76485346499976,2400,0,2411
pos,0.7655130430011923,2400,0,2411
pos,0.7661066090004169,2400,0,2411
pos,0.7666772120010137,2400,0,2411
pos,0.7672814170000493,2400,0,2411
pos,0.7678821360004804,2400,0,2411
pos,0.7684743200006778,2400,0,2411
pos,0.7690997440004139,2400,0,2411
pos,0.7696788030007156,2400,0,2411
pos,0.7702805139997508,2400,0,2411
pos,0.7708489630003896,2400,0,2411
pos,0.7714213190010923,2400,0,2411
pos,0.7720540080008504,2400,0,2411
pos,0.7731264560006821,2400,0,2411
pos,0.7736715709997952,2400,0,2411
pos,0.7742807659997197,2400,0,2411
pos,0.77485401299964,2400,0,2411
pos,0.7754215210006805,2400,0,2411
pos,0.7760311559995898,2400,0,2411
pos,0.7766025410001021,2400,0,2411
pos,0.7772038610000891,2400,0,2411
pos,0.7777959340000962,2400,0,2411
pos,0.7783953210000618,2400,0,2411
pos,0.7789780060011253,2400,0,2411
pos,0.779546253999797,2400,0,2411
pos,0.7801537560008001,2400,0,2411
pos,0.7808016529997985,2400,0,2411
pos,0.7814088240011188,2400,0,2411
pos,0.7820341290007491,2400,0,2411
pos,0.7826082080009655,2400,0,2411
pos,0.783172610001202,2400,0,2411
pos,0.78380342499986,2400,0,2411
pos,0.784393142999761,2400,0,2411
pos,0.7849774019996403,2400,0,2411
pos,0.7855812569996488,2400,0,2411
pos,0.7861568090011133,2400,0,2411
pos,0.786725939000462,2400,0,2411
pos,0.7872962809997262,2400,0,2411
pos,0.7879045950012369,2400,0,2411
pos,0.7884749770000781,2400,0,2411
pos,0.7891008130009141,2400,0,2411
pos,0.7896710950008128,2400,0,2411
pos,0.790281973000674,2400,0,2411
pos,0.7908519150005304,2400,0,2411
pos,0.7914219970007252,2400,0,2411
pos,0.7920513690005464,2400,0,2411
pos,0.7926439630009554,2400,0,2411
pos,0.7932255560008343,2400,0,2411
pos,0.7937965100009023,2400,0,2411
pos,0.7943924700011848,2400,0,2411
pos,0.7949738530005561,2400,0,2411
pos,0.7955594140003086,2400,0,2411
pos,0.7961579490001895,2400,0,2411
pos,0.7967235930009338,2400,0,2411
pos,0.7973530250001204,2400,0,2411
pos,0.7979288080005063,2400,0,2411
pos,0.7985323419998167,2400,0,2411
pos,0.7991325100010727,2400,0,2411
pos,0.7997039350011619,2400,0,2411
pos,0.800296438001169,2400,0,2411
pos,0.8008789329996944,2400,0,2411
pos,0.8014214340000763,2400,0,2411
pos,0.802026150000529,2400,0,2411
pos,0.8026039870001114,2400,0,2411
pos,0.8031717440007924,2400,0,2411
pos,0.8037968890002958,2400,0,2411
pos,0.8043920079999225,2400,0,2411
pos,0.804976806999548,2400,0,2411
pos,0.8055539619999763,2400,0,2411
pos,0.8061576569998579,2400,0,2411
pos,0.8067262160002429,2400,0,2411
pos,0.8072970490011357,2400,0,2411
pos,0.8079035789996851,2400,0,2411
pos,0.80850048100001,2400,0,2411
pos,0.809100208000018,2400,0,2411
pos,0.8096767820006789,2400,0,2411
pos,0.8102805569997145,2400,0,2411
pos,0.8108491559996764,2400,0,2411
pos,0.8114210920011828,2400,0,2411
pos,0.8120294550008111,2400,0,2411
pos,0.8125996870003291,2400,0,2411
pos,0.8131713820002915,2400,0,2411
pos,0.813795965999816,2400,0,2411
pos,0.8143924670002889,2400,0,2411
pos,0.8149727979998715,2400,0,2411
pos,0.8155465260006167,2400,0,2411
pos,0.816155410000647,2400,0,2411
pos,0.8167270560006727,2400,0,2411
pos,0.8172963360011636,2400,0,2411
pos,0.8179078949997347,2400,0,2411
pos,0.8184732879999501,2400,0,2411
pos,0.8190984630000457,2400,0,2411
pos,0.8196783929997764,2400,0,2411
pos,0.8202800340004615,2400,0,2411
pos,0.8208764549999614,2400,0,2411
pos,0.821421239999836,2400,0,2411
pos,0.8220513440010109,2400,0,2411
pos,0.8226430060003622,2400,0,2411
pos,0.823227795001003,2400,0,2411
pos,0.8238220319999527,2400,0,2411
pos,0.8243927559997246,2400,0,2411
pos,0.8249729460003437,2400,0,2411
pos,0.8255459430001792,2400,0,2411
pos,0.8261574730004213,2400,0,2411
pos,0.82673031000013,2400,0,2411
pos,0.8272955430002185,2400,0,2411
pos,0.8279058600001008,2400,0,2411
pos,0.8284736069999781,2400,0,2411
pos,0.8291016470011527,2400,0,2411
pos,0.8297035489995324,2400,0,2411
pos,0.8303526380004769,2400,0,2411
pos,0.8309250840011373,2400,0,2411
pos,0.831531043000723,2400,0,2411
pos,0.83210657500058,2400,0,2411
pos,0.832670114999928,2400,0,2411
pos,0.833253662000061,2400,0,2411
pos,0.8338793270013412,2400,0,2411
pos,0.8344249439996929,2400,0,2411
pos,0.8350489460008248,2400,0,2411
pos,0.8356429920004302,2400,0,2411
pos,0.8362276919997385,2400,0,2411
pos,0.8367948280010751,2400,0,2411
pos,0.8374057560013171,2400,0,2411
pos,0.8380291169996781,2400,0,2411
pos,0.8386043190002965,2400,0,2411
pos,0.8391772260001744,2400,0,2411
pos,0.8397970410005655,2400,0,2411
pos,0.8403916179995576,2400,0,2411
pos,0.8409767080011079,2400,0,2411
pos,0.8415450770007737,2400,0,2411
pos,0.8421549030008464,2400,0,2411
pos,0.8427287220001745,2400,0,2411
pos,0.8432948160007072,2400,0,2411
pos,0.8439009650010121,2400,0,2411
pos,0.844472520000636,2400,0,2411
pos,0.8450980360012181,2400,0,2411
pos,0.8456747399995947,2400,0,2411
pos,0.8462794260012743,2400,0,2411
pos,0.8468467729999247,2400,0,2411
pos,0.8474197409996123,2400,0,2411
pos,0.8480251880009746,2400,0,2411
pos,0.8485984460003237,2400,0,2411
pos,0.8491729060006037,2400,0,2411
pos,0.8497988220005936,2400,0,2411
pos,0.8503912160012987,2400,0,2411
pos,0.8509914540009049,2400,0,2411
pos,0.8516075919997093,2400,0,2411
pos,0.8522060470004362,2400,0,2411
pos,0.852803269001015,2400,0,2411
pos,0.8533928870001546,2400,0,2411
pos,0.8539751520002028,2400,0,2411
pos,0.855034305001027,2400,0,2411
pos,0.8556081139995513,2400,0,2411
pos,0.8561735269995552,2400,0,2411
pos,0.856800485000349,2400,0,2411
pos,0.8574046300000191,2400,0,2411
pos,0.8580266589997336,2400,0,2411
pos,0.8585981240012188,2400,0,2411
pos,0.8591693779999332,2400,0,2411
pos,0.85979442200005,2400,0,2411
pos,0.8604004910012009,2400,0,2411
pos,0.8610258259996044,2400,0,2411
pos,0.8615989240006456,2400,0,2411
pos,0.8621964970006957,2400,0,2411
pos,0.8627997910007252,2400,0,2411
pos,0.8634048479998455,2400,0,2411
pos,0.864025765000406,2400,0,2411
pos,0.8645978599997761,2400,0,2411
pos,0.865202577000673,2400,0,2411
pos,0.8658004810004059,2400,0,2411
pos,0.8663913319996936,2400,0,2411
pos,0.8669772930006729,2400,0,2411
pos,0.8675529450010799,2400,0,2411
pos,0.8681556980009191,2400,0,2411
pos,0.8687224240002251,2400,0,2411
pos,0.8693237740008044,2400,0,2411
pos,0.8699051269995834,2400,0,2411
pos,0.8704718230001163,2400,0,2411
pos,0.8710974180012272,2400,0,2411
pos,0.8716693140013376,2400,0,2411
pos,0.8722790400006488,2400,0,2411
pos,0.8728791570010799,2400,0,2411
pos,0.8734199650007213,2400,0,2411
pos,0.8740495380006905,2400,0,2411
pos,0.8746418210012052,2400,0,2411
pos,0.8752295960002812,2400,0,2411
pos,0.8758199160001823,2400,0,2411
pos,0.8763919610009907,2400,0,2411
pos,0.8769735149999178,2400,0,2411
pos,0.877544338000007,2400,0,2411
pos,0.8781499260003329,2400,0,2411
pos,0.8787239150005917,2400,0,2411
pos,0.8792947590009135,2400,0,2411
pos,0.8799056469997595,2400,0,2411
pos,0.8804721220003557,2400,0,2411
pos,0.8810987690012553,2400,0,2411
pos,0.8816688410006464,2400,0,2411
pos,0.882277836000867,2400,0,2411
pos,0.8828740770004515,2400,0,2411
pos,0.8834765089995926,2400,0,2411
pos,0.8840957219999837,2400,0,2411
pos,0.8846717150008772,2400,0,2411
pos,0.8852796080009284,2400,0,2411
pos,0.8858491990013135,2400,0,2411
pos,0.8864501280004333,2400,0,2411
pos,0.8871003900003416,2400,0,2411
pos,0.8876736370002618,2400,0,2411
pos,0.8882775720012432,2400,0,2411
pos,0.8888542170006986,2400,0,2411
pos,0.8894481130009808,2400,0,2411
pos,0.890095659000508,2400,0,2411
pos,0.8906712620009785,2400,0,2411
pos,0.8912781520011777,2400,0,2411
pos,0.8918473220001033,2400,0,2411
pos,0.8924244780009758,2400,0,2411
pos,0.893024556000455,2400,0,2411
pos,0.8935963309995714,2400,0,2411
pos,0.8941984320008487,2400,0,2411
pos,0.8947983400012163,2400,0,2411
pos,0.8953904829995736,2400,0,2411
pos,0.8959741400012717,2400,0,2411
pos,0.8965437509996264,2400,0,2411
pos,0.8971542790004605,2400,0,2411
pos,0.8977253820012265,2400,0,2411
pos,0.8982935610001732,2400,0,2411
pos,0.8988982170012605,2400,0,2411
pos,0.8994710540009692,2400,0,2411
pos,0.9000977619998594,2400,0,2411
pos,0.9006708090000757,2400,0,2411
pos,0.901277700000719,2400,0,2411
pos,0.9018531120000262,2400,0,2411
pos,0.9024180039996281,2400,0,2411
pos,0.9030283510001027,2400,0,2411
pos,0.9035960490000434,2400,0,2411
pos,0.9041680440004711,2400,0,2411
pos,0.9047942910001439,2400,0,2411
pos,0.9053890890008915,2400,0,2411
pos,0.905974690000221,2400,0,2411
pos,0.9065687769998476,2400,0,2411
pos,0.9071496590004244,2400,0,2411
pos,0.9077275449999433,2400,0,2411
pos,0.9083015440010058,2400,0,2411
pos,0.9088990480013308,2400,0,2411
pos,0.9095028020001337,2400,0,2411
pos,0.9100972090000141,2400,0,2411
pos,0.9106988300009107,2400,0,2411
pos,0.9112929969996912,2400,0,2411
pos,0.9118984150009055,2400,0,2411
pos,0.9124995649999619,2400,0,2411
pos,0.9130967870005406,2400,0,2411
pos,0.9136678009999741,2400,0,2411
pos,0.9142771660008293,2400,0,2411
pos,0.9148487610000302,2400,0,2411
pos,0.9154170290003094,2400,0,2411
pos,0.9160502790000464,2400,0,2411
pos,0.9166400280009839,2400,0,2411
pos,0.9172222320012224,2400,0,2411
pos,0.9178204470008495,2400,0,2411
pos,0.91839831300058,2400,0,2411
pos,0.9190227560011408,2400,0,2411
pos,0.9195993610010191,2400,0,2411
pos,0.9201717770010873,2400,0,2411
pos,0.9207985339999141,2400,0,2411
pos,0.9213925710009789,2400,0,2411
pos,0.92197559700071,2400,0,2411
pos,0.9225417720008409,2400,0,2411
pos,0.9231479009995383,2400,0,2411
pos,0.9237195860005158,2400,0,2411
pos,0.9242918620002456,2400,0,2411
pos,0.9249017080001067,2400,0,2411
pos,0.9254693160000897,2400,0,2411
pos,0.9260949710005661,2400,0,2411
pos,0.9266693709996616,2400,0,2411
pos,0.9272754699995858,2400,0,2411
pos,0.9278467240001191,2400,0,2411
pos,0.9284225669998705,2400,0,2411
pos,0.9290414900005999,2400,0,2411
pos,0.9296393940003327,2400,0,2411
pos,0.9302219590008463,2400,0,2411
pos,0.9308182000004308,2400,0,2411
pos,0.9313879710007313,2400,0,2411
pos,0.9319741830004205,2400,0,2411
pos,0.9325474510005733,2400,0,2411
pos,0.9331479299999046,2400,0,2411
pos,0.9337259670010098,2400,0,2411
pos,0.9342914799999562,2400,0,2411
pos,0.9349009150009806,2400,0,2411
pos,0.9354697550006676,2400,0,2411
pos,0.9360997390012926,2400,0,2411
pos,0.9366726059997745,2400,0,2411
pos,0.9372756690008828,2400,0,2411
pos,0.9378440580003371,2400,0,2411
pos,0.9384162340011244,2400,0,2411
pos,0.9390221730009216,2400,0,2411
pos,0.9396014419999119,2400,0,2411
pos,0.9401992050006811,2400,0,2411
pos,0.9407914280000114,2400,0,2411
pos,0.9413892020002095,2400,0,2411
pos,0.941976355999941,2400,0,2411
pos,0.9425411480006005,2400,0,2411
pos,0.9431474680004612,2400,0,2411
pos,0.9437215770012699,2400,0,2411
pos,0.9442913080001745,2400,0,2411
pos,0.9448963049999293,2400,0,2411
pos,0.9454725089999556,2400,0,2411
pos,0.9460990260013205,2400,0,2411
pos,0.9466972999998688,2400,0,2411
pos,0.947291727999982,2400,0,2411
pos,0.9479010530012602,2400,0,2411
pos,0.9484687900003337,2400,0,2411
pos,0.9490997459997743,2400,0,2411
pos,0.9496939930013468,2400,0,2411
pos,0.9502916359997471,2400,0,2411
pos,0.9509014220002427,2400,0,2411
pos,0.9514686090005853,2400,0,2411
pos,0.9521058959999209,2400,0,2411
pos,0.9526675220004108,2400,0,2411
pos,0.9532760460006102,2400,0,2411
pos,0.9538489030001074,2400,0,2411
pos,0.9544168909997097,2400,0,2411
pos,0.9550237820003531,2400,0,2411
pos,0.9555999750009505,2400,0,2411
pos,0.9561662699998124,2400,0,2411
pos,0.9568028260000574,2400,0,2411
pos,0.9573876850008674,2400,0,2411
pos,0.9579686070010212,2400,0,2411
pos,0.9585409130013431,2400,0,2411
pos,0.9591503589999775,2400,0,2411
pos,0.9597240170005534,2400,0,2411
pos,0.9602911540005152,2400,0,2411
pos,0.9608977240004606,2400,0,2411
pos,0.9614781350010162,2400,0,2411
pos,0.962099272001069,2400,0,2411
pos,0.9626661380007135,2400,0,2411
pos,0.9632757939998555,2400,0,2411
pos,0.9638443830008327,2400,0,2411
pos,0.9644164190012816,2400,0,2411
pos,0.9650224170000001,2400,0,2411
pos,0.9655972880009358,2400,0,2411
pos,0.9661704959999042,2400,0,2411
pos,0.9667985659998521,2400,0,2411
pos,0.9673868820009375,2400,0,2411
pos,0.9679701690001821,2400,0,2411
pos,0.9685407220003981,2400,0,2411
pos,0.9691276150006161,2400,0,2411
pos,0.9696919360012544,2400,0,2411
pos,0.9702905510002893,2400,0,2411
pos,0.9709007780002139,2400,0,2411
pos,0.9714985320006235,2400,0,2411
pos,0.9720931890005886,2400,0,2411
pos,0.972698046000005,2400,0,2411
pos,0.973290719999568,2400,0,2411
pos,0.9739013880007406,2400,0,2411
pos,0.9744700570008717,2400,0,2411
pos,0.9750961629997619,2400,0,2411
pos,0.975691943000129,2400,0,2411
pos,0.9762908190004964,2400,0,2411
pos,0.9769018870010768,2400,0,2411
pos,0.9774705370000447,2400,0,2411
pos,0.9781000189996121,2400,0,2411
pos,0.9786663340000814,2400,0,2411
pos,0.9792746670009365,2400,0,2411
pos,0.9798502600006032,2400,0,2411
pos,0.9804151919997821,2400,0,2411
pos,0.9810214610006369,2400,0,2411
pos,0.9815998190006212,2400,0,2411
pos,0.9821659040007944,2400,0,2411
pos,0.9827947249996214,2400,0,2411
pos,0.9833871990012995,2400,0,2411
pos,0.9839683610007341,2400,0,2411
pos,0.984548762000486,2400,0,2411
pos,0.9851475480008958,2400,0,2411
pos,0.9857179500013444,2400,0,2411
pos,0.9862906979997206,2400,0,2411
pos,0.98689977200047,2400,0,2411
pos,0.9874706760001573,2400,0,2411
pos,0.9880926140012889,2400,0,2411
pos,0.9886656020007649,2400,0,2411
pos,0.9892742949996318,2400,0,2411
pos,0.9898445380003977,2400,0,2411
pos,0.9904151509999792,2400,0,2411
pos,0.9910212699996919,2400,0,2411
pos,0.9915964610008814,2400,0,2411
pos,0.9921654709996801,2400,0,2411
pos,0.9927899240010447,2400,0,2411
pos,0.9933865960010735,2400,0,2411
pos,0.9939713450003183,2400,0,2411
pos,0.9945397440005763,2400,0,2411
pos,0.9951508530011779,2400,0,2411
pos,0.9957942609999009,2400,0,2411
pos,0.9963864340006694,2400,0,2411
pos,0.9969680980011617,2400,0,2411
pos,0.997539873000278,2400,0,2411
pos,0.9981508110013237,2400,0,2411
pos,0.9987235179996787,2400,0,2411
pos,0.9992896130006557,2400,0,2411
pos,0.9998954010006855,2400,0,2411
pos,1.0004678269997385,2400,0,2411
pos,1.001099424000131,2400,0,2411
pos,1.001670458001172,2400,0,2411
pos,1.0022739020005247,2400,0,2411
pos,1.002821682001013,2400,0,2411
pos,1.0033949099997699,2400,0,2411
pos,1.0040243830007967,2400,0,2411
pos,1.0045932619996165,2400,0,2411
pos,1.005196086000069,2400,0,2411
pos,1.0057966540007328,2400,0,2411
pos,1.0063861420003377,2400,0,2411
pos,1.006972154000323,2400,0,2411
pos,1.007545091000793,2400,0,2411
pos,1.008145019000949,2400,0,2411
pos,1.0086975480007823,2400,0,2411
pos,1.0093173229997774,2400,0,2411
pos,1.0099194240010547,2400,0,2411
pos,1.0105235200007883,2400,0,2411
pos,1.011093602000983,2400,0,2411
pos,1.0116650159998244,2400,0,2411
pos,1.0122734300002776,2400,0,2411
pos,1.0128478099995846,2400,0,2411
pos,1.013414515000477,2400,0,2411
pos,1.0140196120009932,2400,0,2411
pos,1.014593801999581,2400,0,2411
pos,1.015168261999861,2400,0,2411
pos,1.015793267000845,2400,0,2411
pos,1.0163948270001129,2400,0,2411
pos,1.0170396480007184,2400,0,2411
pos,1.0176367910007684,2400,0,2411
pos,1.0182222910007113,2400,0,2411
pos,1.0188189930013323,2400,0,2411
pos,1.0193858590009768,2400,0,2411
pos,1.019972702000814,2400,0,2411
pos,1.0205475130005652,2400,0,2411
pos,1.0211450059996423,2400,0,2411
pos,1.0217170619998797,2400,0,2411
pos,1.0222895380011323,2400,0,2411
pos,1.0228938740001468,2400,0,2411
pos,1.0234728420000465,2400,0,2411
pos,1.024096114000713,2400,0,2411
pos,1.0246978340001078,2400,0,2411
pos,1.0253488369999104,2400,0,2411
pos,1.0259440560002986,2400,0,2411
pos,1.0265234150010656,2400,0,2411
pos,1.0270924249998643,2400,0,2411
pos,1.0276659940009267,2400,0,2411
pos,1.028242708000107,2400,0,2411
pos,1.0287891660009336,2400,0,2411
pos,1.0293993129998853,2400,0,2411
pos,1.0300193580005725,2400,0,2411
pos,1.0305980459997954,2400,0,2411
pos,1.0311946470010298,2400,0,2411
pos,1.0317886940010794,2400,0,2411
pos,1.0323862269997335,2400,0,2411
pos,1.032969714000501,2400,0,2411
pos,1.033539154999744,2400,0,2411
pos,1.0341437610004505,2400,0,2411
pos,1.0347202150005614,2400,0,2411
pos,1.0352921600006084,2400,0,2411
pos,1.035900273000152,2400,0,2411
pos,1.0364672289997543,2400,0,2411
pos,1.0370662650002487,2400,0,2411
pos,1.0376633380001294,2400,0,2411
pos,1.0382725319996098,2400,0,2411
pos,1.0388678809995326,2400,0,2411
pos,1.0394680789995618,2400,0,2411
pos,1.040098494000631,2400,0,2411
pos,1.040689454999665,2400,0,2411
pos,1.0413439740004833,2400,0,2411
pos,1.0419134050007415,2400,0,2411
pos,1.0425220489996718,2400,0,2411
pos,1.0431175180001446,2400,0,2411
pos,1.0436680130005698,2400,0,2411
pos,1.0442727099998592,2400,0,2411
pos,1.04486662599993,2400,0,2411
pos,1.0454131940005027,2400,0,2411
pos,1.0460233810008503,2400,0,2411
pos,1.0465963180013205,2400,0,2411
pos,1.0471654789998865,2400,0,2411
pos,1.0477929370008496,2400,0,2411
pos,1.0483935760003078,2400,0,2411
pos,1.0490184299997054,2400,0,2411
pos,1.049590435999562,2400,0,2411
pos,1.050163223000709,2400,0,2411
pos,1.0507876860010583,2400,0,2411
pos,1.0513842580003256,2400,0,2411
pos,1.0519804680006928,2400,0,2411
pos,1.0525696360000438,2400,0,2411
pos,1.0531468810004299,2400,0,2411
pos,1.0537194179996732,2400,0,2411
pos,1.0542893790006929,2400,0,2411
pos,1.054893765000088,2400,0,2411
pos,1.0554660110010445,2400,0,2411
pos,1.056095173000358,2400,0,2411
pos,1.0566632019999815,2400,0,2411
pos,1.0572741200012388,2400,0,2411
pos,1.0578882740010158,2400,0,2411
pos,1.0584710290004296,2400,0,2411
pos,1.059097016001033,2400,0,2411
pos,1.0596644730012486,2400,0,2411
pos,1.0602697000012995,2400,0,2411
pos,1.060845171999972,2400,0,2411
pos,1.0614136210006109,2400,0,2411
pos,1.0620206620005774,2400,0,2411
pos,1.0625969150005403,2400,0,2411
pos,1.0631952800013096,2400,0,2411
pos,1.0637957689996256,2400,0,2411
pos,1.064385106001282,2400,0,2411
pos,1.0649739740001678,2400,0,2411
pos,1.0656032360002428,2400,0,2411
pos,1.0661911509996571,2400,0,2411
pos,1.0667970300000889,2400,0,2411
pos,1.0673848450005607,2400,0,2411
pos,1.0679693230013072,2400,0,2411
pos,1.0685385440010577,2400,0,2411
pos,1.0691477689997555,2400,0,2411
pos,1.0697222190010507,2400,0,2411
pos,1.070288253000399,2400,0,2411
pos,1.070897868999964,2400,0,2411
pos,1.0714667880001798,2400,0,2411
pos,1.0720929850012908,2400,0,2411
pos,1.0726706410005136,2400,0,2411
pos,1.073272061001262,2400,0,2411
pos,1.0738701459995355,2400,0,2411
pos,1.074414169001102,2400,0,2411
pos,1.0750191460010683,2400,0,2411
pos,1.0755911020005442,2400,0,2411
pos,1.0761699200011208,2400,0,2411
pos,1.0767992319997575,2400,0,2411
pos,1.0773919960010971,2400,0,2411
pos,1.077973560000828,2400,0,2411
pos,1.0785396940009377,2400,0,2411
pos,1.0791510630006087,2400,0,2411
pos,1.0797164970008453,2400,0,2411
pos,1.0802891130006174,2400,0,2411
pos,1.0808935490003933,2400,0,2411
pos,1.0814662960001442,2400,0,2411
pos,1.082090910000261,2400,0,2411
pos,1.082663326000329,2400,0,2411
pos,1.0832724610008881,2400,0,2411
pos,1.0838409000007232,2400,0,2411
pos,1.084413255999607,2400,0,2411
pos,1.0850183130005462,2400,0,2411
pos,1.0855943460010167,2400,0,2411
pos,1.0861957670003903,2400,0,2411
pos,1.086787419000757,2400,0,2411
pos,1.0873854530000244,2400,0,2411
pos,1.0879693509996287,2400,0,2411
pos,1.0885671340001863,2400,0,2411
pos,1.0891438480011857,2400,0,2411
pos,1.0897184389996255,2400,0,2411
pos,1.090291086000434,2400,0,2411
pos,1.0908949710010347,2400,0,2411
pos,1.0914678080007434,2400,0,2411
pos,1.0920924720012408,2400,0,2411
pos,1.0926896840010158,2400,0,2411
pos,1.09328836900022,2400,0,2411
pos,1.0938985160009906,2400,0,2411
pos,1.0944917110009555,2400,0,2411
pos,1.0950904159999482,2400,0,2411
pos,1.0956896930001676,2400,0,2411
pos,1.0962882180010638,2400,0,2411
pos,1.0968978430009884,2400,0,2411
pos,1.0974676340010774,2400,0,2411
pos,1.0980929890010884,2400,0,2411
pos,1.0986626810008602,2400,0,2411
pos,1.0992717850003828,2400,0,2411
pos,1.0998421980002604,2400,0,2411
pos,1.1004440990000148,2400,0,2411
pos,1.1010901730005571,2400,0,2411
pos,1.1016646429998218,2400,0,2411
pos,1.1022733070003596,2400,0,2411
pos,1.1028436190008506,2400,0,2411
pos,1.103412448999734,2400,0,2411
pos,1.1040174959998694,2400,0,2411
pos,1.104591175000678,2400,0,2411
pos,1.105168269999922,2400,0,2411
pos,1.1057907190006517,2400,0,2411
pos,1.1063836140001513,2400,0,2411
pos,1.1069646760006435,2400,0,2411
pos,1.1075442260007549,2400,0,2411
pos,1.1081461670000863,2400,0,2411
pos,1.108717331000662,2400,0,2411
pos,1.1092877139999473,2400,0,2411
pos,1.10989383299966,2400,0,2411
pos,1.1104650070010393,2400,0,2411
pos,1.1110966039996129,2400,0,2411
pos,1.1116621170003782,2400,0,2411
pos,1.1122711010011699,2400,0,2411
pos,1.112841653999567,2400,0,2411
pos,1.1134143010003754,2400,0,2411
pos,1.11401838600068,2400,0,2411
pos,1.1146169109997572,2400,0,2411
pos,1.115162047000922,2400,0,2411
pos,1.1157872920011869,2400,0,2411
pos,1.116383501999735,2400,0,2411
pos,1.116971827999805,2400,0,2411
pos,1.1175697620001301,2400,0,2411
pos,1.1181682469996304,2400,0,2411
pos,1.1187949140003184,2400,0,2411
pos,1.1193834109999443,2400,0,2411
pos,1.1199682599999505,2400,0,2411
pos,1.1205367090005893,2400,0,2411
pos,1.1211498709999432,2400,0,2411
pos,1.1217191320010897,2400,0,2411
pos,1.1222877310010517,2400,0,2411
pos,1.1228943109999818,2400,0,2411
pos,1.123491874001047,2400,0,2411
pos,1.1240901290002512,2400,0,2411
pos,1.1246703790002357,2400,0,2411
pos,1.1252713490011956,2400,0,2411
pos,1.1258407100012846,2400,0,2411
pos,1.12641164300112,2400,0,2411
pos,1.127022491000389,2400,0,2411
pos,1.1275894469999912,2400,0,2411
pos,1.1281473470007768,2400,0,2411
pos,1.1287222680002742,2400,0,2411
pos,1.1292875100007222,2400,0,2411
pos,1.129898017999949,2400,0,2411
pos,1.130498376000105,2400,0,2411
pos,1.1310938450005779,2400,0,2411
pos,1.1316658209998423,2400,0,2411
pos,1.132270337000591,2400,0,2411
pos,1.1328411900012725,2400,0,2411
pos,1.1334113829998387,2400,0,2411
pos,1.1340166900008626,2400,0,2411
pos,1.134589417000825,2400,0,2411
pos,1.1351625150000473,2400,0,2411
pos,1.1357863370012637,2400,0,2411
pos,1.1363839900004677,2400,0,2411
pos,1.1369679780000297,2400,0,2411
pos,1.137562997000714,2400,0,2411
pos,1.1381490889998531,2400,0,2411
pos,1.138718008000069,2400,0,2411
pos,1.1392860160012788,2400,0,2411
pos,1.1398964540003362,2400,0,2411
pos,1.1404679879997275,2400,0,2411
pos,1.1410948860011558,2400,0,2411
pos,1.1416611510012444,2400,0,2411
pos,1.1422703560001537,2400,0,2411
pos,1.142839025000285,2400,0,2411
pos,1.1434111510006915,2400,0,2411
pos,1.144036125000639,2400,0,2411
pos,1.1446335279997584,2400,0,2411
pos,1.1452180970009067,2400,0,2411
pos,1.1458121739997296,2400,0,2411
pos,1.1463876760008134,2400,0,2411
pos,1.1469662840008823,2400,0,2411
pos,1.147535815000083,2400,0,2411
pos,1.148143747001086,2400,0,2411
pos,1.1487138490010693,2400,0,2411
pos,1.1492858649999107,2400,0,2411
pos,1.1498915030006174,2400,0,2411
pos,1.1504649110011087,2400,0,2411
pos,1.151089294000485,2400,0,2411
pos,1.151667420999729,2400,0,2411
pos,1.1522787600006268,2400,0,2411
pos,1.1528678570011834,2400,0,2411
pos,1.1534125020007195,2400,0,2411
pos,1.1540222780004115,2400,0,2411
pos,1.1545909970009234,2400,0,2411
pos,1.1551618710000184,2400,0,2411
pos,1.1557865750000929,2400,0,2411
pos,1.1563936849997845,2400,0,2411
pos,1.1570229580011073,2400,0,2411
pos,1.1575936310000543,2400,0,2411
pos,1.158167941001011,2400,0,2411
pos,1.1593218300004082,2400,0,2411
pos,1.159920735999549,2400,0,2411
pos,1.160521816000255,2400,0,2411
pos,1.1611223550007708,2400,0,2411
pos,1.1617173630002071,2400,0,2411
pos,1.1623433090007893,2400,0,2411
pos,1.1629187810012809,2400,0,2411
pos,1.1635221449996607,2400,0,2411
pos,1.1641148290000274,2400,0,2411
pos,1.1647150170010718,2400,0,2411
pos,1.165287083000294,2400,0,2411
pos,1.1658939530007046,2400,0,2411
pos,1.1664662690000114,2400,0,2411
pos,1.1670882880007412,2400,0,2411
pos,1.1676605040011054,2400,0,2411
pos,1.1682705510011147,2400,0,2411
pos,1.1688444200008234,2400,0,2411
pos,1.169414031000997,2400,0,2411
pos,1.1700157420000323,2400,0,2411
pos,1.170594870000059,2400,0,2411
pos,1.1711948880001728,2400,0,2411
pos,1.1717899169998418,2400,0,2411
pos,1.1723853559997224,2400,0,2411
pos,1.172964014000172,2400,0,2411
pos,1.173564142000032,2400,0,2411
pos,1.174142189000122,2400,0,2411
pos,1.1747189630004868,2400,0,2411
pos,1.1752864700010832,2400,0,2411
pos,1.1758656689999043,2400,0,2411
pos,1.1764101530006883,2400,0,2411
pos,1.1770159620009508,2400,0,2411
pos,1.1775927560011041,2400,0,2411
pos,1.1781686390004324,2400,0,2411
pos,1.1787898060010775,2400,0,2411
pos,1.179386608000641,2400,0,2411
pos,1.179971187000774,2400,0,2411
pos,1.1805357590001222,2400,0,2411
pos,1.1811472680001316,2400,0,2411
pos,1.1817174900006648,2400,0,2411
pos,1.182286170000225,2400,0,2411
pos,1.1828920179996203,2400,0,2411
pos,1.1834950020001997,2400,0,2411
pos,1.1840941080008633,2400,0,2411
pos,1.1846650410006987,2400,0,2411
pos,1.1852689560000726,2400,0,2411
pos,1.1858674909999536,2400,0,2411
pos,1.1864367620000849,2400,0,2411
pos,1.1870889570000145,2400,0,2411
pos,1.1876863699999376,2400,0,2411
pos,1.1882858259996283,2400,0,2411
pos,1.1888929970009485,2400,0,2411
pos,1.1894713649999176,2400,0,2411
pos,1.190093915000034,2400,0,2411
pos,1.190665149000779,2400,0,2411
pos,1.191269094000745,2400,0,2411
pos,1.1918384740001784,2400,0,2411
pos,1.192409848999887,2400,0,2411
pos,1.1930155669997475,2400,0,2411
pos,1.1935884040012752,2400,0,2411
pos,1.1941660499996942,2400,0,2411
pos,1.1947857350005506,2400,0,2411
pos,1.195382456000516,2400,0,2411
pos,1.195967797000776,2400,0,2411
pos,1.1965612920012063,2400,0,2411
pos,1.197142545001043,2400,0,2411
pos,1.1977206620013021,2400,0,2411
pos,1.1982857750008407,2400,0,2411
pos,1.19889472900104,2400,0,2411
pos,1.1994709030004742,2400,0,2411
neg,1.900007191579789e-07,2400,0,1729
neg,0.0006032239998603472,2400,0,1729
neg,0.0011777340005210135,2400,0,1729
neg,0.0017459419996157521,2400,0,1729
neg,0.002350699000089662,2400,0,1729
neg,0.002922354000475025,2400,0,1729
neg,0.0035469379999995,2400,0,1729
neg,0.004147947000092245,2400,0,1729
neg,0.004803587999049341,2400,0,1729
neg,0.0053692919991590315,2400,0,1729
neg,0.0059796189998451155,2400,0,1729
neg,0.006575188999704551,2400,0,1729
neg,0.0071261449993471615,2400,0,1729
neg,0.007728688000497641,2400,0,1729
neg,0.008296464999148156,2400,0,1729
neg,0.008869182000125875,2400,0,1729
neg,0.009475741999267484,2400,0,1729
neg,0.010048008000012487,2400,0,1729
neg,0.01061906199902296,2400,0,1729
neg,0.011245890000282088,2400,0,1729
neg,0.01185449299919128,2400,0,1729
neg,0.01247411800068221,2400,0,1729
neg,0.013049639999735518,2400,0,1729
neg,0.013619191000543651,2400,0,1729
neg,0.014247871999032213,2400,0,1729
neg,0.014854322000246611,2400,0,1729
neg,0.015478564999284572,2400,0,1729
neg,0.016046021999500226,2400,0,1729
neg,0.0166251110003941,2400,0,1729
neg,0.017249303999051335,2400,0,1729
neg,0.017841146000137087,2400,0,1729
neg,0.018428028999551316,2400,0,1729
neg,0.019001147000381025,2400,0,1729
neg,0.019603869999627932,2400,0,1729
neg,0.02017435299967474,2400,0,1729
neg,0.020770032000655192,2400,0,1729
neg,0.02134875999945507,2400,0,1729
neg,0.02195061199927295,2400,0,1729
neg,0.022550219000549987,2400,0,1729
neg,0.023119289000533172,2400,0,1729
neg,0.023728623998977127,2400,0,1729
neg,0.02429907700025069,2400,0,1729
neg,0.024870340999768814,2400,0,1729
neg,0.025474625999777345,2400,0,1729
neg,0.026050249000036274,2400,0,1729
neg,0.026624989999618265,2400,0,1729
neg,0.02724809999926947,2400,0,1729
neg,0.027840643999297754,2400,0,1729
neg,0.02842559400050959,2400,0,1729
neg,0.028993071000513737,2400,0,1729
neg,0.02959885000018403,2400,0,1729
neg,0.030170644999088836,2400,0,1729
neg,0.030744302999664797,2400,0,1729
neg,0.031354270000520046,2400,0,1729
neg,0.03194894800071779,2400,0,1729
neg,0.032550948999414686,2400,0,1729
neg,0.03312512899901776,2400,0,1729
neg,0.03372822200071823,2400,0,1729
neg,0.03429612999934761,2400,0,1729
neg,0.034868996999648516,2400,0,1729
neg,0.035474334999889834,2400,0,1729
neg,0.036050087999683456,2400,0,1729
neg,0.03661825599920121,2400,0,1729
neg,0.037246756999593345,2400,0,1729
neg,0.0378415249997488,2400,0,1729
neg,0.03842964099931123,2400,0,1729
neg,0.03899494399956893,2400,0,1729
neg,0.03959868799938704,2400,0,1729
neg,0.04017575299985765,2400,0,1729
neg,0.040744001998973545,2400,0,1729
neg,0.04135210499953246,2400,0,1729
neg,0.04192444100044668,2400,0,1729
neg,0.04255264099992928,2399,-50,1729
neg,0.04312687099991308,2399,-50,1729
neg,0.043726869000238366,2399,-50,1729
neg,0.04432170700056304,2399,-50,1729
neg,0.04486795400043775,2399,-50,1729
neg,0.045477990999643225,2399,-50,1729
neg,0.046045998999034055,2399,-50,1729
neg,0.046624275999420206,2399,-50,1729
neg,0.04724276799970539,2398,-50,1729
neg,0.047840311999607366,2398,-50,1729
neg,0.048420482000437914,2398,-50,1729
neg,0.049018907000572653,2398,-50,1729
neg,0.04960237399973266,2398,-50,1729
neg,0.05017671399946266,2398,-50,1729
neg,0.05074275900005887,2398,-50,1729
neg,0.05135324599905289,2398,-50,1729
neg,0.05194649099939852,2398,-50,1729
neg,0.05255122800008394,2397,-50,1729
neg,0.05312187100025767,2397,-50,1729
neg,0.05372732800060476,2397,-50,1729
neg,0.05429792199902295,2397,-50,1729
neg,0.05486906599981012,2397,-50,1729
neg,0.05547445299998799,2397,-50,1729
neg,0.05605304100026842,2397,-50,1729
neg,0.05661773300016648,2396,-50,1729
neg,0.05724528199971246,2396,-50,1729
neg,0.05783925899959286,2396,-50,1729
neg,0.05842014100016968,2396,-50,1729
neg,0.05900030200064066,2396,-50,1729
neg,0.05959832599910442,2396,-50,1729
neg,0.06017032099953212,2395,-50,1729
neg,0.06074821800029895,2395,-50,1729
neg,0.06134816499979934,2395,-50,1729
neg,0.06192250499952934,2395,-200,1729
neg,0.06254680799975176,2395,-200,1729
neg,0.06311831299899495,2394,-200,1729
neg,0.06372632599959616,2394,-200,1729
neg,0.06429869199928362,2394,-200,1729
neg,0.0648985999996512,2394,-200,1729
neg,0.06555002300046908,2393,-200,1729
neg,0.06612536499960697,2393,-200,1729
neg,0.06672927999898093,2393,-200,1729
neg,0.06730564399913419,2393,-200,1729
neg,0.06786844199996267,2393,-200,1729
neg,0.068473740000627,2392,-200,1729
neg,0.06907454899919685,2391,-200,1729
neg,0.06967161099964869,2391,-200,1729
neg,0.07024262499908218,2391,-200,1729
neg,0.07084076899991487,2391,-200,1729
neg,0.07142582899905392,2391,-200,1729
neg,0.07199943799969333,2390,-200,1729
neg,0.07259760200031451,2390,-200,1729
neg,0.07317906500065874,2390,-200,1729
neg,0.07374323600015487,2390,-200,1729
neg,0.07434789299986733,2390,-200,1729
neg,0.07491981800012582,2390,-200,1729
neg,0.07555298800070887,2389,-200,1729
neg,0.0761445600001025,2389,-200,1729
neg,0.07679736600039178,2389,-200,1729
neg,0.07736830899921188,2389,-200,1729
neg,0.07797734399900946,2388,-200,1729
neg,0.07857363499897474,2388,-200,1729
neg,0.07911811899975874,2388,-200,1729
neg,0.07972705400061386,2388,-200,1729
neg,0.08030263599903265,2387,-200,1729
neg,0.08087168599922734,2387,-200,1729
neg,0.0814784359990881,2387,-200,1729
neg,0.08204702500006533,2386,-450,1729
neg,0.08265102099903743,2386,-450,1729
neg,0.08324321399959445,2386,-450,1729
neg,0.08383841199974995,2386,-450,1729
neg,0.08442090800053847,2385,-450,1729
neg,0.08500078799988842,2384,-450,1729
neg,0.08559774000059406,2384,-450,1729
neg,0.08617067699924519,2383,-450,1729
neg,0.08674225200047658,2383,-450,1729
neg,0.0873519180004223,2383,-450,1729
neg,0.08792399400044815,2382,-450,1729
neg,0.08854581199921085,2382,-450,1729
neg,0.08911657499993453,2381,-450,1729
neg,0.08972641099899192,2381,-450,1729
neg,0.09030017999975826,2381,-450,1729
neg,0.09086649500022759,2380,-450,1729
neg,0.09147324600053253,2380,-450,1729
neg,0.09204782599954342,2379,-450,1729
neg,0.09262023299925204,2379,-450,1729
neg,0.0932464590005111,2378,-450,1729
neg,0.09383892299956642,2377,-450,1729
neg,0.09442718900027103,2377,-450,1729
neg,0.09499944500021229,2376,-450,1729
neg,0.09559665699998732,2376,-450,1729
neg,0.09617374200024642,2375,-450,1729
neg,0.09674201099915081,2375,-450,1729
neg,0.09734751900032279,2374,-450,1729
neg,0.0979246040005819,2373,-450,1729
neg,0.09854721400006383,2373,-450,1729
neg,0.0991176160005125,2372,-450,1729
neg,0.09972718199969677,2372,-450,1729
neg,0.10032514600061404,2372,-450,1729
neg,0.10086710500036133,2371,-450,1729
neg,0.10147155199956615,2371,-850,1729
neg,0.10204627200073446,2369,-850,1729
neg,0.10261658399940643,2369,-850,1729
neg,0.10324247000062314,2368,-850,1729
neg,0.10383729900058825,2367,-850,1729
neg,0.1044230699990294,2367,-850,1729
neg,0.10501925000062329,2366,-850,1729
neg,0.10559617500075547,2366,-850,1729
neg,0.10617154700048559,2365,-850,1729
neg,0.10679585000070801,2364,-850,1729
neg,0.10737399699974048,2364,-850,1729
neg,0.10797494699909294,2363,-850,1729
neg,0.10854499900051451,2363,-850,1729
neg,0.10912416800056235,2362,-850,1729
neg,0.10972563799987256,2361,-850,1729
neg,0.1102978439994331,2361,-850,1729
neg,0.11086688400064304,2359,-850,1729
neg,0.11147245199936151,2359,-850,1729
neg,0.11204606100000092,2358,-850,1729
neg,0.11264251200009312,2357,-850,1729
neg,0.11324511500060908,2357,-850,1729
neg,0.11384107499907259,2356,-850,1729
neg,0.11442038399945886,2356,-850,1729
neg,0.11499958300009894,2354,-850,1729
neg,0.11560046200065699,2353,-850,1729
neg,0.11617180699977325,2353,-850,1729
neg,0.11674064599901612,2352,-850,1729
neg,0.11734934999913094,2352,-850,1729
neg,0.11792318900006649,2350,-850,1729
neg,0.1185449869990407,2349,-850,1729
neg,0.11911600100029318,2349,-850,1729
neg,0.11972551699909673,2348,-850,1729
neg,0.12030028799927095,2348,-850,1729
neg,0.12089290199946845,2347,-850,1729
neg,0.1215451669995673,2345,-1200,1729
neg,0.12211847499929718,2345,-1200,1729
neg,0.12272531499911565,2344,-1200,1729
neg,0.12329703999967023,2344,-1200,1729
neg,0.12386652100030915,2342,-1200,1729
neg,0.12447258999964106,2342,-1200,1729
neg,0.12504735099901154,2341,-1200,1729
neg,0.1256160600005387,2340,-1200,1729
neg,0.1262418959995557,2340,-1200,1729
neg,0.12685136199979752,2338,-1200,1729
neg,0.12741784699937853,2338,-1200,1729
neg,0.1280169029996614,2337,-1200,1729
neg,0.12860207300036564,2335,-1200,1729
neg,0.12917183399986243,2335,-1200,1729
neg,0.12974032400052238,2334,-1200,1729
neg,0.13034818599953724,2334,-1200,1729
neg,0.13091881900072622,2332,-1200,1729
neg,0.13154747000044154,2331,-1200,1729
neg,0.1321153980006784,2331,-1200,1729
neg,0.1327242120005394,2330,-1200,1729
neg,0.13329586699910578,2330,-1200,1729
neg,0.13386527799957548,2328,-1200,1729
neg,0.13447635599914065,2326,-1200,1729
neg,0.1350464480001392,2326,-1200,1729
neg,0.13561837399902288,2325,-1200,1729
neg,0.13624110399905476,2325,-1200,1729
neg,0.13683858699914708,2323,-1200,1729
neg,0.1374212320006336,2321,-1200,1729
neg,0.13799117400049,2321,-1200,1729
neg,0.1386000780003087,2320,-1200,1729
neg,0.13917626200054656,2320,-1200,1729
neg,0.13974145400061389,2318,-1200,1729
neg,0.14029474500057404,2318,-1200,1729
neg,0.14089574500030722,2316,-1200,1729
neg,0.14154739900004643,2315,-1500,1729
neg,0.1421215280006436,2315,-1500,1729
neg,0.14272397099921363,2313,-1500,1729
neg,0.14329245000044466,2313,-1500,1729
neg,0.14383651299976918,2311,-1500,1729
neg,0.14442227399922558,2309,-1500,1729
neg,0.14501763400039636,2309,-1500,1729
neg,0.14559630199983076,2307,-1500,1729
neg,0.14616758599913737,2307,-1500,1729
neg,0.14673997200043232,2306,-1500,1729
neg,0.14734702299938363,2304,-1500,1729
neg,0.14791804699962086,2304,-1500,1729
neg,0.14854240999920876,2302,-1500,1729
neg,0.14912126799936232,2302,-1500,1729
neg,0.14972410100017441,2300,-1500,1729
neg,0.15032234600039374,2299,-1500,1729
neg,0.1508645659996546,2299,-1500,1729
neg,0.15147207699919818,2297,-1500,1729
neg,0.15204492500015476,2297,-1500,1729
neg,0.1526468259999092,2295,-1500,1729
neg,0.15324114299983194,2293,-1500,1729
neg,0.1538517099997989,2293,-1500,1729
neg,0.15451033799945435,2292,-1500,1729
neg,0.15508891500030586,2292,-1500,1729
neg,0.15567374499914877,2290,-1500,1729
neg,0.15627134799979103,2288,-1500,1729
neg,0.1568375129991182,2288,-1500,1729
neg,0.1574281230004999,2286,-1500,1729
neg,0.15798937900035526,2286,-1500,1729
neg,0.15859781200015277,2284,-1500,1729
neg,0.1591682349990151,2282,-1500,1729
neg,0.15973970899904089,2282,-1500,1729
neg,0.16034478599976865,2281,-1500,1729
neg,0.16092376499909733,2281,-1800,1729
neg,0.16154728699984844,2279,-1800,1729
neg,0.16214406899962341,2277,-1800,1729
neg,0.16273985899897525,2277,-1800,1729
neg,0.16334629800076073,2275,-1800,1729
neg,0.16391756200027885,2275,-1800,1729
neg,0.1645480070001213,2273,-1800,1729
neg,0.16512163500010502,2271,-1800,1729
neg,0.16572345600070548,2271,-1800,1729
neg,0.16629199599992717,2269,-1800,1729
neg,0.16686465199927625,2269,-1800,1729
neg,0.16791982799986727,2267,-1800,1729
neg,0.16854985200006922,2265,-1800,1729
neg,0.1691243419991224,2263,-1800,1729
neg,0.16972629399970174,2263,-1800,1729
neg,0.17029489299966372,2261,-1800,1729
neg,0.17086490499968932,2261,-1800,1729
neg,0.1714740690003964,2259,-1800,1729
neg,0.17205004199968243,2257,-1800,1729
neg,0.17261563600004592,2257,-1800,1729
neg,0.17324423699938052,2255,-1800,1729
neg,0.17383683099978953,2255,-1800,1729
neg,0.17442396499973256,2254,-1800,1729
neg,0.17498899699967296,2254,-1800,1729
neg,0.17559987499953422,2252,-1800,1729
neg,0.17617221199907362,2250,-1800,1729
neg,0.1767659380002442,2250,-1800,1729
neg,0.17734606799967878,2247,-1800,1729
neg,0.17791837400000077,2247,-1800,1729
neg,0.17854198600070958,2245,-1800,1729
neg,0.17911531400022795,2243,-1800,1729
neg,0.17972609199932776,2243,-1800,1729
neg,0.18029316799947992,2241,-1800,1729
neg,0.18087262799963355,2241,-2000,1729
neg,0.1814696700002969,2239,-2000,1729
neg,0.18204805799905444,2237,-2000,1729
neg,0.18264441899918893,2237,-2000,1729
neg,0.1832426929995563,2235,-2000,1729
neg,0.18383817299945804,2235,-2000,1729
neg,0.18442286199933733,2233,-2000,1729
neg,0.18499105999944732,2231,-2000,1729
neg,0.18559474500034412,2231,-2000,1729
neg,0.1861666700006026,2229,-2000,1729
neg,0.18674385499980417,2229,-2000,1729
neg,0.18735031500000332,2226,-2000,1729
neg,0.1879169109997747,2224,-2000,1729
neg,0.1885454919993208,2224,-2000,1729
neg,0.18911724700046761,2222,-2000,1729
neg,0.1897233559993765,2222,-2000,1729
neg,0.19029474099988875,2220,-2000,1729
neg,0.1908649430006335,2218,-2000,1729
neg,0.19148864499948104,2218,-2000,1729
neg,0.19208782100031385,2215,-2000,1729
neg,0.19267438399947423,2215,-2000,1729
neg,0.19326538399946003,2213,-2000,1729
neg,0.19384640699900046,2211,-2000,1729
neg,0.1944691270000476,2211,-2000,1729
neg,0.19504345699897385,2209,-2000,1729
neg,0.1956207919993176,2209,-2000,1729
neg,0.19623826299903158,2207,-2000,1729
neg,0.19683569600056217,2204,-2000,1729
neg,0.19741824099946825,2204,-2000,1729
neg,0.1979923399994732,2202,-2000,1729
neg,0.19859497300058138,2202,-2000,1729
neg,0.1991666379999515,2200,-2000,1729
neg,0.19973925500016776,2200,-2000,1729
neg,0.200346064999394,2198,-2000,1729
neg,0.20091814099941985,2196,-2150,1729
neg,0.20154541900046752,2196,-2150,1729
neg,0.20211358800042944,2194,-2150,1729
neg,0.20272219099933864,2194,-2150,1729
neg,0.2032950590000837,2191,-2150,1729
neg,0.2038639090005745,2189,-2150,1729
neg,0.20447075899937772,2189,-2150,1729
neg,0.20504185299978417,2187,-2150,1729
neg,0.20562205399983213,2187,-2150,1729
neg,0.20624464399952558,2185,-2150,1729
neg,0.2068391110005905,2183,-2150,1729
neg,0.2074198329992214,2183,-2150,1729
neg,0.20801516199935577,2181,-2150,1729
neg,0.20859808800014434,2181,-2150,1729
neg,0.20917104500040296,2179,-2150,1729
neg,0.20973978400070337,2177,-2150,1729
neg,0.21034321899969655,2177,-2150,1729
neg,0.21092197699908866,2174,-2150,1729
neg,0.21154549899983977,2174,-2150,1729
neg,0.21211382699948444,2172,-2150,1729
neg,0.21272398399923986,2170,-2150,1729
neg,0.2132937149999634,2170,-2150,1729
neg,0.2138637469997775,2168,-2150,1729
neg,0.21446918499896128,2168,-2150,1729
neg,0.2150416820004466,2166,-2150,1729
neg,0.2156175340005575,2166,-2150,1729
neg,0.21624260899989167,2164,-2150,1729
neg,0.21683443099936994,2161,-2150,1729
neg,0.21741929100062407,2161,-2150,1729
neg,0.21798996399957105,2159,-2150,1729
neg,0.21857181799896352,2159,-2150,1729
neg,0.21911892699972668,2157,-2150,1729
neg,0.21972586800075078,2155,-2150,1729
neg,0.2202970220005227,2155,-2150,1729
neg,0.22089008699913393,2153,-2150,1729
neg,0.22154457599935995,2153,-2150,1729
neg,0.22211906600023212,2150,-2150,1729
neg,0.2227224500002194,2148,-2150,1729
neg,0.22329387500030862,2148,-2150,1729
neg,0.2238631449999957,2146,-2150,1729
neg,0.2244920169996476,2146,-2150,1729
neg,0.22508576300060668,2144,-2150,1729
neg,0.22567254599925946,2142,-2150,1729
neg,0.226266752999436,2142,-2150,1729
neg,0.22683468099967286,2140,-2150,1729
neg,0.22741682500054594,2140,-2150,1729
neg,0.22799541299900739,2138,-2150,1729
neg,0.22859304600024188,2135,-2150,1729
neg,0.2291699809993588,2135,-2150,1729
neg,0.229737739000484,2133,-2150,1729
neg,0.2303470639999432,2133,-2150,1729
neg,0.2309156930004974,2131,-2150,1729
neg,0.23154827200050931,2129,-2150,1729
neg,0.2321188149999216,2129,-2150,1729
neg,0.23272217900012038,2127,-2150,1729
neg,0.2332908980006323,2127,-2150,1729
neg,0.2338635449996218,2124,-2150,1729
neg,0.23447515400039265,2122,-2150,1729
neg,0.23504411400062963,2122,-2150,1729
neg,0.23561214199980896,2120,-2150,1729
neg,0.23624054299943964,2120,-2150,1729
neg,0.2368344389997219,2117,-2150,1729
neg,0.23741969999900903,2117,-2150,1729
neg,0.23801627099965117,2115,-2150,1729
neg,0.23859330599952955,2113,-2150,1729
neg,0.23916926899983082,2113,-2150,1729
neg,0.23973767799907364,2111,-2150,1729
neg,0.24034319599923037,2111,-2250,1729
neg,0.24091892800061032,2108,-2250,1729
neg,0.24153955499969015,2106,-2250,1729
neg,0.24211926499992842,2106,-2250,1729
neg,0.24272291899978882,2104,-2250,1729
neg,0.2432925699995394,2104,-2250,1729
neg,0.24386288300047454,2102,-2250,1729
neg,0.24446714800069458,2099,-2250,1729
neg,0.2450421899993671,2099,-2250,1729
neg,0.24561844299933,2097,-2250,1729
neg,0.24623715599955176,2097,-2250,1729
neg,0.24685073900036514,2095,-2250,1729
neg,0.24747236700022768,2093,-2250,1729
neg,0.2480395429993223,2093,-2250,1729
neg,0.24864064299981692,2091,-2250,1729
neg,0.24923694400058594,2091,-2250,1729
neg,0.2498332550003397,2088,-2250,1729
neg,0.25041942700045183,2086,-2250,1729
neg,0.25098663400058285,2086,-2250,1729
neg,0.25159323300067626,2084,-2250,1729
neg,0.25216491799983487,2084,-2250,1729
neg,0.2527932190005231,2081,-2250,1729
neg,0.2533639020002738,2079,-2250,1729
neg,0.25397341799907736,2079,-2250,1729
neg,0.25454048400024476,2077,-2250,1729
neg,0.2551118379997206,2077,-2250,1729
neg,0.2557225559994549,2075,-2250,1729
neg,0.2563174539991451,2072,-2250,1729
neg,0.2569159190006758,2072,-2250,1729
neg,0.2575391299997136,2070,-2250,1729
neg,0.2581142920007551,2070,-2250,1729
neg,0.25872588099991845,2067,-2250,1729
neg,0.25929018200076825,2065,-2250,1729
neg,0.25986170699979994,2065,-2250,1729
neg,0.26046737499927985,2063,-2250,1729
neg,0.2610391710004478,2063,-2250,1729
neg,0.2616389779996098,2060,-2250,1729
neg,0.26223660100004054,2058,-2250,1729
neg,0.26284290100011276,2058,-2250,1729
neg,0.2634222199994838,2056,-2250,1729
neg,0.2639867920006509,2056,-2250,1729
neg,0.26459735900061787,2053,-2250,1729
neg,0.26516488599918375,2051,-2250,1729
neg,0.2657364009992307,2051,-2250,1729
neg,0.26634625699989556,2049,-2250,1729
neg,0.2669201160006196,2049,-2250,1729
neg,0.26754165400052443,2046,-2250,1729
neg,0.2681201619998319,2046,-2250,1729
neg,0.26872059000015724,2044,-2250,1729
neg,0.2692975949994434,2041,-2250,1729
neg,0.2698615259996586,2041,-2250,1729
neg,0.27046839600006933,2039,-2250,1729
neg,0.27104267600043386,2039,-2250,1729
neg,0.27161690600041766,2037,-2250,1729
neg,0.2722365499994339,2034,-2250,1729
neg,0.27283296099994914,2034,-2250,1729
neg,0.27341586699913023,2031,-2250,1729
neg,0.2739864100003615,2031,-2250,1729
neg,0.2745915569994395,2029,-2250,1729
neg,0.27516875299988897,2027,-2250,1729
neg,0.27573616900008346,2027,-2250,1729
neg,0.27634138699977484,2024,-2250,1729
neg,0.27691599699937797,2024,-2250,1729
neg,0.27753908799968485,2022,-2250,1729
neg,0.27814268300062395,2019,-2250,1729
neg,0.27873626799919293,2019,-2250,1729
neg,0.2793149959998118,2017,-2250,1729
neg,0.2798656420000043,2017,-2450,1729
neg,0.2804673529990396,2014,-2450,1729
neg,0.28104247500050406,2012,-2450,1729
neg,0.28161888899921905,2012,-2450,1729
neg,0.28224074699937773,2009,-2450,1729
neg,0.2828326599992579,2009,-2450,1729
neg,0.2834135419998347,2006,-2450,1729
neg,0.28399314200032677,2004,-2450,1729
neg,0.28460502099915175,2004,-2450,1729
neg,0.28524205800022173,2001,-2450,1729
neg,0.2858331890001864,2001,-2450,1729
neg,0.28641695700025593,1999,-2450,1729
neg,0.2869863969990547,1996,-2450,1729
neg,0.28759660399919085,1996,-2450,1729
neg,0.28816359099982947,1994,-2450,1729
neg,0.2887362179990305,1994,-2450,1729
neg,0.2893416349998006,1991,-2450,1729
neg,0.2899434159990051,1989,-2450,1729
neg,0.2905463499992038,1989,-2450,1729
neg,0.2911373299994011,1986,-2450,1729
neg,0.29174434100059443,1986,-2450,1729
neg,0.2923457619999681,1983,-2450,1729
neg,0.29294027899959474,1980,-2450,1729
neg,0.29353847299898916,1980,-2450,1729
neg,0.29413767000005464,1978,-2450,1729
neg,0.29474373899938655,1978,-2450,1729
neg,0.2953419629993732,1975,-2450,1729
neg,0.295940268000777,1973,-2450,1729
neg,0.2965385419993254,1973,-2450,1729
neg,0.2971112190007261,1970,-2450,1729
neg,0.2977203339996777,1970,-2450,1729
neg,0.2982939930006978,1967,-2450,1729
neg,0.2988611189994117,1965,-2450,1729
neg,0.29946777899931476,1965,-2450,1729
neg,0.3000380520006729,1962,-2600,1729
neg,0.30061049799951434,1962,-2600,1729
neg,0.30124307599908207,1959,-2600,1729
neg,0.3018432949993439,1957,-2600,1729
neg,0.3024659149996296,1957,-2600,1729
neg,0.303038801999719,1954,-2600,1729
neg,0.30361033599911025,1954,-2600,1729
neg,0.30423992900068697,1952,-2600,1729
neg,0.30483503799950995,1949,-2600,1729
neg,0.3054130750006152,1949,-2600,1729
neg,0.3059855609990336,1947,-2600,1729
neg,0.30659062800077663,1947,-2600,1729
neg,0.3071658999997453,1944,-2600,1729
neg,0.30773621200023626,1944,-2600,1729
neg,0.3083482130004995,1942,-2600,1729
neg,0.30892151099942566,1939,-2600,1729
neg,0.309538559999055,1939,-2600,1729
neg,0.31011074600064603,1937,-2600,1729
neg,0.3107191389990476,1937,-2600,1729
neg,0.31129393999981403,1935,-2600,1729
neg,0.3118684410001151,1932,-2600,1729
neg,0.3124853200006328,1932,-2600,1729
neg,0.3130825120006193,1930,-2600,1729
neg,0.31366473699927155,1930,-2600,1729
neg,0.31426538599953346,1928,-2600,1729
neg,0.3148320509990299,1925,-2600,1729
neg,0.3154182029993535,1925,-2600,1729
neg,0.3159928740005853,1923,-2600,1729
neg,0.31659186000069894,1923,-2600,1729
neg,0.3171672419994138,1921,-2600,1729
neg,0.3177352599996084,1919,-2600,1729
neg,0.31834386399896175,1919,-2600,1729
neg,0.3189135550001083,1917,-2600,1729
neg,0.31953765700018266,1917,-2400,1729
neg,0.320110114000272,1914,-2400,1729
neg,0.32071864799945615,1913,-2400,1729
neg,0.321318734999295,1913,-2400,1729
neg,0.32186063500012096,1910,-2400,1729
neg,0.3224651010004891,1910,-2400,1729
neg,0.3230401519995212,1909,-2400,1729
neg,0.32361049499922956,1909,-2400,1729
neg,0.3242345069993462,1907,-2400,1729
neg,0.3248317399993539,1905,-2400,1729
neg,0.3254173909990641,1905,-2400,1729
neg,0.32598514900018927,1903,-2400,1729
neg,0.32659533500009275,1903,-2400,1729
neg,0.32716271199933544,1901,-2400,1729
neg,0.3277357299994037,1899,-2400,1729
neg,0.3283415679998143,1899,-2400,1729
neg,0.32891382399975555,1897,-2400,1729
neg,0.3295377069989627,1897,-2400,1729
neg,0.3301170060003642,1895,-2400,1729
neg,0.3307190569994418,1893,-2400,1729
neg,0.33128958999986935,1893,-2400,1729
neg,0.3318603030002123,1892,-2400,1729
neg,0.33247060000030615,1892,-2400,1729
neg,0.33303733600041596,1890,-2400,1729
neg,0.33360955200078024,1888,-2400,1729
neg,0.33423460599988175,1888,-2400,1729
neg,0.3348330709995935,1886,-2400,1729
neg,0.3354187919994729,1886,-2400,1729
neg,0.3359858889998577,1884,-2400,1729
neg,0.336590905999401,1883,-2400,1729
neg,0.3371626509997441,1883,-2400,1729
neg,0.33773479699993914,1881,-2400,1729
neg,0.3383406159991864,1881,-2400,1729
neg,0.3389124109999102,1879,-2400,1729
neg,0.33954347600047186,1878,-1800,1729
neg,0.34014296299937996,1878,-1800,1729
neg,0.340760863999094,1876,-1800,1729
neg,0.3413405640003475,1876,-1800,1729
neg,0.3419134209998447,1874,-1800,1729
neg,0.34253976800027885,1873,-1800,1729
neg,0.34311740399971313,1873,-1800,1729
neg,0.3437197359999118,1871,-1800,1729
neg,0.34428964799917594,1871,-1800,1729
neg,0.3448680860001332,1870,-1800,1729
neg,0.3454650080002466,1868,-1800,1729
neg,0.3460384160007379,1868,-1800,1729
neg,0.34660957000050985,1867,-1800,1729
neg,0.34724254899992957,1867,-1800,1729
neg,0.34784218599997985,1865,-1800,1729
neg,0.3484709370004566,1864,-1800,1729
neg,0.3490407190001861,1864,-1800,1729
neg,0.34961716199904913,1862,-1800,1729
neg,0.3502409049997368,1862,-1800,1729
neg,0.3508308139989822,1861,-1800,1729
neg,0.351414210999792,1860,-1800,1729
neg,0.35198423200017714,1860,-1800,1729
neg,0.3525763849993382,1858,-1800,1729
neg,0.3531715640001494,1858,-1800,1729
neg,0.35373465299926465,1857,-1800,1729
neg,0.35434428900043713,1857,-1800,1729
neg,0.35494056999959867,1855,-1800,1729
neg,0.35553688099935243,1854,-1800,1729
neg,0.35614340999927663,1854,-1800,1729
neg,0.35679029499988246,1853,-1800,1729
neg,0.3573656970002048,1852,-1800,1729
neg,0.3579689510006574,1852,-1800,1729
neg,0.3585687989998405,1851,-1800,1729
neg,0.35916566100058844,1851,-1450,1729
neg,0.35973465099959867,1849,-1450,1729
neg,0.36033970800053794,1848,-1450,1729
neg,0.360913165999591,1848,-1450,1729
neg,0.3615438409997296,1846,-1450,1729
neg,0.36211368200019933,1846,-1450,1729
neg,0.3627176280006097,1845,-1450,1729
neg,0.36328652699921804,1844,-1450,1729
neg,0.36385881299975154,1844,-1450,1729
neg,0.3644641409991891,1843,-1450,1729
neg,0.3650387119996594,1843,-1450,1729
neg,0.36560939499941014,1842,-1450,1729
neg,0.3662336380002671,1840,-1450,1729
neg,0.366838984999049,1840,-1450,1729
neg,0.36746947999927215,1839,-1450,1729
neg,0.36804354900050384,1839,-1450,1729
neg,0.3686162560006778,1838,-1450,1729
neg,0.36923665199901734,1837,-1450,1729
neg,0.36983016799968027,1837,-1450,1729
neg,0.3704115910004475,1836,-1450,1729
neg,0.3709837759997754,1836,-1450,1729
neg,0.37158881399955135,1835,-1450,1729
neg,0.3721610499997041,1834,-1450,1729
neg,0.3727887789991655,1834,-1450,1729
neg,0.37338960799934284,1833,-1450,1729
neg,0.3739694590003637,1833,-1450,1729
neg,0.3745655490001809,1832,-1450,1729
neg,0.37516537599913136,1831,-1450,1729
neg,0.37573449699993944,1831,-1450,1729
neg,0.3763595410000562,1830,-1450,1729
neg,0.3769535680003173,1830,-1450,1729
neg,0.3775486060003459,1829,-1450,1729
neg,0.3781140699993557,1829,-1450,1729
neg,0.3787176539990469,1828,-1450,1729
neg,0.3792926450005325,1827,-1100,1729
neg,0.37989196200032893,1827,-1100,1729
neg,0.380536041000596,1825,-1100,1729
neg,0.38111574100003054,1824,-1100,1729
neg,0.3817173820007156,1824,-1100,1729
neg,0.38229301499995927,1823,-1100,1729
neg,0.38285928900040744,1823,-1100,1729
neg,0.3834653989997605,1823,-1100,1729
neg,0.3840399589989829,1823,-1100,1729
neg,0.38460914899951604,1822,-1100,1729
neg,0.38524203799897805,1820,-1100,1729
neg,0.38583015400035947,1820,-1100,1729
neg,0.386414872999012,1820,-1100,1729
neg,0.38701276699976006,1820,-1100,1729
neg,0.38759002199913084,1819,-1100,1729
neg,0.3881656249996013,1818,-1100,1729
neg,0.38873411399981705,1818,-1100,1729
neg,0.38933922099931806,1817,-1100,1729
neg,0.3899115170006553,1817,-1100,1729
neg,0.39053986799990525,1816,-1100,1729
neg,0.39111839500037604,1815,-1100,1729
neg,0.3917216390000249,1815,-1100,1729
neg,0.39228564000040933,1814,-1100,1729
neg,0.39286585099944205,1814,-1100,1729
neg,0.39346319399919594,1813,-1100,1729
neg,0.39406262999909814,1812,-1100,1729
neg,0.39460809599950153,1812,-1100,1729
neg,0.3952346440000838,1811,-1100,1729
neg,0.3958303630006412,1811,-1100,1729
neg,0.39641834900066897,1811,-1100,1729
neg,0.3969824800005881,1810,-1100,1729
neg,0.3975886989992432,1810,-1100,1729
neg,0.3981638599998405,1809,-1100,1729
neg,0.3987333410004794,1809,-950,1729
neg,0.39934564199938904,1808,-950,1729
neg,0.3999149129995203,1808,-950,1729
neg,0.4005396770007792,1807,-950,1729
neg,0.4011110409992398,1806,-950,1729
neg,0.4017147849990579,1806,-950,1729
neg,0.40228765299980296,1806,-950,1729
neg,0.40285859600044205,1806,-950,1729
neg,0.4034677809995628,1805,-950,1729
neg,0.40403569899899594,1804,-950,1729
neg,0.40464136700029485,1804,-950,1729
neg,0.40523369099901174,1803,-950,1729
neg,0.405828898999971,1803,-950,1729
neg,0.40641010199942684,1802,-950,1729
neg,0.40698887100006687,1801,-950,1729
neg,0.40759107300073083,1801,-950,1729
neg,0.4081606740001007,1801,-950,1729
neg,0.4087332700000843,1801,-950,1729
neg,0.40934009100055846,1800,-950,1729
neg,0.4099109140006476,1799,-950,1729
neg,0.4105388240004686,1799,-950,1729
neg,0.41110864499933086,1799,-950,1729
neg,0.41171692900024937,1799,-950,1729
neg,0.41228845300065586,1798,-950,1729
neg,0.4128575529994123,1797,-950,1729
neg,0.4134625799997593,1797,-950,1729
neg,0.41403590899972187,1797,-950,1729
neg,0.4146135549999599,1797,-950,1729
neg,0.4152407330002461,1796,-950,1729
neg,0.41582875799940666,1795,-950,1729
neg,0.41641652299949783,1795,-950,1729
neg,0.41700900700016064,1795,-950,1729
neg,0.41758759500044107,1795,-950,1729
neg,0.41816389899940987,1794,-950,1729
neg,0.4187628939998831,1793,-750,1729
neg,0.419358523999108,1793,-750,1729
neg,0.41996708800070337,1793,-750,1729
neg,0.4205353559991636,1793,-750,1729
neg,0.42113950199927785,1792,-750,1729
neg,0.421789281999736,1791,-750,1729
neg,0.42236242999933893,1791,-750,1729
neg,0.4229665050006588,1791,-750,1729
neg,0.4235618849997991,1791,-750,1729
neg,0.42410812200068904,1790,-750,1729
neg,0.4247171669994714,1790,-750,1729
neg,0.42528627699903154,1790,-750,1729
neg,0.4258580019995861,1789,-750,1729
neg,0.42646648499976436,1789,-750,1729
neg,0.4270382499998959,1788,-750,1729
neg,0.42761059700023907,1788,-750,1729
neg,0.4282322250001016,1788,-750,1729
neg,0.42883112100025755,1787,-750,1729
neg,0.42941661099939665,1787,-750,1729
neg,0.42998389800050063,1787,-750,1729
neg,0.4305887749997055,1787,-750,1729
neg,0.4311644970002817,1786,-750,1729
neg,0.43173250499967253,1786,-750,1729
neg,0.4323373419993004,1786,-750,1729
neg,0.432913496000765,1785,-750,1729
neg,0.4335380390002683,1785,-750,1729
neg,0.434112589000506,1785,-750,1729
neg,0.4347158929995203,1784,-750,1729
neg,0.4352906639996945,1784,-750,1729
neg,0.43588366900075926,1784,-750,1729
neg,0.43653581400030816,1784,-750,1729
neg,0.43710686700069346,1783,-750,1729
neg,0.437716783999349,1782,-750,1729
neg,0.4382883580001362,1782,-550,1729
neg,0.4388578990001406,1782,-550,1729
neg,0.4394635480002762,1782,-550,1729
neg,0.44003419100044994,1782,-550,1729
neg,0.4406369629996334,1781,-550,1729
neg,0.4412315409990697,1781,-550,1729
neg,0.44181401599962555,1781,-550,1729
neg,0.4424095659996965,1781,-550,1729
neg,0.4429815620005684,1781,-550,1729
neg,0.44358967399966787,1780,-550,1729
neg,0.4441661179989751,1780,-550,1729
neg,0.4447319819992117,1780,-550,1729
neg,0.4453399849990092,1780,-550,1729
neg,0.44591749100072775,1779,-550,1729
neg,0.4465385879993846,1779,-550,1729
neg,0.4471122560007643,1779,-550,1729
neg,0.4477155700005824,1778,-550,1729
neg,0.44828622299974086,1778,-550,1729
neg,0.4488595719994919,1778,-550,1729
neg,0.4494622239999444,1777,-550,1729
neg,0.4500625429991487,1777,-550,1729
neg,0.45061341899963736,1777,-550,1729
neg,0.4512372110002616,1777,-550,1729
neg,0.45182758100054343,1777,-550,1729
neg,0.45242639599928225,1777,-550,1729
neg,0.45301564399960625,1776,-550,1729
neg,0.4536098110002058,1776,-550,1729
neg,0.4542325910006184,1776,-550,1729
neg,0.45482898199952615,1775,-550,1729
neg,0.45540966400039906,1775,-550,1729
neg,0.45598145899930387,1775,-550,1729
neg,0.45659185600015917,1775,-550,1729
neg,0.4571614470005443,1775,-550,1729
neg,0.45773821200054954,1775,-550,1729
neg,0.4583435490003467,1775,-400,1729
neg,0.45891989300071145,1774,-400,1729
neg,0.45953703300074267,1774,-400,1729
neg,0.4601078760006203,1774,-400,1729
neg,0.4607166400001006,1774,-400,1729
neg,0.46128402700014703,1774,-400,1729
neg,0.4618563929998345,1773,-400,1729
neg,0.46246792300007655,1773,-400,1729
neg,0.46303355599957285,1773,-400,1729
neg,0.4636392550000892,1772,-400,1729
neg,0.4642468069996539,1772,-400,1729
neg,0.46483846899900527,1772,-400,1729
neg,0.46540963299958094,1772,-400,1729
neg,0.4659857959995861,1772,-400,1729
neg,0.46658636500069406,1771,-400,1729
neg,0.4671589209992817,1771,-400,1729
neg,0.46773120800025936,1771,-400,1729
neg,0.4683379079997394,1771,-400,1729
neg,0.46891301899995597,1771,-400,1729
neg,0.46953727199979767,1770,-400,1729
neg,0.4701116220003314,1770,-400,1729
neg,0.4707157480006572,1770,-400,1729
neg,0.4712879029993928,1770,-400,1729
neg,0.47185838599943963,1770,-400,1729
neg,0.47246259200073837,1769,-400,1729
neg,0.4730331949995161,1769,-400,1729
neg,0.473633202000201,1769,-400,1729
neg,0.4742366469999979,1769,-400,1729
neg,0.4748271869993914,1769,-400,1729
neg,0.47540893999939726,1768,-400,1729
neg,0.4759896220002702,1768,-400,1729
neg,0.47659020100036287,1768,-400,1729
neg,0.47715848999905575,1768,-400,1729
neg,0.47778481699970143,1768,-400,1729
neg,0.4783633240003837,1768,-300,1729
neg,0.47896531600054004,1768,-300,1729
neg,0.4795367900005658,1768,-300,1729
neg,0.48011081000004197,1768,-300,1729
neg,0.4807140729990351,1767,-300,1729
neg,0.48131000399916957,1767,-300,1729
neg,0.48190876899934665,1767,-300,1729
neg,0.48254078600075445,1767,-300,1729
neg,0.48310513800061017,1767,-300,1729
neg,0.4837146930003655,1766,-300,1729
neg,0.484289013000307,1766,-300,1729
neg,0.4848834809999971,1766,-300,1729
neg,0.4855335020001803,1766,-300,1729
neg,0.48611371200058784,1766,-300,1729
neg,0.4867157139997289,1766,-300,1729
neg,0.48729048499990313,1765,-300,1729
neg,0.4878548460001184,1765,-300,1729
neg,0.4884660049992817,1765,-300,1729
neg,0.4890356060004706,1765,-300,1729
neg,0.4896058180002001,1765,-300,1729
neg,0.49022990000048594,1765,-300,1729
neg,0.49082738399920345,1765,-300,1729
neg,0.49140910700043605,1764,-300,1729
neg,0.4919805320005253,1764,-300,1729
neg,0.49258560899943404,1764,-300,1729
neg,0.4931590870000946,1764,-300,1729
neg,0.49373076200026844,1764,-300,1729
neg,0.4943160729999363,1764,-300,1729
neg,0.49485617900063517,1764,-300,1729
neg,0.49546070500036876,1763,-300,1729
neg,0.49604151700077637,1763,-300,1729
neg,0.4966391500001919,1763,-300,1729
neg,0.49723055200047384,1763,-300,1729
neg,0.49783280399969954,1763,-300,1729
neg,0.49841379600002256,1762,-300,1729
neg,0.49897995100036496,1762,-300,1729
neg,0.4995859400005429,1762,-300,1729
neg,0.500161111000125,1762,-300,1729
neg,0.50076135999916,1762,-300,1729
neg,0.5013362810004764,1762,-300,1729
neg,0.5019085769999947,1762,-300,1729
neg,0.5025326590002805,1761,-300,1729
neg,0.5031083920002857,1761,-300,1729
neg,0.5037144510006328,1761,-300,1729
neg,0.5042892019991996,1761,-300,1729
neg,0.5048568490001344,1761,-300,1729
neg,0.5054646110002068,1761,-300,1729
neg,0.506035234000592,1761,-300,1729
neg,0.5066047849995812,1761,-300,1729
neg,0.507237162999445,1760,-300,1729
neg,0.5078262410006573,1760,-300,1729
neg,0.5084108199989714,1760,-300,1729
neg,0.5089794089999486,1760,-300,1729
neg,0.5095853479997459,1760,-300,1729
neg,0.5101633239992225,1760,-300,1729
neg,0.5107297600006859,1760,-300,1729
neg,0.5113404769999761,1760,-300,1729
neg,0.511939813999561,1759,-300,1729
neg,0.5125397819992941,1759,-300,1729
neg,0.5131044539994036,1759,-300,1729
neg,0.5137132479994762,1759,-300,1729
neg,0.5142822079997131,1759,-300,1729
neg,0.5148564470000565,1759,-300,1729
neg,0.5154598709996208,1759,-300,1729
neg,0.5160336799999641,1759,-300,1729
neg,0.5166087719990173,1759,-300,1729
neg,0.5172295680004027,1758,-300,1729
neg,0.5178358880002634,1758,-200,1729
neg,0.5184094559990626,1758,-200,1729
neg,0.5189810110005055,1758,-200,1729
neg,0.5195860479998373,1758,-200,1729
neg,0.5201590760007093,1758,-200,1729
neg,0.5207303400002274,1758,-200,1729
neg,0.521338974000173,1758,-200,1729
neg,0.5219134140006645,1757,-200,1729
neg,0.52251348199934,1757,-200,1729
neg,0.5231043219991989,1757,-200,1729
neg,0.5237131070007308,1757,-200,1729
neg,0.52428320800027,1757,-200,1729
neg,0.5248629380002967,1757,-200,1729
neg,0.525459509999564,1757,-200,1729
neg,0.5260361639993789,1757,-200,1729
neg,0.5266089010001451,1757,-200,1729
neg,0.5272292970003036,1756,-200,1729
neg,0.5278272010000364,1756,-200,1729
neg,0.5284104669990484,1756,-200,1729
neg,0.5290092430004734,1756,-200,1729
neg,0.5295863979990827,1756,-200,1729
neg,0.5301645750005264,1756,-200,1729
neg,0.5307856519993948,1756,-200,1729
neg,0.5313552129991876,1756,-200,1729
neg,0.5319659609995142,1756,-200,1729
neg,0.5325581540000712,1756,-200,1729
neg,0.5331105629993544,1756,-200,1729
neg,0.5337167420002515,1755,-200,1729
neg,0.5342822359998536,1755,-200,1729
neg,0.5348548620004294,1755,-200,1729
neg,0.5354606509990845,1755,-200,1729
neg,0.5360342399999354,1755,-200,1729
neg,0.5366077279995807,1755,-200,1729
neg,0.5372287049995066,1755,-200,1729
neg,0.5377847309991921,1755,-150,1729
neg,0.5383546020002541,1755,-150,1729
neg,0.5389628449993324,1755,-150,1729
neg,0.5395650669997849,1755,-150,1729
neg,0.5401094709995959,1755,-150,1729
neg,0.5407134369997948,1754,-150,1729
neg,0.5412820860001375,1754,-150,1729
neg,0.5418626070004393,1754,-150,1729
neg,0.5424864090000483,1754,-150,1729
neg,0.5430770900002244,1754,-150,1729
neg,0.5436627309991309,1754,-150,1729
neg,0.5442633299990121,1754,-150,1729
neg,0.5448258069991425,1754,-150,1729
neg,0.5454127609991701,1754,-150,1729
neg,0.5460081700002775,1754,-150,1729
neg,0.54658448400005,1754,-150,1729
neg,0.5471582129994204,1754,-150,1729
neg,0.5477282749998267,1754,-150,1729
neg,0.5483343640007661,1754,-150,1729
neg,0.5489075810000941,1754,-150,1729
neg,0.5495344890005072,1754,-150,1729
neg,0.5501296380007261,1754,-150,1729
neg,0.5507810409999365,1754,-150,1729
neg,0.5513533279990952,1754,-150,1729
neg,0.5519618710004579,1754,-150,1729
neg,0.5525785600002564,1754,-150,1729
neg,0.5531607749999239,1754,-150,1729
neg,0.5537301250005839,1753,-150,1729
neg,0.5543342910004867,1753,-150,1729
neg,0.554906426999878,1753,-150,1729
neg,0.5555353879990435,1753,-150,1729
neg,0.556107955000698,1753,-150,1729
neg,0.556713743999353,1753,-150,1729
neg,0.5572818719992938,1753,-100,1729
neg,0.5578543880001234,1753,-100,1729
neg,0.5584598160003225,1753,-100,1729
neg,0.5590348669993546,1753,-100,1729
neg,0.5596040879991051,1753,-100,1729
neg,0.5602335299990955,1753,-100,1729
neg,0.5608303619992512,1753,-100,1729
neg,0.5614071769996372,1753,-100,1729
neg,0.5620054619994335,1753,-100,1729
neg,0.5626103079994209,1752,-100,1729
neg,0.5632318659991142,1752,-100,1729
neg,0.5638292090006871,1752,-100,1729
neg,0.5644058729994867,1752,-100,1729
neg,0.564978088999851,1752,-100,1729
neg,0.5655834369990771,1752,-100,1729
neg,0.5661555629994837,1752,-100,1729
neg,0.5667279490007786,1752,-100,1729
neg,0.5673384460005764,1752,-100,1729
neg,0.5679132770001161,1752,-100,1729
neg,0.5685315089995129,1752,-100,1729
neg,0.5691135630004283,1752,-100,1729
neg,0.5697146530001191,1752,-100,1729
neg,0.5702853959992353,1752,-100,1729
neg,0.5708531839991338,1752,-100,1729
neg,0.5714639220004756,1752,-100,1729
neg,0.57203931299955,1752,-100,1729
neg,0.5726026729989826,1752,-100,1729
neg,0.5732357519991638,1752,-100,1729
neg,0.5738265330001013,1752,-100,1729
neg,0.5744079060004879,1752,-100,1729
neg,0.5749774470004922,1752,-100,1729
neg,0.575582924999253,1752,-100,1729
neg,0.576157745999808,1752,-100,1729
neg,0.5767281480002566,1751,-100,1729
neg,0.5773391570000967,1751,-100,1729
neg,0.5779073249996145,1751,-100,1729
neg,0.5785360659992875,1751,-100,1729
neg,0.5791101260001597,1751,-100,1729
neg,0.5797119969993219,1751,-100,1729
neg,0.5803132469991397,1751,-100,1729
neg,0.5808547359993099,1751,-100,1729
neg,0.5814579289999529,1751,-100,1729
neg,0.5820373389997258,1751,-100,1729
neg,0.582605486999455,1751,-100,1729
neg,0.5832278870002483,1751,-100,1729
neg,0.5838386340001307,1751,-100,1729
neg,0.5844587199990201,1751,-100,1729
neg,0.585038639999766,1751,-100,1729
neg,0.5856046739991143,1751,-100,1729
neg,0.5862331049993372,1751,-100,1729
neg,0.5868248169990693,1751,-100,1729
neg,0.5874109689993929,1750,-100,1729
neg,0.5879774250006449,1750,-100,1729
neg,0.5885580359990854,1750,-100,1729
neg,0.5891073700004199,1750,-100,1729
neg,0.5897111249996669,1750,-100,1729
neg,0.5902853040006448,1750,-100,1729
neg,0.5908526410003105,1750,-100,1729
neg,0.5914629180006159,1750,-100,1729
neg,0.5920298940000066,1750,-100,1729
neg,0.592609003000689,1750,-100,1729
neg,0.5932339770006365,1750,-100,1729
neg,0.5938278329995228,1750,-100,1729
neg,0.5944045180003741,1750,-100,1729
neg,0.5949784069998714,1750,-100,1729
neg,0.5955822119994991,1750,-100,1729
neg,0.5962270729996817,1750,-100,1729
neg,0.5968321500004095,1750,-50,1729
neg,0.5974070810007106,1750,-50,1729
neg,0.5979768729994248,1750,-50,1729
neg,0.5985838229989895,1750,-50,1729
neg,0.5991553379990364,1750,-50,1729
neg,0.5997280850006064,1750,-50,1729
neg,0.6003322609994939,1750,-50,1729
neg,0.6009369069997774,1750,-50,1729
neg,0.6015375059996586,1750,-50,1729
neg,0.6021065559998533,1750,-50,1729
neg,0.6027106309993542,1750,-50,1729
neg,0.6032858229991689,1750,-50,1729
neg,0.6038516070002515,1750,-50,1729
neg,0.6044614629990974,1750,-50,1729
neg,0.605033588999504,1749,-50,1729
neg,0.6056071469993185,1749,-50,1729
neg,0.6062267209999845,1749,-50,1729
neg,0.6068231520002882,1749,-50,1729
neg,0.6074066790006327,1749,-50,1729
neg,0.6079768919989874,1749,-50,1729
neg,0.6085816979993979,1749,-50,1729
neg,0.609157069999128,1749,-50,1729
neg,0.6097271319995343,1749,-50,1729
neg,0.6103329809993738,1749,-50,1729
neg,0.610912931000712,1749,-50,1729
neg,0.6115368539994961,1749,-50,1729
neg,0.6121024669992039,1749,-50,1729
neg,0.6127088470002491,1749,-50,1729
neg,0.6132791489999363,1749,-50,1729
neg,0.6138524670004699,1749,-50,1729
neg,0.6144578950006689,1749,-50,1729
neg,0.6150352009990456,1749,-50,1729
neg,0.6156277640002372,1749,-50,1729
neg,0.616229335000753,1749,-50,1729
neg,0.6168227210000623,1749,-50,1729
neg,0.6174042540005757,1749,-50,1729
neg,0.6179766900004324,1748,-50,1729
neg,0.6185818680005468,1748,-50,1729
neg,0.6191587729990715,1748,-50,1729
neg,0.6197277020000911,1748,-50,1729
neg,0.6203318879997823,1748,-50,1729
neg,0.6209347809999599,1748,-50,1729
neg,0.6215328649996081,1748,-50,1729
neg,0.622101193999697,1748,-50,1729
neg,0.622711359999812,1748,-50,1729
neg,0.6232813219994568,1748,-50,1729
neg,0.6238511039991863,1748,-50,1729
neg,0.6244638759999361,1748,-50,1729
neg,0.6250296489997709,1748,-50,1729
neg,0.6256289459997788,1748,-50,1729
neg,0.6262273209995328,1748,-50,1729
neg,0.6268335200002184,1748,-50,1729
neg,0.6274037120001594,1748,-50,1729
neg,0.6279770399996778,1748,-50,1729
neg,0.6285825579998345,1748,-50,1729
neg,0.6291539619996911,1748,-50,1729
neg,0.6297271700004785,1748,-50,1729
neg,0.6303341010006989,1748,-50,1729
neg,0.6309120080004504,1748,-50,1729
neg,0.6315289869999106,1748,-50,1729
neg,0.6321076250005717,1748,-50,1729
neg,0.6327108690002206,1748,-50,1729
neg,0.633278696999696,1748,-50,1729
neg,0.6338540279994049,1748,-50,1729
neg,0.634456470999794,1748,-50,1729
neg,0.6350283859992487,1748,-50,1729
neg,0.6356365789997653,1748,-50,1729
neg,0.6362263379996875,1748,-50,1729
neg,0.6368234700003086,1748,-50,1729
neg,0.6374079489996802,1748,-50,1729
neg,0.6380075760007458,1748,-50,1729
neg,0.6385820060004335,1748,-50,1729
neg,0.6391538009993383,1748,-50,1729
neg,0.6397262179998506,1747,-50,1729
neg,0.6403368150004098,1747,-50,1729
neg,0.6409329060006712,1747,-50,1729
neg,0.641530127999431,1747,-50,1729
neg,0.6421047789990553,1747,-50,1729
neg,0.6427106070004811,1747,-50,1729
neg,0.6432792260002316,1747,-50,1729
neg,0.6438534160006384,1747,-50,1729
neg,0.6444631119993574,1747,-50,1729
neg,0.6450300680007786,1747,-50,1729
neg,0.6456009720004658,1747,-50,1729
neg,0.6462259460004134,1747,-50,1729
neg,0.6468313740006124,1747,-50,1729
neg,0.6474572600000101,1747,-50,1729
neg,0.6480357370001002,1747,-50,1729
neg,0.6486006300001463,1747,-50,1729
neg,0.6492333789992699,1747,-50,1729
neg,0.6498224860006303,1747,-50,1729
neg,0.650403178000488,1747,-50,1729
neg,0.6509756539999216,1747,-50,1729
neg,0.651586211999529,1747,-50,1729
neg,0.6522259440007474,1747,-50,1729
neg,0.6528273540006921,1747,-50,1729
neg,0.6534068029995979,1747,-50,1729
neg,0.6539799410002161,1747,-50,1729
neg,0.6545868220000557,1747,-50,1729
neg,0.6551578449998487,1747,-50,1729
neg,0.6557834909999656,1747,-50,1729
neg,0.6563507579994621,1747,-50,1729
neg,0.6569600330003595,1747,-50,1729
neg,0.6575619140003255,1747,-50,1729
neg,0.6581572630002483,1747,-50,1729
neg,0.6587301500003377,1747,-50,1729
neg,0.6593312400000286,1747,-50,1729
neg,0.659931988999233,1747,-50,1729
neg,0.6605307440004253,1747,-50,1729
neg,0.6611007060000702,1747,-50,1729
neg,0.6617097109992756,1747,-50,1729
neg,0.662281756000084,1747,-50,1729
neg,0.6628518979996443,1747,-50,1729
neg,0.6634614739996323,1747,-50,1729
neg,0.6640282299995306,1747,-50,1729
neg,0.6646327159996872,1747,-50,1729
neg,0.6652294579998852,1747,-50,1729
neg,0.665836448999471,1747,-50,1729
neg,0.6664619940002012,1747,-50,1729
neg,0.667006327999843,1747,-50,1729
neg,0.6676045219992375,1747,-50,1729
neg,0.6682251580004959,1747,-50,1729
neg,0.668821659999594,1747,-50,1729
neg,0.6694117490005738,1747,-50,1729
neg,0.6699753689990757,1747,-50,1729
neg,0.6705812780000997,1747,-50,1729
neg,0.6711553069999354,1747,-50,1729
neg,0.6717250980000244,1747,-50,1729
neg,0.6723311570003716,1747,-50,1729
neg,0.6729033129995514,1747,-50,1729
neg,0.6735283880007046,1747,-50,1729
neg,0.6741074669989757,1747,-50,1729
neg,0.6747092479999992,1747,-50,1729
neg,0.6752787890000036,1747,-50,1729
neg,0.675850043000537,1747,-50,1729
neg,0.6764560219999112,1747,0,1729
neg,0.6770363830000861,1747,0,1729
neg,0.6776280350004527,1747,0,1729
neg,0.6782253879991913,1747,0,1729
neg,0.6788248949997069,1747,0,1729
neg,0.6794063279994589,1747,0,1729
neg,0.679975918999844,1747,0,1729
neg,0.6805866670001706,1747,0,1729
neg,0.681154885000069,1747,0,1729
neg,0.6817258890005178,1747,0,1729
neg,0.6823379390007176,1747,0,1729
neg,0.6829031020006369,1747,0,1729
neg,0.683534107000014,1747,0,1729
neg,0.6840997409999545,1747,0,1729
neg,0.6847095369994349,1747,0,1729
neg,0.6852831260002858,1747,0,1729
neg,0.6858519249999517,1747,0,1729
neg,0.6864607499992417,1747,0,1729
neg,0.6870281369992881,1747,0,1729
neg,0.6875996010003291,1747,0,1729
neg,0.6882283020004252,1747,0,1729
neg,0.6888220380005805,1747,0,1729
neg,0.6894037919992115,1747,0,1729
neg,0.6900023269990925,1747,0,1729
neg,0.6905996999994386,1747,0,1729
neg,0.6912319080001907,1747,0,1729
neg,0.6918304829996487,1747,0,1729
neg,0.6924565089993848,1747,0,1729
neg,0.6930321210002148,1747,0,1729
neg,0.6935994979994575,1747,0,1729
neg,0.6942296220004209,1747,0,1729
neg,0.6948218759989686,1747,0,1729
neg,0.6954082379997999,1747,0,1729
neg,0.6959751739996136,1747,0,1729
neg,0.6965842589997919,1747,0,1729
neg,0.697151975999077,1747,0,1729
neg,0.6977243019991874,1747,0,1729
neg,0.6983346899996832,1747,0,1729
neg,0.6989303390000714,1747,0,1729
neg,0.6995303170006082,1747,0,1729
neg,0.7001062300005287,1747,0,1729
neg,0.7007082809996064,1747,0,1729
neg,0.7012772609996318,1747,0,1729
neg,0.7018790519996401,1747,0,1729
neg,0.7025268489996961,1747,0,1729
neg,0.7031019709993416,1747,0,1729
neg,0.7037091120000696,1747,0,1729
neg,0.7042770400003064,1747,0,1729
neg,0.7048487850006495,1747,0,1729
neg,0.705473998999878,1747,0,1729
neg,0.7060714420003933,1747,0,1729
neg,0.7066518829997221,1747,0,1729
neg,0.7072500979993492,1747,0,1729
neg,0.7078241780000099,1747,0,1729
neg,0.7084033169994655,1747,0,1729
neg,0.709000869999727,1747,0,1729
neg,0.7095852279999235,1747,0,1729
neg,0.7101564620006684,1747,0,1729
neg,0.7107246209998266,1747,0,1729
neg,0.7113292569993064,1747,0,1729
neg,0.7119283329993777,1747,0,1729
neg,0.7125315670000418,1747,0,1729
neg,0.7131032719989889,1747,0,1729
neg,0.7137086399998225,1747,0,1729
neg,0.7142764769996575,1747,0,1729
neg,0.7148495950004872,1747,0,1729
neg,0.7154545319990575,1747,0,1729
neg,0.716052526000567,1747,0,1729
neg,0.7165983430004417,1747,0,1729
neg,0.7172319130004325,1747,0,1729
neg,0.7178201389997412,1747,0,1729
neg,0.7184014020003815,1747,0,1729
neg,0.7190036840001994,1747,0,1729
neg,0.7195795370007545,1747,0,1729
neg,0.7201540570003999,1747,0,1729
neg,0.7207247200003621,1747,0,1729
neg,0.7213301280007727,1747,0,1729
neg,0.7219362270006968,1747,0,1729
neg,0.7225262159990962,1747,0,1729
neg,0.7230987629991432,1747,0,1729
neg,0.7237054529996385,1747,0,1729
neg,0.7242828279995592,1747,0,1729
neg,0.7248489230005362,1747,0,1729
neg,0.7254551320002065,1747,0,1729
neg,0.7260300229991117,1747,0,1729
neg,0.7265982619992428,1747,0,1729
neg,0.7272281149998889,1747,0,1729
neg,0.7278197969990288,1747,0,1729
neg,0.7284018020000076,1747,0,1729
neg,0.7289740380001604,1747,0,1729
neg,0.7295792450004228,1747,0,1729
neg,0.7301540860007663,1747,0,1729
neg,0.7307321930002217,1747,0,1729
neg,0.731333542998982,1747,0,1729
neg,0.7319044069990923,1747,0,1729
neg,0.732534079999823,1747,0,1729
neg,0.7331268239995552,1747,0,1729
neg,0.733723925999584,1747,0,1729
neg,0.7343288829997618,1747,0,1729
neg,0.7349017100004858,1747,0,1729
neg,0.7355262839992065,1747,0,1729
neg,0.7361041709991696,1747,0,1729
neg,0.736706552999749,1747,0,1729
neg,0.7373098970001593,1747,0,1729
neg,0.737849090999589,1747,0,1729
neg,0.7384732339996845,1747,0,1729
neg,0.739070786999946,1747,0,1729
neg,0.7396545139999944,1747,0,1729
neg,0.7402493619993038,1747,0,1729
neg,0.7408240330005356,1747,0,1729
neg,0.741402300000118,1747,0,1729
neg,0.741972813000757,1747,0,1729
neg,0.7425782310001523,1747,0,1729
neg,0.7431562879992271,1747,0,1729
neg,0.7437237550002465,1747,0,1729
neg,0.7443287019996205,1747,0,1729
neg,0.7449268359996495,1747,0,1729
neg,0.7455319540003984,1747,0,1729
neg,0.7461030270005722,1747,0,1729
neg,0.746708745999058,1747,0,1729
neg,0.7473095850000391,1747,0,1729
neg,0.7478489599998284,1747,0,1729
neg,0.748453124999287,1747,0,1729
neg,0.7490287479995459,1747,0,1729
neg,0.7495987189995503,1747,0,1729
neg,0.7502273610007251,1747,0,1729
neg,0.7508210969990614,1747,0,1729
neg,0.751402859999871,1747,0,1729
neg,0.7519725219990505,1747,0,1729
neg,0.7525952420000976,1747,0,1729
neg,0.7532294829998136,1747,0,1729
neg,0.7538205139990168,1747,0,1729
neg,0.7544058950006729,1747,0,1729
neg,0.7549728609992599,1746,0,1729
neg,0.7555782590006856,1746,-50,1729
neg,0.7561538509999082,1746,-50,1729
neg,0.7567234420002933,1746,-50,1729
neg,0.7573299619998579,1746,-50,1729
neg,0.7579056449994823,1746,-50,1729
neg,0.7585285850000218,1746,-50,1729
neg,0.7590981560006185,1746,-50,1729
neg,0.7597070199990412,1746,-50,1729
neg,0.7602780039997015,1746,-50,1729
neg,0.7608739139996032,1746,-50,1729
neg,0.7615248570000404,1746,-50,1729
neg,0.7620986460005952,1746,-50,1729
neg,0.7627071189999697,1746,-50,1729
neg,0.7632802869993611,1746,-50,1729
neg,0.7638479140005074,1746,-50,1729
neg,0.7644585119996918,1746,-50,1729
neg,0.7650246670000342,1746,-50,1729
neg,0.7656249649990059,1746,-50,1729
neg,0.7662220370002615,1746,-50,1729
neg,0.7668199609997828,1746,-50,1729
neg,0.7674011939998309,1746,-50,1729
neg,0.7679723879991798,1746,-50,1729
neg,0.7685793990003731,1746,-50,1729
neg,0.7691773829992599,1746,-50,1729
neg,0.7697811969992472,1746,-50,1729
neg,0.770353714000521,1746,-50,1729
neg,0.7709621579997474,1746,-50,1729
neg,0.7715518259992677,1746,-50,1729
neg,0.7721290110002883,1746,-50,1729
neg,0.7727523319990723,1746,-50,1729
neg,0.7733326540001144,1746,-50,1729
neg,0.773900591999336,1746,-50,1729
neg,0.7745288320002146,1746,-50,1729
neg,0.7751030210001773,1746,-50,1729
neg,0.775706825999805,1746,0,1729
neg,0.7762757559994498,1746,0,1729
neg,0.7768489440004487,1746,0,1729
neg,0.7774570569999923,1746,0,1729
neg,0.7780250750001869,1746,0,1729
neg,0.7786327569992864,1746,0,1729
neg,0.7792306110004574,1746,0,1729
neg,0.7798193170001468,1746,0,1729
neg,0.7803999989992008,1746,0,1729
neg,0.7809782059994177,1746,0,1729
neg,0.7815822209995531,1746,0,1729
neg,0.7821524039991345,1746,0,1729
neg,0.7827224659995409,1746,0,1729
neg,0.7833339349999733,1746,0,1729
neg,0.7839307769991137,1746,0,1729
neg,0.7845291310004541,1746,0,1729
neg,0.7850972100004583,1746,0,1729
neg,0.7857085989999177,1746,0,1729
neg,0.7862804239994148,1746,0,1729
neg,0.7868474499991862,1746,0,1729
neg,0.7874528579995967,1746,0,1729
neg,0.7880245830001513,1746,0,1729
neg,0.7886052049998398,1746,0,1729
neg,0.7892258009997022,1746,0,1729
neg,0.7898184850000689,1746,0,1729
neg,0.7903994469997997,1746,0,1729
neg,0.7909721340001852,1746,0,1729
neg,0.7915772809992632,1746,0,1729
neg,0.7921539559993107,1746,0,1729
neg,0.7927222349990188,1746,0,1729
neg,0.7933313390003605,1746,0,1729
neg,0.7938997780001955,1746,0,1729
neg,0.7945264560003125,1746,0,1729
neg,0.7950969779994921,1746,0,1729
neg,0.7957060230000934,1746,0,1729
neg,0.7963056200005667,1746,0,1729
neg,0.7969001969995588,1746,0,1729
neg,0.7975241399999504,1746,0,1729
neg,0.7980975280006533,1746,0,1729
neg,0.798705520999647,1746,0,1729
neg,0.7992817939993984,1746,0,1729
neg,0.799847148000481,1746,0,1729
neg,0.8004565129995171,1746,0,1729
neg,0.8010246909998386,1746,0,1729
neg,0.8015971280001395,1746,0,1729
neg,0.8022253679991991,1746,0,1729
neg,0.8028183719998196,1746,0,1729
neg,0.8034040029997414,1746,0,1729
neg,0.8040059849990939,1746,0,1729
neg,0.8045772089990351,1746,0,1729
neg,0.8051492750000762,1746,0,1729
neg,0.805774639999072,1746,0,1729
neg,0.8063513540000713,1746,0,1729
neg,0.8069554600006086,1746,0,1729
neg,0.8075256320007611,1746,0,1729
neg,0.8080963949996658,1746,0,1729
neg,0.8087053689996537,1746,0,1729
neg,0.8092734780002502,1746,0,1729
neg,0.8098462849993666,1746,0,1729
neg,0.8104569320003066,1746,0,1729
neg,0.8110273750007764,1746,0,1729
neg,0.8116024159990047,1746,0,1729
neg,0.812229994999143,1746,0,1729
neg,0.8128220580001653,1746,0,1729
neg,0.8133986529992399,1746,0,1729
neg,0.8139715199995408,1746,0,1729
neg,0.8145765169992956,1746,0,1729
neg,0.815154263000295,1746,0,1729
neg,0.8157786459996714,1746,0,1729
neg,0.8163521349997609,1746,0,1729
neg,0.816957511999135,1746,0,1729
neg,0.8175264919991605,1746,0,1729
neg,0.8181017339993559,1746,0,1729
neg,0.8187055889993644,1746,0,1729
neg,0.8192727549994743,1746,0,1729
neg,0.8198540779994801,1746,0,1729
neg,0.8204515819998051,1746,0,1729
neg,0.8210262819993659,1746,0,1729
neg,0.8216233139992255,1746,0,1729
neg,0.8222275099997205,1746,0,1729
neg,0.8228189919991564,1746,0,1729
neg,0.8233979899996484,1746,0,1729
neg,0.8239709480003512,1746,0,1729
neg,0.8245824069999799,1746,0,1729
neg,0.8251553939990117,1746,0,1729
neg,0.8257210979991214,1746,0,1729
neg,0.8263265660007164,1746,0,1729
neg,0.826903991999643,1746,0,1729
neg,0.8275304290000349,1746,0,1729
neg,0.8280959719995735,1746,0,1729
neg,0.8287402519999887,1746,0,1729
neg,0.829349256999194,1746,0,1729
neg,0.8299584420001338,1746,0,1729
neg,0.8305561050001415,1746,0,1729
neg,0.8310955699998885,1746,0,1729
neg,0.8317049849993055,1746,0,1729
neg,0.8322750269999233,1746,0,1729
neg,0.8328529139998864,1746,0,1729
neg,0.833450267000444,1746,0,1729
neg,0.8340244659993914,1746,0,1729
neg,0.8346234420005203,1746,0,1729
neg,0.8352286800000002,1746,0,1729
neg,0.8358239490007691,1746,0,1729
neg,0.836401754999315,1746,0,1729
neg,0.836970353999277,1746,0,1729
neg,0.8375755619999836,1746,0,1729
neg,0.8381479979998403,1746,0,1729
neg,0.8387204850005219,1746,0,1729
neg,0.8393295589994523,1746,0,1729
neg,0.8399059629991825,1746,0,1729
neg,0.8405223509998905,1746,0,1729
neg,0.8411214579991793,1745,0,1729
neg,0.8417466419996344,1745,0,1729
neg,0.8423324129998946,1745,0,1729
neg,0.842923834999965,1745,0,1729
neg,0.8435220800001844,1745,0,1729
neg,0.8441027310000209,1745,0,1729
neg,0.8447039410002617,1745,0,1729
neg,0.8452719790002448,1745,0,1729
neg,0.845844957000736,1745,0,1729
neg,0.8464573269993707,1745,0,1729
neg,0.8470760000000155,1745,0,1729
neg,0.8476598380002542,1745,0,1729
neg,0.8482266640003218,1745,0,1729
neg,0.8488171040007728,1745,0,1729
neg,0.8493978250007785,1745,0,1729
neg,0.8499701119999372,1745,0,1729
neg,0.8505761510004959,1745,0,1729
neg,0.851151081998978,1745,0,1729
neg,0.85177424199901,1745,0,1729
neg,0.8523482820000936,1745,0,1729
neg,0.8529573969990452,1744,0,1729
neg,0.853553577000639,1744,0,1729
neg,0.8541304819991637,1744,0,1729
neg,0.8547827069996856,1744,-100,1729
neg,0.8553444539993507,1744,-100,1729
neg,0.8559527969991905,1744,-100,1729
neg,0.8565486570005305,1744,-100,1729
neg,0.8571224759998586,1744,-100,1729
neg,0.8577194179997605,1744,-100,1729
neg,0.8583255369994731,1744,-100,1729
neg,0.8589271879991429,1744,-100,1729
neg,0.8595250519992987,1744,-100,1729
neg,0.8601275740002166,1744,-100,1729
neg,0.8607194270007312,1744,-100,1729
neg,0.8613028839990875,1744,-100,1729
neg,0.8618449229998077,1744,-100,1729
neg,0.8624485979999008,1744,-100,1729
neg,0.8630253219998849,1744,-100,1729
neg,0.8636229160001676,1744,-100,1729
neg,0.8642180940005346,1744,-100,1729
neg,0.8648161589990195,1743,-100,1729
neg,0.8653997359997447,1743,-100,1729
neg,0.8659694069992838,1743,-100,1729
neg,0.8665741439999692,1743,-100,1729
neg,0.8672180230005324,1743,-100,1729
neg,0.8677994459994807,1743,-100,1729
neg,0.8683454130004975,1743,-100,1729
neg,0.8689530449992162,1743,-100,1729
neg,0.8694944239996403,1743,-100,1729
neg,0.8700968659995851,1743,-100,1729
neg,0.8707058210002288,1743,-100,1729
neg,0.871274008999535,1743,-100,1729
neg,0.8718502230003651,1743,-100,1729
neg,0.8724538869992102,1743,-100,1729
neg,0.8730204929997853,1743,-100,1729
neg,0.8735927689995151,1743,-100,1729
neg,0.8742210290001822,1743,-100,1729
neg,0.8748140440002317,1742,-100,1729
neg,0.8753989140004705,1742,-100,1729
neg,0.8759756380004546,1742,-100,1729
neg,0.8765731910007162,1742,-100,1729
neg,0.8771489939990715,1742,-100,1729
neg,0.8777191059998586,1742,-100,1729
neg,0.8783283310003753,1742,-100,1729
neg,0.8788951669994276,1742,-100,1729
neg,0.8795234169992909,1742,-100,1729
neg,0.8800991200005228,1742,-100,1729
neg,0.880702664000637,1742,-100,1729
neg,0.8813007789995027,1742,-100,1729
neg,0.8818424279997998,1742,-100,1729
neg,0.8824506809996819,1742,-100,1729
neg,0.8830279459998565,1742,-100,1729
neg,0.8835919270004524,1742,-100,1729
neg,0.8842172719996597,1742,-100,1729
neg,0.8848234510005568,1742,-100,1729
neg,0.8854497379998065,1741,-100,1729
neg,0.8860238969991769,1741,-100,1729
neg,0.8865974559994356,1741,-100,1729
neg,0.8872221300007368,1741,-100,1729
neg,0.887829781999244,1741,-100,1729
neg,0.8884539440005028,1741,-100,1729
neg,0.889029276000656,1741,-100,1729
neg,0.8895930769995175,1741,-100,1729
neg,0.8902192330006073,1741,-100,1729
neg,0.8907979920004436,1741,-100,1729
neg,0.8913422250006988,1741,-100,1729
neg,0.8919508590006444,1741,-100,1729
neg,0.8925470399990445,1741,-100,1729
neg,0.893091984999046,1741,-100,1729
neg,0.893701950999457,1741,-100,1729
neg,0.8942715020002652,1741,-50,1729
neg,0.8948502500006725,1741,-50,1729
neg,0.8954477040006168,1741,-50,1729
neg,0.8960230659995432,1741,-50,1729
neg,0.8965918150006473,1741,-50,1729
neg,0.8972205459995166,1741,-50,1729
neg,0.8977975210000295,1741,-50,1729
neg,0.8983475860004546,1741,-50,1729
neg,0.8989508899994689,1741,-50,1729
neg,0.8995522900004289,1741,-50,1729
neg,0.9000921860006201,1741,-50,1729
neg,0.9007003589995293,1741,-50,1729
neg,0.9012730159993225,1741,-50,1729
neg,0.9018423670004267,1741,-50,1729
neg,0.9024511110001185,1741,-50,1729
neg,0.9030192390000593,1741,-50,1729
neg,0.9035736719997658,1740,-50,1729
neg,0.904151828999602,1740,-50,1729
neg,0.9047171120000712,1740,-50,1729
neg,0.9053261469998688,1740,-50,1729
neg,0.905909282999346,1740,-50,1729
neg,0.9065337159991032,1740,-50,1729
neg,0.9070995399997628,1740,-50,1729
neg,0.9077009609991364,1740,-50,1729
neg,0.9082737280004949,1740,-50,1729
neg,0.9088503019993368,1740,-50,1729
neg,0.909466600000087,1740,-50,1729
neg,0.9100460589997965,1740,-50,1729
neg,0.9105911549995653,1740,-50,1729
neg,0.911217120999936,1740,-50,1729
neg,0.911822709000262,1740,-50,1729
neg,0.9124462609997863,1740,-50,1729
neg,0.9129943219995766,1740,-50,1729
neg,0.9135764969996671,1740,-50,1729
neg,0.9141488129989739,1740,-50,1729
neg,0.9147446129991295,1740,-50,1729
neg,0.9153439389992855,1740,-50,1729
neg,0.9159504689996538,1740,-50,1729
neg,0.9165459479991114,1740,-50,1729
neg,0.9171175829997082,1740,-50,1729
neg,0.9177172609997797,1740,-50,1729
neg,0.9183277180000005,1740,-50,1729
neg,0.9188961170002585,1740,-50,1729
neg,0.9195235860006505,1740,-50,1729
neg,0.9201259780002147,1740,-50,1729
neg,0.9207475460007117,1740,-50,1729
neg,0.9213439870000002,1740,-50,1729
neg,0.921951889000411,1740,-50,1729
neg,0.9225468179993186,1739,-50,1729
neg,0.9230974229994899,1739,-50,1729
neg,0.9237016690003657,1739,-50,1729
neg,0.9242477560001134,1739,-50,1729
neg,0.9248151739993773,1739,-50,1729
neg,0.9253977190001024,1739,-50,1729
neg,0.9259673899996415,1739,-50,1729
neg,0.9265768749992276,1739,-50,1729
neg,0.9271507239991479,1739,-50,1729
neg,0.9277734850002162,1739,-50,1729
neg,0.9283431160001783,1739,-50,1729
neg,0.9289514489992143,1739,-50,1729
neg,0.9295491930006392,1739,-50,1729
neg,0.9301477879998856,1739,-50,1729
neg,0.9307463229997666,1739,-50,1729
neg,0.9313238889990316,1739,-50,1729
neg,0.9319216730000335,1739,-50,1729
neg,0.9325238040000841,1739,-50,1729
neg,0.9330924539990519,1739,-50,1729
neg,0.9337009970004146,1739,-50,1729
neg,0.9342752470001869,1739,-50,1729
neg,0.9348425640000642,1739,-50,1729
neg,0.9354678189993137,1739,-50,1729
neg,0.9360649409991311,1739,-50,1729
neg,0.9366481380002369,1739,-50,1729
neg,0.9372511410001607,1739,-50,1729
neg,0.9378135789993394,1739,-50,1729
neg,0.9383946609996201,1739,-50,1729
neg,0.9389673080004286,1739,-50,1729
neg,0.9395730270007334,1739,-50,1729
neg,0.9401482379998924,1739,-50,1729
neg,0.9407171279999602,1739,-50,1729
neg,0.9413241090005613,1739,-50,1729
neg,0.9419286949996604,1739,-50,1729
neg,0.9425201169997308,1739,-50,1729
neg,0.9431184919994848,1739,-50,1729
neg,0.9437168160002329,1739,-50,1729
neg,0.9443290069993964,1739,-50,1729
neg,0.9449208890000591,1739,-50,1729
neg,0.945519463999517,1739,-50,1729
neg,0.9461237499999697,1739,-50,1729
neg,0.946717056000125,1739,-50,1729
neg,0.9473234050001338,1739,-50,1729
neg,0.9479220699995494,1739,-50,1729
neg,0.948526516000129,1739,-50,1729
neg,0.949096678999922,1739,-50,1729
neg,0.9497000529991055,1739,-50,1729
neg,0.9502694530001463,1739,-50,1729
neg,0.9508418900004472,1739,-50,1729
neg,0.9514474780007731,1739,-50,1729
neg,0.9520323579999967,1739,-50,1729
neg,0.9526197319992207,1739,-50,1729
neg,0.9532199499990384,1739,-50,1729
neg,0.9538139769992995,1739,0,1729
neg,0.9544019120003213,1739,0,1729
neg,0.9549671949989715,1739,0,1729
neg,0.9555720919997839,1739,0,1729
neg,0.956145791000381,1739,0,1729
neg,0.9567175560005126,1739,0,1729
neg,0.9573220219990617,1739,0,1729
neg,0.9579233519998525,1739,0,1729
neg,0.9585190719990351,1739,0,1729
neg,0.9591108549993805,1739,0,1729
neg,0.9597709739991842,1739,0,1729
neg,0.9603482200000144,1739,0,1729
neg,0.9609503310002765,1739,0,1729
neg,0.9615246809989912,1739,0,1729
neg,0.9620972079992498,1739,0,1729
neg,0.9627011729990045,1739,0,1729
neg,0.963270864000151,1739,0,1729
neg,0.963849712999945,1739,0,1729
neg,0.9644514339997841,1739,0,1729
neg,0.9650223369990272,1739,0,1729
neg,0.9655967769995186,1739,0,1729
neg,0.9662189970003965,1739,0,1729
neg,0.966816669999389,1739,0,1729
neg,0.9673955689995637,1739,0,1729
neg,0.9679931119990215,1739,0,1729
neg,0.9685715689993231,1739,0,1729
neg,0.9691478929998993,1739,0,1729
neg,0.9697254589991644,1739,0,1729
neg,0.9703287629999977,1739,0,1729
neg,0.970895238000594,1739,0,1729
neg,0.97152637399995,1739,0,1729
neg,0.9720975580003142,1739,0,1729
neg,0.972700000000259,1739,0,1729
neg,0.9732706739996502,1739,0,1729
neg,0.9738701900005253,1739,0,1729
neg,0.9745182070000737,1739,0,1729
neg,0.9750905540004169,1739,0,1729
neg,0.9756978149998758,1739,0,1729
neg,0.9762686989997746,1739,0,1729
neg,0.9768408849995467,1739,0,1729
neg,0.9774506399990059,1739,0,1729
neg,0.978023628000301,1739,0,1729
neg,0.9785974269998405,1739,0,1729
neg,0.9792193359990051,1739,0,1729
neg,0.9798120399991603,1739,0,1729
neg,0.980397310000626,1739,0,1729
neg,0.9809668710004189,1739,0,1729
neg,0.9815729300007661,1739,0,1729
neg,0.9821467689998826,1739,0,1729
neg,0.9827163699992525,1739,0,1729
neg,0.983321416999388,1739,0,1729
neg,0.9839008870003454,1739,0,1729
neg,0.9845198099992558,1739,0,1729
neg,0.9851170120000461,1739,0,1729
neg,0.9857684460002929,1739,0,1729
neg,0.9863433569989866,1739,0,1729
neg,0.9869495359998837,1739,0,1729
neg,0.9875440640007582,1739,0,1729
neg,0.9881270099995163,1739,0,1729
neg,0.9887472449991037,1739,0,1729
neg,0.9893415930000629,1739,0,1729
neg,0.9899500960000296,1739,0,1729
neg,0.9905468079996353,1739,0,1729
neg,0.9910967819996586,1739,0,1729
neg,0.9916991339996457,1739,0,1729
neg,0.9923015570002462,1739,0,1729
neg,0.9928401399993163,1739,0,1729
neg,0.9934467000002769,1739,0,1729
neg,0.9940222419991187,1739,0,1729
neg,0.9945905309996306,1739,0,1729
neg,0.9952155749997473,1739,0,1729
neg,0.9958116359994165,1739,0,1729
neg,0.9963996619990212,1739,0,1729
neg,0.99697236800057,1739,0,1729
neg,0.9975749109999015,1739,0,1729
neg,0.9981449129991233,1739,0,1729
neg,0.9987156160004815,1739,0,1729
neg,0.9992980009992607,1739,0,1729
neg,0.9998401209995791,1739,0,1729
neg,1.0004512590003287,1739,0,1729
neg,1.0010191069995926,1739,0,1729
neg,1.0016240740005742,1739,0,1729
neg,1.0022150250006234,1739,0,1729
neg,1.0028256330006116,1739,0,1729
neg,1.0034465890003048,1739,0,1729
neg,1.0040217909991043,1739,0,1729
neg,1.004590761000145,1739,0,1729
neg,1.005218940999839,1739,0,1729
neg,1.0058107339991693,1739,0,1729
neg,1.0063955429995985,1739,0,1729
neg,1.0069641720001528,1739,0,1729
neg,1.0075740089996543,1739,0,1729
neg,1.008146043999659,1739,0,1729
neg,1.0087136019992613,1739,0,1729
neg,1.009293291999711,1739,0,1729
neg,1.0098403110005165,1739,0,1729
neg,1.0104503170005046,1739,0,1729
neg,1.0110165719997894,1739,0,1729
neg,1.011596031999943,1739,0,1729
neg,1.01221699800044,1739,0,1729
neg,1.0128242390001105,1739,0,1729
neg,1.0134497750004812,1739,0,1729
neg,1.014018383999428,1739,0,1729
neg,1.014619584000684,1739,0,1729
neg,1.015220474000671,1739,0,1729
neg,1.0158116349994089,1739,0,1729
neg,1.0163911140007258,1739,0,1729
neg,1.0169634409994615,1739,0,1729
neg,1.0175687789997028,1739,0,1729
neg,1.0181452619999618,1739,0,1729
neg,1.018766979999782,1739,0,1729
neg,1.019339888000104,1739,0,1729
neg,1.019953049999458,1739,0,1729
neg,1.0205425990006916,1739,0,1729
neg,1.021096509999552,1739,0,1729
neg,1.0216973799997504,1739,0,1729
neg,1.0222728419994382,1739,0,1729
neg,1.0228381149991037,1739,0,1729
neg,1.0234449149993452,1739,0,1729
neg,1.0240160190005554,1739,0,1729
neg,1.0245701309995638,1739,0,1729
neg,1.0252213749990915,1739,0,1729
neg,1.0258241779993114,1739,0,1729
neg,1.0264674959998956,1739,0,1729
neg,1.0270618430004106,1739,0,1729
neg,1.0276459409997187,1739,0,1729
neg,1.028213057999892,1739,0,1729
neg,1.0288207800003875,1739,0,1729
neg,1.0294453139995312,1739,0,1729
neg,1.0300252439992619,1739,0,1729
neg,1.030593682999097,1739,0,1729
neg,1.0312129569992976,1739,0,1729
neg,1.0317960030006361,1739,0,1729
neg,1.0323959109991847,1739,0,1729
neg,1.032964500000162,1739,0,1729
neg,1.033569205999811,1739,0,1729
neg,1.0341430850003235,1739,0,1729
neg,1.034714339999482,1739,0,1729
neg,1.0353225029994064,1739,0,1729
neg,1.0359223300001759,1739,0,1729
neg,1.0365159459997813,1739,0,1729
neg,1.0370606910000788,1739,0,1729
neg,1.0376473739997891,1739,0,1729
neg,1.0382393469990348,1739,0,1729
neg,1.0388144179996743,1739,0,1729
neg,1.039393196000674,1739,0,1729
neg,1.0399636490001285,1739,0,1729
neg,1.0405690469997353,1739,0,1729
neg,1.0411478850001004,1739,0,1729
neg,1.0417142599999352,1739,0,1729
neg,1.0422988989994337,1739,0,1729
neg,1.042839064999498,1739,0,1729
neg,1.0434477090002474,1739,0,1729
neg,1.0440224899994064,1739,0,1729
neg,1.044595097000638,1739,0,1729
neg,1.0452231069994014,1739,0,1729
neg,1.0458220729997265,1739,0,1729
neg,1.0464441519998218,1739,0,1729
neg,1.0470175299997209,1739,0,1729
neg,1.0475892449994717,1739,0,1729
neg,1.0482151809992502,1739,0,1729
neg,1.0488206289992377,1739,0,1729
neg,1.049391612999898,1739,0,1729
neg,1.0499925019994407,1739,0,1729
neg,1.0505731840003136,1739,0,1729
neg,1.0511479340002552,1739,0,1729
neg,1.0517144599998574,1739,0,1729
neg,1.052319226999316,1739,0,1729
neg,1.052938118999009,1739,0,1729
neg,1.053526735999185,1739,0,1729
neg,1.0540900550004153,1739,0,1729
neg,1.0547001920003822,1739,0,1729
neg,1.0552738110000064,1739,0,1729
neg,1.0558395650004968,1739,0,1729
neg,1.0564446320004208,1739,0,1729
neg,1.057018600999072,1739,0,1729
neg,1.0575893740005995,1739,0,1729
neg,1.0582138280005893,1739,0,1729
neg,1.058810459000597,1739,0,1729
neg,1.059395599000709,1739,0,1729
neg,1.0599905580002087,1739,0,1729
neg,1.0605920380003226,1739,0,1729
neg,1.0612143279995507,1739,0,1729
neg,1.0618103580000025,1739,0,1729
neg,1.062394115000643,1739,0,1729
neg,1.0629899750001641,1739,0,1729
neg,1.0635689939990698,1739,0,1729
neg,1.064150778000112,1739,0,1729
neg,1.0647144680006022,1739,0,1729
neg,1.0653206070001033,1739,0,1729
neg,1.065890980000404,1739,0,1729
neg,1.066518809999252,1739,0,1729
neg,1.0671275540007628,1739,0,1729
neg,1.0677683270005218,1739,0,1729
neg,1.0683410340006958,1739,0,1729
neg,1.0689477140003874,1739,0,1729
neg,1.069542642999295,1739,0,1729
neg,1.070095331999255,1739,0,1729
neg,1.0706972839998343,1739,0,1729
neg,1.0712688389994582,1739,0,1729
neg,1.0718391110003722,1739,0,1729
neg,1.0724635639999178,1739,0,1729
neg,1.0730617289991642,1739,0,1729
neg,1.0736448650004604,1739,0,1729
neg,1.0742138850000629,1739,0,1729
neg,1.074818831999437,1739,0,1729
neg,1.075445378999575,1739,0,1729
neg,1.076018326999474,1739,0,1729
neg,1.0765888200003246,1739,0,1729
neg,1.077221727999131,1739,0,1729
neg,1.0777926720002142,1739,0,1729
neg,1.0783430070005124,1739,0,1729
neg,1.0789473330005421,1739,0,1729
neg,1.0795473010002752,1739,0,1729
neg,1.0800878179998108,1739,0,1729
neg,1.0806974429997354,1739,0,1729
neg,1.0812733460006712,1739,0,1729
neg,1.08186905599905,1739,0,1729
neg,1.0825195380002697,1739,0,1729
neg,1.0830911030006973,1739,0,1729
neg,1.0836973919995216,1739,0,1729
neg,1.0842655609994836,1739,0,1729
neg,1.0848382679996575,1739,0,1729
neg,1.0854443869993702,1739,0,1729
neg,1.0860193379994598,1739,0,1729
neg,1.0865938179995283,1739,0,1729
neg,1.0872205559990107,1739,0,1729
neg,1.0878100539994193,1739,0,1729
neg,1.088397599000018,1739,0,1729
neg,1.0889889299996867,1739,0,1729
neg,1.0895744709996507,1739,0,1729
neg,1.0901419580004585,1739,0,1729
neg,1.090765619999729,1739,0,1729
neg,1.0913381469999877,1739,0,1729
neg,1.0919462799993198,1739,0,1729
neg,1.0925433619995601,1739,0,1729
neg,1.0930960109999432,1739,0,1729
neg,1.0936968210007763,1739,0,1729
neg,1.094266231999427,1739,0,1729
neg,1.0948379669989663,1739,0,1729
neg,1.0954434140003286,1739,0,1729
neg,1.0960416889993212,1739,0,1729
neg,1.0966216800006805,1739,0,1729
neg,1.0972205550006038,1739,0,1729
neg,1.0978092620007374,1739,0,1729
neg,1.098390233999453,1739,0,1729
neg,1.0989920150004764,1739,0,1729
neg,1.0995698120004818,1739,0,1729
neg,1.100144932999683,1739,0,1729
neg,1.100712900999497,1739,0,1729
neg,1.1013220959994214,1739,0,1729
neg,1.1018935810006951,1739,0,1729
neg,1.1025215409990778,1739,0,1729
neg,1.1030878059991664,1739,0,1729
neg,1.1036994549995143,1739,0,1729
neg,1.1042718610005977,1739,0,1729
neg,1.1048376149992691,1739,0,1729
neg,1.1054438350001874,1739,0,1729
neg,1.1060174939993885,1739,0,1729
neg,1.1065943480007263,1739,0,1729
neg,1.1072188920006738,1739,0,1729
neg,1.1078093819996866,1739,0,1729
neg,1.1083913759994175,1739,0,1729
neg,1.1089621989995067,1739,0,1729
neg,1.1095460470005492,1739,0,1729
neg,1.1101137040004687,1739,0,1729
neg,1.1107122390003497,1739,0,1729
neg,1.1113221960004012,1739,0,1729
neg,1.1118895330000669,1739,0,1729
neg,1.1125190549992112,1739,0,1729
neg,1.1130949479993433,1739,0,1729
neg,1.1136955370002397,1739,0,1729
neg,1.114268864999758,1739,0,1729
neg,1.1148460309996153,1739,0,1729
neg,1.1154425120002998,1739,0,1729
neg,1.1159937680004077,1739,0,1729
neg,1.1165682890004973,1739,0,1729
neg,1.1171400639996136,1739,0,1729
neg,1.1177122200006124,1739,0,1729
neg,1.1183222260006005,1739,0,1729
neg,1.1188932700006262,1739,0,1729
neg,1.119517482999072,1739,0,1729
neg,1.1201181420001376,1739,0,1729
neg,1.1207123090007372,1739,0,1729
neg,1.12132189499971,1739,0,1729
neg,1.121890013000666,1739,0,1729
neg,1.1225146870001481,1739,0,1729
neg,1.1230869030005124,1739,0,1729
neg,1.1236961079994217,1739,0,1729
neg,1.1242646970003989,1739,0,1729
neg,1.1248455789991567,1739,0,1729
neg,1.1254644820000976,1739,0,1729
neg,1.126059971000359,1739,0,1729
neg,1.12663989199973,1739,0,1729
neg,1.1272382360002666,1739,0,1729
neg,1.1278079980002076,1739,0,1729
neg,1.1283917849996214,1739,0,1729
neg,1.1289620480001759,1739,0,1729
neg,1.1295671349998884,1739,0,1729
neg,1.1301459629994497,1739,0,1729
neg,1.1307115069994325,1739,0,1729
neg,1.1312904149999667,1739,0,1729
neg,1.1318636929991044,1739,0,1729
neg,1.132517571999415,1739,0,1729
neg,1.1330898079995677,1739,0,1729
neg,1.1336954559992591,1739,0,1729
neg,1.1342643560001306,1739,0,1729
neg,1.1348368719991413,1739,0,1729
neg,1.135442119999425,1739,0,1729
neg,1.1360137350002333,1739,0,1729
neg,1.136594506999245,1739,0,1729
neg,1.137216745999467,1739,0,1729
neg,1.1378080880003836,1739,0,1729
neg,1.1383891999994376,1739,0,1729
neg,1.138961405998998,1739,0,1729
neg,1.1395668139994086,1739,0,1729
neg,1.1401424159994349,1739,0,1729
neg,1.1407113759996719,1739,0,1729
neg,1.1413167939990672,1739,0,1729
neg,1.141892576999453,1739,0,1729
neg,1.1425170099992101,1739,0,1729
neg,1.1431127300002117,1739,0,1729
neg,1.1437693530006072,1739,0,1729
neg,1.1443362789996172,1739,0,1729
neg,1.1449450029995205,1739,0,1729
neg,1.1455403820000356,1739,0,1729
neg,1.1460898860004818,1739,0,1729
neg,1.1466975179992005,1739,0,1729
neg,1.1472661269999662,1739,0,1729
neg,1.1478365399998438,1739,0,1729
neg,1.1484476679997897,1739,0,1729
neg,1.1490141840004071,1739,0,1729
neg,1.1495857690006233,1739,0,1729
neg,1.150215362000381,1739,0,1729
neg,1.1508075450001343,1739,0,1729
neg,1.1513965319991257,1739,0,1729
neg,1.1519943460007198,1739,0,1729
neg,1.1525679440001113,1739,0,1729
neg,1.1532174040003156,1739,0,1729
neg,1.1538206179993722,1739,0,1729
neg,1.154462362999766,1739,0,1729
neg,1.1550597559999005,1739,0,1729
neg,1.1556457080005202,1739,0,1729
neg,1.1562364090004849,1739,0,1729
neg,1.1568064910006797,1739,0,1729
neg,1.157389666999734,1739,0,1729
neg,1.1579602300007537,1739,0,1729
neg,1.158564846000445,1739,0,1729
neg,1.159144687000662,1739,0,1729
neg,1.1597114319993125,1739,0,1729
neg,1.160321818999364,1739,0,1729
neg,1.1609136019997095,1739,0,1729
neg,1.161517456999718,1739,0,1729
neg,1.1620926180003153,1739,0,1729
neg,1.1626949000001332,1739,0,1729
neg,1.1632708329998422,1739,0,1729
neg,1.1638422279993392,1739,0,1729
neg,1.1644453610006167,1739,0,1729
neg,1.1650137599990558,1739,0,1729
neg,1.1655906949999917,1739,0,1729
neg,1.1662244660001306,1739,0,1729
neg,1.166813533000095,1739,0,1729
neg,1.1673931229997834,1739,0,1729
neg,1.1679661100006342,1739,0,1729
neg,1.168567331000304,1739,0,1729
neg,1.169143102999442,1739,0,1729
neg,1.1697113919999538,1739,0,1729
neg,1.1703182119999838,1739,0,1729
neg,1.1709249119994638,1739,0,1729
neg,1.1715187190002325,1739,0,1729
neg,1.1720870270000887,1739,0,1729
neg,1.172696231998998,1739,0,1729
neg,1.1732695899991086,1739,0,1729
neg,1.1738640780004062,1739,0,1729
neg,1.174517494999236,1739,0,1729
neg,1.1750854929996422,1739,0,1729
neg,1.175695590000032,1739,0,1729
neg,1.176265551999677,1739,0,1729
neg,1.176843758999894,1739,0,1729
neg,1.1774611689997982,1739,0,1729
neg,1.1780591629994888,1739,0,1729
neg,1.1786406459996215,1739,0,1729
neg,1.1792390209993755,1739,0,1729
neg,1.1798223780006083,1739,0,1729
neg,1.1804419519994553,1739,0,1729
neg,1.1810139680001157,1739,0,1729
neg,1.1815926960007346,1739,0,1729
neg,1.1822108369997295,1739,0,1729
neg,1.1828233790001832,1739,0,1729
neg,1.183447060000617,1739,0,1729
neg,1.1840197069996066,1739,0,1729
neg,1.1845858920005412,1739,0,1729
neg,1.185216997999305,1739,0,1729
neg,1.185817476000011,1739,0,1729
neg,1.1864435829993454,1739,0,1729
neg,1.1869873159994313,1739,0,1729
neg,1.1875674860002619,1739,0,1729
neg,1.188144060999548,1739,0,1729
neg,1.1887178899996798,1739,0,1729
neg,1.18931637499918,1739,0,1729
neg,1.1899153600006684,1739,0,1729
neg,1.1905156089997035,1739,0,1729
neg,1.1910864319997927,1739,0,1729
neg,1.1916946050005208,1739,0,1729
neg,1.1922647270002926,1739,0,1729
neg,1.1928361320005934,1739,0,1729
neg,1.1934411589991214,1739,0,1729
neg,1.1940195560000575,1739,0,1729
neg,1.194585150000421,1739,0,1729
neg,1.1952109359990573,1739,0,1729
neg,1.195808919999763,1739,0,1729
neg,1.1963951519992406,1739,0,1729
neg,1.1969603249999636,1739,0,1729
neg,1.1975662439999724,1739,0,1729
neg,1.198139681999237,1739,0,1729
neg,1.198710946000574,1739,0,1729
neg,1.1993164239993348,1739,0,1729
neg,1.199920850000126,1739,0,1729
