ramp,t,pos_raw,vel_raw,goal_raw
pos,1.0999974620062858e-07,1741,0,2412
pos,0.0010701729988795705,1741,0,2412
pos,0.0016538599993509706,1741,0,2412
pos,0.002234461999250925,1741,0,2412
pos,0.0028129889997217106,1741,0,2412
pos,0.0034114329992007697,1741,0,2412
pos,0.003990852999777417,1741,0,2412
pos,0.004554982999252388,1741,0,2412
pos,0.005161061999388039,1741,0,2412
pos,0.00573691499994311,1741,0,2412
pos,0.00636177799970028,1741,0,2412
pos,0.006961625998883392,1741,0,2412
pos,0.007554088999313535,1741,0,2412
pos,0.008159887000147137,1741,0,2412
pos,0.008733034999750089,1741,0,2412
pos,0.009356415999718593,1741,0,2412
pos,0.009933479999745032,1741,0,2412
pos,0.01053742499971122,1741,0,2412
pos,0.011121522999019362,1741,0,2412
pos,0.011849628999698325,1741,0,2412
pos,0.012439056999937748,1741,0,2412
pos,0.0130537919994822,1741,0,2412
pos,0.013651305000166758,1741,0,2412
pos,0.014233047999368864,1741,0,2412
pos,0.014804291999098496,1741,0,2412
pos,0.015435086999787018,1741,0,2412
pos,0.01605937000022095,1741,0,2412
pos,0.016654908999043982,1741,0,2412
pos,0.017292365999310277,1741,0,2412
pos,0.017857017999631353,1741,0,2412
pos,0.01842954399944574,1741,0,2412
pos,0.019060267999520875,1741,0,2412
pos,0.01965090900012001,1741,0,2412
pos,0.020232631999533623,1741,0,2412
pos,0.02080331499928434,1741,0,2412
pos,0.021409463999589207,1741,0,2412
pos,0.022053292999771656,1741,0,2412
pos,0.022650003998933244,1741,0,2412
pos,0.02323527400039893,1741,0,2412
pos,0.02383481099968776,1741,0,2412
pos,0.024408418999882997,1741,0,2412
pos,0.024982467999507207,1741,0,2412
pos,0.025553772000421304,1741,0,2412
pos,0.026159580000239657,1741,0,2412
pos,0.026730944999144413,1741,0,2412
pos,0.0273557679993246,1741,0,2412
pos,0.027933583998674294,1741,0,2412
pos,0.02853700800005754,1741,0,2412
pos,0.02910601799885626,1741,0,2412
pos,0.029680838999411208,1741,0,2412
pos,0.030284372998721665,1741,0,2412
pos,0.030860545999530586,1741,0,2412
pos,0.03143364300012763,1741,0,2412
pos,0.03205425899977854,1741,0,2412
pos,0.032649226999637904,1741,0,2412
pos,0.03323839400036377,1741,0,2412
pos,0.033810880999226356,1741,0,2412
pos,0.03440815300018585,1741,0,2412
pos,0.03498533799938741,1741,0,2412
pos,0.03555343599873595,1741,0,2412
pos,0.03615990599973884,1741,0,2412
pos,0.03673824299949047,1741,0,2412
pos,0.03735768600017764,1741,0,2412
pos,0.037933708999844384,1741,0,2412
pos,0.03853660200002196,1742,0,2412
pos,0.03911167299884255,1742,0,2412
pos,0.03968296699895291,1742,0,2412
pos,0.040288213998792344,1742,0,2412
pos,0.040861362000214285,1742,0,2412
pos,0.04145372499988298,1742,0,2412
pos,0.042053230999954394,1742,0,2412
pos,0.04264952199991967,1742,0,2412
pos,0.0432332789987413,1742,0,2412
pos,0.0438029099987034,1742,0,2412
pos,0.04441468000004534,1742,0,2412
pos,0.04498443099873839,1742,0,2412
pos,0.04555440199874283,1742,0,2412
pos,0.046160771998984274,1743,0,2412
pos,0.04673878799985687,1743,0,2412
pos,0.04735954399984621,1743,0,2412
pos,0.04793070800042187,1743,100,2412
pos,0.04853658600040944,1743,100,2412
pos,0.04911223799899744,1743,100,2412
pos,0.04967831300018588,1743,100,2412
pos,0.05028345999926387,1743,100,2412
pos,0.05086036399916338,1743,100,2412
pos,0.05142802199952712,1744,100,2412
pos,0.05205604099865013,1744,100,2412
pos,0.052649065999503364,1744,100,2412
pos,0.05323837299874867,1744,100,2412
pos,0.053810327999599394,1744,100,2412
pos,0.0544083419990784,1745,100,2412
pos,0.05498595799872419,1745,100,2412
pos,0.055558583999300026,1745,100,2412
pos,0.05615994399886404,1745,100,2412
pos,0.05673692900018068,1745,100,2412
pos,0.05735878700033936,1745,100,2412
pos,0.057953624998845044,1745,100,2412
pos,0.058552180000333465,1746,100,2412
pos,0.05915732699941145,1746,100,2412
pos,0.05973613499918429,1746,100,2412
pos,0.06035469699963869,1746,100,2412
pos,0.060899672000232385,1746,100,2412
pos,0.06148197599941341,1747,100,2412
pos,0.06205681699975685,1747,100,2412
pos,0.0626488399993832,1747,100,2412
pos,0.06323010199957935,1748,100,2412
pos,0.0638282359996083,1748,100,2412
pos,0.06441291499868385,1748,100,2412
pos,0.06497929000033764,1749,100,2412
pos,0.06555261799985601,1749,100,2412
pos,0.06615780500032997,1749,100,2412
pos,0.06676433499887935,1749,100,2412
pos,0.06736004399863305,1750,100,2412
pos,0.06795479199900001,1750,350,2412
pos,0.06855273499968462,1750,350,2412
pos,0.06916232099865738,1751,350,2412
pos,0.06973683999967761,1751,350,2412
pos,0.0703609129996039,1751,350,2412
pos,0.07093213699954504,1751,350,2412
pos,0.07153517000006104,1752,350,2412
pos,0.07213460599996324,1753,350,2412
pos,0.07272914399982255,1753,350,2412
pos,0.07336206199943263,1753,350,2412
pos,0.07393204399886599,1754,350,2412
pos,0.07453564800016466,1754,350,2412
pos,0.07510739299868874,1754,350,2412
pos,0.07567671299875656,1754,350,2412
pos,0.07630158699976164,1755,350,2412
pos,0.07689922999998089,1755,350,2412
pos,0.07747913999992306,1756,350,2412
pos,0.0780896969990863,1757,350,2412
pos,0.07869180899979256,1757,350,2412
pos,0.07931612199899973,1758,350,2412
pos,0.07989995899879432,1759,350,2412
pos,0.08048817399867403,1759,350,2412
pos,0.08108394400005636,1759,350,2412
pos,0.08165821299917297,1759,350,2412
pos,0.08228847699865582,1760,350,2412
pos,0.08285757699923124,1761,350,2412
pos,0.08343134599999757,1761,350,2412
pos,0.08405850399867631,1762,350,2412
pos,0.08464950399866211,1762,350,2412
pos,0.08522888399966178,1763,350,2412
pos,0.08580124999934924,1763,350,2412
pos,0.08640657700016163,1764,350,2412
pos,0.08698357199864404,1765,350,2412
pos,0.08757783799956087,1765,800,2412
pos,0.08815793899884738,1766,800,2412
pos,0.08873530399978335,1766,800,2412
pos,0.08936150999943493,1766,800,2412
pos,0.08992668300015794,1767,800,2412
pos,0.09053796099942701,1767,800,2412
pos,0.09110577899991767,1768,800,2412
pos,0.0916762809993088,1768,800,2412
pos,0.0922871689999738,1769,800,2412
pos,0.09285535799972422,1770,800,2412
pos,0.0934569979999651,1770,800,2412
pos,0.09405162499933795,1771,800,2412
pos,0.09465634200023487,1771,800,2412
pos,0.09528767799929483,1772,800,2412
pos,0.09585412199885468,1774,800,2412
pos,0.09645966999960365,1774,800,2412
pos,0.0970590369997808,1774,800,2412
pos,0.09764764299870876,1774,800,2412
pos,0.09823056799905316,1775,800,2412
pos,0.09880211299969233,1777,800,2412
pos,0.099412809999194,1777,800,2412
pos,0.09998400400036189,1778,800,2412
pos,0.10055052899951988,1778,800,2412
pos,0.10112930699870049,1779,800,2412
pos,0.10170207400005893,1780,800,2412
pos,0.10235703400030616,1780,800,2412
pos,0.10295526799927757,1781,800,2412
pos,0.10355103700021573,1781,800,2412
pos,0.1041566049989342,1782,800,2412
pos,0.10475811499964038,1784,800,2412
pos,0.10536118900017755,1784,800,2412
pos,0.10592996800005494,1785,800,2412
pos,0.10653473399906943,1785,800,2412
pos,0.10711067699958221,1787,800,2412
pos,0.10790352399999392,1788,1100,2412
pos,0.10848432499915361,1788,1100,2412
pos,0.10908658699918306,1789,1100,2412
pos,0.1096482829998422,1791,1100,2412
pos,0.11023885299982794,1791,1100,2412
pos,0.1108379489996878,1792,1100,2412
pos,0.11142693599867926,1792,1100,2412
pos,0.11205154900017078,1793,1100,2412
pos,0.11264717799895152,1794,1100,2412
pos,0.11322825099887268,1794,1100,2412
pos,0.11380075699889858,1796,1100,2412
pos,0.11440596399916103,1796,1100,2412
pos,0.11497814999893308,1797,1100,2412
pos,0.1155619969995314,1797,1100,2412
pos,0.11616321699875698,1799,1100,2412
pos,0.11672981199990318,1800,1100,2412
pos,0.11735464599951229,1800,1100,2412
pos,0.1179322019997926,1802,1100,2412
pos,0.11854902999948536,1802,1100,2412
pos,0.11914244499894266,1803,1100,2412
pos,0.11973200299871678,1805,1100,2412
pos,0.1203564869992988,1805,1100,2412
pos,0.121159030999479,1806,1100,2412
pos,0.12173566499950539,1808,1100,2412
pos,0.12235873600002378,1808,1100,2412
pos,0.12295302299935429,1810,1100,2412
pos,0.12620626100033405,1815,1100,2412
pos,0.12680894400000398,1817,1100,2412
pos,0.12742028199863853,1817,1500,2412
pos,0.12805495399879874,1818,1500,2412
pos,0.12865091399908124,1820,1500,2412
pos,0.1292277689990442,1820,1500,2412
pos,0.1298000150000007,1822,1500,2412
pos,0.1304070149999461,1822,1500,2412
pos,0.13097821900009876,1823,1500,2412
pos,0.1315505349994055,1825,1500,2412
pos,0.1321553910001967,1825,1500,2412
pos,0.13276124999902095,1827,1500,2412
pos,0.133352240000022,1827,1500,2412
pos,0.13392469700011134,1829,1500,2412
pos,0.13453500299874577,1831,1500,2412
pos,0.13510643699919456,1831,1500,2412
pos,0.13568263999877672,1833,1500,2412
pos,0.1362964039999497,1833,1500,2412
pos,0.1368829259990889,1835,1500,2412
pos,0.13748005799970997,1837,1500,2412
pos,0.13804978900043352,1837,1500,2412
pos,0.13864637999904517,1838,1500,2412
pos,0.1392272419998335,1838,1500,2412
pos,0.13979987899983826,1840,1500,2412
pos,0.14040498599933926,1842,1500,2412
pos,0.1409797559990693,1842,1500,2412
pos,0.14161080099984247,1845,1500,2412
pos,0.14218522099872644,1845,1500,2412
pos,0.14278452699909394,1846,1500,2412
pos,0.1433782929998415,1848,1500,2412
pos,0.14395467699978326,1848,1500,2412
pos,0.14458080300028087,1851,1500,2412
pos,0.14518225299980259,1851,1500,2412
pos,0.1457828120001068,1853,1500,2412
pos,0.14635683099913877,1855,1500,2412
pos,0.1469309499989322,1855,1500,2412
pos,0.1475064320002275,1857,1950,2412
pos,0.14810256199962168,1857,1950,2412
pos,0.14867408600002818,1860,1950,2412
pos,0.14927910299957148,1860,1950,2412
pos,0.14985720999902696,1862,1950,2412
pos,0.15044022599977325,1864,1950,2412
pos,0.15105624299940246,1864,1950,2412
pos,0.15164480899875343,1866,1950,2412
pos,0.15222832600011316,1866,1950,2412
pos,0.15280176399937773,1868,1950,2412
pos,0.15340353499959747,1870,1950,2412
pos,0.1539798880003218,1870,1950,2412
pos,0.15457960499952605,1873,1950,2412
pos,0.15515498700005992,1873,1950,2412
pos,0.15572890499970526,1875,1950,2412
pos,0.15635221599950455,1877,1950,2412
pos,0.15692795900031342,1877,1950,2412
pos,0.15753425799994147,1880,1950,2412
pos,0.1581088879993331,1880,1950,2412
pos,0.15867268799956946,1882,1950,2412
pos,0.15927796500000113,1884,1950,2412
pos,0.15985293599987926,1884,1950,2412
pos,0.1604243210003915,1886,1950,2412
pos,0.16105573599998024,1886,1950,2412
pos,0.16164489400034654,1889,1950,2412
pos,0.16222891100005654,1891,1950,2412
pos,0.16279894299987063,1891,1950,2412
pos,0.16340458099875832,1894,1950,2412
pos,0.16397755799880542,1894,1950,2412
pos,0.16454752999925404,1896,1950,2412
pos,0.16515256700040482,1896,1950,2412
pos,0.16572720699878118,1898,1950,2412
pos,0.16635839199989277,1901,1950,2412
pos,0.1669269109988818,1901,2300,2412
pos,0.16753247899941925,1903,2300,2412
pos,0.16810215999976208,1903,2300,2412
pos,0.16867238200029533,1906,2300,2412
pos,0.16928226799973345,1909,2300,2412
pos,0.1698503059997165,1909,2300,2412
pos,0.17044988199995714,1911,2300,2412
pos,0.17104900800040923,1911,2300,2412
pos,0.17164448699986679,1913,2300,2412
pos,0.17222685199885746,1916,2300,2412
pos,0.17282876299941563,1916,2300,2412
pos,0.1734268170002906,1918,2300,2412
pos,0.17404973699922266,1918,2300,2412
pos,0.1746475299987651,1921,2300,2412
pos,0.17522750999887649,1923,2300,2412
pos,0.17580514600012975,1923,2300,2412
pos,0.17640221799956635,1926,2300,2412
pos,0.1769744939992961,1926,2300,2412
pos,0.1775478319996182,1928,2300,2412
pos,0.17815382099979615,1931,2300,2412
pos,0.17873132599925157,1931,2300,2412
pos,0.1793508999999176,1934,2300,2412
pos,0.17992829499962681,1934,2300,2412
pos,0.18053346299893747,1936,2300,2412
pos,0.18112591600038286,1939,2300,2412
pos,0.18172425000011572,1939,2300,2412
pos,0.18235455399917555,1941,2300,2412
pos,0.18292698999903223,1941,2300,2412
pos,0.18353128600028867,1944,2300,2412
pos,0.18409923299986986,1946,2300,2412
pos,0.18464285600020958,1946,2300,2412
pos,0.1852246299986291,1949,2300,2412
pos,0.18579663499986054,1949,2300,2412
pos,0.18640348499866377,1952,2300,2412
pos,0.18695419100004074,1952,2600,2412
pos,0.18754678400000557,1955,2600,2412
pos,0.18815532799999346,1957,2600,2412
pos,0.18872491900037858,1957,2600,2412
pos,0.18935250699905737,1960,2600,2412
pos,0.18992260899904068,1960,2600,2412
pos,0.19053232499936712,1962,2600,2412
pos,0.19110907899994345,1965,2600,2412
pos,0.1916735199993127,1965,2600,2412
pos,0.1922985940000217,1968,2600,2412
pos,0.19289415299863322,1968,2600,2412
pos,0.19347528599973884,1971,2600,2412
pos,0.19407415099885839,1973,2600,2412
pos,0.194676963999882,1973,2600,2412
pos,0.1952923999997438,1976,2600,2412
pos,0.1958795239988831,1976,2600,2412
pos,0.19647891000022355,1979,2600,2412
pos,0.197078375998899,1981,2600,2412
pos,0.19767894500000693,1981,2600,2412
pos,0.19828573499944468,1984,2600,2412
pos,0.1988563279992377,1984,2600,2412
pos,0.19942346399875532,1987,2600,2412
pos,0.20004802699986612,1990,2600,2412
pos,0.20064550999995845,1990,2600,2412
pos,0.201229426998907,1992,2600,2412
pos,0.20181145199967432,1992,2600,2412
pos,0.20240902499972435,1995,2600,2412
pos,0.20297557999947458,1998,2600,2412
pos,0.20354737500019837,1998,2600,2412
pos,0.204157791000398,2000,2600,2412
pos,0.20472639000035997,2000,2600,2412
pos,0.205356843998743,2003,2600,2412
pos,0.2059491979998711,2006,2600,2412
pos,0.2065481429999636,2006,2700,2412
pos,0.20715823899990937,2009,2700,2412
pos,0.20773232899955474,2009,2700,2412
pos,0.20835265399909986,2011,2700,2412
pos,0.20892270599870244,2014,2700,2412
pos,0.2095311289995152,2014,2700,2412
pos,0.21010358499916038,2016,2700,2412
pos,0.21067193399903772,2016,2700,2412
pos,0.2112818799996603,2019,2700,2412
pos,0.21185157099898788,2022,2700,2412
pos,0.2124232349997328,2022,2700,2412
pos,0.21305119499993452,2025,2700,2412
pos,0.2136441789989476,2025,2700,2412
pos,0.21422865800013824,2028,2700,2412
pos,0.21479861899933894,2031,2700,2412
pos,0.21542057799888426,2031,2700,2412
pos,0.2160568429990235,2033,2700,2412
pos,0.21664439699998184,2033,2700,2412
pos,0.2172291259994381,2036,2700,2412
pos,0.2178033250002045,2039,2700,2412
pos,0.21840762099964195,2039,2700,2412
pos,0.21898054799930833,2042,2700,2412
pos,0.2195479139991221,2042,2700,2412
pos,0.2201574199989409,2044,2700,2412
pos,0.22072447599930456,2044,2700,2412
pos,0.22134972999992897,2046,2700,2412
pos,0.22192220599936263,2048,2700,2412
pos,0.22253107100004854,2048,2700,2412
pos,0.22310661299889034,2049,2700,2412
pos,0.22367215600024792,2049,2700,2412
pos,0.22428181099894573,2051,2700,2412
pos,0.22485274499922525,2053,2700,2412
pos,0.2254269339991879,2053,2700,2412
pos,0.22605161699902965,2055,2700,2412
pos,0.22664306899969233,2055,2450,2412
pos,0.2272484559998702,2058,2450,2412
pos,0.2278005239986669,2061,2450,2412
pos,0.22840905799967004,2061,2450,2412
pos,0.22897825799918792,2064,2450,2412
pos,0.229547527998875,2064,2450,2412
pos,0.2301537269995606,2066,2450,2412
pos,0.23075640000024578,2069,2450,2412
pos,0.2313514679990476,2069,2450,2412
pos,0.23192253199886181,2072,2450,2412
pos,0.2325314059999073,2072,2450,2412
pos,0.23310202799984836,2075,2450,2412
pos,0.23367347299972607,2078,2450,2412
pos,0.23427884000011545,2078,2450,2412
pos,0.23485016399899905,2081,2450,2412
pos,0.23540290299933986,2081,2450,2412
pos,0.23598146099902806,2084,2450,2412
pos,0.23654667399932805,2084,2450,2412
pos,0.23715292300039437,2087,2450,2412
pos,0.237756245998753,2090,2450,2412
pos,0.23835719599992444,2090,2450,2412
pos,0.23892235799939954,2093,2450,2412
pos,0.2395313429988164,2093,2450,2412
pos,0.24010647300019627,2096,2450,2412
pos,0.24067199700039055,2098,2450,2412
pos,0.24128361600014614,2098,2450,2412
pos,0.24185295600000245,2101,2450,2412
pos,0.24242441000023973,2101,2450,2412
pos,0.24304764099906606,2104,2450,2412
pos,0.24364712799979316,2107,2450,2412
pos,0.2442250439999043,2107,2450,2412
pos,0.24479726000026858,2110,2450,2412
pos,0.2454068749993894,2110,2450,2412
pos,0.2459741419988859,2113,2450,2412
pos,0.24654730899965216,2116,2900,2412
pos,0.24715825699968264,2116,2900,2412
pos,0.2477294210002583,2119,2900,2412
pos,0.24834917499902076,2119,2900,2412
pos,0.24892962599915336,2121,2900,2412
pos,0.24953094599914039,2124,2900,2412
pos,0.2501006969996524,2124,2900,2412
pos,0.2506768399998691,2126,2900,2412
pos,0.25128280900025857,2126,2900,2412
pos,0.2518489630001568,2129,2900,2412
pos,0.25242286199863884,2129,2900,2412
pos,0.25304714499907277,2132,2900,2412
pos,0.2536434249996091,2135,2900,2412
pos,0.25423305299955246,2135,2900,2412
pos,0.25483383199934906,2138,2900,2412
pos,0.25540455499867676,2138,2900,2412
pos,0.25597936600024696,2140,2900,2412
pos,0.2565475939991302,2142,2900,2412
pos,0.2571528819989908,2142,2900,2412
pos,0.25772482699903776,2145,2900,2412
pos,0.2583494399987103,2145,2900,2412
pos,0.2589251619992865,2148,2900,2412
pos,0.2595311209988722,2151,2900,2412
pos,0.2601076249993639,2151,2900,2412
pos,0.26067130400042515,2153,2900,2412
pos,0.26127781399918604,2153,2900,2412
pos,0.26185269499910646,2156,2900,2412
pos,0.2624222449994704,2158,2900,2412
pos,0.2630551539987209,2158,2900,2412
pos,0.2636458839988336,2161,2900,2412
pos,0.2642309539987764,2161,2900,2412
pos,0.2647970380003244,2164,2900,2412
pos,0.26540251599908515,2166,2900,2412
pos,0.26604650499939453,2166,2900,2412
pos,0.26664456899925426,2169,2650,2412
pos,0.2672250699997676,2169,2650,2412
pos,0.26779674499994144,2172,2650,2412
pos,0.26840328499929456,2174,2650,2412
pos,0.26897516999997606,2174,2650,2412
pos,0.2695571040003415,2177,2650,2412
pos,0.27015249199939717,2177,2650,2412
pos,0.27072765400043863,2179,2650,2412
pos,0.2713223509999807,2179,2650,2412
pos,0.2719295119986782,2182,2650,2412
pos,0.2725297300003149,2185,2650,2412
pos,0.27309968099871185,2185,2650,2412
pos,0.2736723580001126,2187,2650,2412
pos,0.27430086899948947,2187,2650,2412
pos,0.27489363299901015,2190,2650,2412
pos,0.27547374299865623,2192,2650,2412
pos,0.27607336999972176,2192,2650,2412
pos,0.27664736899896525,2195,2650,2412
pos,0.2772289919994364,2195,2650,2412
pos,0.277796569000202,2197,2650,2412
pos,0.2783809270003985,2199,2650,2412
pos,0.27895593799985363,2199,2650,2412
pos,0.27957378899918695,2202,2650,2412
pos,0.28015185599906545,2202,2650,2412
pos,0.2807251639987953,2205,2650,2412
pos,0.28135088899944094,2207,2650,2412
pos,0.28192060999936075,2207,2650,2412
pos,0.28253044600023713,2209,2650,2412
pos,0.2830992549988878,2209,2650,2412
pos,0.28367362499921,2211,2650,2412
pos,0.28427730899966264,2214,2650,2412
pos,0.28485046700006933,2214,2650,2412
pos,0.2854216699997778,2216,2650,2412
pos,0.28604584299864655,2216,2450,2412
pos,0.28664202300024044,2218,2450,2412
pos,0.28722894599923166,2221,2450,2412
pos,0.2877953110000817,2221,2450,2412
pos,0.28840093899998465,2223,2450,2412
pos,0.28895209599977534,2223,2450,2412
pos,0.28954620199874626,2225,2450,2412
pos,0.2901522409993049,2225,2450,2412
pos,0.2907232839988865,2228,2450,2412
pos,0.29135183499965933,2230,2450,2412
pos,0.2919494779998786,2230,2450,2412
pos,0.2925457080000342,2232,2450,2412
pos,0.2931565959988802,2232,2450,2412
pos,0.29372772999886365,2234,2450,2412
pos,0.2943485559990222,2236,2450,2412
pos,0.29492784499962,2236,2450,2412
pos,0.2955294259991206,2238,2450,2412
pos,0.2961248939991492,2238,2450,2412
pos,0.29667040099957376,2240,2450,2412
pos,0.29727590800030157,2242,2450,2412
pos,0.29784854500030633,2242,2450,2412
pos,0.2984462179992988,2245,2450,2412
pos,0.2990520160001324,2245,2450,2412
pos,0.2996511119999923,2247,2450,2412
pos,0.3002826179999829,2249,2450,2412
pos,0.30084780099969066,2249,2450,2412
pos,0.301421168998786,2251,2450,2412
pos,0.3020496989993262,2251,2450,2412
pos,0.30264181199891027,2253,2450,2412
pos,0.3032233149988315,2256,2450,2412
pos,0.30382673900021473,2256,2450,2412
pos,0.30442056500032777,2258,2450,2412
pos,0.30504953600029694,2258,2450,2412
pos,0.3056455959995219,2259,2450,2412
pos,0.30622303199925227,2259,2050,2412
pos,0.30682476199945086,2259,2050,2412
pos,0.3073999839998578,2260,2050,2412
pos,0.30797789999996894,2260,2050,2412
pos,0.3085452670002269,2260,2050,2412
pos,0.3091268299995136,2262,2050,2412
pos,0.3096696209995571,2262,2050,2412
pos,0.31027480800003104,2264,2050,2412
pos,0.310850940999444,2264,2050,2412
pos,0.3114240979994065,2266,2050,2412
pos,0.31205980199956684,2268,2050,2412
pos,0.3126416960003553,2268,2050,2412
pos,0.3132239610004035,2270,2050,2412
pos,0.31379491400002735,2270,2050,2412
pos,0.31440142300016305,2272,2050,2412
pos,0.3149724769991735,2272,2050,2412
pos,0.31561970300026587,2274,2050,2412
pos,0.3162279349999153,2276,2050,2412
pos,0.31679643399911583,2276,2050,2412
pos,0.3174105279995274,2278,2050,2412
pos,0.31805099099983636,2280,2050,2412
pos,0.31864522700016096,2280,2050,2412
pos,0.319229054999596,2282,2050,2412
pos,0.31980314399879717,2282,2050,2412
pos,0.3204067179995036,2285,2050,2412
pos,0.3209772399986832,2287,2050,2412
pos,0.3215450879997661,2287,2050,2412
pos,0.3221555050004099,2289,2050,2412
pos,0.3227247249997163,2289,2050,2412
pos,0.3233508809989871,2292,2050,2412
pos,0.32391963099871646,2294,2050,2412
pos,0.3245293859999947,2294,2050,2412
pos,0.32510525900033826,2296,2050,2412
pos,0.3257000869998592,2296,1950,2412
pos,0.3263549459989008,2298,1950,2412
pos,0.3269220519996452,2299,1950,2412
pos,0.3275271389993577,2299,1950,2412
pos,0.32812925100006396,2300,1950,2412
pos,0.3287274249996699,2300,1950,2412
pos,0.3293511159990885,2301,1950,2412
pos,0.3299203070000658,2301,1950,2412
pos,0.33052950099954614,2301,1950,2412
pos,0.3310977789988101,2302,1950,2412
pos,0.3316695739995339,2302,1950,2412
pos,0.33227879900005064,2303,1950,2412
pos,0.33284899099999166,2303,1950,2412
pos,0.3334239220002928,2304,1950,2412
pos,0.33404471799985913,2305,1950,2412
pos,0.3346429819994228,2305,1950,2412
pos,0.33522381399961887,2307,1950,2412
pos,0.3359754939992854,2308,1950,2412
pos,0.33657702500022424,2308,1950,2412
pos,0.3371527069994045,2310,1950,2412
pos,0.3377483559997927,2310,1950,2412
pos,0.33835124899997027,2311,1950,2412
pos,0.33891950699944573,2312,1950,2412
pos,0.33952868199958175,2312,1950,2412
pos,0.34007085200028087,2313,1950,2412
pos,0.340669576999062,2313,1950,2412
pos,0.34127920199898654,2314,1950,2412
pos,0.34185187900038727,2315,1950,2412
pos,0.3424197969998204,2315,1950,2412
pos,0.343048867998732,2316,1950,2412
pos,0.3436417419998179,2316,1950,2412
pos,0.34422203299982357,2317,1950,2412
pos,0.34477815900027053,2319,1950,2412
pos,0.34534731900021143,2319,1950,2412
pos,0.34591967499909515,2320,1100,2412
pos,0.3465281879998656,2320,1100,2412
pos,0.34709742899940466,2321,1100,2412
pos,0.3476766769999813,2321,1100,2412
pos,0.348279210000328,2323,1100,2412
pos,0.34885250699881,2324,1100,2412
pos,0.3494511720000446,2324,1100,2412
pos,0.35004821399888897,2325,1100,2412
pos,0.3506412589995307,2325,1100,2412
pos,0.35122493599919835,2326,1100,2412
pos,0.3517985939997743,2328,1100,2412
pos,0.3524001049991057,2328,1100,2412
pos,0.3529785520004225,2330,1100,2412
pos,0.35354417599955923,2330,1100,2412
pos,0.35415247899982205,2331,1100,2412
pos,0.3547481579989835,2331,1100,2412
pos,0.3553468729987799,2331,1100,2412
pos,0.355952611000248,2331,1100,2412
pos,0.35654414300006465,2331,1100,2412
pos,0.35713204799867526,2331,1100,2412
pos,0.35772606399950746,2331,1100,2412
pos,0.35834662999877764,2331,1100,2412
pos,0.35892554800011567,2332,1100,2412
pos,0.3595271189988125,2332,1100,2412
pos,0.3601226279988623,2332,1100,2412
pos,0.3607217339995259,2333,1100,2412
pos,0.3613470580003195,2333,1100,2412
pos,0.36191875300028187,2335,1100,2412
pos,0.3625289800002065,2335,1100,2412
pos,0.3630969069999992,2336,1100,2412
pos,0.36366889300006733,2337,1100,2412
pos,0.3642748309994204,2337,1100,2412
pos,0.36484773799929826,2337,1100,2412
pos,0.36541855100040266,2337,900,2412
pos,0.36604400599935616,2338,900,2412
pos,0.3666399060002732,2339,900,2412
pos,0.36722583699884126,2339,900,2412
pos,0.3677939350000088,2340,900,2412
pos,0.36839908299953095,2340,900,2412
pos,0.3689714889987954,2341,900,2412
pos,0.36954407499979425,2341,900,2412
pos,0.37015152599997236,2342,900,2412
pos,0.3707233509994694,2343,900,2412
pos,0.37135321499954443,2343,900,2412
pos,0.3719257809989358,2344,900,2412
pos,0.37252715099930356,2344,900,2412
pos,0.3731017409991182,2344,900,2412
pos,0.3736687669988896,2345,900,2412
pos,0.37429612599953543,2345,900,2412
pos,0.3748909440000716,2345,900,2412
pos,0.3754787279995071,2345,900,2412
pos,0.3760472670001036,2346,900,2412
pos,0.37664880699958303,2347,900,2412
pos,0.377293378000104,2347,900,2412
pos,0.37789131099998485,2347,900,2412
pos,0.3784708009989117,2347,900,2412
pos,0.37904915800027084,2348,900,2412
pos,0.37964025899964327,2348,900,2412
pos,0.38022374600041076,2348,900,2412
pos,0.38079316599942103,2349,900,2412
pos,0.38140289199873223,2349,900,2412
pos,0.381974325999181,2350,900,2412
pos,0.3825432159992488,2350,900,2412
pos,0.38314925499980745,2350,900,2412
pos,0.3837283729990304,2351,900,2412
pos,0.38434739599870227,2351,900,2412
pos,0.38494977799928165,2351,900,2412
pos,0.3855538930001785,2352,700,2412
pos,0.38614975299969956,2352,700,2412
pos,0.38672733800012793,2352,700,2412
pos,0.38734655199914414,2352,700,2412
pos,0.38792519900016487,2353,700,2412
pos,0.38852709099955973,2353,700,2412
pos,0.38909643099941604,2353,700,2412
pos,0.3896959069988952,2354,700,2412
pos,0.3903462889993534,2354,700,2412
pos,0.3909211989994219,2354,700,2412
pos,0.39152680699953635,2354,700,2412
pos,0.39212725600009435,2354,700,2412
pos,0.3927228649990866,2355,700,2412
pos,0.39335187599863275,2355,700,2412
pos,0.39391850199899636,2356,700,2412
pos,0.39452713599894196,2356,700,2412
pos,0.3950948729998345,2356,700,2412
pos,0.3956686620003893,2357,700,2412
pos,0.396273577998727,2357,700,2412
pos,0.3968449519998103,2357,700,2412
pos,0.39742280899918114,2358,700,2412
pos,0.3980432939988532,2358,700,2412
pos,0.3986498539998138,2358,700,2412
pos,0.39927915599946573,2358,700,2412
pos,0.39984489000016765,2359,700,2412
pos,0.4004211829997075,2359,700,2412
pos,0.40104204999988724,2359,700,2412
pos,0.40164588399966306,2359,700,2412
pos,0.4022210349994566,2359,700,2412
pos,0.4027926299986575,2360,700,2412
pos,0.4033985379992373,2360,700,2412
pos,0.40397099499932665,2360,700,2412
pos,0.4045429799989506,2361,700,2412
pos,0.4051480170001014,2361,450,2412
pos,0.405724360000022,2361,450,2412
pos,0.4063488729989331,2362,450,2412
pos,0.4069438419992366,2362,450,2412
pos,0.40754330799973104,2362,450,2412
pos,0.4081483649988513,2362,450,2412
pos,0.4087206709991733,2362,450,2412
pos,0.4093465659989306,2363,450,2412
pos,0.40991698899961193,2363,450,2412
pos,0.4104957370000193,2363,450,2412
pos,0.41110079399913957,2363,450,2412
pos,0.4116666879999684,2364,450,2412
pos,0.4122724360004213,2364,450,2412
pos,0.41287066000040795,2364,450,2412
pos,0.41341743799966935,2365,450,2412
pos,0.41404184099883423,2365,450,2412
pos,0.41463799200028006,2365,450,2412
pos,0.41521921399908024,2365,450,2412
pos,0.4158533150002768,2365,450,2412
pos,0.4164186879988847,2366,450,2412
pos,0.4170476689996576,2366,450,2412
pos,0.41763953199915704,2366,450,2412
pos,0.4182199930000934,2366,450,2412
pos,0.41886165799951414,2366,450,2412
pos,0.4194450249997317,2367,450,2412
pos,0.42004846799864026,2367,450,2412
pos,0.42064063100042404,2367,450,2412
pos,0.42122044099960476,2367,450,2412
pos,0.42179985099937767,2367,450,2412
pos,0.4223981550003373,2368,450,2412
pos,0.4229694789992209,2368,450,2412
pos,0.4235428669999237,2368,450,2412
pos,0.42415384499872744,2368,450,2412
pos,0.4247227539999585,2368,450,2412
pos,0.42534469299971533,2369,400,2412
pos,0.42594801599989296,2369,400,2412
pos,0.42654243299875816,2369,400,2412
pos,0.42714655899908394,2369,400,2412
pos,0.42772147899995616,2369,400,2412
pos,0.42835022100007336,2370,400,2412
pos,0.42894532900027116,2370,400,2412
pos,0.4295430820002366,2370,400,2412
pos,0.43014685699927213,2371,400,2412
pos,0.43072253900027135,2371,400,2412
pos,0.4313469720000285,2371,400,2412
pos,0.4319239460000972,2371,400,2412
pos,0.43252607799877296,2371,400,2412
pos,0.4331207449995418,2371,400,2412
pos,0.43366754399903584,2371,400,2412
pos,0.43427321200033475,2372,400,2412
pos,0.4349798080002074,2372,400,2412
pos,0.4355432270003803,2372,400,2412
pos,0.43615343399869744,2372,400,2412
pos,0.43674631799876806,2372,400,2412
pos,0.4373493809998763,2373,400,2412
pos,0.4379203949993098,2373,400,2412
pos,0.4385266239987686,2373,400,2412
pos,0.4391026269986469,2373,400,2412
pos,0.4396717269992223,2373,400,2412
pos,0.4402927129995078,2373,400,2412
pos,0.44088866299898655,2373,400,2412
pos,0.441472229998908,2374,400,2412
pos,0.4420746119994874,2374,400,2412
pos,0.44266692499877536,2374,400,2412
pos,0.443271330999778,2374,400,2412
pos,0.4438484860002063,2374,400,2412
pos,0.4444432729997061,2374,400,2412
pos,0.4450419889999466,2375,300,2412
pos,0.44563714699870616,2375,300,2412
pos,0.44622520200027793,2375,300,2412
pos,0.44679208799971093,2375,300,2412
pos,0.447397074998662,2375,300,2412
pos,0.447968538999703,2375,300,2412
pos,0.4485413160000462,2375,300,2412
pos,0.4491464829989127,2376,300,2412
pos,0.4497242790002929,2376,300,2412
pos,0.4503482609998173,2376,300,2412
pos,0.4509418670004379,2376,300,2412
pos,0.4515432469997904,2376,300,2412
pos,0.45227314600015234,2376,300,2412
pos,0.45284815699960745,2376,300,2412
pos,0.45342100400011986,2377,300,2412
pos,0.4540421809997497,2377,300,2412
pos,0.4546397939993767,2377,300,2412
pos,0.4552201749993401,2377,300,2412
pos,0.455818749998798,2377,300,2412
pos,0.45639843000026303,2377,300,2412
pos,0.45697207800003525,2377,300,2412
pos,0.45754730899898277,2377,300,2412
pos,0.45812316199953784,2377,300,2412
pos,0.458726464999927,2377,300,2412
pos,0.4593439660002332,2378,300,2412
pos,0.45994229999996605,2378,300,2412
pos,0.4605415959995298,2378,300,2412
pos,0.4611479249997501,2378,300,2412
pos,0.46172396799920534,2378,300,2412
pos,0.46234445399932156,2378,300,2412
pos,0.4629421869994985,2378,300,2412
pos,0.46354125299876614,2378,300,2412
pos,0.464145768999515,2379,300,2412
pos,0.46475226799884695,2379,200,2412
pos,0.46535122400018736,2379,200,2412
pos,0.465922829000192,2379,200,2412
pos,0.4665245590003906,2379,200,2412
pos,0.4670939299994643,2379,200,2412
pos,0.46766895099972317,2379,200,2412
pos,0.468277253999986,2379,200,2412
pos,0.46884585299994797,2379,200,2412
pos,0.4694448480004212,2379,200,2412
pos,0.4700448459989275,2379,200,2412
pos,0.47064133700041566,2379,200,2412
pos,0.47121964399957506,2379,200,2412
pos,0.47182367899949895,2380,200,2412
pos,0.47241622299952724,2380,200,2412
pos,0.4730468170000677,2380,200,2412
pos,0.47363792800024385,2380,200,2412
pos,0.47422404999997525,2380,200,2412
pos,0.47479111599932367,2380,200,2412
pos,0.47539662399867666,2380,200,2412
pos,0.4759686289999081,2380,200,2412
pos,0.47654029299883405,2380,200,2412
pos,0.4771517720000702,2381,200,2412
pos,0.47772577199975785,2381,200,2412
pos,0.4783432519998314,2381,200,2412
pos,0.47894162599914125,2381,200,2412
pos,0.47953982000035467,2381,200,2412
pos,0.48014702099862916,2381,200,2412
pos,0.48074460399948293,2381,200,2412
pos,0.48134581399972376,2381,200,2412
pos,0.48191515399958007,2381,200,2412
pos,0.4825254909992509,2381,200,2412
pos,0.4830925269998261,2382,200,2412
pos,0.4836737899986474,2382,200,2412
pos,0.48427727399939613,2382,200,2412
pos,0.48484293699948466,2382,150,2412
pos,0.48541573399961635,2382,150,2412
pos,0.4860471100000723,2382,150,2412
pos,0.48664569500033394,2382,150,2412
pos,0.48728062699956354,2382,150,2412
pos,0.48787759900005767,2383,150,2412
pos,0.4884744809987751,2383,150,2412
pos,0.48906903799979773,2383,150,2412
pos,0.4896378180001193,2383,150,2412
pos,0.4902234179990046,2383,150,2412
pos,0.49079827899913653,2383,150,2412
pos,0.4913968639993982,2383,150,2412
pos,0.49196743599895854,2383,150,2412
pos,0.4925410349987942,2383,150,2412
pos,0.4931466729995009,2383,150,2412
pos,0.49371803699978045,2383,150,2412
pos,0.49431618099879415,2383,150,2412
pos,0.4948988559990539,2383,150,2412
pos,0.49546744500003115,2383,150,2412
pos,0.4960453410003538,2384,150,2412
pos,0.4966452989992831,2384,150,2412
pos,0.4972953590004181,2384,150,2412
pos,0.4978867709996848,2384,150,2412
pos,0.49846745299873874,2384,150,2412
pos,0.4990720789992338,2384,150,2412
pos,0.49966884999957983,2384,150,2412
pos,0.50029610799902,2384,150,2412
pos,0.5008866979987943,2384,150,2412
pos,0.5014731809988007,2384,150,2412
pos,0.5020677579996118,2385,150,2412
pos,0.502638500998728,2385,150,2412
pos,0.5032253039989882,2385,150,2412
pos,0.5038155729998834,2385,150,2412
pos,0.5044220629988558,2385,150,2412
pos,0.505048449998867,2385,150,2412
pos,0.5056368650002696,2385,150,2412
pos,0.5062178669995774,2385,150,2412
pos,0.5067894120002165,2385,150,2412
pos,0.5073954809995485,2385,150,2412
pos,0.5079666450001241,2385,150,2412
pos,0.5085400730004039,2385,150,2412
pos,0.5091476939996937,2385,150,2412
pos,0.5097190180003963,2385,150,2412
pos,0.5103468179986521,2385,150,2412
pos,0.5109142849996715,2385,150,2412
pos,0.5115230779992999,2385,150,2412
pos,0.512093940998966,2385,150,2412
pos,0.5126722490003885,2385,150,2412
pos,0.5132758130002912,2385,150,2412
pos,0.5138442409988784,2385,150,2412
pos,0.5144210959988413,2386,150,2412
pos,0.5150390669987246,2386,150,2412
pos,0.5156535309997707,2386,150,2412
pos,0.5162715119986387,2386,150,2412
pos,0.5168442189988127,2386,150,2412
pos,0.5174290579998342,2386,150,2412
pos,0.5180459069997596,2386,150,2412
pos,0.5186364569999569,2386,150,2412
pos,0.5192173889990954,2386,150,2412
pos,0.5198178169994208,2386,150,2412
pos,0.5203994599996804,2386,150,2412
pos,0.5209788289994322,2386,150,2412
pos,0.5215400950000912,2386,150,2412
pos,0.5221472159992118,2386,150,2412
pos,0.5227439769987541,2387,150,2412
pos,0.5233426119993965,2387,150,2412
pos,0.5239198870003747,2387,150,2412
pos,0.5245231310000236,2387,100,2412
pos,0.5250964179995208,2387,100,2412
pos,0.5256639349991019,2387,100,2412
pos,0.5262707250003587,2387,100,2412
pos,0.5268460669994965,2387,100,2412
pos,0.5274143959995854,2387,100,2412
pos,0.5280394499986869,2387,100,2412
pos,0.5286355099997309,2387,100,2412
pos,0.5292210499992507,2387,100,2412
pos,0.5297895690000587,2387,100,2412
pos,0.5303941549991578,2387,100,2412
pos,0.5309679139991204,2387,100,2412
pos,0.5316000009988784,2387,100,2412
pos,0.5321707639996021,2387,100,2412
pos,0.5327727949988912,2387,100,2412
pos,0.5333710499999142,2387,100,2412
pos,0.5339150029994926,2387,100,2412
pos,0.5345228149999457,2387,100,2412
pos,0.5350924659996963,2387,100,2412
pos,0.5356637400000182,2387,100,2412
pos,0.5362693280003441,2387,100,2412
pos,0.5368426160002855,2387,100,2412
pos,0.5374214139992546,2387,100,2412
pos,0.5380437719995825,2387,100,2412
pos,0.5386397019992728,2387,100,2412
pos,0.5392190209986438,2387,100,2412
pos,0.5397893839999597,2387,100,2412
pos,0.5403994699991017,2387,100,2412
pos,0.5410412149994954,2387,100,2412
pos,0.541635382000095,2388,100,2412
pos,0.5422178970002278,2388,100,2412
pos,0.5427896620003594,2388,100,2412
pos,0.5433962719998817,2388,100,2412
pos,0.5439735969994217,2388,50,2412
pos,0.5445394409998698,2388,50,2412
pos,0.5451494970002386,2388,50,2412
pos,0.5457481419998658,2388,50,2412
pos,0.5463443019998522,2388,50,2412
pos,0.54693941000005,2388,50,2412
pos,0.5475945509988378,2388,50,2412
pos,0.5481659149991174,2388,50,2412
pos,0.5487716930001625,2388,50,2412
pos,0.5493680439994932,2388,50,2412
pos,0.5499132889999601,2388,50,2412
pos,0.5505211609997787,2388,50,2412
pos,0.5510939279993181,2388,50,2412
pos,0.5516636699994706,2388,50,2412
pos,0.5522714519993315,2388,50,2412
pos,0.5528431659986381,2388,50,2412
pos,0.5534209919987916,2388,50,2412
pos,0.5540430009987176,2388,50,2412
pos,0.5546351140001207,2388,50,2412
pos,0.5552181699986249,2388,50,2412
pos,0.555796205999286,2388,50,2412
pos,0.5563944400000764,2388,50,2412
pos,0.5569702929988125,2388,50,2412
pos,0.5575388019988168,2388,50,2412
pos,0.5581491590000951,2388,50,2412
pos,0.558715402999951,2388,50,2412
pos,0.5593434929996874,2388,50,2412
pos,0.5599209579995659,2388,50,2412
pos,0.5605241719986225,2388,50,2412
pos,0.5611236289987573,2388,50,2412
pos,0.561662621999858,2388,50,2412
pos,0.5622733799991693,2388,50,2412
pos,0.562845294998624,2388,50,2412
pos,0.563439641999139,2388,50,2412
pos,0.5640394989986817,2388,0,2412
pos,0.5646342370000639,2388,0,2412
pos,0.5652151289996254,2388,0,2412
pos,0.5657872939991648,2388,0,2412
pos,0.5663926420002099,2388,0,2412
pos,0.5669651979987975,2388,0,2412
pos,0.567592285999126,2388,0,2412
pos,0.5681692010002735,2388,0,2412
pos,0.5687734160001128,2388,0,2412
pos,0.5693661799996335,2388,0,2412
pos,0.5699172869990434,2388,0,2412
pos,0.570521411998925,2388,0,2412
pos,0.5710905109990563,2388,0,2412
pos,0.5716629879989341,2388,0,2412
pos,0.5722721820002334,2388,0,2412
pos,0.5728715289988031,2388,0,2412
pos,0.5734135579987196,2388,0,2412
pos,0.5740374099987093,2388,0,2412
pos,0.5746344919989497,2388,0,2412
pos,0.5752159749990824,2388,0,2412
pos,0.5757885919992987,2388,0,2412
pos,0.5763936289986304,2388,0,2412
pos,0.5770423069989192,2388,0,2412
pos,0.5776354409990745,2388,0,2412
pos,0.57821554200018,2388,0,2412
pos,0.578819016000125,2388,0,2412
pos,0.5793933759996435,2388,0,2412
pos,0.5799654509992251,2388,0,2412
pos,0.5805377069991664,2388,0,2412
pos,0.5811452779998945,2388,0,2412
pos,0.5817164820000471,2388,0,2412
pos,0.5823454839992337,2388,0,2412
pos,0.5829126400003588,2388,0,2412
pos,0.5835216939995007,2388,0,2412
pos,0.584122963999107,2388,0,2412
pos,0.5846653839998908,2388,0,2412
pos,0.585272995998821,2388,0,2412
pos,0.5858393509988673,2388,0,2412
pos,0.5864174179987458,2388,0,2412
pos,0.5870411289997719,2389,0,2412
pos,0.5876430499993148,2389,0,2412
pos,0.588293191000048,2389,0,2412
pos,0.5888844419987436,2389,0,2412
pos,0.5894380429999728,2389,0,2412
pos,0.5900415479991352,2389,0,2412
pos,0.5906329389999883,2389,0,2412
pos,0.5912200719994871,2389,0,2412
pos,0.5917868279993854,2389,0,2412
pos,0.5923984170003678,2389,0,2412
pos,0.5929701819986803,2389,0,2412
pos,0.5935654909990262,2389,0,2412
pos,0.5941444090003642,2389,0,2412
pos,0.5947141500000726,2389,0,2412
pos,0.5953437030002533,2389,0,2412
pos,0.5959205969993491,2389,0,2412
pos,0.5965225679992727,2389,0,2412
pos,0.5970890230000805,2389,0,2412
pos,0.5976624009999796,2389,0,2412
pos,0.5982874450000963,2389,0,2412
pos,0.5988844469993637,2389,0,2412
pos,0.5994650590000674,2389,0,2412
pos,0.600042283998846,2389,0,2412
pos,0.6006371519997629,2389,0,2412
pos,0.6012161999988166,2389,0,2412
pos,0.6017866829988634,2389,0,2412
pos,0.6023977109998668,2389,0,2412
pos,0.6029650469990884,2389,0,2412
pos,0.6035373630002141,2389,50,2412
pos,0.604147178999483,2389,50,2412
pos,0.6047148359994026,2389,50,2412
pos,0.6053449800001545,2389,50,2412
pos,0.6059116449996509,2389,50,2412
pos,0.6065203289999772,2389,50,2412
pos,0.6070969829997921,2389,50,2412
pos,0.6076616749996901,2389,50,2412
pos,0.6082668420003756,2389,50,2412
pos,0.6088387069994496,2389,50,2412
pos,0.6094377419994998,2389,50,2412
pos,0.6100409659993602,2389,50,2412
pos,0.6106415550002566,2389,50,2412
pos,0.6112863559992547,2389,50,2412
pos,0.6118836280002142,2389,50,2412
pos,0.6124635479991412,2389,50,2412
pos,0.6130693960003555,2389,50,2412
pos,0.6136321849990054,2389,50,2412
pos,0.6142157319991384,2389,50,2412
pos,0.6147859229986352,2389,50,2412
pos,0.6153912209992995,2389,50,2412
pos,0.6159745570002997,2389,50,2412
pos,0.6165378160003456,2389,50,2412
pos,0.6171481530000165,2389,50,2412
pos,0.6177218519987946,2389,50,2412
pos,0.618340132999947,2389,50,2412
pos,0.618937986999299,2389,50,2412
pos,0.6195368219996453,2389,50,2412
pos,0.6201420289999078,2389,50,2412
pos,0.6207155169995531,2389,50,2412
pos,0.6213453500004107,2389,50,2412
pos,0.6219114149989764,2389,50,2412
pos,0.622520158000043,2389,50,2412
pos,0.6230891679988417,2389,50,2412
pos,0.623662214999058,2389,0,2412
pos,0.6242667909991724,2389,0,2412
pos,0.6248718679999001,2389,0,2412
pos,0.6254692410002463,2389,0,2412
pos,0.6260627459996613,2389,0,2412
pos,0.6266317659992637,2389,0,2412
pos,0.6272175969988893,2389,0,2412
pos,0.627814428999045,2389,0,2412
pos,0.6283978859992203,2389,0,2412
pos,0.6289651019997109,2389,0,2412
pos,0.6295886030002293,2389,0,2412
pos,0.6301677819992619,2389,0,2412
pos,0.6307696029998624,2389,0,2412
pos,0.6313672859996586,2389,0,2412
pos,0.6319187829994917,2389,0,2412
pos,0.6325198729991826,2389,0,2412
pos,0.6330896339986793,2389,0,2412
pos,0.6336610580001434,2389,0,2412
pos,0.6342684789997293,2389,0,2412
pos,0.6348390519997338,2389,0,2412
pos,0.6354156260003947,2389,0,2412
pos,0.6360437059993274,2389,0,2412
pos,0.6366323319998628,2389,0,2412
pos,0.6372143560001859,2389,0,2412
pos,0.6377860809989215,2389,0,2412
pos,0.6383923699995648,2389,0,2412
pos,0.6389657479994639,2389,0,2412
pos,0.6395357599994895,2389,0,2412
pos,0.6401423089992022,2389,0,2412
pos,0.6407201559995883,2389,0,2412
pos,0.6413384970001061,2389,0,2412
pos,0.6419109429989476,2389,0,2412
pos,0.6424966340000537,2389,0,2412
pos,0.643062237999402,2389,0,2412
pos,0.6436680759998126,2389,0,2412
pos,0.6442665409995243,2389,0,2412
pos,0.6448379849989578,2389,0,2412
pos,0.6454367999995156,2389,0,2412
pos,0.6460355050003272,2389,0,2412
pos,0.6466334389988333,2389,0,2412
pos,0.6472131190002983,2389,0,2412
pos,0.6478119839994179,2389,0,2412
pos,0.6484107389987912,2389,0,2412
pos,0.6490352719993098,2389,0,2412
pos,0.6496352599988313,2389,0,2412
pos,0.6502157009999792,2389,0,2412
pos,0.6508175319995644,2389,0,2412
pos,0.651395828999739,2389,0,2412
pos,0.6519684249997226,2389,0,2412
pos,0.652535100998648,2389,0,2412
pos,0.6531475109986786,2389,0,2412
pos,0.6537415269995108,2389,0,2412
pos,0.6543380889997934,2389,0,2412
pos,0.6549164360003488,2389,0,2412
pos,0.6554933799998253,2389,0,2412
pos,0.6560877569991135,2389,0,2412
pos,0.6566600329988432,2389,0,2412
pos,0.6572700189990428,2389,0,2412
pos,0.6578672220002773,2389,0,2412
pos,0.6584103530003631,2389,0,2412
pos,0.6590351769991685,2389,0,2412
pos,0.6596325390000857,2389,0,2412
pos,0.6602180199988652,2389,0,2412
pos,0.6607851259996096,2389,0,2412
pos,0.6613952320003591,2389,0,2412
pos,0.6619667369996023,2389,0,2412
pos,0.6625350449994585,2389,0,2412
pos,0.6631425069990655,2389,0,2412
pos,0.6637142420004238,2389,0,2412
pos,0.6643377829987003,2389,0,2412
pos,0.6649143470003764,2389,0,2412
pos,0.6655206559989892,2389,0,2412
pos,0.6660872709999239,2389,0,2412
pos,0.6666668210000353,2389,0,2412
pos,0.6672663569988799,2389,0,2412
pos,0.6678374709990749,2389,0,2412
pos,0.6684094760003063,2389,0,2412
pos,0.6690344299986464,2389,0,2412
pos,0.6696417610000935,2389,0,2412
pos,0.6702707229997031,2389,0,2412
pos,0.6708375479993265,2389,0,2412
pos,0.6714177590001782,2389,0,2412
pos,0.6720391769995331,2389,0,2412
pos,0.6726311089987576,2389,0,2412
pos,0.6732130130003497,2389,0,2412
pos,0.6737850480003544,2389,0,2412
pos,0.6743959759987774,2389,0,2412
pos,0.674964073999945,2389,0,2412
pos,0.6755358489990613,2389,0,2412
pos,0.6761430899987317,2389,0,2412
pos,0.6767470750000939,2389,0,2412
pos,0.6773373639989586,2389,0,2412
pos,0.6779094699995767,2389,0,2412
pos,0.6785183939991839,2389,0,2412
pos,0.6790920429994003,2389,0,2412
pos,0.679658617998939,2389,0,2412
pos,0.6802688739990117,2389,0,2412
pos,0.6808397469994816,2389,0,2412
pos,0.6814090679999936,2389,0,2412
pos,0.6820339219993912,2389,0,2412
pos,0.682630182000139,2389,0,2412
pos,0.6832114749995526,2389,0,2412
pos,0.6837917249995371,2389,0,2412
pos,0.684390820999397,2389,0,2412
pos,0.6849406759993144,2389,0,2412
pos,0.6855339499998081,2389,0,2412
pos,0.6861415319999651,2389,0,2412
pos,0.6867413689997193,2389,0,2412
pos,0.6873412559998542,2389,0,2412
pos,0.6879144140002609,2389,0,2412
pos,0.6885200019987678,2389,0,2412
pos,0.6891143489992828,2389,0,2412
pos,0.689690471999711,2389,0,2412
pos,0.6903436979991966,2389,0,2412
pos,0.6909164249991591,2389,0,2412
pos,0.6915177849987231,2389,0,2412
pos,0.6920874659990659,2389,0,2412
pos,0.692658849999134,2389,0,2412
pos,0.693288794000182,2389,0,2412
pos,0.6938833410004008,2389,0,2412
pos,0.694461216999116,2389,0,2412
pos,0.6950334129996918,2389,0,2412
pos,0.6956304750001436,2389,0,2412
pos,0.6962184000003617,2389,0,2412
pos,0.6967912069994782,2389,0,2412
pos,0.6973933379995287,2389,0,2412
pos,0.6979609949994483,2389,0,2412
pos,0.6985338419999607,2389,0,2412
pos,0.6991412839997793,2389,0,2412
pos,0.699714471000334,2389,0,2412
pos,0.7003377719993296,2389,0,2412
pos,0.7009164600003714,2389,0,2412
pos,0.7015181110000412,2389,0,2412
pos,0.702086358998713,2389,0,2412
pos,0.7026856249995035,2389,0,2412
pos,0.7033417869988625,2389,0,2412
pos,0.7039084320003894,2389,0,2412
pos,0.7045206330003566,2389,0,2412
pos,0.7050891519993456,2389,0,2412
pos,0.7056586019989481,2389,0,2412
pos,0.7062648920000356,2389,0,2412
pos,0.7068355539995537,2389,0,2412
pos,0.7074366939996253,2389,0,2412
pos,0.7080374029992527,2389,0,2412
pos,0.7086387029994512,2389,0,2412
pos,0.7092110489993502,2389,0,2412
pos,0.709783233998678,2389,0,2412
pos,0.7103895529999136,2389,0,2412
pos,0.7109687419997499,2389,0,2412
pos,0.7115336139995634,2389,0,2412
pos,0.7121392119988741,2389,0,2412
pos,0.7127146839993657,2389,0,2412
pos,0.7133400589991652,2389,0,2412
pos,0.7139082670000789,2389,0,2412
pos,0.7145172109994746,2389,0,2412
pos,0.7150908900002833,2389,0,2412
pos,0.7156832330001635,2389,0,2412
pos,0.7162856049999391,2389,0,2412
pos,0.7168819050002639,2389,0,2412
pos,0.7174766329990234,2389,0,2412
pos,0.7180616120003833,2389,0,2412
pos,0.7186308629989071,2389,0,2412
pos,0.7192118249986379,2389,0,2412
pos,0.7197838699994463,2389,0,2412
pos,0.7203897589988628,2389,0,2412
pos,0.7209635369999887,2389,0,2412
pos,0.7215339699996548,2389,0,2412
pos,0.7221386759993038,2389,0,2412
pos,0.7227116229987587,2389,0,2412
pos,0.7233360359987273,2389,0,2412
pos,0.7239155949991982,2389,0,2412
pos,0.7245173760002217,2389,0,2412
pos,0.7250915160002478,2389,0,2412
pos,0.7256578599990462,2389,0,2412
pos,0.7262637690000702,2389,0,2412
pos,0.7268403629987006,2389,0,2412
pos,0.7274154139995517,2389,0,2412
pos,0.7280341459991178,2389,0,2412
pos,0.7286385320003319,2389,0,2412
pos,0.7292106269997021,2389,0,2412
pos,0.729809161999583,2389,0,2412
pos,0.7303935099989758,2389,0,2412
pos,0.7309624099998473,2389,0,2412
pos,0.7315327019987308,2389,0,2412
pos,0.7321387009997125,2389,0,2412
pos,0.73273716499898,2389,0,2412
pos,0.733340718999898,2389,0,2412
pos,0.7339156799989723,2389,0,2412
pos,0.7345172109999112,2389,0,2412
pos,0.7350850379989424,2389,0,2412
pos,0.7356580759987992,2389,0,2412
pos,0.7362827990000369,2389,0,2412
pos,0.7368801419997908,2389,0,2412
pos,0.7374605029999657,2389,0,2412
pos,0.7380613019995508,2389,0,2412
pos,0.7386624909995589,2389,0,2412
pos,0.7392638609999267,2389,0,2412
pos,0.7398441219993401,2389,0,2412
pos,0.7404102359996614,2389,0,2412
pos,0.7410327359993971,2389,0,2412
pos,0.7416291469999123,2389,0,2412
pos,0.7421848209996824,2389,0,2412
pos,0.7427833860001556,2389,0,2412
pos,0.7433875520000583,2389,0,2412
pos,0.7439651369986677,2389,0,2412
pos,0.7445334659987566,2389,0,2412
pos,0.7451389830002881,2389,0,2412
pos,0.7457102579992352,2389,0,2412
pos,0.7463409720003256,2389,0,2412
pos,0.7469126269988919,2389,0,2412
pos,0.7475165420000849,2389,0,2412
pos,0.7480864729986934,2389,0,2412
pos,0.7486578070001997,2389,0,2412
pos,0.7492823009997664,2389,0,2412
pos,0.7498797930002183,2389,0,2412
pos,0.7504644019991247,2389,0,2412
pos,0.7510643389996403,2389,0,2412
pos,0.7516297629990731,2389,0,2412
pos,0.7522123079997982,2389,0,2412
pos,0.7528157819997432,2389,0,2412
pos,0.7533920349997061,2389,0,2412
pos,0.7539605539986951,2389,0,2412
pos,0.7545328189989959,2389,0,2412
pos,0.7551434069991956,2389,0,2412
pos,0.7557163239998772,2389,0,2412
pos,0.7563380619994859,2389,0,2412
pos,0.7569126019989199,2389,0,2412
pos,0.757518700998844,2389,0,2412
pos,0.7580896039999061,2389,0,2412
pos,0.7586579830003757,2389,0,2412
pos,0.7592623879991152,2389,0,2412
pos,0.759837007999522,2389,0,2412
pos,0.7604123299988714,2389,0,2412
pos,0.761033075999876,2389,0,2412
pos,0.7616283249990374,2389,0,2412
pos,0.7622164399999747,2389,0,2412
pos,0.7627824539995345,2389,0,2412
pos,0.7633875310002622,2389,0,2412
pos,0.7639598369987652,2389,0,2412
pos,0.7645319129987911,2389,0,2412
pos,0.7651402760002384,2389,0,2412
pos,0.7657096359998832,2389,0,2412
pos,0.7663393889997678,2389,0,2412
pos,0.766912566999963,2389,0,2412
pos,0.7675170419988717,2389,0,2412
pos,0.7680844489987066,2389,0,2412
pos,0.7686842160001106,2389,0,2412
pos,0.7693368319996807,2389,0,2412
pos,0.7699080559996219,2389,0,2412
pos,0.770515787999102,2389,0,2412
pos,0.771084426998641,2389,0,2412
pos,0.7716562419991533,2389,0,2412
pos,0.7722616289993312,2389,0,2412
pos,0.7728341549991455,2389,0,2412
pos,0.7734078840003349,2389,0,2412
pos,0.7740378269991197,2389,0,2412
pos,0.7746391469991067,2389,0,2412
pos,0.775215980998837,2389,0,2412
pos,0.7758097070000076,2389,0,2412
pos,0.7763871229999495,2389,0,2412
pos,0.7769589879990235,2389,0,2412
pos,0.777532665999388,2389,0,2412
pos,0.7781458079989534,2389,0,2412
pos,0.7787129339994863,2389,0,2412
pos,0.7793363459986722,2389,0,2412
pos,0.7799063469992689,2389,0,2412
pos,0.7805150509993837,2389,0,2412
pos,0.7810836899989226,2389,0,2412
pos,0.7816563670003234,2389,0,2412
pos,0.7822659220000787,2389,0,2412
pos,0.7828656490000867,2389,0,2412
pos,0.7834607669992693,2389,0,2412
pos,0.7840628390003985,2389,0,2412
pos,0.7846287529991969,2389,0,2412
pos,0.785210375999668,2389,0,2412
pos,0.7857813390000956,2389,0,2412
pos,0.7863886799987085,2389,0,2412
pos,0.7869624590002786,2389,0,2412
pos,0.7875313289987389,2389,0,2412
pos,0.7881394710002496,2389,0,2412
pos,0.7887143419993663,2389,0,2412
pos,0.7893354589996306,2389,0,2412
pos,0.7899118019995512,2389,0,2412
pos,0.7905150659989886,2389,0,2412
pos,0.7910869209990778,2389,0,2412
pos,0.7916604589991039,2389,0,2412
pos,0.7922697239991976,2389,0,2412
pos,0.7928357079999842,2389,0,2412
pos,0.7934062099993753,2389,0,2412
pos,0.794030703998942,2389,0,2412
pos,0.7946275249996688,2389,0,2412
pos,0.7952126050004154,2389,0,2412
pos,0.7957836779987701,2389,0,2412
pos,0.7963906989989482,2389,0,2412
pos,0.7969590579996293,2389,0,2412
pos,0.7975309529992956,2389,0,2412
pos,0.798141579998628,2389,0,2412
pos,0.7987356960002217,2389,0,2412
pos,0.7993370469994261,2389,0,2412
pos,0.7999140109986911,2389,0,2412
pos,0.8005150310000317,2389,0,2412
pos,0.80108289799864,2389,0,2412
pos,0.8016571279986238,2389,0,2412
pos,0.8022618140003033,2389,0,2412
pos,0.8028354919988487,2389,0,2412
pos,0.8034067459993821,2389,0,2412
pos,0.8040306080001756,2389,0,2412
pos,0.8046281810002256,2389,0,2412
pos,0.8052157250003802,2389,0,2412
pos,0.8057810179998341,2389,0,2412
pos,0.8063912249999703,2389,0,2412
pos,0.8069641820002289,2389,0,2412
pos,0.8075306069986254,2389,0,2412
pos,0.8081375669989939,2389,0,2412
pos,0.8087084409999079,2389,0,2412
pos,0.8093356789995596,2389,0,2412
pos,0.8099320089986577,2389,0,2412
pos,0.8105303140000615,2389,0,2412
pos,0.8111366829998587,2389,0,2412
pos,0.8117149699992297,2389,0,2412
pos,0.812338670999452,2389,0,2412
pos,0.812910896998801,2389,0,2412
pos,0.813514772000417,2389,0,2412
pos,0.8140859260001889,2389,0,2412
pos,0.8146574000002147,2389,0,2412
pos,0.8152653519991873,2389,0,2412
pos,0.8158411439999327,2389,0,2412
pos,0.8164317239989032,2389,0,2412
pos,0.8170355989987002,2389,0,2412
pos,0.8176379710002948,2389,0,2412
pos,0.81821711900011,2389,0,2412
pos,0.8187872910002625,2389,0,2412
pos,0.8193866569999955,2389,0,2412
pos,0.8199616379988584,2389,0,2412
pos,0.8205304579987569,2389,0,2412
pos,0.8211444209991896,2389,0,2412
pos,0.821708621999278,2389,0,2412
pos,0.8223357899987604,2389,0,2412
pos,0.8229060619996744,2389,0,2412
pos,0.8235148259991547,2389,0,2412
pos,0.8241146439995646,2389,0,2412
pos,0.824710803999551,2389,0,2412
pos,0.8253339940001752,2389,0,2412
pos,0.825904878000074,2389,0,2412
pos,0.8265137819998927,2389,0,2412
pos,0.8270828120002989,2389,0,2412
pos,0.8276833500003704,2389,0,2412
pos,0.8283326189994114,2389,0,2412
pos,0.8289123989998188,2389,0,2412
pos,0.8295137589993828,2389,0,2412
pos,0.8300896019991342,2389,0,2412
pos,0.8306548339987785,2389,0,2412
pos,0.8312600509998447,2389,0,2412
pos,0.8318348819993844,2389,0,2412
pos,0.8324378849993082,2389,0,2412
pos,0.8330301379992306,2389,0,2412
pos,0.8336267089998728,2389,0,2412
pos,0.8342101859998365,2389,0,2412
pos,0.8347801679992699,2389,0,2412
pos,0.8353855549994478,2389,0,2412
pos,0.8359607660004258,2389,0,2412
pos,0.8365296259999013,2389,0,2412
pos,0.8371356539992121,2389,0,2412
pos,0.8377072389994282,2389,0,2412
pos,0.8383391859988478,2389,0,2412
pos,0.8389067629996134,2389,0,2412
pos,0.8395147159990302,2389,0,2412
pos,0.8401084010001796,2389,0,2412
pos,0.8406554800003505,2389,0,2412
pos,0.8412865959999181,2389,0,2412
pos,0.8418768049996288,2389,0,2412
pos,0.842459739998958,2389,0,2412
pos,0.8430291209988354,2389,0,2412
pos,0.8436359509996691,2389,0,2412
pos,0.8442661549997865,2389,0,2412
pos,0.844839311999749,2389,0,2412
pos,0.8454045750004298,2389,0,2412
pos,0.8460344079994684,2389,0,2412
pos,0.8466260499990312,2389,0,2412
pos,0.847214625999186,2389,0,2412
pos,0.8477795279995917,2389,0,2412
pos,0.848386137999114,2389,0,2412
pos,0.8489620000000286,2389,0,2412
pos,0.8495294369986368,2389,0,2412
pos,0.8501365379997878,2389,0,2412
pos,0.8507085029996233,2389,0,2412
pos,0.851337694999529,2389,0,2412
pos,0.8519308089998958,2389,0,2412
pos,0.8525832340001216,2389,0,2412
pos,0.8531618919987523,2389,0,2412
pos,0.853763221999543,2389,0,2412
pos,0.8543316710001818,2389,0,2412
pos,0.8549042269987694,2389,0,2412
pos,0.8555150449992652,2389,0,2412
pos,0.8561097419988073,2389,0,2412
pos,0.8567089480002323,2389,0,2412
pos,0.8573318079997989,2389,0,2412
pos,0.8579092330001004,2389,0,2412
pos,0.8585136689998762,2389,0,2412
pos,0.8590816870000708,2389,0,2412
pos,0.8596560669993778,2389,0,2412
pos,0.8602594610001688,2389,0,2412
pos,0.8608324380002159,2389,0,2412
pos,0.8614039730000513,2389,0,2412
pos,0.8620288459987933,2389,0,2412
pos,0.8626273310001125,2389,0,2412
pos,0.8632102869996743,2389,0,2412
pos,0.8637787459992978,2389,0,2412
pos,0.8643851549986721,2389,0,2412
pos,0.8649590539989731,2389,0,2412
pos,0.8655317009997816,2389,0,2412
pos,0.8661097169988352,2389,0,2412
pos,0.8666538599991327,2389,0,2412
pos,0.8672608609995223,2389,0,2412
pos,0.8678363130002253,2389,0,2412
pos,0.8684048619998066,2389,0,2412
pos,0.8690325709994795,2389,0,2412
pos,0.8696260759988945,2389,0,2412
pos,0.8702098430003389,2389,0,2412
pos,0.8707862769988424,2389,0,2412
pos,0.8713913239989779,2389,0,2412
pos,0.8719599129999551,2389,0,2412
pos,0.8725841049999872,2389,0,2412
pos,0.873154066999632,2389,0,2412
pos,0.8737645539986261,2389,0,2412
pos,0.8743665250003687,2389,0,2412
pos,0.8749600409992127,2389,0,2412
pos,0.875587127999097,2389,0,2412
pos,0.8761535739995452,2389,0,2412
pos,0.8767649919991527,2389,0,2412
pos,0.8773621849995834,2389,0,2412
pos,0.8779560809998657,2389,0,2412
pos,0.8785893699987355,2389,0,2412
pos,0.8791601630000514,2389,0,2412
pos,0.879762213999129,2389,0,2412
pos,0.8803383969989227,2389,0,2412
pos,0.8809048829989479,2389,0,2412
pos,0.8815130549992318,2389,0,2412
pos,0.8820836079994478,2389,0,2412
pos,0.8826616949991148,2389,0,2412
pos,0.8832585769996513,2389,0,2412
pos,0.8838346590000583,2389,0,2412
pos,0.8844042499986244,2389,0,2412
pos,0.8850303460003488,2389,0,2412
pos,0.8856254139991506,2389,0,2412
pos,0.8862080899998546,2389,0,2412
pos,0.886778140999013,2389,0,2412
pos,0.8873840599990217,2389,0,2412
pos,0.8879632989992388,2389,0,2412
pos,0.8885855579992494,2389,0,2412
pos,0.8891611700000794,2389,0,2412
pos,0.8897633209999185,2389,0,2412
pos,0.8903574079995451,2389,0,2412
pos,0.8909032249994198,2389,0,2412
pos,0.8915105359992594,2389,0,2412
pos,0.8920830219994969,2389,0,2412
pos,0.8926801340003294,2389,0,2412
pos,0.8933309459989687,2389,0,2412
pos,0.893928939000034,2389,0,2412
pos,0.8945355590003601,2389,0,2412
pos,0.8951361079998605,2389,0,2412
pos,0.8957066209986806,2389,0,2412
pos,0.8963336180004262,2389,0,2412
pos,0.8969060250001348,2389,0,2412
pos,0.8975119129991072,2389,0,2412
pos,0.8980831669996405,2389,0,2412
pos,0.8986528280001949,2389,0,2412
pos,0.8992628739997599,2389,0,2412
pos,0.899831302000166,2389,0,2412
pos,0.9004028769995784,2389,0,2412
pos,0.9010340229997382,2389,0,2412
pos,0.9016243419991952,2389,0,2412
pos,0.9022068269987358,2389,0,2412
pos,0.902778251998825,2389,0,2412
pos,0.9033577209993382,2389,0,2412
pos,0.9039026359987474,2389,0,2412
pos,0.9045122909992642,2389,0,2412
pos,0.9050812009991205,2389,0,2412
pos,0.9056558909996966,2389,0,2412
pos,0.9062580829995568,2389,0,2412
pos,0.9068353679995198,2389,0,2412
pos,0.9074317979993793,2389,0,2412
pos,0.9080276779986889,2389,0,2412
pos,0.9086247909999656,2389,0,2412
pos,0.9092074359996332,2389,0,2412
pos,0.9098035759998311,2389,0,2412
pos,0.9103833859990118,2389,0,2412
pos,0.9109553010002855,2389,0,2412
pos,0.9115276969987463,2389,0,2412
pos,0.9121352589991147,2389,0,2412
pos,0.9127052099993307,2389,0,2412
pos,0.9133324679987709,2389,0,2412
pos,0.9139045640004042,2389,0,2412
pos,0.9145114040002227,2389,0,2412
pos,0.9150871370002278,2389,0,2412
pos,0.9156842189986492,2389,0,2412
pos,0.9163353120002284,2389,0,2412
pos,0.9169331649991364,2389,0,2412
pos,0.9175586399996973,2389,0,2412
pos,0.9181552209993242,2389,0,2412
pos,0.9187608089996502,2389,0,2412
pos,0.9193380839988095,2389,0,2412
pos,0.9199027859995113,2389,0,2412
pos,0.9205110579987377,2389,0,2412
pos,0.9210799079992285,2389,0,2412
pos,0.9216532649988949,2389,0,2412
pos,0.9222583819991996,2389,0,2412
pos,0.922829596000156,2389,0,2412
pos,0.9234090959998866,2389,0,2412
pos,0.9240305629991781,2389,0,2412
pos,0.9246234679994814,2389,0,2412
pos,0.9252088279990858,2389,0,2412
pos,0.9258033049991354,2389,0,2412
pos,0.9264089329990384,2389,0,2412
pos,0.9270306210000854,2389,0,2412
pos,0.9276277729986759,2389,0,2412
pos,0.9282042569993791,2389,0,2412
pos,0.9287771939998493,2389,0,2412
pos,0.9293823609987157,2389,0,2412
pos,0.929958003000138,2389,0,2412
pos,0.9305271129996981,2389,0,2412
pos,0.9311379409991787,2389,0,2412
pos,0.9317308049994608,2389,0,2412
pos,0.9323300109990669,2389,0,2412
pos,0.932906373998776,2389,0,2412
pos,0.9335138259993983,2389,0,2412
pos,0.9340793390001636,2389,0,2412
pos,0.9346514349999779,2389,0,2412
pos,0.9352590559992677,2389,0,2412
pos,0.9358293080003932,2389,0,2412
pos,0.936404930000208,2389,0,2412
pos,0.9370273490003456,2389,0,2412
pos,0.9376237399992533,2389,0,2412
pos,0.9382076780002535,2389,0,2412
pos,0.9387766780000675,2389,0,2412
pos,0.9393828669999493,2389,0,2412
pos,0.939961525000399,2389,0,2412
pos,0.9405287110002973,2389,0,2412
pos,0.9411340789993119,2389,0,2412
pos,0.9417072859996551,2389,0,2412
pos,0.942331287998968,2389,0,2412
pos,0.9429051970000728,2389,0,2412
pos,0.9435103939995315,2389,0,2412
pos,0.944081849000213,2389,0,2412
pos,0.944651719999456,2389,0,2412
pos,0.9452572480004164,2389,0,2412
pos,0.9458331699988776,2389,0,2412
pos,0.946407179999369,2389,0,2412
pos,0.9470342579988937,2389,0,2412
pos,0.9476226329989004,2389,0,2412
pos,0.948203805999583,2389,0,2412
pos,0.9487763719989744,2389,0,2412
pos,0.9493815599998925,2389,0,2412
pos,0.9499584739987768,2389,0,2412
pos,0.9505261309986963,2389,0,2412
pos,0.9511340329991071,2389,0,2412
pos,0.951707701999112,2389,0,2412
pos,0.9523324159999902,2389,0,2412
pos,0.9529010749993176,2389,0,2412
pos,0.9535115119997499,2389,0,2412
pos,0.9540786879988445,2389,0,2412
pos,0.9546520759995474,2389,0,2412
pos,0.9552771899998334,2389,0,2412
pos,0.9558735209993756,2389,0,2412
pos,0.9564553549989796,2389,0,2412
pos,0.9570317679990694,2389,0,2412
pos,0.9576315459999023,2389,0,2412
pos,0.9582573309999134,2389,0,2412
pos,0.9588305090001086,2389,0,2412
pos,0.9594010909986537,2389,0,2412
pos,0.9600304830000823,2389,0,2412
pos,0.9606225459992856,2389,0,2412
pos,0.961205080999207,2389,0,2412
pos,0.9617764149988943,2389,0,2412
pos,0.962388705000194,2389,0,2412
pos,0.962957665000431,2389,0,2412
pos,0.9635261040002661,2389,0,2412
pos,0.9641363999999157,2389,0,2412
pos,0.9647106299998995,2389,0,2412
pos,0.9653351329998259,2389,0,2412
pos,0.9659313329993893,2389,0,2412
pos,0.9665544839990616,2389,0,2412
pos,0.9671517059996404,2389,0,2412
pos,0.967760379999163,2389,0,2412
pos,0.9683584939994034,2389,0,2412
pos,0.9689009439989604,2389,0,2412
pos,0.9695101389988849,2389,0,2412
pos,0.9700783669995872,2389,0,2412
pos,0.9706589790002909,2389,0,2412
pos,0.9712609099988185,2389,0,2412
pos,0.9718296589999227,2389,0,2412
pos,0.9724277629993594,2389,0,2412
pos,0.9730256860002555,2389,0,2412
pos,0.9736222179999459,2389,0,2412
pos,0.974204242000269,2389,0,2412
pos,0.9747760659993219,2389,0,2412
pos,0.9753871749999234,2389,0,2412
pos,0.9759571359991241,2389,0,2412
pos,0.9765788539989444,2389,0,2412
pos,0.9771549969991611,2389,0,2412
pos,0.9777592629998253,2389,0,2412
pos,0.9783542610002769,2389,0,2412
pos,0.9789005780003208,2389,0,2412
pos,0.9795093519987859,2389,0,2412
pos,0.9800803859998268,2389,0,2412
pos,0.9806527019991336,2389,0,2412
pos,0.9812754909999057,2389,0,2412
pos,0.9818733350002731,2389,0,2412
pos,0.9824583949994121,2389,0,2412
pos,0.9830556870001601,2389,0,2412
pos,0.9836217720003333,2389,0,2412
pos,0.984209545998965,2389,0,2412
pos,0.9847757009993074,2389,0,2412
pos,0.985382380998999,2389,0,2412
pos,0.9859560189997865,2389,0,2412
pos,0.986525869999241,2389,0,2412
pos,0.987131017000138,2389,0,2412
pos,0.9877096549989801,2389,0,2412
pos,0.9883282069986308,2389,0,2412
pos,0.9889002529998834,2389,0,2412
pos,0.9895089359997655,2389,0,2412
pos,0.990083816999686,2389,0,2412
pos,0.9906498509990342,2389,0,2412
pos,0.9912550279987045,2389,0,2412
pos,0.9918344779998733,2389,0,2412
pos,0.9924025559994334,2389,0,2412
pos,0.9930293229990639,2389,0,2412
pos,0.9936218769998959,2389,0,2412
pos,0.994220642000073,2389,0,2412
pos,0.994814908999615,2389,0,2412
pos,0.9954145049996441,2389,0,2412
pos,0.9960335180003312,2389,0,2412
pos,0.9966213129991957,2389,0,2412
pos,0.9972059920000902,2389,0,2412
pos,0.997775312000158,2389,0,2412
pos,0.9983600409996143,2389,0,2412
pos,0.9989078819999122,2389,0,2412
pos,0.9995086010003433,2389,0,2412
pos,1.000104590999399,2389,0,2412
pos,1.0006507779999083,2389,0,2412
pos,1.0012827449991164,2389,0,2412
pos,1.0018729639996309,2389,0,2412
pos,1.0024523230003979,2389,0,2412
pos,1.0030256110003393,2389,0,2412
pos,1.003621440999268,2389,0,2412
pos,1.0042033649988298,2389,0,2412
pos,1.0047749089990248,2389,0,2412
pos,1.0053813880003872,2389,0,2412
pos,1.0059553169994615,2389,0,2412
pos,1.0065246880003542,2389,0,2412
pos,1.0071361769987561,2389,0,2412
pos,1.0077325379988906,2389,0,2412
pos,1.0083308719986235,2389,0,2412
pos,1.0089281849996041,2389,0,2412
pos,1.0095245350003097,2389,0,2412
pos,1.010130152999409,2389,0,2412
pos,1.010707718998674,2389,0,2412
pos,1.0113296569998056,2389,0,2412
pos,1.0119067619998532,2389,0,2412
pos,1.0125083429993538,2389,0,2412
pos,1.0130798970003525,2389,0,2412
pos,1.0136500389999128,2389,0,2412
pos,1.0142552859997522,2389,0,2412
pos,1.0148271710004337,2389,0,2412
pos,1.015404366000439,2389,0,2412
pos,1.0160483859999658,2389,0,2412
pos,1.016632352999295,2389,0,2412
pos,1.0172072339992155,2389,0,2412
pos,1.0178340909988037,2389,0,2412
pos,1.0184061370000563,2389,0,2412
pos,1.0190253799992206,2389,0,2412
pos,1.0196214509996935,2389,0,2412
pos,1.0202026129991282,2389,0,2412
pos,1.0207747189997463,2389,0,2412
pos,1.0213548190004076,2389,0,2412
pos,1.0219521109993366,2389,0,2412
pos,1.0225242670003354,2389,0,2412
pos,1.0231355460000486,2389,0,2412
pos,1.0237110269990808,2389,0,2412
pos,1.0243300909987738,2389,0,2412
pos,1.0249258099993312,2389,0,2412
pos,1.0255243249994237,2389,0,2412
pos,1.0261318359989673,2389,0,2412
pos,1.0267032600004313,2389,0,2412
pos,1.0273285849998501,2389,0,2412
pos,1.0279051489997073,2389,0,2412
pos,1.0285084529987216,2389,0,2412
pos,1.0290841549995093,2389,0,2412
pos,1.0296496279988787,2389,0,2412
pos,1.0302582619988243,2389,0,2412
pos,1.030831619998935,2389,0,2412
pos,1.0313993669988122,2389,0,2412
pos,1.0320242809993943,2389,0,2412
pos,1.0326216439989366,2389,0,2412
pos,1.0332060019991332,2389,0,2412
pos,1.033778197999709,2389,0,2412
pos,1.0343858590003947,2389,0,2412
pos,1.0349553199994261,2389,0,2412
pos,1.035524760998669,2389,0,2412
pos,1.0361315209993336,2389,0,2412
pos,1.0367011620000994,2389,0,2412
pos,1.0373313950003649,2389,0,2412
pos,1.0379040019997774,2389,0,2412
pos,1.0385080769992783,2389,0,2412
pos,1.0390810440003406,2389,0,2412
pos,1.0396490120001545,2389,0,2412
pos,1.040258676999656,2389,0,2412
pos,1.0408351209989632,2389,0,2412
pos,1.0414013249992422,2389,0,2412
pos,1.0420238749993587,2389,0,2412
pos,1.0426290319992404,2389,0,2412
pos,1.0432551779995265,2389,0,2412
pos,1.0438262619991292,2389,0,2412
pos,1.0444036669996422,2389,0,2412
pos,1.0450237019995257,2389,0,2412
pos,1.0456237599992164,2389,0,2412
pos,1.0462013359992852,2389,0,2412
pos,1.046800430998701,2389,0,2412
pos,1.0473841089988127,2389,0,2412
pos,1.0479565949990501,2389,0,2412
pos,1.0485243419989274,2389,0,2412
pos,1.049129228998936,2389,0,2412
pos,1.0497296369994729,2389,0,2412
pos,1.050327570999798,2389,0,2412
pos,1.0509325780003564,2389,0,2412
pos,1.0515241599987348,2389,0,2412
pos,1.052134837000267,2389,0,2412
pos,1.0527008310000383,2389,0,2412
pos,1.0533261860000493,2389,0,2412
pos,1.0539043329990818,2389,0,2412
pos,1.054506914999365,2389,0,2412
pos,1.055101982999986,2389,0,2412
pos,1.0556482599986339,2389,0,2412
pos,1.0562536279994674,2389,0,2412
pos,1.0568326969987538,2389,0,2412
pos,1.0574257309999666,2389,0,2412
pos,1.0580262989988114,2389,0,2412
pos,1.05863513300028,2389,0,2412
pos,1.059300060998794,2389,0,2412
pos,1.0599072219993104,2389,0,2412
pos,1.060508040998684,2389,0,2412
pos,1.0611021179993259,2389,0,2412
pos,1.0616482149998774,2389,0,2412
pos,1.0622533120003936,2389,0,2412
pos,1.0628297559997009,2389,0,2412
pos,1.0634053079993464,2389,0,2412
pos,1.0640270459989551,2389,0,2412
pos,1.0646225749987934,2389,0,2412
pos,1.0652057209990744,2389,0,2412
pos,1.065773698999692,2389,0,2412
pos,1.0663799279991508,2389,0,2412
pos,1.0669589359986276,2389,0,2412
pos,1.0675789809993148,2389,0,2412
pos,1.0681543619994045,2389,0,2412
pos,1.0687592390004284,2389,0,2412
pos,1.0693515120001393,2389,0,2412
pos,1.069924469000398,2389,0,2412
pos,1.0705231039992213,2389,0,2412
pos,1.0711339019999286,2389,0,2412
pos,1.0717033419987274,2389,0,2412
pos,1.0723309409986541,2389,0,2412
pos,1.0728980769999907,2389,0,2412
pos,1.0735068309986673,2389,0,2412
pos,1.0740784159988834,2389,0,2412
pos,1.074676719999843,2389,0,2412
pos,1.0753256689986301,2389,0,2412
pos,1.0758975640001154,2389,0,2412
pos,1.0765061269994476,2389,0,2412
pos,1.0770779929989658,2389,0,2412
pos,1.0776736919997347,2389,0,2412
pos,1.0783308859990939,2389,0,2412
pos,1.0788976610001555,2389,0,2412
pos,1.0795060050004395,2389,0,2412
pos,1.0801014640001085,2389,0,2412
pos,1.0806473699994967,2389,0,2412
pos,1.0812541599989345,2389,0,2412
pos,1.081828198999574,2389,0,2412
pos,1.0824015669986693,2389,0,2412
pos,1.0830238769995049,2389,0,2412
pos,1.0836187040004006,2389,0,2412
pos,1.084202591999201,2389,0,2412
pos,1.0847726129995863,2389,0,2412
pos,1.0853779609988123,2389,0,2412
pos,1.0859498560002976,2389,0,2412
pos,1.086522301999139,2389,0,2412
pos,1.08712825099974,2389,0,2412
pos,1.087726063999071,2389,0,2412
pos,1.0883272840001155,2389,0,2412
pos,1.0889023749987246,2389,0,2412
pos,1.0895066809989657,2389,0,2412
pos,1.090081440999711,2389,0,2412
pos,1.0906471649996092,2389,0,2412
pos,1.091253474000041,2389,0,2412
pos,1.0918532109990338,2389,0,2412
pos,1.0924016829994798,2389,0,2412
pos,1.0930295819998719,2389,0,2412
pos,1.0936181879987998,2389,0,2412
pos,1.094202205998954,2389,0,2412
pos,1.0947722279997834,2389,0,2412
pos,1.095352558999366,2389,0,2412
pos,1.0959050370001933,2389,0,2412
pos,1.0965062169998419,2389,0,2412
pos,1.097048186999018,2389,0,2412
pos,1.0976522519995342,2389,0,2412
pos,1.0982533309997962,2389,0,2412
pos,1.0988289329998224,2389,0,2412
pos,1.09940221099896,2389,0,2412
pos,1.1000246299990977,2389,0,2412
pos,1.1006184260004375,2389,0,2412
pos,1.1012008910001896,2389,0,2412
pos,1.101771743999052,2389,0,2412
pos,1.1023772419994202,2389,0,2412
pos,1.1029525729991292,2389,0,2412
pos,1.1035216829986894,2389,0,2412
pos,1.1041274719991634,2389,0,2412
pos,1.1047278599999117,2389,0,2412
pos,1.1053289699993911,2389,0,2412
pos,1.1058969570003683,2389,0,2412
pos,1.1065062719990237,2389,0,2412
pos,1.1070777969998744,2389,0,2412
pos,1.1076471069991385,2389,0,2412
pos,1.1082564419994014,2389,0,2412
pos,1.1088261929999135,2389,0,2412
pos,1.109400512999855,2389,0,2412
pos,1.110023712999464,2389,0,2412
pos,1.1106185509997886,2389,0,2412
pos,1.1112004949991388,2389,0,2412
pos,1.1117984889988293,2389,0,2412
pos,1.1123966029990697,2389,0,2412
pos,1.1130258849989332,2389,0,2412
pos,1.113621353999406,2389,0,2412
pos,1.1142013339995174,2389,0,2412
pos,1.114770905000114,2389,0,2412
pos,1.1153776150003978,2389,0,2412
pos,1.1159647779986699,2389,0,2412
pos,1.116551631999755,2389,0,2412
pos,1.1171538830003556,2389,0,2412
pos,1.1177685479997308,2389,0,2412
pos,1.1183866989995295,2389,0,2412
pos,1.1190272919993731,2389,0,2412
pos,1.1196289229992544,2389,0,2412
pos,1.1202519229991594,2389,0,2412
pos,1.1208292379997147,2389,0,2412
pos,1.121423254999172,2389,0,2412
pos,1.122020908000195,2389,0,2412
pos,1.1226171879989124,2389,0,2412
pos,1.123226382998837,2389,0,2412
pos,1.123826339999141,2389,0,2412
pos,1.1244262879990856,2389,0,2412
pos,1.125022206999347,2389,0,2412
pos,1.1256183179993968,2389,0,2412
pos,1.126203447998705,2389,0,2412
pos,1.126797994998924,2389,0,2412
pos,1.1274005769992073,2389,0,2412
pos,1.128029407998838,2389,0,2412
pos,1.1286252979989513,2389,0,2412
pos,1.1292015509989142,2389,0,2412
pos,1.1297724149990245,2389,0,2412
pos,1.1303778219989908,2389,0,2412
pos,1.1309521219991439,2389,0,2412
pos,1.1315216429993598,2389,0,2412
pos,1.1321268899991992,2389,0,2412
pos,1.1327001680001558,2389,0,2412
pos,1.133326715000294,2389,0,2412
pos,1.1339037289999396,2389,0,2412
pos,1.1345058309998421,2389,0,2412
pos,1.1350815129990224,2389,0,2412
pos,1.135646855998857,2389,0,2412
pos,1.1362561709993315,2389,0,2412
pos,1.1368048320000526,2389,0,2412
pos,1.137382859000354,2389,0,2412
pos,1.1379490429990256,2389,0,2412
pos,1.1385212189998128,2389,0,2412
pos,1.1391317159996106,2389,0,2412
pos,1.1396988119995513,2389,0,2412
pos,1.140324738000345,2389,0,2412
pos,1.1409006899993983,2389,0,2412
pos,1.1415050859995972,2389,0,2412
pos,1.1420789249987138,2389,0,2412
pos,1.1426723999993555,2389,0,2412
pos,1.1433279809989472,2389,0,2412
pos,1.1439308939989132,2389,0,2412
pos,1.1445514200004254,2389,0,2412
pos,1.145130598999458,2389,0,2412
pos,1.1456984969991026,2389,0,2412
pos,1.146324151999579,2389,0,2412
pos,1.1469038109989924,2389,0,2412
pos,1.1475052709993179,2389,0,2412
pos,1.1480736599987722,2389,0,2412
pos,1.1486460059986712,2389,0,2412
pos,1.1492503110002872,2389,0,2412
pos,1.1498234190003132,2389,0,2412
pos,1.1503957040004025,2389,0,2412
pos,1.1510207190003712,2389,0,2412
pos,1.151616307999575,2389,0,2412
pos,1.1522005859987985,2389,0,2412
pos,1.1527708479989087,2389,0,2412
pos,1.1533769170000596,2389,0,2412
pos,1.1539493839991337,2389,0,2412
pos,1.1545198959993286,2389,0,2412
pos,1.1551307939989783,2389,0,2412
pos,1.1556993329995748,2389,0,2412
pos,1.1563230539995857,2389,0,2412
pos,1.1569257169994671,2389,0,2412
pos,1.157554347999394,2389,0,2412
pos,1.1581258419992082,2389,0,2412
pos,1.158699229999911,2389,0,2412
pos,1.1593268790002185,2389,0,2412
pos,1.1599242920001416,2389,0,2412
pos,1.1605200809990492,2389,0,2412
pos,1.161127112000031,2389,0,2412
pos,1.1617038959993806,2389,0,2412
pos,1.1623266160004277,2389,0,2412
pos,1.162895244999163,2389,0,2412
pos,1.1635040089986433,2389,0,2412
pos,1.1640744910000649,2389,0,2412
pos,1.1646450339994772,2389,0,2412
pos,1.1652542289994017,2389,0,2412
pos,1.1658261939992371,2389,0,2412
pos,1.1664225349995831,2389,0,2412
pos,1.1670246659996337,2389,0,2412
pos,1.1676167189998523,2389,0,2412
pos,1.1682058259993937,2389,0,2412
pos,1.168796605999887,2389,0,2412
pos,1.1693964030000643,2389,0,2412
pos,1.170030465000309,2389,0,2412
pos,1.170639828998901,2389,0,2412
pos,1.1712521299996297,2389,0,2412
pos,1.171826007999698,2389,0,2412
pos,1.172398794999026,2389,0,2412
pos,1.173020682999777,2389,0,2412
pos,1.1735988700002054,2389,0,2412
pos,1.1741448769989802,2389,0,2412
pos,1.174754292000216,2389,0,2412
pos,1.1753256669999246,2389,0,2412
pos,1.1758990839989565,2389,0,2412
pos,1.1765034299987747,2389,0,2412
pos,1.1770777499987162,2389,0,2412
pos,1.1776519590002863,2389,0,2412
pos,1.1782552429995121,2389,0,2412
pos,1.1788230399997701,2389,0,2412
pos,1.179403520998676,2389,0,2412
pos,1.180019548999553,2389,0,2412
pos,1.1806157789997087,2389,0,2412
pos,1.1812030029996095,2389,0,2412
pos,1.181777953999699,2389,0,2412
pos,1.1823797439992632,2389,0,2412
pos,1.1829480029991828,2389,0,2412
pos,1.183549753999614,2389,0,2412
pos,1.1841263379992597,2389,0,2412
pos,1.1846999560002587,2389,0,2412
pos,1.185301976998744,2389,0,2412
pos,1.1858669289995305,2389,0,2412
pos,1.186450736999177,2389,0,2412
pos,1.1870454039999458,2389,0,2412
pos,1.1876151249998657,2389,0,2412
pos,1.188197178998962,2389,0,2412
pos,1.1887693449989456,2389,0,2412
pos,1.1893750929993985,2389,0,2412
pos,1.1899503849999746,2389,0,2412
pos,1.1905191440000635,2389,0,2412
pos,1.1911252429999877,2389,0,2412
pos,1.191723087000355,2389,0,2412
pos,1.1923233939996862,2389,0,2412
pos,1.1928998780003894,2389,0,2412
pos,1.1935027010003978,2389,0,2412
pos,1.194071890999112,2389,0,2412
pos,1.1946440969986725,2389,0,2412
pos,1.1952689699992334,2389,0,2412
pos,1.1958670139993046,2389,0,2412
pos,1.1964460330000293,2389,0,2412
pos,1.197051670998917,2389,0,2412
pos,1.1976247579987103,2389,0,2412
pos,1.1982499730002019,2389,0,2412
pos,1.198821436999424,2389,0,2412
pos,1.199421715000426,2389,0,2412
neg,1.7999991541728377e-07,2393,50,1730
neg,0.0006212970001797657,2393,50,1730
neg,0.0012107250004191883,2393,50,1730
neg,0.001829527000154485,2393,50,1730
neg,0.0023987669992493466,2393,50,1730
neg,0.0029792479999741772,2393,50,1730
neg,0.0035738759997911984,2393,50,1730
neg,0.004146793000472826,2393,50,1730
neg,0.004778779999469407,2393,50,1730
neg,0.0053689090000261785,2393,50,1730
neg,0.005948840000201017,2393,50,1730
neg,0.0065261149993602885,2393,50,1730
neg,0.0071032089999789605,2393,50,1730
neg,0.007703867999225622,2393,50,1730
neg,0.008271324999441276,2393,50,1730
neg,0.00888076000046567,2393,50,1730
neg,0.009451694000745192,2393,50,1730
neg,0.010021464999226737,2393,50,1730
neg,0.010627584000758361,2393,50,1730
neg,0.01122621899958176,2393,50,1730
neg,0.011826988000393612,2393,0,1730
neg,0.012396097999953781,2393,0,1730
neg,0.013005503000385943,2393,0,1730
neg,0.013577789000919438,2393,0,1730
neg,0.01414744000067003,2393,0,1730
neg,0.014750783000636147,2393,0,1730
neg,0.015324501999202766,2393,0,1730
neg,0.01590169699920807,2393,0,1730
neg,0.016525327999261208,2393,0,1730
neg,0.0171213590001571,2393,0,1730
neg,0.017708101000607712,2393,0,1730
neg,0.01828612800090923,2393,0,1730
neg,0.018877720000091358,2393,0,1730
neg,0.01981387299929338,2393,0,1730
neg,0.020408320999194984,2393,0,1730
neg,0.021004861999244895,2393,0,1730
neg,0.021586434999335324,2393,0,1730
neg,0.02217740599917306,2393,0,1730
neg,0.022829228999398765,2393,0,1730
neg,0.02339940099955129,2393,0,1730
neg,0.02400867600044876,2393,0,1730
neg,0.024575912999353022,2393,0,1730
neg,0.025145694000457297,2393,0,1730
neg,0.02575159300067753,2393,0,1730
neg,0.026323497999328538,2393,0,1730
neg,0.026897105999523774,2393,0,1730
neg,0.02752401399993687,2393,0,1730
neg,0.028118300999267376,2393,0,1730
neg,0.028699553000478772,2393,0,1730
neg,0.029271007999341236,2393,0,1730
neg,0.02987732700057677,2393,0,1730
neg,0.030452507999143563,2393,0,1730
neg,0.031020325999634224,2393,0,1730
neg,0.03163046199915698,2393,0,1730
neg,0.0322052329993312,2393,0,1730
neg,0.03282636999938404,2393,0,1730
neg,0.03339543999936723,2393,0,1730
neg,0.03400476400020125,2393,0,1730
neg,0.034552454000731814,2393,0,1730
neg,0.035120873000778374,2393,0,1730
neg,0.035699841000678134,2393,0,1730
neg,0.036271164999561734,2393,0,1730
neg,0.036876632999337744,2393,0,1730
neg,0.03744823799934238,2393,0,1730
neg,0.03804695299913874,2393,0,1730
neg,0.038627394000286586,2393,0,1730
neg,0.03920266500063008,2393,0,1730
neg,0.03982659800021793,2393,0,1730
neg,0.0404013080005825,2393,0,1730
neg,0.041004190999956336,2393,0,1730
neg,0.04157385200051067,2393,0,1730
neg,0.04215241999918362,2393,0,1730
neg,0.042770501000632066,2393,0,1730
neg,0.04336950600009004,2393,0,1730
neg,0.04395024800032843,2392,0,1730
neg,0.044552769999427255,2392,0,1730
neg,0.045116770999811706,2392,0,1730
neg,0.04570373400019889,2392,0,1730
neg,0.0462778929995693,2392,0,1730
neg,0.046882660000846954,2392,0,1730
neg,0.047448392999285716,2392,0,1730
neg,0.04802116000064416,2392,0,1730
neg,0.04862703899925691,2392,0,1730
neg,0.04920332199981203,2392,0,1730
neg,0.04982269600077416,2391,0,1730
neg,0.05039794699951017,2391,0,1730
neg,0.05100381599913817,2391,0,1730
neg,0.05157303600026353,2391,-100,1730
neg,0.05214530100056436,2391,-100,1730
neg,0.05275236200031941,2391,-100,1730
neg,0.05332262400042964,2391,-100,1730
neg,0.05392365400075505,2391,-100,1730
neg,0.05452748899915605,2391,-100,1730
neg,0.05511818900049548,2390,-100,1730
neg,0.05569727700094518,2390,-100,1730
neg,0.05626950300029421,2390,-100,1730
neg,0.0568753210009163,2390,-100,1730
neg,0.0574502620002022,2390,-100,1730
neg,0.058076358000107575,2389,-100,1730
neg,0.05865053799971065,2389,-100,1730
neg,0.059256165999613586,2389,-100,1730
neg,0.059850502000699635,2389,-100,1730
neg,0.06042759699994349,2389,-100,1730
neg,0.06102049199944304,2389,-100,1730
neg,0.06163062800078478,2388,-100,1730
neg,0.06219904700083134,2388,-100,1730
neg,0.06282334000025003,2388,-100,1730
neg,0.06339469399972586,2388,-100,1730
neg,0.06400358800055983,2388,-100,1730
neg,0.06460154100022919,2387,-100,1730
neg,0.0651454750004632,2387,-100,1730
neg,0.06575052200059872,2387,-100,1730
neg,0.06632316799914406,2387,-100,1730
neg,0.06689418200039654,2386,-100,1730
neg,0.06752780200076813,2386,-100,1730
neg,0.06811885199931567,2386,-100,1730
neg,0.06867249400056608,2386,-100,1730
neg,0.06925633100036066,2386,-100,1730
neg,0.06984891499996593,2385,-100,1730
neg,0.07042366600035166,2385,-100,1730
neg,0.07104661599987594,2385,-100,1730
neg,0.07163023199973395,2384,-350,1730
neg,0.07220050499927311,2384,-350,1730
neg,0.07282298400059517,2384,-350,1730
neg,0.07339519999914046,2384,-350,1730
neg,0.07400401400082046,2383,-350,1730
neg,0.07455010100056825,2382,-350,1730
neg,0.07514433799951803,2382,-350,1730
neg,0.07575030599946331,2382,-350,1730
neg,0.07633002600050531,2382,-350,1730
neg,0.07692656700055522,2381,-350,1730
neg,0.07751908099999127,2380,-350,1730
neg,0.07811549200050649,2380,-350,1730
neg,0.07870120299958216,2380,-350,1730
neg,0.07927415999984078,2380,-350,1730
neg,0.07987644099921454,2379,-350,1730
neg,0.08052569100073015,2379,-350,1730
neg,0.08113002599930041,2379,-350,1730
neg,0.08174956000038947,2378,-350,1730
neg,0.08232450099967537,2378,-350,1730
neg,0.0828970879992994,2377,-350,1730
neg,0.08351919599954272,2377,-350,1730
neg,0.08412561499972071,2377,-350,1730
neg,0.0847104450003826,2376,-350,1730
neg,0.08526995700049156,2376,-350,1730
neg,0.08588183699976071,2375,-350,1730
neg,0.0864522890005901,2374,-350,1730
neg,0.08701987600034045,2374,-350,1730
neg,0.08760007700038841,2373,-350,1730
neg,0.08814408000034746,2373,-350,1730
neg,0.08875447699938377,2372,-350,1730
neg,0.08932292600002256,2372,-350,1730
neg,0.08989456999916001,2372,-350,1730
neg,0.09052646700001787,2371,-350,1730
neg,0.09111789900089207,2371,-700,1730
neg,0.09170304899998882,2370,-700,1730
neg,0.0922685219993582,2370,-700,1730
neg,0.09287837800002308,2369,-700,1730
neg,0.09344962199975271,2368,-700,1730
neg,0.0940476560008392,2368,-700,1730
neg,0.09462809700016805,2367,-700,1730
neg,0.09519973100032075,2367,-700,1730
neg,0.09582450500056439,2366,-700,1730
neg,0.09640074799972354,2365,-700,1730
neg,0.09700273899943568,2365,-700,1730
neg,0.09757152900056099,2364,-700,1730
neg,0.09814373500012152,2364,-700,1730
neg,0.09875134600042657,2362,-700,1730
neg,0.09932554599981813,2361,-700,1730
neg,0.09990197899969644,2361,-700,1730
neg,0.1005224550008279,2360,-700,1730
neg,0.10111680199952389,2360,-700,1730
neg,0.10169918700012204,2359,-700,1730
neg,0.10226882800088788,2358,-700,1730
neg,0.1028530759995192,2358,-700,1730
neg,0.10341995199996745,2357,-700,1730
neg,0.10401921800075797,2357,-700,1730
neg,0.10462363400074537,2356,-700,1730
neg,0.10522870100066939,2355,-700,1730
neg,0.1058259530000214,2355,-700,1730
neg,0.10640366900042864,2354,-700,1730
neg,0.1070047280009021,2354,-700,1730
neg,0.10757520100014517,2352,-700,1730
neg,0.10814317900076276,2352,-700,1730
neg,0.10875351600043359,2351,-700,1730
neg,0.10932077200050117,2350,-700,1730
neg,0.10990020099961839,2350,-700,1730
neg,0.11052145900066535,2349,-700,1730
neg,0.11111455299942463,2349,-1150,1730
neg,0.11169551499915542,2347,-1150,1730
neg,0.11227609699926688,2346,-1150,1730
neg,0.11287793699921167,2346,-1150,1730
neg,0.11344888100029493,2345,-1150,1730
neg,0.11401827100053197,2345,-1150,1730
neg,0.11462810699958936,2343,-1150,1730
neg,0.11519577500075684,2342,-1150,1730
neg,0.11582073899990064,2342,-1150,1730
neg,0.11639371599994774,2340,-1150,1730
neg,0.11701486300080433,2340,-1150,1730
neg,0.11761959899922658,2339,-1150,1730
neg,0.1181999899999937,2338,-1150,1730
neg,0.11882319100004679,2338,-1150,1730
neg,0.11939370300024166,2336,-1150,1730
neg,0.1200025470006949,2336,-1150,1730
neg,0.12057594500038249,2335,-1150,1730
neg,0.12114404299973103,2333,-1150,1730
neg,0.12174910999965505,2333,-1150,1730
neg,0.1223240210001677,2332,-1150,1730
neg,0.12289500500082795,2332,-1150,1730
neg,0.12351869600024656,2331,-1150,1730
neg,0.12411515699932352,2329,-1150,1730
neg,0.1246974620007677,2329,-1150,1730
neg,0.12526875600087806,2327,-1150,1730
neg,0.12587488499957544,2327,-1150,1730
neg,0.1264467599994532,2326,-1150,1730
neg,0.1270180440005788,2326,-1150,1730
neg,0.1276227899998048,2324,-1150,1730
neg,0.12820020599974669,2322,-1150,1730
neg,0.12882446799994796,2322,-1150,1730
neg,0.12939313700007915,2321,-1150,1730
neg,0.13000142999953823,2321,-1150,1730
neg,0.13059786099984194,2319,-1150,1730
neg,0.13115127200035204,2317,-1500,1730
neg,0.13176910299989686,2317,-1500,1730
neg,0.13236519299971405,2316,-1500,1730
neg,0.1329511639996781,2316,-1500,1730
neg,0.13351916200008418,2314,-1500,1730
neg,0.13411482199990132,2312,-1500,1730
neg,0.13470157499978086,2312,-1500,1730
neg,0.13529446900065523,2310,-1500,1730
neg,0.13589255300030345,2310,-1500,1730
neg,0.13651791700067406,2309,-1500,1730
neg,0.13712986700011243,2307,-1500,1730
neg,0.13769866700022249,2307,-1500,1730
neg,0.13827527099965664,2305,-1500,1730
neg,0.13887352500023553,2305,-1500,1730
neg,0.13944730399998662,2303,-1500,1730
neg,0.1400707249995321,2301,-1500,1730
neg,0.14064234900070005,2301,-1500,1730
neg,0.14125163400058227,2299,-1500,1730
neg,0.14184898699932091,2299,-1500,1730
neg,0.1423922890007816,2297,-1500,1730
neg,0.14300130300034652,2295,-1500,1730
neg,0.14357245700011845,2295,-1500,1730
neg,0.14414243800092663,2293,-1500,1730
neg,0.14474717499979306,2293,-1500,1730
neg,0.14532006199988245,2290,-1500,1730
neg,0.1458939210006065,2288,-1500,1730
neg,0.14652258100068138,2288,-1500,1730
neg,0.1471177000003081,2286,-1500,1730
neg,0.1476991330000601,2286,-1500,1730
neg,0.14829645499958133,2284,-1500,1730
neg,0.14887417099998856,2282,-1500,1730
neg,0.1494450650006911,2282,-1500,1730
neg,0.15001721999942674,2280,-1500,1730
neg,0.15062578399920312,2280,-1950,1730
neg,0.15122310600054334,2278,-1950,1730
neg,0.1518201679991762,2278,-1950,1730
neg,0.15239247399949818,2275,-1950,1730
neg,0.15300111800024752,2273,-1950,1730
neg,0.15357430500080227,2273,-1950,1730
neg,0.1541432550002355,2270,-1950,1730
neg,0.15475368199986406,2270,-1950,1730
neg,0.1553242150002916,2268,-1950,1730
neg,0.1559215569996013,2266,-1950,1730
neg,0.15651760699984152,2266,-1950,1730
neg,0.15711783500046295,2264,-1950,1730
neg,0.1576991279998765,2264,-1950,1730
neg,0.15826665500026138,2261,-1950,1730
neg,0.15887747300075716,2259,-1950,1730
neg,0.1594459719999577,2259,-1950,1730
neg,0.16001686500021606,2257,-1950,1730
neg,0.16062332399997103,2257,-1950,1730
neg,0.16119768399948953,2255,-1950,1730
neg,0.16181979300017701,2253,-1950,1730
neg,0.16239206899990677,2253,-1950,1730
neg,0.1630026460006775,2250,-1950,1730
neg,0.16357046399934916,2250,-1950,1730
neg,0.16414151699973445,2248,-1950,1730
neg,0.16474883800037787,2246,-1950,1730
neg,0.16532314799951564,2246,-1950,1730
neg,0.16589279899926623,2243,-1950,1730
neg,0.16651672099942516,2243,-1950,1730
neg,0.16711335199943278,2241,-1950,1730
neg,0.16769762100011576,2241,-1950,1730
neg,0.168266720000247,2239,-1950,1730
neg,0.1688550460003171,2237,-1950,1730
neg,0.16945128699990164,2237,-1950,1730
neg,0.17001703999994788,2235,-1950,1730
neg,0.1706216670008871,2235,-2250,1730
neg,0.1711976290007442,2233,-2250,1730
neg,0.17182718200092495,2231,-2250,1730
neg,0.1723914030008018,2231,-2250,1730
neg,0.17300367300049402,2229,-2250,1730
neg,0.1735742359996948,2229,-2250,1730
neg,0.17414142199959315,2227,-2250,1730
neg,0.17474663900065934,2225,-2250,1730
neg,0.17532681000011507,2225,-2250,1730
neg,0.17589150200001313,2222,-2250,1730
neg,0.17652409999936935,2222,-2250,1730
neg,0.17711255600079312,2220,-2250,1730
neg,0.17769863700050337,2217,-2250,1730
neg,0.1782745900000009,2217,-2250,1730
neg,0.1788727139992261,2215,-2250,1730
neg,0.17951763599921833,2215,-2250,1730
neg,0.18011264400047367,2212,-2250,1730
neg,0.18069915600062814,2210,-2250,1730
neg,0.18126745399968058,2210,-2250,1730
neg,0.18187392400068347,2208,-2250,1730
neg,0.18244640000011714,2208,-2250,1730
neg,0.18304830200031574,2206,-2250,1730
neg,0.18362259099922085,2203,-2250,1730
neg,0.18419751200053724,2203,-2250,1730
neg,0.18482095299987122,2201,-2250,1730
neg,0.18539483200038376,2201,-2250,1730
neg,0.18600206299925048,2198,-2250,1730
neg,0.1865745989998686,2196,-2250,1730
neg,0.18714205600008427,2196,-2250,1730
neg,0.1877725009999267,2194,-2250,1730
neg,0.1883634309997433,2194,-2250,1730
neg,0.18894639700010885,2191,-2250,1730
neg,0.18954291800037026,2189,-2250,1730
neg,0.19012078400010068,2189,-2250,1730
neg,0.19074757199996384,2186,-2350,1730
neg,0.19132608899963088,2186,-2350,1730
neg,0.19189534900033323,2184,-2350,1730
neg,0.19252022299951932,2181,-2350,1730
neg,0.19311226600075315,2181,-2350,1730
neg,0.19369830700088642,2179,-2350,1730
neg,0.194292072999815,2179,-2350,1730
neg,0.19487154300077236,2176,-2350,1730
neg,0.1954433480004809,2176,-2350,1730
neg,0.1960706959998788,2173,-2350,1730
neg,0.1966482019997784,2171,-2350,1730
neg,0.19725246699999843,2171,-2350,1730
neg,0.19782194800063735,2168,-2350,1730
neg,0.19839103800040903,2168,-2350,1730
neg,0.19899943100062956,2165,-2350,1730
neg,0.19959779499913566,2163,-2350,1730
neg,0.200141707999137,2163,-2350,1730
neg,0.20074848900003417,2160,-2350,1730
neg,0.20132525299959525,2160,-2350,1730
neg,0.20191713500025799,2157,-2350,1730
neg,0.20252056900062598,2154,-2350,1730
neg,0.2031115600002522,2154,-2350,1730
neg,0.20369800200023747,2152,-2350,1730
neg,0.2042654289998609,2152,-2350,1730
neg,0.20487162800054648,2149,-2350,1730
neg,0.2055155170000944,2146,-2350,1730
neg,0.20611165700029233,2146,-2350,1730
neg,0.20669956200072193,2144,-2350,1730
neg,0.2072652860006201,2144,-2350,1730
neg,0.2078751619992545,2141,-2350,1730
neg,0.20844376099921647,2138,-2350,1730
neg,0.20901548599977104,2138,-2350,1730
neg,0.20962102399971627,2136,-2350,1730
neg,0.21019635499942524,2136,-2650,1730
neg,0.21082190000015544,2133,-2650,1730
neg,0.2113985550004145,2130,-2650,1730
neg,0.21199950399932277,2130,-2650,1730
neg,0.2125717100007023,2128,-2650,1730
neg,0.2131419020006433,2128,-2650,1730
neg,0.2137677270002314,2125,-2650,1730
neg,0.21436283500042919,2122,-2650,1730
neg,0.2149467729996104,2122,-2650,1730
neg,0.2155223850004404,2119,-2650,1730
neg,0.21611152299919922,2119,-2650,1730
neg,0.21669287499935308,2116,-2650,1730
neg,0.21729610900001717,2116,-2650,1730
neg,0.2179126470000483,2113,-2650,1730
neg,0.2185231740004383,2111,-2650,1730
neg,0.21912770999915665,2111,-2650,1730
neg,0.21977413400054502,2108,-2650,1730
neg,0.22036350199959998,2105,-2650,1730
neg,0.22094622700024047,2105,-2650,1730
neg,0.22154293899984623,2102,-2650,1730
neg,0.22211167800014664,2102,-2650,1730
neg,0.22269681800025865,2100,-2650,1730
neg,0.22327290099929087,2097,-2650,1730
neg,0.22387126499961596,2097,-2650,1730
neg,0.2244463059996633,2094,-2650,1730
neg,0.2250152659999003,2094,-2650,1730
neg,0.22562651400039613,2091,-2650,1730
neg,0.22621964899917657,2091,-2650,1730
neg,0.22682437500043306,2089,-2650,1730
neg,0.22741814099936164,2086,-2650,1730
neg,0.228015945000152,2086,-2650,1730
neg,0.22862521999923047,2083,-2650,1730
neg,0.22919406899927708,2083,-2650,1730
neg,0.22981927299952076,2080,-2650,1730
neg,0.23039878300005512,2077,-2800,1730
neg,0.23100026300016907,2077,-2800,1730
neg,0.23159375899922452,2075,-2800,1730
neg,0.2321404670001357,2075,-2800,1730
neg,0.23274628500075778,2072,-2800,1730
neg,0.23331805000088934,2069,-2800,1730
neg,0.23388990499915963,2069,-2800,1730
neg,0.23452098999950977,2066,-2800,1730
neg,0.23512612800004717,2066,-2800,1730
neg,0.23574505999931716,2063,-2800,1730
neg,0.23631712600035826,2061,-2800,1730
neg,0.23692291400038812,2061,-2800,1730
neg,0.23755038300078013,2058,-2800,1730
neg,0.23815033999926527,2055,-2800,1730
neg,0.23875186099940038,2055,-2800,1730
neg,0.23931668300065212,2052,-2800,1730
neg,0.2399188340004912,2052,-2800,1730
neg,0.24052219800068997,2050,-2800,1730
neg,0.24111531299968192,2050,-2800,1730
neg,0.24174643799960904,2047,-2800,1730
neg,0.24231937500007916,2044,-2800,1730
neg,0.2428926529992168,2044,-2800,1730
neg,0.24351621400091972,2041,-2800,1730
neg,0.24411099200005992,2038,-2800,1730
neg,0.24469476000012946,2038,-2800,1730
neg,0.24559522600065975,2036,-2800,1730
neg,0.2461511019992031,2033,-2800,1730
neg,0.24679397900035838,2033,-2800,1730
neg,0.24736261799989734,2031,-2800,1730
neg,0.24794837899935374,2031,-2800,1730
neg,0.2485403619994031,2028,-2800,1730
neg,0.2491106840006978,2026,-2800,1730
neg,0.24969647500074643,2026,-2800,1730
neg,0.25026405199969304,2023,-2700,1730
neg,0.2508693100007804,2023,-2700,1730
neg,0.2514415959994949,2021,-2700,1730
neg,0.2520138820000284,2021,-2700,1730
neg,0.2526214230001642,2019,-2700,1730
neg,0.25321794400042563,2017,-2700,1730
neg,0.25382499499937694,2017,-2700,1730
neg,0.2543889049993595,2014,-2700,1730
neg,0.25499759900048957,2014,-2700,1730
neg,0.2555722990000504,2012,-2700,1730
neg,0.2561391449999064,2009,-2700,1730
neg,0.2567639490007423,2009,-2700,1730
neg,0.25736121100089804,2007,-2700,1730
neg,0.25794187300016347,2007,-2700,1730
neg,0.2585181760005071,2004,-2700,1730
neg,0.25910997800019686,2001,-2700,1730
neg,0.259694397000203,2001,-2700,1730
neg,0.2602638570006093,1999,-2700,1730
neg,0.2608735829999205,1999,-2700,1730
neg,0.26144399599979806,1996,-2700,1730
neg,0.26254618799976015,1993,-2700,1730
neg,0.26311101999999664,1990,-2700,1730
neg,0.2636945369995374,1990,-2700,1730
neg,0.2642641679994995,1987,-2700,1730
neg,0.26486949600075604,1987,-2700,1730
neg,0.265441120000105,1985,-2700,1730
neg,0.2660219019999204,1982,-2700,1730
neg,0.2666230009999708,1982,-2700,1730
neg,0.2671946860009484,1980,-2700,1730
neg,0.2678158029993938,1980,-2700,1730
neg,0.268388139000308,1977,-2700,1730
neg,0.2689978449998307,1975,-2700,1730
neg,0.26956605300074443,1975,-2700,1730
neg,0.27014548199986166,1974,-2450,1730
neg,0.27074426699982723,1974,-2450,1730
neg,0.2713162630006991,1972,-2450,1730
neg,0.27189002100021753,1971,-2450,1730
neg,0.27251445399997465,1971,-2450,1730
neg,0.2731103639998764,1968,-2450,1730
neg,0.2736938210000517,1968,-2450,1730
neg,0.27427131600052235,1966,-2450,1730
neg,0.27486966099968413,1964,-2450,1730
neg,0.2754470260006201,1964,-2450,1730
neg,0.2760712990002503,1961,-2450,1730
neg,0.2766404789999797,1961,-2450,1730
neg,0.27724823099924834,1959,-2450,1730
neg,0.2778497920007794,1957,-2450,1730
neg,0.2784468530007871,1957,-2450,1730
neg,0.27929189700080315,1955,-2450,1730
neg,0.27987465300066106,1953,-2450,1730
neg,0.28044153900009405,1953,-2450,1730
neg,0.28101502699973935,1950,-2450,1730
neg,0.2816239210005733,1950,-2450,1730
neg,0.28219380200062005,1948,-2450,1730
neg,0.28282010899965826,1946,-2450,1730
neg,0.2833946989994729,1946,-2450,1730
neg,0.2839985539994814,1944,-2450,1730
neg,0.2845688159995916,1944,-2450,1730
neg,0.2851425949993427,1942,-2450,1730
neg,0.28575052700034576,1942,-2450,1730
neg,0.2863219110004138,1940,-2450,1730
neg,0.2868883659994026,1938,-2450,1730
neg,0.2875132000008307,1938,-2450,1730
neg,0.288113267000881,1936,-2450,1730
neg,0.28869889800080273,1936,-2450,1730
neg,0.28926315900025656,1934,-2450,1730
neg,0.2898695889998635,1933,-2050,1730
neg,0.29044117299963546,1933,-2050,1730
neg,0.2910394369991991,1931,-2050,1730
neg,0.29164585699982126,1931,-2050,1730
neg,0.2922488099993643,1929,-2050,1730
neg,0.2928439389997948,1927,-2050,1730
neg,0.29338810199988075,1927,-2050,1730
neg,0.2939968560003763,1925,-2050,1730
neg,0.2945704539997678,1925,-2050,1730
neg,0.2951405860003433,1923,-2050,1730
neg,0.29575003100035246,1921,-2050,1730
neg,0.29632117499932065,1921,-2050,1730
neg,0.29688793099921895,1919,-2050,1730
neg,0.2975134459993569,1919,-2050,1730
neg,0.2981094059996394,1917,-2050,1730
neg,0.2986958080000477,1915,-2050,1730
neg,0.2992704579992278,1915,-2050,1730
neg,0.2998719480001455,1914,-2050,1730
neg,0.3004466090005735,1914,-2050,1730
neg,0.3010130940001545,1912,-2050,1730
neg,0.3015990950007108,1912,-2050,1730
neg,0.30213893099971756,1910,-2050,1730
neg,0.30274831499991706,1909,-2050,1730
neg,0.30332116200042947,1909,-2050,1730
neg,0.30392134000067017,1907,-2050,1730
neg,0.3045133529994928,1907,-2050,1730
neg,0.30510984399916197,1906,-2050,1730
neg,0.30569051599923114,1904,-2050,1730
neg,0.3062627910003357,1904,-2050,1730
neg,0.30687325799954124,1902,-2050,1730
neg,0.307444222000413,1902,-2050,1730
neg,0.3080208859992126,1901,-2050,1730
neg,0.30862343800072267,1899,-2050,1730
neg,0.30919103499945777,1899,-2050,1730
neg,0.3098188849999133,1897,-1800,1730
neg,0.31038736300070013,1897,-1800,1730
neg,0.3109966079991864,1896,-1800,1730
neg,0.31159339000078035,1894,-1800,1730
neg,0.3121386849998089,1894,-1800,1730
neg,0.31274291100089613,1892,-1800,1730
neg,0.31331919399963226,1892,-1800,1730
neg,0.313893945000018,1891,-1800,1730
neg,0.3145168150003883,1891,-1800,1730
neg,0.3151084670007549,1889,-1800,1730
neg,0.31569113200021093,1888,-1800,1730
neg,0.31628889499916113,1888,-1800,1730
neg,0.31688468500033196,1886,-1800,1730
neg,0.3175205690004077,1886,-1800,1730
neg,0.31819508599983237,1885,-1800,1730
neg,0.3188218129998859,1884,-1800,1730
neg,0.3194150079998508,1884,-1800,1730
neg,0.3200125109997316,1882,-1800,1730
neg,0.32061873999919044,1881,-1800,1730
neg,0.32118955300029484,1881,-1800,1730
neg,0.3218144670008769,1880,-1800,1730
neg,0.32238783499997226,1880,-1800,1730
neg,0.3229948650005099,1878,-1800,1730
neg,0.32357170000068436,1877,-1800,1730
neg,0.32413804399948276,1877,-1800,1730
neg,0.3247623970000859,1876,-1800,1730
neg,0.3253640879993327,1876,-1800,1730
neg,0.3259414439999091,1875,-1800,1730
neg,0.32653885599938803,1873,-1800,1730
neg,0.3271420799992484,1873,-1800,1730
neg,0.3277438999994047,1872,-1800,1730
neg,0.328320975000679,1872,-1800,1730
neg,0.32888758099943516,1871,-1800,1730
neg,0.32951240399961534,1869,-1400,1730
neg,0.33010830400053237,1869,-1400,1730
neg,0.3306961090002005,1868,-1400,1730
neg,0.33126186300069094,1868,-1400,1730
neg,0.3318723400007002,1867,-1400,1730
neg,0.33244849299990165,1866,-1400,1730
neg,0.3330121630006033,1866,-1400,1730
neg,0.3336183120009082,1865,-1400,1730
neg,0.3341953769995598,1865,-1400,1730
neg,0.33481548199961253,1863,-1400,1730
neg,0.33539267699961783,1862,-1400,1730
neg,0.33599567000055686,1862,-1400,1730
neg,0.3365666739991866,1861,-1400,1730
neg,0.3371376369996142,1861,-1400,1730
neg,0.33774806399924273,1860,-1400,1730
neg,0.33831465900038893,1860,-1400,1730
neg,0.3389131340009044,1860,-1400,1730
neg,0.33951934300057474,1859,-1400,1730
neg,0.3401134190007724,1859,-1400,1730
neg,0.34069004299999506,1858,-1400,1730
neg,0.341269012000339,1858,-1400,1730
neg,0.3418682079991413,1857,-1400,1730
neg,0.3424415459994634,1856,-1400,1730
neg,0.34301182799936214,1856,-1400,1730
neg,0.34361836800053425,1855,-1400,1730
neg,0.3441909539997141,1855,-1400,1730
neg,0.3448192449995986,1853,-1400,1730
neg,0.34541256000011344,1852,-1400,1730
neg,0.34601163499974064,1852,-1400,1730
neg,0.34661744400000316,1851,-1400,1730
neg,0.3471968329995434,1851,-1400,1730
neg,0.34781542500059004,1851,-1400,1730
neg,0.34841254700040736,1850,-1400,1730
neg,0.34901703300056397,1850,-1000,1730
neg,0.34961763200044516,1849,-1000,1730
neg,0.3501890959996672,1849,-1000,1730
neg,0.35081490199991094,1848,-1000,1730
neg,0.3513935600003606,1847,-1000,1730
neg,0.3519936869997764,1847,-1000,1730
neg,0.352570351000395,1847,-1000,1730
neg,0.35313697700075863,1847,-1000,1730
neg,0.35374592100015434,1846,-1000,1730
neg,0.3543214530000114,1845,-1000,1730
neg,0.3548870159993385,1845,-1000,1730
neg,0.3555173200002173,1844,-1000,1730
neg,0.35611197800062655,1844,-1000,1730
neg,0.35668964400065306,1844,-1000,1730
neg,0.3572684520004259,1843,-1000,1730
neg,0.3578725370007305,1843,-1000,1730
neg,0.35844074600026943,1842,-1000,1730
neg,0.3590115990009508,1842,-1000,1730
neg,0.3596215849993314,1842,-1000,1730
neg,0.36019656600001326,1841,-1000,1730
neg,0.36081514800025616,1841,-1000,1730
neg,0.36139062000074773,1840,-1000,1730
neg,0.3619951660002698,1840,-1000,1730
neg,0.3625653079998301,1840,-1000,1730
neg,0.36314328399930673,1840,-1000,1730
neg,0.3640283830009139,1839,-1000,1730
neg,0.36461683900051867,1838,-1000,1730
neg,0.36521707700012485,1838,-1000,1730
neg,0.36582100099985837,1838,-1000,1730
neg,0.36638590400070825,1838,-1000,1730
neg,0.3669958400005271,1838,-1000,1730
neg,0.3675711310006591,1837,-1000,1730
neg,0.3681411029992887,1836,-1000,1730
neg,0.36876152900003945,1836,-1000,1730
neg,0.3693582300002163,1836,-650,1730
neg,0.36994006399982027,1836,-650,1730
neg,0.37053704599929915,1835,-650,1730
neg,0.3711359410008299,1835,-650,1730
neg,0.3717415589999291,1835,-650,1730
neg,0.3723141560003569,1835,-650,1730
neg,0.3728935849994741,1835,-650,1730
neg,0.3735106240001187,1834,-650,1730
neg,0.3741074560002744,1833,-650,1730
neg,0.37468927900044946,1833,-650,1730
neg,0.3752873430003092,1833,-650,1730
neg,0.3758859980007401,1833,-650,1730
neg,0.3765105019992916,1833,-650,1730
neg,0.37710703300035675,1832,-650,1730
neg,0.377691441000934,1832,-650,1730
neg,0.37826063099964813,1831,-650,1730
neg,0.37886629900094704,1831,-650,1730
neg,0.3794468409996625,1831,-650,1730
neg,0.3800105509999412,1831,-650,1730
neg,0.3806171100004576,1830,-650,1730
neg,0.38118927600044117,1830,-650,1730
neg,0.381813799000156,1830,-650,1730
neg,0.3823933589992521,1830,-650,1730
neg,0.3829943880009523,1830,-650,1730
neg,0.38356474099964544,1829,-650,1730
neg,0.3841359649995866,1829,-650,1730
neg,0.3847654670007614,1829,-650,1730
neg,0.3853586519999226,1828,-650,1730
neg,0.38593779999973776,1828,-650,1730
neg,0.3865111480008636,1827,-650,1730
neg,0.3871070379991579,1825,-650,1730
neg,0.38768826100022125,1825,-650,1730
neg,0.38826045700079703,1824,-650,1730
neg,0.38886610500048846,1824,-650,1730
neg,0.38943870100047207,1823,-650,1730
neg,0.39001049599937687,1823,-650,1730
neg,0.39061640500040085,1823,-650,1730
neg,0.39118768899970746,1822,-650,1730
neg,0.39181605900012073,1822,-650,1730
neg,0.39238479800042114,1821,-650,1730
neg,0.3929959069992037,1821,-650,1730
neg,0.393568633000541,1821,-650,1730
neg,0.39413483799944515,1820,-650,1730
neg,0.3947398250002152,1820,-650,1730
neg,0.3953126720007276,1819,-650,1730
neg,0.3958850180006266,1819,-650,1730
neg,0.39651831800074433,1818,-650,1730
neg,0.39710629299952416,1818,-650,1730
neg,0.39768868800092605,1818,-650,1730
neg,0.3982647699995141,1817,-650,1730
neg,0.3988706590007496,1817,-650,1730
neg,0.39943753499937884,1817,-650,1730
neg,0.400009991000843,1816,-650,1730
neg,0.40061501799937105,1816,-650,1730
neg,0.4011914410002646,1815,-650,1730
neg,0.40181519299949287,1815,-650,1730
neg,0.40239164699960384,1815,-650,1730
neg,0.40299365800092346,1814,-650,1730
neg,0.4035659140008647,1814,-650,1730
neg,0.4041346630001499,1813,-650,1730
neg,0.4047414230008144,1813,-650,1730
neg,0.4053140300002269,1812,-650,1730
neg,0.4058894320005493,1811,-650,1730
neg,0.4065151970007719,1811,-650,1730
neg,0.4071066989999963,1810,-650,1730
neg,0.40768943399962154,1810,-650,1730
neg,0.4082601980007894,1809,-650,1730
neg,0.4088653250000789,1808,-750,1730
neg,0.4094429110009514,1808,-750,1730
neg,0.41000948600049014,1807,-750,1730
neg,0.4106202429993573,1807,-750,1730
neg,0.41118731899950944,1806,-750,1730
neg,0.4118123429998377,1805,-750,1730
neg,0.41239180299999134,1805,-750,1730
neg,0.4129935740002111,1804,-750,1730
neg,0.413562293000723,1804,-750,1730
neg,0.414134558999649,1803,-750,1730
neg,0.41474475500035624,1803,-750,1730
neg,0.41531388600014907,1802,-750,1730
neg,0.4158927640000911,1802,-750,1730
neg,0.416513861000567,1802,-750,1730
neg,0.41712359600023774,1802,-750,1730
neg,0.4177461460003542,1802,-750,1730
neg,0.41831348199957574,1801,-750,1730
neg,0.4188877020005748,1800,-750,1730
neg,0.41950969000026817,1800,-750,1730
neg,0.42011731200000213,1799,-750,1730
neg,0.42073976199935714,1798,-750,1730
neg,0.421311907000927,1798,-750,1730
neg,0.4219151809993491,1797,-750,1730
neg,0.4225174330003938,1797,-750,1730
neg,0.42310889399959706,1797,-750,1730
neg,0.4236873410009139,1797,-750,1730
neg,0.4242596269996284,1796,-750,1730
neg,0.4248658870001236,1795,-750,1730
neg,0.42543947500053036,1795,-750,1730
neg,0.42603763899933256,1795,-750,1730
neg,0.4266346109998267,1795,-750,1730
neg,0.42724361500040686,1794,-750,1730
neg,0.42784224999923026,1793,-750,1730
neg,0.428391613999338,1793,-750,1730
neg,0.42899382500036154,1793,-750,1730
neg,0.4295639169995411,1793,-750,1730
neg,0.4301350610003283,1792,-750,1730
neg,0.43076010500044504,1791,-750,1730
neg,0.4313567059998604,1791,-750,1730
neg,0.43193758800043724,1790,-750,1730
neg,0.4325125190007384,1790,-750,1730
neg,0.433121153000684,1789,-750,1730
neg,0.43368972200005373,1788,-750,1730
neg,0.43426002399974095,1788,-750,1730
neg,0.4348449530007201,1787,-750,1730
neg,0.4353843480002979,1787,-750,1730
neg,0.43599366300077236,1786,-750,1730
neg,0.4365648870007135,1786,-750,1730
neg,0.43713834499976656,1785,-750,1730
neg,0.4377390440004092,1784,-750,1730
neg,0.4383128019999276,1784,-750,1730
neg,0.4388887250006519,1783,-750,1730
neg,0.4395125970004301,1783,-750,1730
neg,0.44011461899935966,1782,-750,1730
neg,0.44073964299968793,1781,-750,1730
neg,0.4413111169997137,1781,-750,1730
neg,0.44191003299965814,1780,-750,1730
neg,0.4425085170005332,1780,-750,1730
neg,0.4431048679998639,1780,-750,1730
neg,0.4436945760007802,1779,-750,1730
neg,0.4442582859992399,1779,-750,1730
neg,0.44486896399939724,1778,-750,1730
neg,0.445442150999952,1778,-750,1730
neg,0.4460086159997445,1777,-750,1730
neg,0.44661837199964793,1777,-750,1730
neg,0.44718592900062504,1777,-750,1730
neg,0.4478131180003402,1776,-750,1730
neg,0.44841511900085607,1776,-900,1730
neg,0.4490094360007788,1775,-900,1730
neg,0.4496203830003651,1775,-900,1730
neg,0.4501930000005814,1775,-900,1730
neg,0.45081391699932283,1774,-900,1730
neg,0.4513839179999195,1774,-900,1730
neg,0.4519941149992519,1774,-900,1730
neg,0.45256875499944726,1773,-900,1730
neg,0.4531353610000224,1773,-900,1730
neg,0.45375897200028703,1772,-900,1730
neg,0.45435591400018893,1772,-900,1730
neg,0.45494016200063925,1771,-900,1730
neg,0.45554112200079544,1771,-900,1730
neg,0.4561044509991916,1771,-900,1730
neg,0.45668575300078373,1770,-900,1730
neg,0.4572581690008519,1770,-900,1730
neg,0.4578632659995492,1770,-900,1730
neg,0.4584380970009079,1769,-900,1730
neg,0.4590152019991365,1769,-900,1730
neg,0.45961314600026526,1769,-900,1730
neg,0.46019212399914977,1769,-900,1730
neg,0.4608151850006834,1768,-900,1730
neg,0.4613833629991859,1768,-900,1730
neg,0.4619922570000199,1768,-900,1730
neg,0.4625627290006378,1767,-900,1730
neg,0.46316218600077264,1767,-900,1730
neg,0.46381089399983466,1767,-900,1730
neg,0.4643835009992472,1767,-900,1730
neg,0.46496768900033203,1767,-900,1730
neg,0.4655608339999162,1766,-900,1730
neg,0.4661332300001959,1766,-900,1730
neg,0.4667386479995912,1766,-900,1730
neg,0.46731052299946896,1766,-900,1730
neg,0.4678887999998551,1766,-900,1730
neg,0.4685089649992733,1765,-500,1730
neg,0.4691041839996615,1765,-500,1730
neg,0.46968625699992117,1765,-500,1730
neg,0.4702579919994605,1765,-500,1730
neg,0.4708691010000621,1764,-500,1730
neg,0.47143566600061604,1764,-500,1730
neg,0.47200817200064193,1764,-500,1730
neg,0.4726131089992123,1764,-500,1730
neg,0.47318798000014795,1764,-500,1730
neg,0.4738105899996299,1763,-500,1730
neg,0.4743907100000797,1763,-500,1730
neg,0.47499524600061704,1763,-500,1730
neg,0.4755640549992677,1762,-500,1730
neg,0.4761338259995682,1762,-500,1730
neg,0.47673941399989417,1762,-500,1730
neg,0.47733739800059993,1762,-500,1730
neg,0.47788378599943826,1762,-500,1730
neg,0.47851089399955526,1761,-500,1730
neg,0.4791049310006201,1761,-500,1730
neg,0.47968621300060477,1761,-500,1730
neg,0.4802622759998485,1761,-500,1730
neg,0.48086757400051283,1761,-500,1730
neg,0.4814352510002209,1760,-500,1730
neg,0.48200750700016215,1760,-500,1730
neg,0.48261249300048803,1760,-500,1730
neg,0.4831894880007894,1760,-500,1730
neg,0.48381015400082106,1760,-500,1730
neg,0.48439022499951534,1760,-500,1730
neg,0.4849916849998408,1760,-500,1730
neg,0.4855651929992746,1759,-500,1730
neg,0.48613222899984976,1759,-500,1730
neg,0.4867432169994572,1759,-500,1730
neg,0.4873128279996308,1759,-500,1730
neg,0.4878866069993819,1759,-300,1730
neg,0.48851160100093693,1759,-300,1730
neg,0.4891033330004575,1759,-300,1730
neg,0.4896849859997019,1758,-300,1730
neg,0.49025717199947394,1758,-300,1730
neg,0.4908628699995461,1758,-300,1730
neg,0.4914381119997415,1758,-300,1730
neg,0.4920070719999785,1758,-300,1730
neg,0.49261339099939505,1757,-300,1730
neg,0.4932167450006091,1757,-300,1730
neg,0.49381347599955916,1757,-300,1730
neg,0.4943852110009175,1757,-300,1730
neg,0.49499057799948787,1757,-300,1730
neg,0.49556409700016957,1756,-300,1730
neg,0.49613199399937,1756,-300,1730
neg,0.49673853400054213,1756,-300,1730
neg,0.49731343500025105,1756,-300,1730
neg,0.4978879450009117,1756,-300,1730
neg,0.4985151529999712,1756,-300,1730
neg,0.49911501099995803,1755,-300,1730
neg,0.499744233000456,1755,-300,1730
neg,0.5003122809994238,1755,-300,1730
neg,0.5008876219999365,1755,-300,1730
neg,0.5015073859995027,1755,-300,1730
neg,0.5021034769997641,1755,-300,1730
neg,0.5026859619993047,1755,-300,1730
neg,0.5032831040007295,1754,-300,1730
neg,0.5038629840000795,1754,-300,1730
neg,0.5044355610007187,1754,-300,1730
neg,0.5050071250007022,1754,-300,1730
neg,0.505614315999992,1754,-300,1730
neg,0.5062104770004225,1754,-300,1730
neg,0.5068118670005788,1754,-300,1730
neg,0.5074142379999103,1754,-300,1730
neg,0.5080066819991771,1754,-250,1730
neg,0.5086137830003281,1754,-250,1730
neg,0.5091845259994443,1754,-250,1730
neg,0.5098129159996461,1754,-250,1730
neg,0.5103899009991437,1754,-250,1730
neg,0.5109918420002941,1754,-250,1730
neg,0.5115907679992233,1754,-250,1730
neg,0.5121335290004936,1754,-250,1730
neg,0.5127578920000815,1754,-250,1730
neg,0.5133542319999833,1754,-250,1730
neg,0.5139340719997563,1754,-250,1730
neg,0.5145327869995526,1754,-250,1730
neg,0.515111935999812,1754,-250,1730
neg,0.5157383530004154,1754,-250,1730
neg,0.5163093760002084,1754,-250,1730
neg,0.5168856000000233,1754,-250,1730
neg,0.5175183480005217,1754,-250,1730
neg,0.5181112619993655,1754,-250,1730
neg,0.518686303999857,1754,-250,1730
neg,0.5192414779994579,1754,-250,1730
neg,0.5198141939999914,1754,-250,1730
neg,0.5203816310004186,1753,-250,1730
neg,0.5209913670005335,1753,-250,1730
neg,0.521562019999692,1753,-250,1730
neg,0.5221320609998656,1753,-250,1730
neg,0.5227367679999588,1753,-250,1730
neg,0.5233092340004077,1753,-250,1730
neg,0.523881891000201,1753,-250,1730
neg,0.5245108719991549,1753,-250,1730
neg,0.5251043480002409,1753,-250,1730
neg,0.5256893770001625,1753,-250,1730
neg,0.5262568340003781,1753,-250,1730
neg,0.5268626130000484,1753,-250,1730
neg,0.5274337560003914,1753,-250,1730
neg,0.5280610640002124,1752,-100,1730
neg,0.5286340019993077,1752,-100,1730
neg,0.529240170999401,1752,-100,1730
neg,0.5298386150006991,1752,-100,1730
neg,0.5304341049995855,1752,-100,1730
neg,0.5310071620006056,1752,-100,1730
neg,0.5316168379995361,1752,-100,1730
neg,0.5321882320004079,1752,-100,1730
neg,0.5328117930002918,1752,-100,1730
neg,0.5333815340000001,1752,-100,1730
neg,0.5339901480001572,1751,-100,1730
neg,0.5345582959998865,1751,-100,1730
neg,0.5351311529993836,1751,-100,1730
neg,0.5357382340007462,1751,-100,1730
neg,0.5363111909991858,1751,-100,1730
neg,0.5368860220005445,1751,-100,1730
neg,0.5375104350005131,1751,-100,1730
neg,0.5381024069993146,1751,-100,1730
neg,0.5386870260008436,1751,-100,1730
neg,0.53926366000087,1751,-100,1730
neg,0.539861634000772,1751,-100,1730
neg,0.540441553999699,1751,-100,1730
neg,0.5410070969992375,1750,-100,1730
neg,0.5416115730004094,1750,-100,1730
neg,0.5421842499999912,1750,-100,1730
neg,0.5428160169994953,1750,-100,1730
neg,0.543388452999352,1750,-100,1730
neg,0.5439871679991484,1750,-100,1730
neg,0.5445639919998939,1750,-100,1730
neg,0.5451587000006839,1750,-100,1730
neg,0.5458163950006565,1750,-100,1730
neg,0.5463810170003853,1750,-100,1730
neg,0.5469897399998445,1750,-100,1730
neg,0.5475580290003563,1750,-100,1730
neg,0.5481312470001285,1750,-100,1730
neg,0.5487374460008141,1750,-100,1730
neg,0.5493078679992323,1750,-100,1730
neg,0.5498806849991524,1750,-100,1730
neg,0.5505055489993538,1750,-100,1730
neg,0.5511040040000807,1750,-100,1730
neg,0.5516842340002768,1750,-100,1730
neg,0.5522561800007679,1750,-100,1730
neg,0.5528608759996132,1750,-100,1730
neg,0.553439683999386,1750,-100,1730
neg,0.5540053069998976,1749,-100,1730
neg,0.5546151130001817,1749,-100,1730
neg,0.5551845440004399,1749,-100,1730
neg,0.5558098689998587,1749,-100,1730
neg,0.5563802209999267,1749,-100,1730
neg,0.5569910089998302,1749,-100,1730
neg,0.5575622830001521,1749,-100,1730
neg,0.5581306910007697,1749,-100,1730
neg,0.5587410680000175,1749,-100,1730
neg,0.559312241999578,1749,-100,1730
neg,0.5599076210000931,1749,-100,1730
neg,0.5605127079998056,1749,-100,1730
neg,0.5611023960009334,1749,-100,1730
neg,0.5616837790003046,1749,-100,1730
neg,0.5622552540007746,1749,-100,1730
neg,0.5628619439994509,1749,-100,1730
neg,0.5634352109991596,1749,-100,1730
neg,0.5640048820005177,1749,-100,1730
neg,0.5646147080005903,1749,-100,1730
neg,0.5651884870003414,1749,-100,1730
neg,0.5658159449994855,1749,-100,1730
neg,0.5663801459995739,1749,-100,1730
neg,0.5669885490005981,1749,-100,1730
neg,0.5675873349991889,1749,-50,1730
neg,0.5681303860001208,1749,-50,1730
neg,0.5687560719998146,1749,-50,1730
neg,0.5693527929997799,1749,-50,1730
neg,0.569932312999299,1749,-50,1730
neg,0.5705336329992861,1749,-50,1730
neg,0.5711312460007321,1749,-50,1730
neg,0.5717549069995584,1749,-50,1730
neg,0.5723535519991856,1749,-50,1730
neg,0.5729321899998467,1749,-50,1730
neg,0.5735359240006801,1749,-50,1730
neg,0.5741045939994365,1749,-50,1730
neg,0.5746880000006058,1749,-50,1730
neg,0.5752822970007401,1749,-50,1730
neg,0.5758615859995189,1749,-50,1730
neg,0.5764322190007078,1749,-50,1730
neg,0.5770064389998879,1749,-50,1730
neg,0.5776112849998754,1749,-50,1730
neg,0.5781822690005356,1749,-50,1730
neg,0.5788077130000602,1749,-50,1730
neg,0.5793857999997272,1749,-50,1730
neg,0.5799884330008354,1748,-50,1730
neg,0.5805579730003956,1748,-50,1730
neg,0.581130349999512,1748,-50,1730
neg,0.5817372399997112,1748,-50,1730
neg,0.582310667999991,1748,-50,1730
neg,0.5829067579998082,1748,-50,1730
neg,0.5835046320007677,1748,-50,1730
neg,0.5841014239995275,1748,-50,1730
neg,0.5846832070001255,1748,-50,1730
neg,0.5852544509998552,1748,-50,1730
neg,0.5858601790005196,1748,-50,1730
neg,0.5865094479995605,1748,-50,1730
neg,0.587104255999293,1748,-50,1730
neg,0.5876844470003562,1748,-50,1730
neg,0.588254488999155,1748,-50,1730
neg,0.5888600969992694,1748,-50,1730
neg,0.5895117410000239,1748,-50,1730
neg,0.5901019800003269,1748,-50,1730
neg,0.5906860180002695,1748,-50,1730
neg,0.5912547669995547,1748,-50,1730
neg,0.5918644619996485,1748,-50,1730
neg,0.5924343540009431,1748,-50,1730
neg,0.5930125909999333,1748,-50,1730
neg,0.5936104949996661,1748,-50,1730
neg,0.5942115340003511,1748,-50,1730
neg,0.5948111710004014,1748,-50,1730
neg,0.5953876950006816,1748,-50,1730
neg,0.5959884639996744,1748,-50,1730
neg,0.5965600790004828,1747,-50,1730
neg,0.5971313730005932,1747,-50,1730
neg,0.5978955259997747,1747,-50,1730
neg,0.5985074660002283,1747,-50,1730
neg,0.5991075830006594,1747,-50,1730
neg,0.599684607999734,1747,-50,1730
neg,0.6002541090001614,1747,-50,1730
neg,0.6008323559999553,1747,-50,1730
neg,0.6014052030004677,1747,-50,1730
neg,0.6020563160000165,1747,-50,1730
neg,0.602629512999556,1747,-50,1730
neg,0.6032403709996288,1747,-50,1730
neg,0.6038103629998659,1747,-50,1730
neg,0.6044114720007201,1747,-50,1730
neg,0.6050365259998216,1747,-50,1730
neg,0.6056329469993216,1747,-50,1730
neg,0.6062400080008956,1747,-50,1730
neg,0.6068417490005231,1746,-50,1730
neg,0.6074346130008053,1746,-100,1730
neg,0.6080048450003233,1746,-100,1730
neg,0.6086126869995496,1746,-100,1730
neg,0.6092157309994946,1746,-100,1730
neg,0.6097853920000489,1746,-100,1730
neg,0.6103520169999683,1746,-100,1730
neg,0.6109340309994877,1746,-100,1730
neg,0.6115099439994083,1746,-100,1730
neg,0.6120846039993921,1746,-100,1730
neg,0.6126277149996895,1746,-100,1730
neg,0.6132382830001006,1746,-100,1730
neg,0.6138070519991743,1746,-100,1730
neg,0.6143771440001728,1746,-100,1730
neg,0.6149862990005204,1746,-100,1730
neg,0.6155600170004618,1746,-100,1730
neg,0.6161599549996026,1746,-100,1730
neg,0.6168090539995319,1746,-100,1730
neg,0.6174092410001322,1745,-100,1730
neg,0.6180077959998016,1745,-100,1730
neg,0.61861791299998,1745,-100,1730
neg,0.61921560600058,1745,-100,1730
neg,0.6198075480006082,1745,-100,1730
neg,0.6203835209998942,1745,-100,1730
neg,0.6209882080001989,1745,-100,1730
neg,0.6215614850007114,1745,-100,1730
neg,0.6221290930006944,1745,-100,1730
neg,0.6227360230004706,1745,-100,1730
neg,0.623307518000729,1745,-100,1730
neg,0.6238846430005651,1745,-100,1730
neg,0.6245085339996876,1745,-100,1730
neg,0.625100155999462,1745,-100,1730
neg,0.6256821599999967,1744,-100,1730
neg,0.6262535950008896,1744,-100,1730
neg,0.6268593330005388,1744,-100,1730
neg,0.6274338629991689,1744,-100,1730
neg,0.628003613999681,1744,-100,1730
neg,0.6286088220003876,1744,-100,1730
neg,0.6292132769995078,1743,-100,1730
neg,0.6298114820001501,1743,-100,1730
neg,0.6304101460009406,1743,-100,1730
neg,0.6310044729998481,1743,-100,1730
neg,0.6316097409999202,1743,-100,1730
neg,0.6321808339998825,1743,-100,1730
neg,0.6328059989991743,1743,-100,1730
neg,0.6333853880005336,1743,-100,1730
neg,0.6339898540009017,1743,-100,1730
neg,0.6345557179993193,1743,-100,1730
neg,0.6351279440004873,1743,-100,1730
neg,0.635768938000183,1743,-100,1730
neg,0.6363616920007189,1742,-100,1730
neg,0.6369379450006818,1742,-100,1730
neg,0.6375047809997341,1742,-100,1730
neg,0.6381090159993619,1742,-100,1730
neg,0.6387539970000944,1742,-100,1730
neg,0.639353463999214,1742,-100,1730
neg,0.6399343859993678,1742,-100,1730
neg,0.6405315179999889,1742,-100,1730
neg,0.6410997370003315,1741,-100,1730
neg,0.6416814799995336,1741,-100,1730
neg,0.642252773999644,1741,-100,1730
neg,0.6428585030007525,1741,-100,1730
neg,0.6434389940004621,1741,-100,1730
neg,0.6440130230002978,1741,-100,1730
neg,0.6446085520001361,1741,-100,1730
neg,0.6451888030005648,1741,-100,1730
neg,0.6458068039992213,1741,-100,1730
neg,0.6464041559993348,1741,-100,1730
neg,0.6470025910002732,1741,-150,1730
neg,0.6476099930005148,1741,-150,1730
neg,0.6481866270005412,1740,-150,1730
neg,0.6488113899995369,1740,-150,1730
neg,0.6493786770006409,1740,-150,1730
neg,0.6499865789992327,1740,-150,1730
neg,0.6505607580002106,1740,-150,1730
neg,0.6511313209994114,1740,-150,1730
neg,0.6517338329995255,1740,-150,1730
neg,0.652306119000059,1740,-150,1730
neg,0.6528857089997473,1740,-150,1730
neg,0.6535042010000325,1740,-150,1730
neg,0.6540994599999976,1740,-150,1730
neg,0.6546873250008503,1740,-150,1730
neg,0.6552605220003898,1740,-150,1730
neg,0.6558592469991709,1740,-150,1730
neg,0.6565037170003052,1740,-150,1730
neg,0.6570994169996993,1740,-150,1730
neg,0.6576588190000621,1740,-150,1730
neg,0.658252765000725,1740,-150,1730
neg,0.6588636529995711,1740,-150,1730
neg,0.6594297169995116,1740,-150,1730
neg,0.6600022940001509,1740,-150,1730
neg,0.6606073910006671,1740,-150,1730
neg,0.6611803680007142,1740,-150,1730
neg,0.6618064640006196,1740,-150,1730
neg,0.6623800319994189,1740,-150,1730
neg,0.6629868029995123,1740,-150,1730
neg,0.6635893950005993,1740,-150,1730
neg,0.6641273669993097,1740,-150,1730
neg,0.6647332150005241,1740,-150,1730
neg,0.6653108310001699,1740,-150,1730
neg,0.6658850610001537,1740,-150,1730
neg,0.6665066990008199,1740,-100,1730
neg,0.6670986009994522,1739,-100,1730
neg,0.6676865160006855,1739,-100,1730
neg,0.6682519700007106,1739,-100,1730
neg,0.6688599019998946,1739,-100,1730
neg,0.6694329689998995,1739,-100,1730
neg,0.6700022490003903,1739,-100,1730
neg,0.6706140189999132,1739,-100,1730
neg,0.6711823980003828,1739,-100,1730
neg,0.6718090150006901,1739,-100,1730
neg,0.672376943000927,1739,-100,1730
neg,0.6729856759993709,1739,-100,1730
neg,0.6735552169993753,1739,-100,1730
neg,0.67412797399993,1739,-100,1730
neg,0.674732199000573,1739,-100,1730
neg,0.6752858809995814,1739,-100,1730
neg,0.6758599099994171,1739,-100,1730
neg,0.6764294799995696,1739,-100,1730
neg,0.6770027080001455,1739,-100,1730
neg,0.6776068130002386,1739,-100,1730
neg,0.67818010100018,1739,-100,1730
neg,0.6788102850005089,1739,-100,1730
neg,0.6793840440004715,1739,-100,1730
neg,0.679985824999676,1739,-100,1730
neg,0.6805548850006744,1739,-100,1730
neg,0.6811266200002137,1739,-100,1730
neg,0.681733028999588,1739,-100,1730
neg,0.6823074389994872,1739,-100,1730
neg,0.6828768890009087,1739,-100,1730
neg,0.6835018029996718,1739,-100,1730
neg,0.6840984139998909,1739,-100,1730
neg,0.6846797470007004,1739,-100,1730
neg,0.685259326999585,1739,-100,1730
neg,0.6858579719992122,1739,-100,1730
neg,0.6864368499991542,1739,0,1730
neg,0.6870035259998986,1739,0,1730
neg,0.6875893870001164,1739,0,1730
neg,0.6881274989991653,1739,0,1730
neg,0.6887380160005705,1739,0,1730
neg,0.6893041500006802,1739,0,1730
neg,0.6899049799994827,1739,0,1730
neg,0.6905018109991943,1739,0,1730
neg,0.6910826530001941,1739,0,1730
neg,0.6916792440006247,1739,0,1730
neg,0.6922510690001218,1739,0,1730
neg,0.692862788999264,1739,0,1730
neg,0.693434292999882,1739,0,1730
neg,0.6940285900000163,1739,0,1730
neg,0.6946067169992602,1739,0,1730
neg,0.6952061829997547,1739,0,1730
neg,0.6958076539995091,1739,0,1730
neg,0.6964100460008922,1739,0,1730
neg,0.6970013770005608,1739,0,1730
neg,0.6976081569991948,1739,0,1730
neg,0.6981856029997289,1739,0,1730
neg,0.698807480999676,1739,0,1730
neg,0.6993816009999136,1739,0,1730
neg,0.6999850150004931,1739,0,1730
neg,0.7005869460008398,1739,0,1730
neg,0.7011321410009259,1739,0,1730
neg,0.7017379490007443,1739,0,1730
neg,0.7023066479996487,1739,0,1730
neg,0.7029061350003758,1739,0,1730
neg,0.7035060929993051,1739,0,1730
neg,0.7041019320004125,1739,0,1730
neg,0.704685459000757,1739,0,1730
neg,0.7052519640001265,1739,0,1730
neg,0.705857011000262,1739,0,1730
neg,0.7064285760006896,1739,0,1730
neg,0.7070542910005315,1739,0,1730
neg,0.7076254750008957,1739,0,1730
neg,0.7082355710008414,1739,0,1730
neg,0.7088080779994925,1739,0,1730
neg,0.7093771679992642,1739,0,1730
neg,0.709985511000923,1739,0,1730
neg,0.7105540800002927,1739,0,1730
neg,0.7111258349996206,1739,0,1730
neg,0.7117364919995453,1739,0,1730
neg,0.7123048009998456,1739,0,1730
neg,0.712880163000591,1739,0,1730
neg,0.7135009890007495,1739,0,1730
neg,0.7140969590000168,1739,0,1730
neg,0.7146827199994732,1739,0,1730
neg,0.7152513490000274,1739,0,1730
neg,0.7158559350009455,1739,0,1730
neg,0.7165066369998385,1739,0,1730
neg,0.7171146900000167,1739,0,1730
neg,0.7177438210001128,1739,0,1730
neg,0.7183380980004586,1739,0,1730
neg,0.718932424999366,1739,0,1730
neg,0.7195276239999657,1739,0,1730
neg,0.7201270900004602,1739,0,1730
neg,0.7207510219996038,1739,0,1730
neg,0.7213493569997809,1739,0,1730
neg,0.7219316909995541,1739,0,1730
neg,0.7225298859993927,1739,0,1730
neg,0.7230970620003063,1739,0,1730
neg,0.7236813800009259,1739,0,1730
neg,0.7242510720006976,1739,0,1730
neg,0.7248559079998813,1739,0,1730
neg,0.7254319309995481,1739,0,1730
neg,0.7260007000004407,1739,0,1730
neg,0.7266111480003019,1739,0,1730
neg,0.7271813089992065,1739,0,1730
neg,0.7278038889999152,1739,0,1730
neg,0.7283821460005129,1739,0,1730
neg,0.7289844980005,1739,0,1730
neg,0.7295604409991938,1739,0,1730
neg,0.7301317649998964,1739,0,1730
neg,0.7307317619997775,1739,0,1730
neg,0.7313330819997645,1739,0,1730
neg,0.7319289820006816,1739,0,1730
neg,0.732502070000919,1739,0,1730
neg,0.733100634000948,1739,0,1730
neg,0.7336856940000871,1739,0,1730
neg,0.7342520990005141,1739,0,1730
neg,0.7348575470005017,1739,0,1730
neg,0.7354278790007811,1739,0,1730
neg,0.7360010869997495,1739,0,1730
neg,0.7366082179996738,1739,0,1730
neg,0.7371788399996149,1739,0,1730
neg,0.7378093450006418,1739,0,1730
neg,0.7383797370002867,1739,0,1730
neg,0.7389838319995761,1739,0,1730
neg,0.7395535140003631,1739,0,1730
neg,0.7401251579995005,1739,0,1730
neg,0.7407326190004824,1739,0,1730
neg,0.7413048550006351,1739,0,1730
neg,0.7419070970008761,1739,0,1730
neg,0.7425082970003132,1739,0,1730
neg,0.7430964819996007,1739,0,1730
neg,0.7436786870002834,1739,0,1730
neg,0.7442497400006687,1739,0,1730
neg,0.744857112000318,1739,0,1730
neg,0.7454277750002802,1739,0,1730
neg,0.7460004410004331,1739,0,1730
neg,0.7466094749997865,1739,0,1730
neg,0.7472106149998581,1739,0,1730
neg,0.7478105930003949,1739,0,1730
neg,0.7483805739993841,1739,0,1730
neg,0.7489845090003655,1739,0,1730
neg,0.7495532280008774,1739,0,1730
neg,0.7501244520008186,1739,0,1730
neg,0.7507314930007851,1739,0,1730
neg,0.7513079069995001,1739,0,1730
neg,0.7518747529993561,1739,0,1730
neg,0.7525075310004468,1739,0,1730
neg,0.7530970490006439,1739,0,1730
neg,0.7536837820007349,1739,0,1730
neg,0.7542505069995968,1739,0,1730
neg,0.7548549929997534,1739,0,1730
neg,0.7554335309996532,1739,0,1730
neg,0.7560003569997207,1739,0,1730
neg,0.7566059149994544,1739,0,1730
neg,0.757179312999142,1739,0,1730
neg,0.7578041159995337,1739,0,1730
neg,0.7583752900009131,1739,0,1730
neg,0.7589840939999704,1739,0,1730
neg,0.7595822080002108,1739,0,1730
neg,0.7601242780001485,1739,0,1730
neg,0.7607313480002631,1739,0,1730
neg,0.7613077419991896,1739,0,1730
neg,0.7618821920004848,1739,0,1730
neg,0.7625000829993951,1739,0,1730
neg,0.7630963530009467,1739,0,1730
neg,0.7636767040003178,1739,0,1730
neg,0.7642501020000054,1739,0,1730
neg,0.7648568029999296,1739,0,1730
neg,0.7654303109993634,1739,0,1730
neg,0.7660580400006438,1739,0,1730
neg,0.7666297039995698,1739,0,1730
neg,0.7672339100008685,1739,0,1730
neg,0.7678291789998184,1739,0,1730
neg,0.7683775299992703,1739,0,1730
neg,0.7689958419996401,1739,0,1730
neg,0.7695904390002397,1739,0,1730
neg,0.7701808790006908,1739,0,1730
neg,0.7708059529995808,1739,0,1730
neg,0.77138151500003,1739,0,1730
neg,0.7719840270001441,1739,0,1730
neg,0.772556973999599,1739,0,1730
neg,0.773124261000703,1739,0,1730
neg,0.773733476000416,1739,0,1730
neg,0.7743085870006325,1739,0,1730
neg,0.7748749719994521,1739,0,1730
neg,0.7754997259999072,1739,0,1730
neg,0.7760969579994708,1739,0,1730
neg,0.7766802240003017,1739,0,1730
neg,0.7772488230002637,1739,0,1730
neg,0.7778561649993208,1739,0,1730
neg,0.778430495000066,1739,0,1730
neg,0.778999603999182,1739,0,1730
neg,0.7796045510003751,1739,0,1730
neg,0.7802100690005318,1739,0,1730
neg,0.7808086940003705,1739,0,1730
neg,0.7814032410005893,1739,0,1730
neg,0.7819991409996874,1739,0,1730
neg,0.7826050099993154,1739,0,1730
neg,0.7831842790001247,1739,0,1730
neg,0.7838044939999236,1739,0,1730
neg,0.7843805270003941,1739,0,1730
neg,0.7849830989998736,1739,0,1730
neg,0.7855538420008088,1739,0,1730
neg,0.786123313000644,1739,0,1730
neg,0.7867353429992363,1739,0,1730
neg,0.7873057649994735,1739,0,1730
neg,0.7878762380005355,1739,0,1730
neg,0.7884993980005675,1739,0,1730
neg,0.7890957390009135,1739,0,1730
neg,0.7896820810001373,1739,0,1730
neg,0.7902488470008393,1739,0,1730
neg,0.7908573099994101,1739,0,1730
neg,0.7914306679995207,1739,0,1730
neg,0.7919986359993345,1739,0,1730
neg,0.7926039030007814,1739,0,1730
neg,0.7931826010008081,1739,0,1730
neg,0.7938082060009037,1739,0,1730
neg,0.7943811940003798,1739,0,1730
neg,0.7949823630005994,1739,0,1730
neg,0.7955534569991869,1739,0,1730
neg,0.7961234790000162,1739,0,1730
neg,0.7967288859999826,1739,0,1730
neg,0.797300861999247,1739,0,1730
neg,0.7978734379994421,1739,0,1730
neg,0.798499434000405,1739,0,1730
neg,0.7991337250005017,1739,0,1730
neg,0.7997570459992858,1739,0,1730
neg,0.8003457430004346,1739,0,1730
neg,0.800927316000525,1739,0,1730
neg,0.8015246190007019,1739,0,1730
neg,0.8020989680007915,1739,0,1730
neg,0.8026760930006276,1739,0,1730
neg,0.8032481190002727,1739,0,1730
neg,0.803860149000684,1739,0,1730
neg,0.8044265440003073,1739,0,1730
neg,0.8049982779994025,1739,0,1730
neg,0.8056080139995174,1739,0,1730
neg,0.8061765630009177,1739,0,1730
neg,0.8068013070005691,1739,0,1730
neg,0.8073804350005958,1739,0,1730
neg,0.8079848409997794,1739,0,1730
neg,0.8085826950009505,1739,0,1730
neg,0.8091233220002323,1739,0,1730
neg,0.8097283890001563,1739,0,1730
neg,0.8103073170004791,1739,0,1730
neg,0.8108989289994497,1739,0,1730
neg,0.8114977940003882,1739,0,1730
neg,0.8120940150001843,1739,0,1730
neg,0.8126770109993231,1739,0,1730
neg,0.8132476030004909,1739,0,1730
neg,0.8138583109994215,1739,0,1730
neg,0.8144322799998918,1739,0,1730
neg,0.8149980340003822,1739,0,1730
neg,0.8156076289997145,1739,0,1730
neg,0.8161787030003325,1739,0,1730
neg,0.8168022240006394,1739,0,1730
neg,0.817387654000413,1739,0,1730
neg,0.8180394280007022,1739,0,1730
neg,0.8186249589998624,1739,0,1730
neg,0.8192375300004642,1739,0,1730
neg,0.8198353030002181,1739,0,1730
neg,0.8203736359992035,1739,0,1730
neg,0.8209827009995934,1739,0,1730
neg,0.8215539550001267,1739,0,1730
neg,0.822122894000131,1739,0,1730
neg,0.8227357760006271,1739,0,1730
neg,0.8233008080005675,1739,0,1730
neg,0.8239032910005335,1739,0,1730
neg,0.8245056020004995,1739,0,1730
neg,0.8250943189996178,1739,0,1730
neg,0.8256822439998359,1739,0,1730
neg,0.8262790249991667,1739,0,1730
neg,0.8268730920008238,1739,0,1730
neg,0.8274985070002003,1739,0,1730
neg,0.8280937550007366,1739,0,1730
neg,0.828681549999601,1739,0,1730
neg,0.8292476250007894,1739,0,1730
neg,0.8298573899992334,1739,0,1730
neg,0.8304271310007607,1739,0,1730
neg,0.831057024999609,1739,0,1730
neg,0.8316225079997821,1739,0,1730
neg,0.8322316930007219,1739,0,1730
neg,0.8328067940001347,1739,0,1730
neg,0.8333727280005405,1739,0,1730
neg,0.8339823130008881,1739,0,1730
neg,0.83454988000085,1739,0,1730
neg,0.8351276169996709,1739,0,1730
neg,0.8357313310007157,1739,0,1730
neg,0.8363019040007202,1739,0,1730
neg,0.8369057790005172,1739,0,1730
neg,0.8375043930009269,1739,0,1730
neg,0.8380945419994532,1739,0,1730
neg,0.8386843810003484,1739,0,1730
neg,0.8392813430000388,1739,0,1730
neg,0.8398731449997285,1739,0,1730
neg,0.8405062649999309,1739,0,1730
neg,0.8410943700000644,1739,0,1730
neg,0.8416747909996047,1739,0,1730
neg,0.8422476079995249,1739,0,1730
neg,0.8428531959998509,1739,0,1730
neg,0.843497154999568,1739,0,1730
neg,0.8441051980007614,1739,0,1730
neg,0.8447277670002222,1739,0,1730
neg,0.8453001130001212,1739,0,1730
neg,0.845872228999724,1739,0,1730
neg,0.8465048470006877,1739,0,1730
neg,0.8470950270002504,1739,0,1730
neg,0.8476756180007214,1739,0,1730
neg,0.8482468919992243,1739,0,1730
neg,0.8488535819997196,1739,0,1730
neg,0.8494253169992589,1739,0,1730
neg,0.8499973220004904,1739,0,1730
neg,0.8506067670004995,1739,0,1730
neg,0.8511770290006098,1739,0,1730
neg,0.851807122999162,1739,0,1730
neg,0.8523761430005834,1739,0,1730
neg,0.8529824119996192,1739,0,1730
neg,0.853549187999306,1739,0,1730
neg,0.854094033000365,1739,0,1730
neg,0.854674743999567,1739,0,1730
neg,0.8552809640004853,1739,0,1730
neg,0.8558573169993906,1739,0,1730
neg,0.8564259359991411,1739,0,1730
neg,0.8570283879998897,1739,0,1730
neg,0.8576020359996619,1739,0,1730
neg,0.8581813660002808,1739,0,1730
neg,0.8588037749996147,1739,0,1730
neg,0.8593718129995978,1739,0,1730
neg,0.8599807470000087,1739,0,1730
neg,0.8605519409993576,1739,0,1730
neg,0.8611218330006523,1739,0,1730
neg,0.8617268390007666,1739,0,1730
neg,0.8623027119992912,1739,0,1730
neg,0.8628770609993808,1739,0,1730
neg,0.8635031279991381,1739,0,1730
neg,0.8640981360003934,1739,0,1730
neg,0.8646744489997218,1739,0,1730
neg,0.8652467350002553,1739,0,1730
neg,0.8658535049999045,1739,0,1730
neg,0.8664247190008609,1739,0,1730
neg,0.8670505350000894,1739,0,1730
neg,0.8676266879992909,1739,0,1730
neg,0.8682303629993839,1739,0,1730
neg,0.8688073369994527,1739,0,1730
neg,0.8694027960009407,1739,0,1730
neg,0.8699964520001231,1739,0,1730
neg,0.8706032819991378,1739,0,1730
neg,0.8712004040007741,1739,0,1730
neg,0.8718026459991961,1739,0,1730
neg,0.8723978550005995,1739,0,1730
neg,0.8729961089993594,1739,0,1730
neg,0.8736071769999398,1739,0,1730
neg,0.8742010629994184,1739,0,1730
neg,0.8748021329993207,1739,0,1730
neg,0.8753728060000867,1739,0,1730
neg,0.8759801470005186,1739,0,1730
neg,0.8765490259993385,1739,0,1730
neg,0.8771290570002748,1739,0,1730
neg,0.8777266800007055,1739,0,1730
neg,0.8782987760005199,1739,0,1730
neg,0.8788794470001449,1739,0,1730
neg,0.879495904999203,1739,0,1730
neg,0.8800928370001202,1739,0,1730
neg,0.8806763939992379,1739,0,1730
neg,0.8812464460006595,1739,0,1730
neg,0.8818527149996953,1739,0,1730
neg,0.8824238489996787,1739,0,1730
neg,0.8829973169995355,1739,0,1730
neg,0.8835819760006416,1739,0,1730
neg,0.8841926730001433,1739,0,1730
neg,0.8848077389993705,1739,0,1730
neg,0.8853780909994384,1739,0,1730
neg,0.8859806039999967,1739,0,1730
neg,0.8865801100000681,1739,0,1730
neg,0.8871214989994769,1739,0,1730
neg,0.8877269259992318,1739,0,1730
neg,0.8883073769993644,1739,0,1730
neg,0.8888981569998577,1739,0,1730
neg,0.8894956500007538,1739,0,1730
neg,0.890096650000487,1739,0,1730
neg,0.8906739449994348,1739,0,1730
neg,0.8912454599994817,1739,0,1730
neg,0.891851828999279,1739,0,1730
neg,0.8924302560008073,1739,0,1730
neg,0.8930505520002043,1739,0,1730
neg,0.8936214050008857,1739,0,1730
neg,0.8942313110001123,1739,0,1730
neg,0.8947997300001589,1739,0,1730
neg,0.8953751110002486,1739,0,1730
neg,0.8959801279997919,1739,0,1730
neg,0.8965478760001133,1739,0,1730
neg,0.8971225460009009,1739,0,1730
neg,0.8977334539995354,1739,0,1730
neg,0.8982980660002795,1739,0,1730
neg,0.898851256000853,1739,0,1730
neg,0.8994236119997367,1739,0,1730
neg,0.899995466999826,1739,0,1730
neg,0.90060053399975,1739,0,1730
neg,0.9011738219996914,1739,0,1730
neg,0.9018017910002527,1739,0,1730
neg,0.9023782450003637,1739,0,1730
neg,0.9029787740000756,1739,0,1730
neg,0.9035802540001896,1739,0,1730
neg,0.9041213519994926,1739,0,1730
neg,0.9047259679991839,1739,0,1730
neg,0.905302250999739,1739,0,1730
neg,0.9058711210000183,1739,0,1730
neg,0.9065000930004317,1739,0,1730
neg,0.9070925560008618,1739,0,1730
neg,0.9076768239992816,1739,0,1730
neg,0.9082526170004712,1739,0,1730
neg,0.9088506900006905,1739,0,1730
neg,0.9094976050000696,1739,0,1730
neg,0.9100930549993791,1739,0,1730
neg,0.9106762310002523,1739,0,1730
neg,0.9112452610006585,1739,0,1730
neg,0.9118511689994193,1739,0,1730
neg,0.912425758999234,1739,0,1730
neg,0.9129951800005074,1739,0,1730
neg,0.91360671899929,1739,0,1730
neg,0.9141739049991884,1739,0,1730
neg,0.9149774020006589,1739,0,1730
neg,0.9155477340009384,1739,0,1730
neg,0.9161207109991665,1739,0,1730
neg,0.9167310180000641,1739,0,1730
neg,0.9173286010009178,1739,0,1730
neg,0.917927286000122,1739,0,1730
neg,0.9185247389996221,1739,0,1730
neg,0.9190972760006844,1739,0,1730
neg,0.919677245999992,1739,0,1730
neg,0.9202452839999751,1739,0,1730
neg,0.9208290410006157,1739,0,1730
neg,0.9213727839996864,1739,0,1730
neg,0.9219790330007527,1739,0,1730
neg,0.9225826269994286,1739,0,1730
neg,0.9231227229993237,1739,0,1730
neg,0.923726588000136,1739,0,1730
neg,0.9243260750008631,1739,0,1730
neg,0.9248973590001697,1739,0,1730
neg,0.925496034000389,1739,0,1730
neg,0.926092375000735,1739,0,1730
neg,0.9266729560004023,1739,0,1730
neg,0.9272537979995832,1739,0,1730
neg,0.9278519519994006,1739,0,1730
neg,0.9284252790002938,1739,0,1730
neg,0.9289955820004252,1739,0,1730
neg,0.9296026819993131,1739,0,1730
neg,0.9301809999997204,1739,0,1730
neg,0.9308051219995832,1739,0,1730
neg,0.9313694829997985,1739,0,1730
neg,0.9319758830006322,1739,0,1730
neg,0.9325481790001504,1739,0,1730
neg,0.9331196029997955,1739,0,1730
neg,0.9337529320000613,1739,0,1730
neg,0.9343422099991585,1739,0,1730
neg,0.9349251660005393,1739,0,1730
neg,0.9354988340001,1739,0,1730
neg,0.9360928610003612,1739,0,1730
neg,0.9366783309997118,1739,0,1730
neg,0.9372469410009217,1739,0,1730
neg,0.937850795000486,1739,0,1730
neg,0.9384231109997927,1739,0,1730
neg,0.9390475540003536,1739,0,1730
neg,0.9396252000005916,1739,0,1730
neg,0.9402301970003464,1739,0,1730
neg,0.9408006989997375,1739,0,1730
neg,0.9414006770002743,1739,0,1730
neg,0.941995395000049,1739,0,1730
neg,0.9426054710002063,1739,0,1730
neg,0.9431733990004432,1739,0,1730
neg,0.9437992250004754,1739,0,1730
neg,0.9443987409995316,1739,0,1730
neg,0.9449951520000468,1739,0,1730
neg,0.9456047280000348,1739,0,1730
neg,0.9461753800005681,1739,0,1730
neg,0.9467977189997328,1739,0,1730
neg,0.9473694839998643,1739,0,1730
neg,0.9479778770000848,1739,0,1730
neg,0.9485466969999834,1739,0,1730
neg,0.949119693999819,1739,0,1730
neg,0.949725122000018,1739,0,1730
neg,0.9502995919992827,1739,0,1730
neg,0.9508689020003658,1739,0,1730
neg,0.9515029729991511,1739,0,1730
neg,0.95209282200085,1739,0,1730
neg,0.9526709590008977,1739,0,1730
neg,0.953270314999827,1739,0,1730
neg,0.9538759629995184,1739,0,1730
neg,0.954494875999444,1739,0,1730
neg,0.9551048520006589,1739,0,1730
neg,0.9557250069992733,1739,0,1730
neg,0.9562993470008223,1739,0,1730
neg,0.9568766819993471,1739,0,1730
neg,0.9574945929998648,1739,0,1730
neg,0.9580999009995139,1739,0,1730
neg,0.9587292630003503,1739,0,1730
neg,0.9592698899996321,1739,0,1730
neg,0.959849449000103,1739,0,1730
neg,0.9604291590003413,1739,0,1730
neg,0.9610507470006269,1739,0,1730
neg,0.9616241849998914,1739,0,1730
neg,0.962228509999477,1739,0,1730
neg,0.9628247010004998,1739,0,1730
neg,0.9633695960001205,1739,0,1730
neg,0.963978390000193,1739,0,1730
neg,0.9645511670005362,1739,0,1730
neg,0.9651193049994617,1739,0,1730
neg,0.9657291809999151,1739,0,1730
neg,0.9662984009992215,1739,0,1730
neg,0.9668765669994173,1739,0,1730
neg,0.9674938070002099,1739,0,1730
neg,0.9681050559993309,1739,0,1730
neg,0.9687288080003782,1739,0,1730
neg,0.9692962040007842,1739,0,1730
neg,0.9698736699992878,1739,0,1730
neg,0.9704942259995732,1739,0,1730
neg,0.971090295999602,1739,0,1730
neg,0.971671728999354,1739,0,1730
neg,0.9722483730001841,1739,0,1730
neg,0.9728541410004254,1739,0,1730
neg,0.9734233809995203,1739,0,1730
neg,0.9739940039999055,1739,0,1730
neg,0.9746038199991744,1739,0,1730
neg,0.9751733209996019,1739,0,1730
neg,0.9758015810002689,1739,0,1730
neg,0.9763679560001037,1739,0,1730
neg,0.9769773410007474,1739,0,1730
neg,0.9775517910002236,1739,0,1730
neg,0.9781259909996152,1739,0,1730
neg,0.9787299960007658,1739,0,1730
neg,0.9792980330003047,1739,0,1730
neg,0.979875990000437,1739,0,1730
neg,0.9804974870003207,1739,0,1730
neg,0.9810942189997149,1739,0,1730
neg,0.981671102999826,1739,0,1730
neg,0.9822439100007614,1739,0,1730
neg,0.9828499489995011,1739,0,1730
neg,0.9834209729997383,1739,0,1730
neg,0.9840218619992811,1739,0,1730
neg,0.9846049980005773,1739,0,1730
neg,0.9851972609994846,1739,0,1730
neg,0.985797528999683,1739,0,1730
neg,0.9863947909998387,1739,0,1730
neg,0.9870013910003763,1739,0,1730
neg,0.9875982829998975,1739,0,1730
neg,0.9881966079992708,1739,0,1730
neg,0.9887988890004635,1739,0,1730
neg,0.9893759339993267,1739,0,1730
neg,0.9899776549991657,1739,0,1730
neg,0.9905467549997411,1739,0,1730
neg,0.9911256230006984,1739,0,1730
neg,0.99172847599948,1739,0,1730
neg,0.9923004909996962,1739,0,1730
neg,0.992875511999955,1739,0,1730
neg,0.9934930319996056,1739,0,1730
neg,0.9940929999993386,1739,0,1730
neg,0.9946718880000844,1739,0,1730
neg,0.9952427619991795,1739,0,1730
neg,0.9958487099993363,1739,0,1730
neg,0.9964244429993414,1739,0,1730
neg,0.9969929819999379,1739,0,1730
neg,0.9975977579997561,1739,0,1730
neg,0.9981704349993379,1739,0,1730
neg,0.9987988650009356,1739,0,1730
neg,0.9993746470008773,1739,0,1730
neg,0.9999771900002088,1739,0,1730
neg,1.0005735909999203,1739,0,1730
neg,1.0011722859999281,1739,0,1730
neg,1.0017997640006797,1739,0,1730
neg,1.0023694150004303,1739,0,1730
neg,1.0029796620001434,1739,0,1730
neg,1.0035475299991958,1739,0,1730
neg,1.0041180219996022,1739,0,1730
neg,1.004723460000605,1739,0,1730
neg,1.0052969680000388,1739,0,1730
neg,1.005868862999705,1739,0,1730
neg,1.0064924149992294,1739,0,1730
neg,1.0070981230001053,1739,0,1730
neg,1.007722897000349,1739,0,1730
neg,1.0082980080005655,1739,0,1730
neg,1.0088678489992162,1739,0,1730
neg,1.0094950780003273,1739,0,1730
neg,1.010093381999468,1739,0,1730
neg,1.010671297999579,1739,0,1730
neg,1.0112418909993721,1739,0,1730
neg,1.0118478189997404,1739,0,1730
neg,1.012419583999872,1739,0,1730
neg,1.0129919610008074,1739,0,1730
neg,1.013603580000563,1739,0,1730
neg,1.0141750340008002,1739,0,1730
neg,1.0147949689999223,1739,0,1730
neg,1.0153670639992924,1739,0,1730
neg,1.0159759090001899,1739,0,1730
neg,1.0165707569994993,1739,0,1730
neg,1.0171169040004315,1739,0,1730
neg,1.0177642889993876,1739,0,1730
neg,1.018352445000346,1739,0,1730
neg,1.0189550070008409,1739,0,1730
neg,1.0195217630007392,1739,0,1730
neg,1.0201235439999436,1739,0,1730
neg,1.0207282699993812,1739,0,1730
neg,1.0212990430009086,1739,0,1730
neg,1.0218714589991578,1739,0,1730
neg,1.022500671000671,1739,0,1730
neg,1.023089517999324,1739,0,1730
neg,1.0236764609999227,1739,0,1730
neg,1.0242429259997152,1739,0,1730
neg,1.0248481830003584,1739,0,1730
neg,1.0254213209991576,1739,0,1730
neg,1.0259919140007696,1739,0,1730
neg,1.0265972209999745,1739,0,1730
neg,1.0271712400008255,1739,0,1730
neg,1.0278019849993143,1739,0,1730
neg,1.0283673979993182,1739,0,1730
neg,1.028976784000406,1739,0,1730
neg,1.029551593999713,1739,0,1730
neg,1.030124461000014,1739,0,1730
neg,1.0307232560007833,1739,0,1730
neg,1.0313022450009157,1739,0,1730
neg,1.0318749609996303,1739,0,1730
neg,1.0324920109997038,1739,0,1730
neg,1.033098149999205,1739,0,1730
neg,1.0337237149997236,1739,0,1730
neg,1.0342759539998951,1739,0,1730
neg,1.034848540000894,1739,0,1730
neg,1.0354948040003364,1739,0,1730
neg,1.036093830000027,1739,0,1730
neg,1.0366721469999902,1739,0,1730
neg,1.0372421379997832,1739,0,1730
neg,1.0378490080001939,1739,0,1730
neg,1.0384201420001773,1739,0,1730
neg,1.0389920769994205,1739,0,1730
neg,1.0395985169998312,1739,0,1730
neg,1.040171945000111,1739,0,1730
neg,1.040794784999889,1739,0,1730
neg,1.0413700270000845,1739,0,1730
neg,1.041975755000749,1739,0,1730
neg,1.0425469990004785,1739,0,1730
neg,1.0431174410005042,1739,0,1730
neg,1.0437236500001745,1739,0,1730
neg,1.044297087999439,1739,0,1730
neg,1.0448699349999515,1739,0,1730
neg,1.0454973140003858,1739,0,1730
neg,1.046097312000711,1739,0,1730
neg,1.0467233279996435,1739,0,1730
neg,1.0473009130000719,1739,0,1730
neg,1.0478731189996324,1739,0,1730
neg,1.0484959189998335,1739,0,1730
neg,1.0490885430008348,1739,0,1730
neg,1.0496770789995935,1739,0,1730
neg,1.0502489539994713,1739,0,1730
neg,1.0508517069993104,1739,0,1730
neg,1.0514199850003934,1739,0,1730
neg,1.0520219570007612,1739,0,1730
neg,1.052597018000597,1739,0,1730
neg,1.0531946909995895,1739,0,1730
neg,1.0537999480002327,1739,0,1730
neg,1.054366423000829,1739,0,1730
neg,1.0549749469992094,1739,0,1730
neg,1.0555706760005705,1739,0,1730
neg,1.0561180259992398,1739,0,1730
neg,1.0567215200007922,1739,0,1730
neg,1.0572964300008607,1739,0,1730
neg,1.0578704700001254,1739,0,1730
neg,1.058491015999607,1739,0,1730
neg,1.059086835000926,1739,0,1730
neg,1.0596752510009537,1739,0,1730
neg,1.0602670940006647,1739,0,1730
neg,1.0608462020009028,1739,0,1730
neg,1.061422967000908,1739,0,1730
neg,1.0619905040002777,1739,0,1730
neg,1.0625968929998635,1739,0,1730
neg,1.0631758210001863,1739,0,1730
neg,1.063793811999858,1739,0,1730
neg,1.0643665389998205,1739,0,1730
neg,1.0649747219995334,1739,0,1730
neg,1.065569279000556,1739,0,1730
neg,1.0661163080003462,1739,0,1730
neg,1.066720744000122,1739,0,1730
neg,1.0672687749993202,1739,0,1730
neg,1.0678703449993918,1739,0,1730
neg,1.0684944479999103,1739,0,1730
neg,1.0690871820006578,1739,0,1730
neg,1.0696707580009388,1739,0,1730
neg,1.0702406799991877,1739,0,1730
neg,1.0708459470006346,1739,0,1730
neg,1.0714243750007881,1739,0,1730
neg,1.0719962399998622,1739,0,1730
neg,1.072597329999553,1739,0,1730
neg,1.0731999319996248,1739,0,1730
neg,1.0738011020002887,1739,0,1730
neg,1.0743656529994041,1739,0,1730
neg,1.0749511140002141,1739,0,1730
neg,1.0755480349998834,1739,0,1730
neg,1.0761240480005654,1739,0,1730
neg,1.0767213409999385,1739,0,1730
neg,1.077296612000282,1739,0,1730
neg,1.0778662630000326,1739,0,1730
neg,1.0784940730009112,1739,0,1730
neg,1.079091524999967,1739,0,1730
neg,1.079671886000142,1739,0,1730
neg,1.080268306999642,1739,0,1730
neg,1.0808458829997107,1739,0,1730
neg,1.0814175079995039,1739,0,1730
neg,1.0819901140002912,1739,0,1730
neg,1.0825972549992002,1739,0,1730
neg,1.0831722660004743,1739,0,1730
neg,1.0837927819993638,1739,0,1730
neg,1.0843653880001511,1739,0,1730
neg,1.0849749040007737,1739,0,1730
neg,1.0855427810001856,1739,0,1730
neg,1.086121047999768,1739,0,1730
neg,1.086740271999588,1739,0,1730
neg,1.0873399390002305,1739,0,1730
neg,1.0879177749993687,1739,0,1730
neg,1.0885163999992074,1739,0,1730
neg,1.0890864310003963,1739,0,1730
neg,1.0896747170008894,1739,0,1730
neg,1.0902400899994973,1739,0,1730
neg,1.090846089000479,1739,0,1730
neg,1.0914220319991728,1739,0,1730
neg,1.0919909410004038,1739,0,1730
neg,1.092599514999165,1739,0,1730
neg,1.0931684850002057,1739,0,1730
neg,1.0937932390006608,1739,0,1730
neg,1.094372667999778,1739,0,1730
neg,1.0949745390007593,1739,0,1730
neg,1.0955718109998998,1739,0,1730
neg,1.0961419729992485,1739,0,1730
neg,1.0967942980005319,1739,0,1730
neg,1.0973676060002617,1739,0,1730
neg,1.0979738749992975,1739,0,1730
neg,1.0985452889999578,1739,0,1730
neg,1.0991147099994123,1739,0,1730
neg,1.0997250069995061,1739,0,1730
neg,1.1002929650003352,1739,0,1730
neg,1.1008911289991374,1739,0,1730
neg,1.101492227999188,1739,0,1730
neg,1.1020858840001893,1739,0,1730
neg,1.1026751610006613,1739,0,1730
neg,1.103239592999671,1739,0,1730
neg,1.1038463629993203,1739,0,1730
neg,1.104419560999304,1739,0,1730
neg,1.1049923980008316,1739,0,1730
neg,1.105600240000058,1739,0,1730
neg,1.1061670559993217,1739,0,1730
neg,1.1067926510004327,1739,0,1730
neg,1.1073642549999931,1739,0,1730
neg,1.1079703140003403,1739,0,1730
neg,1.1085416480000276,1739,0,1730
neg,1.1091149259991653,1739,0,1730
neg,1.1097250420007185,1739,0,1730
neg,1.1103216240007896,1739,0,1730
neg,1.110917583999253,1739,0,1730
neg,1.111515638000128,1739,0,1730
neg,1.1121143029995437,1739,0,1730
neg,1.1127253310005472,1739,0,1730
neg,1.1132951920008054,1739,0,1730
neg,1.1138642120004079,1739,0,1730
neg,1.1144938439992984,1739,0,1730
neg,1.1150885520000884,1739,0,1730
neg,1.1156698550003057,1739,0,1730
neg,1.1162652040002286,1739,0,1730
neg,1.1168456949999381,1739,0,1730
neg,1.1174406730006012,1739,0,1730
neg,1.1180474329994468,1739,0,1730
neg,1.1186487640006817,1739,0,1730
neg,1.1192239449992485,1739,0,1730
neg,1.119822288999785,1739,0,1730
neg,1.1203953870008263,1739,0,1730
neg,1.120990706000157,1739,0,1730
neg,1.1216020440006105,1739,0,1730
neg,1.1221679379996203,1739,0,1730
neg,1.1227942549994623,1739,0,1730
neg,1.1233691449997423,1739,0,1730
neg,1.1239743730002374,1739,0,1730
neg,1.124541708999459,1739,0,1730
neg,1.1251153079992946,1739,0,1730
neg,1.1257259550002345,1739,0,1730
neg,1.1262939530006406,1739,0,1730
neg,1.1268914560005214,1739,0,1730
neg,1.1274948000009317,1739,0,1730
neg,1.1280852889995003,1739,0,1730
neg,1.1286691469995276,1739,0,1730
neg,1.1292389879999973,1739,0,1730
neg,1.1298449269997946,1739,0,1730
neg,1.1304195369993977,1739,0,1730
neg,1.1309887879997405,1739,0,1730
neg,1.1315984630000457,1739,0,1730
neg,1.1321668220007268,1739,0,1730
neg,1.132799380000506,1739,0,1730
neg,1.1333716360004473,1739,0,1730
neg,1.1339724450008362,1739,0,1730
neg,1.1345450810003967,1739,0,1730
neg,1.1351139809994493,1739,0,1730
neg,1.1357206310003676,1739,0,1730
neg,1.1362660270006018,1739,0,1730
neg,1.1368451149992325,1739,0,1730
neg,1.1374205169995548,1739,0,1730
neg,1.137989426999411,1739,0,1730
neg,1.1386001640003087,1739,0,1730
neg,1.1391670600005455,1739,0,1730
neg,1.1397937380006624,1739,0,1730
neg,1.1403643100002228,1739,0,1730
neg,1.1409727329992165,1739,0,1730
neg,1.1415413419999823,1739,0,1730
neg,1.1421145500007697,1739,0,1730
neg,1.1427443329994276,1739,0,1730
neg,1.1433389609992446,1739,0,1730
neg,1.1439196320006886,1739,0,1730
neg,1.1444884920001641,1739,0,1730
neg,1.1450964239993482,1739,0,1730
neg,1.1456703029998607,1739,0,1730
neg,1.1462647900007141,1739,0,1730
neg,1.1468455720005295,1739,0,1730
neg,1.1474162449994765,1739,0,1730
neg,1.1479889809997985,1739,0,1730
neg,1.1485939279991726,1739,0,1730
neg,1.149169049000193,1739,0,1730
neg,1.1497910079997382,1739,0,1730
neg,1.1503633339998487,1739,0,1730
neg,1.1509750229997735,1739,0,1730
neg,1.151547550000032,1739,0,1730
neg,1.1521134340000572,1739,0,1730
neg,1.152719743000489,1739,0,1730
neg,1.1532910669993726,1739,0,1730
neg,1.153863874000308,1739,0,1730
neg,1.154492494999431,1739,0,1730
neg,1.1550862910007709,1739,0,1730
neg,1.1556682049995288,1739,0,1730
neg,1.156238867999491,1739,0,1730
neg,1.1568444759996055,1739,0,1730
neg,1.1574203380005201,1739,0,1730
neg,1.1579884559996572,1739,0,1730
neg,1.1585933429996658,1739,0,1730
neg,1.1591725220005173,1739,0,1730
neg,1.1597910839991528,1739,0,1730
neg,1.1603705230008927,1739,0,1730
neg,1.1609724440004356,1739,0,1730
neg,1.161547485000483,1739,0,1730
neg,1.1621462700004486,1739,0,1730
neg,1.1627933859999757,1739,0,1730
neg,1.1633890550001524,1739,0,1730
neg,1.1639874200009217,1739,0,1730
neg,1.1645986179992178,1739,0,1730
neg,1.1651655639998353,1739,0,1730
neg,1.165794876000291,1739,0,1730
neg,1.1663625940000202,1739,0,1730
neg,1.1669714269992255,1739,0,1730
neg,1.1675419799994415,1739,0,1730
neg,1.1681158289993618,1739,0,1730
neg,1.1687183710000681,1739,0,1730
neg,1.1692911680001998,1739,0,1730
neg,1.1698686340005224,1739,0,1730
neg,1.170493969000745,1739,0,1730
neg,1.1710884860003716,1739,0,1730
neg,1.1716670240002713,1739,0,1730
neg,1.1722379170005297,1739,0,1730
neg,1.172843173999354,1739,0,1730
neg,1.1734187559995917,1739,0,1730
neg,1.1739879859997018,1739,0,1730
neg,1.1745941949993721,1739,0,1730
neg,1.1751690759992925,1739,0,1730
neg,1.1758135569998558,1739,0,1730
neg,1.1764207979995263,1739,0,1730
neg,1.1770151250002527,1739,0,1730
neg,1.1776204119996692,1739,0,1730
neg,1.1782208210006502,1739,0,1730
neg,1.1788210890008486,1739,0,1730
neg,1.1793617149996862,1739,0,1730
neg,1.1799709599999915,1739,0,1730
neg,1.1805466820005677,1739,0,1730
neg,1.1811123660008889,1739,0,1730
neg,1.1817222419995232,1739,0,1730
neg,1.182293245999972,1739,0,1730
neg,1.1828619349998917,1739,0,1730
neg,1.1834868189998815,1739,0,1730
neg,1.1840878980001435,1739,0,1730
neg,1.184680913000193,1739,0,1730
neg,1.1852759510002215,1739,0,1730
neg,1.1858630139995512,1739,0,1730
neg,1.1864909939995414,1739,0,1730
neg,1.1870866030003526,1739,0,1730
neg,1.1876705009999569,1739,0,1730
neg,1.1882371859992418,1739,0,1730
neg,1.188842122999631,1739,0,1730
neg,1.189415951999763,1739,0,1730
neg,1.189986814999429,1739,0,1730
neg,1.1905654830006824,1739,0,1730
neg,1.1911154680001346,1739,0,1730
neg,1.1917171479999524,1739,0,1730
neg,1.1922965569992812,1739,0,1730
neg,1.1928879089991824,1739,0,1730
neg,1.193490761999783,1739,0,1730
neg,1.1940835860004881,1739,0,1730
neg,1.1946694969992677,1739,0,1730
neg,1.195235971999864,1739,0,1730
neg,1.1958485430004657,1739,0,1730
neg,1.1964142969991372,1739,0,1730
neg,1.1969865530008974,1739,0,1730
neg,1.197592151000208,1739,0,1730
neg,1.1981638760007627,1739,0,1730
neg,1.1987900219992298,1739,0,1730
neg,1.1993611760008207,1739,0,1730
neg,1.1999725839996245,1739,0,1730
