ramp,t,pos_raw,vel_raw,goal_raw
pos,3.2999923860188574e-07,1730,0,2389
pos,0.0010712879993661772,1730,0,2389
pos,0.0016558939987589838,1730,0,2389
pos,0.0022260929999902146,1730,0,2389
pos,0.0028300140002102125,1730,0,2389
pos,0.0034121349999622907,1730,0,2389
pos,0.004039350998937152,1730,0,2389
pos,0.0046277439996629255,1730,0,2389
pos,0.005202700998779619,1730,0,2389
pos,0.005775263998657465,1730,0,2389
pos,0.006352595999487676,1730,0,2389
pos,0.006923475999428774,1730,0,2389
pos,0.007491660999221494,1730,0,2389
pos,0.008065776999501395,1730,0,2389
pos,0.008657737000248744,1730,0,2389
pos,0.00924515800033987,1730,0,2389
pos,0.009844280999459443,1730,0,2389
pos,0.010476655999809736,1730,0,2389
pos,0.011075237998738885,1730,0,2389
pos,0.01170049999927869,1730,0,2389
pos,0.012274875998627977,1730,0,2389
pos,0.012880291000328725,1730,0,2389
pos,0.013469153998812544,1730,0,2389
pos,0.014157403998979134,1730,0,2389
pos,0.014813884999966831,1730,0,2389
pos,0.015401124999698368,1730,0,2389
pos,0.01758812499974738,1730,0,2389
pos,0.018280242000400904,1730,0,2389
pos,0.018910392998805037,1730,0,2389
pos,0.019497713999953703,1730,0,2389
pos,0.020094962999792187,1730,0,2389
pos,0.020781760000318172,1730,0,2389
pos,0.021937335999609786,1730,0,2389
pos,0.022530508000272675,1730,0,2389
pos,0.02309764100027678,1730,0,2389
pos,0.023710629999186494,1730,0,2389
pos,0.024303631000293535,1730,0,2389
pos,0.02491963600004965,1730,0,2389
pos,0.02552445899891609,1730,0,2389
pos,0.026153969000006327,1730,0,2389
pos,0.02677307900012238,1730,0,2389
pos,0.027345020998836844,1730,0,2389
pos,0.027960384999460075,1730,0,2389
pos,0.028554086999065476,1730,0,2389
pos,0.02913015699959942,1730,0,2389
pos,0.029772029998639482,1730,0,2389
pos,0.030344352999236435,1730,0,2389
pos,0.030952482999055064,1730,0,2389
pos,0.031519184998614946,1730,0,2389
pos,0.03209282999887364,1730,0,2389
pos,0.03303013699951407,1730,0,2389
pos,0.033753452999008005,1730,0,2389
pos,0.034352175000094576,1730,0,2389
pos,0.036365277999721,1730,0,2389
pos,0.0371098229989002,1730,0,2389
pos,0.03770273400004953,1730,0,2389
pos,0.03827471600015997,1730,0,2389
pos,0.038886913998794626,1730,0,2389
pos,0.040019866999500664,1730,0,2389
pos,0.04060027499872376,1730,0,2389
pos,0.04120286400029727,1730,0,2389
pos,0.04179695799939509,1730,0,2389
pos,0.04234424399874115,1730,0,2389
pos,0.042951561999871046,1730,0,2389
pos,0.04352173000006587,1730,0,2389
pos,0.04409759000009217,1730,0,2389
pos,0.044699477999529336,1730,0,2389
pos,0.045275567999851773,1730,0,2389
pos,0.04584342199996172,1730,0,2389
pos,0.04647667899916996,1730,0,2389
pos,0.047048700998857385,1730,0,2389
pos,0.04762374900019495,1730,0,2389
pos,0.04821975599952566,1730,0,2389
pos,0.04883112199968309,1730,0,2389
pos,0.049398053999539115,1730,0,2389
pos,0.04999808899992786,1730,0,2389
pos,0.05083746200034511,1730,0,2389
pos,0.051478362998750526,1730,0,2389
pos,0.052247985999201774,1730,0,2389
pos,0.054016090000004624,1730,0,2389
pos,0.05472741300036432,1730,0,2389
pos,0.05531919199893309,1730,0,2389
pos,0.05590614199900301,1730,0,2389
pos,0.056525852998674964,1730,0,2389
pos,0.057098556999335415,1731,0,2389
pos,0.05850388099861448,1731,0,2389
pos,0.059096941999086994,1731,0,2389
pos,0.05970736599920201,1731,0,2389
pos,0.0602731170001789,1731,0,2389
pos,0.06084731299961277,1731,0,2389
pos,0.06146874799924262,1731,0,2389
pos,0.062055237000095076,1731,0,2389
pos,0.06264656500025012,1731,0,2389
pos,0.06321935899904929,1731,0,2389
pos,0.06382604600003106,1731,0,2389
pos,0.06439505299931625,1732,0,2389
pos,0.06499625899959938,1732,0,2389
pos,0.06560590200024308,1732,0,2389
pos,0.06620438400022977,1732,0,2389
pos,0.06680392700036464,1732,0,2389
pos,0.06735152399960498,1733,0,2389
pos,0.06794962499952817,1733,150,2389
pos,0.06880363500022213,1733,150,2389
pos,0.07199690000015835,1735,150,2389
pos,0.07263605799926154,1735,150,2389
pos,0.0732327659989096,1735,150,2389
pos,0.07383546599885449,1735,150,2389
pos,0.0744739829988248,1735,150,2389
pos,0.07517562799876032,1736,150,2389
pos,0.07577334799862001,1736,150,2389
pos,0.07635626099909132,1736,150,2389
pos,0.07704142500006128,1737,150,2389
pos,0.07770844500009844,1737,150,2389
pos,0.0782731130002503,1737,150,2389
pos,0.07884961399940948,1738,150,2389
pos,0.07947252099984325,1738,150,2389
pos,0.08040756399896054,1738,150,2389
pos,0.08098445500036178,1739,150,2389
pos,0.08158784599982027,1739,150,2389
pos,0.08218249099991226,1739,150,2389
pos,0.08279292499901203,1740,150,2389
pos,0.08334814499903587,1740,150,2389
pos,0.08395932100029313,1740,150,2389
pos,0.08452706499883789,1740,150,2389
pos,0.08509576100004779,1741,150,2389
pos,0.08569927200005623,1741,150,2389
pos,0.08627322699976503,1741,150,2389
pos,0.086843475999558,1741,150,2389
pos,0.0875692669997079,1742,450,2389
pos,0.08818851700016239,1742,450,2389
pos,0.08877538699925935,1742,450,2389
pos,0.08982598599868652,1742,450,2389
pos,0.09121005099950708,1743,450,2389
pos,0.0918511119998584,1743,450,2389
pos,0.09247887899982743,1744,450,2389
pos,0.09306774200013024,1744,450,2389
pos,0.09370332399885228,1744,450,2389
pos,0.0943588619993534,1744,450,2389
pos,0.0949561219986208,1745,450,2389
pos,0.09631152200017823,1745,450,2389
pos,0.0969082100000378,1746,450,2389
pos,0.09766387600029702,1747,450,2389
pos,0.09824730999935127,1747,450,2389
pos,0.09882409099918732,1748,450,2389
pos,0.09940227500010224,1749,450,2389
pos,0.0999690369990276,1749,450,2389
pos,0.10057804799907899,1750,450,2389
pos,0.10114504099874466,1750,450,2389
pos,0.10176980199867103,1751,450,2389
pos,0.10237506599878543,1752,450,2389
pos,0.10297545199864544,1752,450,2389
pos,0.10357797100004973,1753,450,2389
pos,0.1041479289997369,1753,450,2389
pos,0.10475933499947132,1754,450,2389
pos,0.10534689599990088,1755,450,2389
pos,0.1061739069991745,1755,450,2389
pos,0.10677758800011361,1757,450,2389
pos,0.10894272599944088,1759,800,2389
pos,0.10953855299885618,1760,800,2389
pos,0.1101577030003682,1760,800,2389
pos,0.11077540099904581,1761,800,2389
pos,0.11137293100000534,1763,800,2389
pos,0.11197371699927317,1763,800,2389
pos,0.1135281799997756,1766,800,2389
pos,0.11412369599929661,1766,800,2389
pos,0.11477773200022057,1767,800,2389
pos,0.11537315799978387,1768,800,2389
pos,0.11596747200019308,1768,800,2389
pos,0.11657480999929248,1770,800,2389
pos,0.11714511900026991,1771,800,2389
pos,0.11779608899996674,1771,800,2389
pos,0.11839698499898077,1773,800,2389
pos,0.11896656299904862,1773,800,2389
pos,0.11957834999884653,1774,800,2389
pos,0.12017141099931905,1775,800,2389
pos,0.12074738099909155,1775,800,2389
pos,0.12134239599981811,1777,800,2389
pos,0.12192429700007779,1777,800,2389
pos,0.12249791199974425,1778,800,2389
pos,0.12340450099873124,1780,800,2389
pos,0.1253174859994033,1783,800,2389
pos,0.12727903300037724,1786,1400,2389
pos,0.1278881639991596,1786,1400,2389
pos,0.1284802439986379,1788,1400,2389
pos,0.12907833499957633,1789,1400,2389
pos,0.1297011520000524,1789,1400,2389
pos,0.13097826599914697,1792,1400,2389
pos,0.13157718799993745,1792,1400,2389
pos,0.13214694599992072,1794,1400,2389
pos,0.1327738109994243,1794,1400,2389
pos,0.13334995100012748,1796,1400,2389
pos,0.13395334199958597,1797,1400,2389
pos,0.1345224689994211,1797,1400,2389
pos,0.13510041199879197,1799,1400,2389
pos,0.13570540599903325,1799,1400,2389
pos,0.13627470299979905,1801,1400,2389
pos,0.13684492199899978,1801,1400,2389
pos,0.13746602599894686,1803,1400,2389
pos,0.1380717909996747,1804,1400,2389
pos,0.13871071900030074,1804,1400,2389
pos,0.1393023569999059,1806,1400,2389
pos,0.13991046699993603,1808,1400,2389
pos,0.14046922399938921,1808,1400,2389
pos,0.14106715500020073,1810,1400,2389
pos,0.14186120299928007,1812,1400,2389
pos,0.14248754700020072,1812,1400,2389
pos,0.14581637599985697,1819,1400,2389
pos,0.14646435099894006,1819,1750,2389
pos,0.1470540059999621,1821,1750,2389
pos,0.14759512999989965,1821,1750,2389
pos,0.1488847769996937,1825,1750,2389
pos,0.14947830999881262,1825,1750,2389
pos,0.15007728199998382,1827,1750,2389
pos,0.15071437699953094,1829,1750,2389
pos,0.1513000140002987,1829,1750,2389
pos,0.15189509899937548,1831,1750,2389
pos,0.15246665099948586,1831,1750,2389
pos,0.15306695599974773,1833,1750,2389
pos,0.15364515900000697,1835,1750,2389
pos,0.15421553799933463,1835,1750,2389
pos,0.15482088299904717,1837,1750,2389
pos,0.15539421799985575,1837,1750,2389
pos,0.15596661000017775,1839,1750,2389
pos,0.1565763029993832,1839,1750,2389
pos,0.15714268499868922,1841,1750,2389
pos,0.1577418979995855,1843,1750,2389
pos,0.15835302300001786,1843,1750,2389
pos,0.1591217040004267,1845,1750,2389
pos,0.16254349699920567,1854,1750,2389
pos,0.16322907199901238,1854,1750,2389
pos,0.16385963399989123,1857,1750,2389
pos,0.16448275199945783,1859,1750,2389
pos,0.16504562699992675,1859,1750,2389
pos,0.16563454099923547,1861,2100,2389
pos,0.16682141499950376,1863,2100,2389
pos,0.1674144159987918,1863,2100,2389
pos,0.16802487099994323,1866,2100,2389
pos,0.1685948689992074,1868,2100,2389
pos,0.16920369999934337,1868,2100,2389
pos,0.16980237200004922,1871,2100,2389
pos,0.17034987799888768,1871,2100,2389
pos,0.17094947199984745,1873,2100,2389
pos,0.17152830699888,1875,2100,2389
pos,0.1721211679996486,1875,2100,2389
pos,0.17277683700012858,1878,2100,2389
pos,0.17337326499909977,1880,2100,2389
pos,0.17396736800037615,1880,2100,2389
pos,0.1745726930003002,1883,2100,2389
pos,0.17514698899867653,1883,2100,2389
pos,0.1757697659995756,1885,2100,2389
pos,0.17657432399937534,1887,2100,2389
pos,0.1772153049987537,1887,2100,2389
pos,0.17845241499890108,1892,2100,2389
pos,0.1794091279989516,1895,2100,2389
pos,0.18095467399871268,1897,2100,2389
pos,0.18159909200039692,1900,2100,2389
pos,0.1822017020003841,1900,2100,2389
pos,0.18279830000028596,1902,2100,2389
pos,0.18334506399878592,1905,2100,2389
pos,0.18454094600019744,1907,2100,2389
pos,0.18515426500016474,1907,2100,2389
pos,0.1857727039987367,1910,2100,2389
pos,0.18634508699869912,1912,2450,2389
pos,0.18695029099944804,1912,2450,2389
pos,0.18755533500007004,1915,2450,2389
pos,0.18816201200024807,1918,2450,2389
pos,0.1887478499993449,1918,2450,2389
pos,0.18934857599924726,1920,2450,2389
pos,0.18995336999978463,1920,2450,2389
pos,0.19052297700000054,1923,2450,2389
pos,0.19109463899985712,1923,2450,2389
pos,0.1916975989988714,1925,2450,2389
pos,0.19227401900025143,1928,2450,2389
pos,0.19284836599945265,1928,2450,2389
pos,0.19347391900009825,1930,2450,2389
pos,0.1940639040003589,1930,2450,2389
pos,0.19467808499939565,1933,2450,2389
pos,0.1952324639987637,1935,2450,2389
pos,0.19582813099987106,1935,2450,2389
pos,0.19640309900023567,1938,2450,2389
pos,0.19699834399943938,1938,2450,2389
pos,0.19757839100020647,1941,2450,2389
pos,0.19928382800026156,1946,2450,2389
pos,0.19993408600021212,1946,2450,2389
pos,0.20055259599939745,1949,2450,2389
pos,0.20109615399996983,1951,2450,2389
pos,0.2017288799997914,1951,2450,2389
pos,0.203022133999184,1957,2450,2389
pos,0.20364380899991374,1957,2450,2389
pos,0.20421922799869208,1959,2450,2389
pos,0.20480633799888892,1959,2450,2389
pos,0.20539510100024927,1962,2450,2389
pos,0.20596676300010586,1965,2650,2389
pos,0.2065707849997125,1965,2650,2389
pos,0.20714332799980184,1968,2650,2389
pos,0.20777407999958086,1968,2650,2389
pos,0.20834701399871847,1970,2650,2389
pos,0.20894878199942468,1973,2650,2389
pos,0.20951749800042307,1973,2650,2389
pos,0.21009015100025863,1976,2650,2389
pos,0.21069561599870212,1976,2650,2389
pos,0.2112694619991089,1979,2650,2389
pos,0.21184195499881753,1982,2650,2389
pos,0.2126904349988763,1982,2650,2389
pos,0.21327120299974922,1984,2650,2389
pos,0.21399651299907418,1987,2650,2389
pos,0.2146052440002677,1987,2650,2389
pos,0.2152057089988375,1990,2650,2389
pos,0.21595785899990005,1993,2650,2389
pos,0.21656341400012025,1993,2650,2389
pos,0.2174426620003942,1996,2650,2389
pos,0.21803155499947025,1999,2650,2389
pos,0.21863419500004966,1999,2650,2389
pos,0.2191983220000111,2002,2650,2389
pos,0.21981926599983126,2005,2650,2389
pos,0.2211345010000514,2008,2650,2389
pos,0.22179081099966425,2010,2650,2389
pos,0.22239612599878456,2010,2650,2389
pos,0.22297606299980544,2013,2650,2389
pos,0.22357644799922127,2013,2650,2389
pos,0.22414750899952196,2016,2650,2389
pos,0.2247482040002069,2019,2650,2389
pos,0.22534194699983345,2019,2850,2389
pos,0.2259541450002871,2022,2850,2389
pos,0.22651914299967757,2022,2850,2389
pos,0.22709149599904777,2025,2850,2389
pos,0.22769677100041008,2028,2850,2389
pos,0.22826920300030906,2028,2850,2389
pos,0.2288784949996625,2031,2850,2389
pos,0.22947395099981804,2031,2850,2389
pos,0.23006803499993111,2034,2850,2389
pos,0.23064923399942927,2037,2850,2389
pos,0.231252253999628,2037,2850,2389
pos,0.23215216099924874,2040,2850,2389
pos,0.2327727039992169,2043,2850,2389
pos,0.23381535800035635,2046,2850,2389
pos,0.2344059049992211,2046,2850,2389
pos,0.23551797899926896,2053,2850,2389
pos,0.23614893199919607,2053,2850,2389
pos,0.23677168900030665,2057,2850,2389
pos,0.23734601599971938,2057,2850,2389
pos,0.2387070369986759,2064,2850,2389
pos,0.23936758499985444,2064,2850,2389
pos,0.24000611100018432,2068,2850,2389
pos,0.2406019779991766,2071,2850,2389
pos,0.24120958700041228,2071,2850,2389
pos,0.241796467000313,2074,2850,2389
pos,0.24237091400027566,2078,2850,2389
pos,0.24296606899952167,2078,2850,2389
pos,0.24356354900010047,2081,2850,2389
pos,0.24414584999976796,2081,2850,2389
pos,0.24477520999971603,2084,2850,2389
pos,0.24534256299921253,2087,3250,2389
pos,0.24595289699936984,2087,3250,2389
pos,0.24652646199865558,2090,3250,2389
pos,0.24709108999923046,2090,3250,2389
pos,0.24770464999892283,2093,3250,2389
pos,0.2482957880001777,2093,3250,2389
pos,0.2491739939996478,2096,3250,2389
pos,0.24988772199867526,2099,3250,2389
pos,0.2504979959994671,2102,3250,2389
pos,0.2522325669997372,2105,3250,2389
pos,0.25299025700041966,2108,3250,2389
pos,0.25379422399964824,2112,3250,2389
pos,0.2544065109996154,2115,3250,2389
pos,0.2550003439991997,2115,3250,2389
pos,0.2555727669987391,2118,3250,2389
pos,0.2561484660000133,2118,3250,2389
pos,0.25756041199929314,2124,3250,2389
pos,0.2581505179987289,2124,3250,2389
pos,0.25877173299886636,2127,3250,2389
pos,0.25934268299897667,2129,3250,2389
pos,0.2599484879992815,2129,3250,2389
pos,0.26049266799964244,2132,3250,2389
pos,0.2610910299990792,2132,3250,2389
pos,0.26173388399911346,2135,3250,2389
pos,0.2623173880001559,2139,3250,2389
pos,0.2630198749993724,2139,3250,2389
pos,0.2635784319991217,2142,3250,2389
pos,0.264170581000144,2144,3250,2389
pos,0.2647787709993281,2144,3050,2389
pos,0.2655754240004171,2148,3050,2389
pos,0.2663771569987148,2150,3050,2389
pos,0.2670004550000158,2150,3050,2389
pos,0.26762528699873656,2153,3050,2389
pos,0.2682198009988497,2156,3050,2389
pos,0.2688325189992611,2156,3050,2389
pos,0.2708545890000096,2162,3050,2389
pos,0.27147682499889925,2165,3050,2389
pos,0.27207290299884335,2168,3050,2389
pos,0.27264783999999054,2168,3050,2389
pos,0.2732620409988158,2170,3050,2389
pos,0.2741516079986468,2173,3050,2389
pos,0.27477322399863624,2173,3050,2389
pos,0.2753482009993604,2176,3050,2389
pos,0.2759502600001724,2179,3050,2389
pos,0.2765216909992887,2179,3050,2389
pos,0.2770910780000122,2182,3050,2389
pos,0.27769753400025365,2182,3050,2389
pos,0.27874178099955316,2184,3050,2389
pos,0.2793443409991596,2187,3050,2389
pos,0.27995452399954956,2190,3050,2389
pos,0.28055197399953613,2190,3050,2389
pos,0.281143873999099,2193,3050,2389
pos,0.2817691559994273,2193,3050,2389
pos,0.2823405069993896,2195,3050,2389
pos,0.2829491880002024,2198,3050,2389
pos,0.28351779299919144,2198,3050,2389
pos,0.28434472299886693,2201,3050,2389
pos,0.28670522699940193,2206,2750,2389
pos,0.2873029869988386,2209,2750,2389
pos,0.2879632450003555,2211,2750,2389
pos,0.28855730800023593,2211,2750,2389
pos,0.28937023199978285,2214,2750,2389
pos,0.2899685630000022,2217,2750,2389
pos,0.29058263399929274,2217,2750,2389
pos,0.2919095710003603,2222,2750,2389
pos,0.29249226299907605,2222,2750,2389
pos,0.29309266899872455,2225,2750,2389
pos,0.2937019299988606,2227,2750,2389
pos,0.2942690929994569,2227,2750,2389
pos,0.29487162300029013,2230,2750,2389
pos,0.2954693129995576,2230,2750,2389
pos,0.29607294499874115,2233,2750,2389
pos,0.29669818699949246,2236,2750,2389
pos,0.2972747370004072,2236,2750,2389
pos,0.29786800900001253,2239,2750,2389
pos,0.29847267199875205,2239,2750,2389
pos,0.2990618269996048,2241,2750,2389
pos,0.2996436569992511,2244,2750,2389
pos,0.3002172119995521,2244,2750,2389
pos,0.30082104400025855,2247,2750,2389
pos,0.3013930959987192,2247,2750,2389
pos,0.30213977499988687,2250,2750,2389
pos,0.30277558699890506,2252,2750,2389
pos,0.304599054999926,2258,2750,2389
pos,0.30630899899915676,2261,2750,2389
pos,0.3068999569986772,2263,2750,2389
pos,0.307499189999362,2266,2750,2389
pos,0.3080697589994088,2266,2750,2389
pos,0.30938153799979773,2269,2750,2389
pos,0.310025594999388,2272,2750,2389
pos,0.31059396999989985,2275,2750,2389
pos,0.3112033329998667,2275,2750,2389
pos,0.3117731209986232,2277,2750,2389
pos,0.312371912999879,2277,2750,2389
pos,0.3130543619990931,2280,2750,2389
pos,0.3137076969996997,2283,2750,2389
pos,0.31430411399924196,2283,2750,2389
pos,0.31490119299996877,2285,2750,2389
pos,0.315465972000311,2288,2750,2389
pos,0.3160623099993245,2288,2750,2389
pos,0.31665263600007165,2290,2750,2389
pos,0.31721698399996967,2290,2750,2389
pos,0.31782321999889973,2293,2750,2389
pos,0.31846431200028746,2296,2750,2389
pos,0.3190479849999974,2296,2750,2389
pos,0.3195970340002532,2298,2750,2389
pos,0.3202021889992466,2298,2750,2389
pos,0.3207772969999496,2300,2750,2389
pos,0.3216527969998424,2303,2750,2389
pos,0.3222464899990882,2303,2750,2389
pos,0.3228337210002792,2306,2750,2389
pos,0.32448416399893176,2310,2600,2389
pos,0.3250768349989812,2310,2600,2389
pos,0.3257195389996923,2312,2600,2389
pos,0.32631549699908646,2314,2600,2389
pos,0.32720352099931915,2314,2600,2389
pos,0.3278901779995067,2316,2600,2389
pos,0.32858925799882854,2319,2600,2389
pos,0.3292046320002555,2321,2600,2389
pos,0.3298129519989743,2321,2600,2389
pos,0.3304006130001653,2323,2600,2389
pos,0.33099654000034207,2323,2600,2389
pos,0.3315997209992929,2325,2600,2389
pos,0.33220412300033786,2327,2600,2389
pos,0.3328114519990777,2327,2600,2389
pos,0.3334026599986828,2329,2600,2389
pos,0.3339664659997652,2329,2600,2389
pos,0.33455197399962344,2331,2600,2389
pos,0.33515963299942086,2333,2600,2389
pos,0.3357939109992003,2333,2600,2389
pos,0.3363960499991663,2335,2600,2389
pos,0.3369685629986634,2335,2600,2389
pos,0.3375727349994122,2337,2600,2389
pos,0.3384326670002338,2338,2600,2389
pos,0.34043097299945657,2342,2600,2389
pos,0.3410235029987234,2344,2600,2389
pos,0.3424666779992549,2346,2600,2389
pos,0.34307034999983443,2347,2600,2389
pos,0.34371988699967915,2347,1950,2389
pos,0.34431722599947534,2349,1950,2389
pos,0.34490348500003165,2349,1950,2389
pos,0.34546570899874496,2350,1950,2389
pos,0.34606448100021225,2352,1950,2389
pos,0.34737413599941647,2353,1950,2389
pos,0.3480075629995554,2355,1950,2389
pos,0.3486105629999656,2355,1950,2389
pos,0.349201319999338,2356,1950,2389
pos,0.3497734329994273,2356,1950,2389
pos,0.3503404849998333,2357,1950,2389
pos,0.3509614489994419,2359,1950,2389
pos,0.35154881999915233,2359,1950,2389
pos,0.3521192689986492,2360,1950,2389
pos,0.3527719020003133,2360,1950,2389
pos,0.3533460279995779,2361,1950,2389
pos,0.3539504410000518,2362,1950,2389
pos,0.3545183559999714,2362,1950,2389
pos,0.3551247420000436,2364,1950,2389
pos,0.35576781799863966,2364,1950,2389
pos,0.356395603999772,2365,1950,2389
pos,0.35700679999899876,2366,1950,2389
pos,0.3594627330003277,2368,1950,2389
pos,0.3604241049997654,2369,1950,2389
pos,0.3617872089998855,2371,1950,2389
pos,0.362396380998689,2371,1950,2389
pos,0.3631012219993863,2372,1200,2389
pos,0.3642286750000494,2373,1200,2389
pos,0.36482880000039586,2373,1200,2389
pos,0.3654724959997111,2373,1200,2389
pos,0.36606034800024645,2374,1200,2389
pos,0.3666423989998293,2374,1200,2389
pos,0.3672152830004052,2375,1200,2389
pos,0.3678200759986794,2375,1200,2389
pos,0.36839250899902254,2375,1200,2389
pos,0.3690585069998633,2376,1200,2389
pos,0.369653321999067,2376,1200,2389
pos,0.37022464300025604,2376,1200,2389
pos,0.37082181299956574,2377,1200,2389
pos,0.3713959589986189,2377,1200,2389
pos,0.3719656869998289,2378,1200,2389
pos,0.3725485189988831,2378,1200,2389
pos,0.3730901740000263,2378,1200,2389
pos,0.37369721199866035,2379,1200,2389
pos,0.37435337199895,2379,1200,2389
pos,0.37505903399869567,2379,1200,2389
pos,0.3756579769997188,2380,1200,2389
pos,0.37741899699904025,2380,1200,2389
pos,0.3780162069997459,2381,1200,2389
pos,0.3785965639999631,2381,1200,2389
pos,0.37920063599995046,2381,1200,2389
pos,0.3797993489988585,2381,1200,2389
pos,0.38069823299883865,2382,1200,2389
pos,0.3813207799994416,2382,1200,2389
pos,0.38230515499890316,2382,1200,2389
pos,0.38291914599903976,2382,1200,2389
pos,0.38352148499870964,2383,500,2389
pos,0.3840909919999831,2383,500,2389
pos,0.38471515200035356,2383,500,2389
pos,0.38531218099888065,2383,500,2389
pos,0.385892979998971,2383,500,2389
pos,0.3864642509997793,2384,500,2389
pos,0.387065356999301,2384,500,2389
pos,0.3876481690003857,2384,500,2389
pos,0.3882161539986555,2384,500,2389
pos,0.38881995599876973,2384,500,2389
pos,0.38946454399956565,2384,500,2389
pos,0.3900434890001634,2384,500,2389
pos,0.39059008299955167,2385,500,2389
pos,0.3911978819996875,2385,500,2389
pos,0.39205786399907083,2385,500,2389
pos,0.3927158669994242,2385,500,2389
pos,0.3932983790000435,2385,500,2389
pos,0.3939073809997353,2385,500,2389
pos,0.3955072389999259,2385,500,2389
pos,0.39647245800006203,2385,500,2389
pos,0.3970677839988639,2385,500,2389
pos,0.3977020629990875,2385,500,2389
pos,0.39832028099954186,2385,500,2389
pos,0.39892699899974104,2385,500,2389
pos,0.4002804459996696,2386,500,2389
pos,0.40087382799902116,2386,500,2389
pos,0.4014727800004039,2386,500,2389
pos,0.4021037429993157,2386,500,2389
pos,0.4026968839989422,2386,500,2389
pos,0.4032680950003851,2386,150,2389
pos,0.40387843899952713,2386,150,2389
pos,0.40446826399966085,2386,150,2389
pos,0.4050620269990759,2386,150,2389
pos,0.4056446189988492,2386,150,2389
pos,0.4062157499993191,2386,150,2389
pos,0.40682432999892626,2386,150,2389
pos,0.40739826599929074,2386,150,2389
pos,0.4079671019990201,2386,150,2389
pos,0.4085434919998079,2386,150,2389
pos,0.4090896959987731,2386,150,2389
pos,0.4096940489998815,2386,150,2389
pos,0.4104438239992305,2386,150,2389
pos,0.41108530599922233,2386,150,2389
pos,0.41180049699869414,2386,150,2389
pos,0.4123986579998018,2386,150,2389
pos,0.41423646200018993,2386,150,2389
pos,0.4148610729989741,2386,150,2389
pos,0.4154672289987502,2386,150,2389
pos,0.41609403399888834,2386,150,2389
pos,0.41671336499894096,2386,150,2389
pos,0.41825961299946357,2386,150,2389
pos,0.41884131299957517,2386,150,2389
pos,0.419464782000432,2386,150,2389
pos,0.4200659279995307,2386,150,2389
pos,0.4206482199988386,2386,150,2389
pos,0.4212148119986523,2386,150,2389
pos,0.42182803099967714,2386,150,2389
pos,0.42239953199896263,2386,150,2389
pos,0.42296481099947414,2386,0,2389
pos,0.4235716389994195,2386,0,2389
pos,0.4241477790001227,2386,0,2389
pos,0.4247811859986541,2386,0,2389
pos,0.425342066999292,2386,0,2389
pos,0.4259476019997237,2386,0,2389
pos,0.4265155760003836,2386,0,2389
pos,0.42708787899937306,2386,0,2389
pos,0.4276931029999105,2386,0,2389
pos,0.4284885739998572,2386,0,2389
pos,0.42970052599957853,2386,0,2389
pos,0.43042749899905175,2386,0,2389
pos,0.4325060739993205,2386,0,2389
pos,0.4330934249992424,2386,0,2389
pos,0.43370864799908304,2386,0,2389
pos,0.4343075710003177,2386,0,2389
pos,0.43490445899988117,2386,0,2389
pos,0.43593419900025765,2386,0,2389
pos,0.43652134999865666,2386,0,2389
pos,0.43709006599965505,2386,0,2389
pos,0.4376950499990926,2386,0,2389
pos,0.43826841400004923,2386,0,2389
pos,0.4388433219992294,2386,0,2389
pos,0.43946962599875405,2386,0,2389
pos,0.44006125399937446,2386,0,2389
pos,0.44064671199885197,2386,0,2389
pos,0.44121430499944836,2386,0,2389
pos,0.4418226260004303,2386,0,2389
pos,0.442394637999314,2386,0,2389
pos,0.4430018259990902,2386,0,2389
pos,0.44409604700013006,2386,0,2389
pos,0.4446990269989328,2386,0,2389
pos,0.44526666099955037,2386,0,2389
pos,0.445869371000299,2386,0,2389
pos,0.4464976580002258,2386,0,2389
pos,0.44711498499964364,2386,0,2389
pos,0.4477806529994268,2386,0,2389
pos,0.4495588249992579,2386,0,2389
pos,0.45030159700036165,2386,0,2389
pos,0.4509013209990371,2386,0,2389
pos,0.45149646699974255,2386,0,2389
pos,0.4520986459992855,2386,0,2389
pos,0.45280510999873513,2386,0,2389
pos,0.453936279998743,2386,0,2389
pos,0.45453060399995593,2386,0,2389
pos,0.45509318800031906,2386,0,2389
pos,0.4557012579989532,2386,0,2389
pos,0.45629262599868525,2386,0,2389
pos,0.4568651289991976,2386,0,2389
pos,0.45746368099935353,2386,0,2389
pos,0.4580605800001649,2386,0,2389
pos,0.45864138899924,2386,0,2389
pos,0.45921339099913894,2386,0,2389
pos,0.4598197569994227,2386,0,2389
pos,0.4603911779995542,2386,0,2389
pos,0.4609665159987344,2386,0,2389
pos,0.46193060299992794,2386,0,2389
pos,0.46252084899970214,2386,0,2389
pos,0.4630902270000661,2386,0,2389
pos,0.4637237440001627,2386,0,2389
pos,0.4646675329986465,2386,0,2389
pos,0.46527325799979735,2386,0,2389
pos,0.468451754999478,2386,0,2389
pos,0.46909229599987157,2386,0,2389
pos,0.4696959869997954,2387,0,2389
pos,0.4702961120001419,2387,0,2389
pos,0.47083841799940274,2387,0,2389
pos,0.47153002499908325,2387,0,2389
pos,0.47218596399943635,2387,0,2389
pos,0.47286995600006776,2387,0,2389
pos,0.47346587299944076,2387,0,2389
pos,0.47406145999957516,2387,0,2389
pos,0.47465390999968804,2387,0,2389
pos,0.47521615400000883,2387,0,2389
pos,0.47582130800037703,2387,0,2389
pos,0.4763918869994086,2387,0,2389
pos,0.47697184400021797,2387,0,2389
pos,0.4775729510001838,2387,0,2389
pos,0.4781697689995781,2387,0,2389
pos,0.4787727189996076,2387,0,2389
pos,0.47934383999927377,2387,0,2389
pos,0.4799559570001293,2387,0,2389
pos,0.4808565149996866,2387,0,2389
pos,0.4814634729991667,2387,0,2389
pos,0.48204330999942613,2387,50,2389
pos,0.48309353799959354,2388,50,2389
pos,0.48511920499913685,2388,50,2389
pos,0.4857754049990035,2388,50,2389
pos,0.4863512739993894,2388,50,2389
pos,0.48735492499872635,2389,50,2389
pos,0.4879918690003251,2389,50,2389
pos,0.4886186429994268,2389,50,2389
pos,0.48939995799992175,2389,50,2389
pos,0.490727024998705,2389,50,2389
pos,0.4913146359995153,2389,50,2389
pos,0.4918916579990764,2389,50,2389
pos,0.4924910009995074,2389,50,2389
pos,0.49305970699970203,2389,50,2389
pos,0.49364058599894634,2389,50,2389
pos,0.4942138400001568,2390,50,2389
pos,0.49481827300041914,2390,50,2389
pos,0.4953911259999586,2390,50,2389
pos,0.4959641299992654,2390,50,2389
pos,0.49656866300028923,2390,50,2389
pos,0.4971416369990038,2390,50,2389
pos,0.4977798330000951,2390,50,2389
pos,0.49833941199904075,2390,50,2389
pos,0.49894878399936715,2390,50,2389
pos,0.49951691899877915,2390,50,2389
pos,0.500120930999401,2390,50,2389
pos,0.5007814799992047,2390,50,2389
pos,0.5015627840002708,2390,200,2389
pos,0.504020660999231,2391,200,2389
pos,0.504910628998914,2391,200,2389
pos,0.505521052999029,2391,200,2389
pos,0.5061005690004095,2391,200,2389
pos,0.506698019000396,2391,200,2389
pos,0.5072824039998522,2391,200,2389
pos,0.5084701599989785,2391,200,2389
pos,0.5090603759999794,2392,200,2389
pos,0.5097004959989135,2392,200,2389
pos,0.5102688919996581,2392,200,2389
pos,0.5108722019995184,2392,200,2389
pos,0.511463470000308,2392,200,2389
pos,0.5120465429990873,2392,200,2389
pos,0.5126436520004063,2392,200,2389
pos,0.5132412019993353,2392,200,2389
pos,0.5138398740000412,2392,200,2389
pos,0.5144719389991224,2392,200,2389
pos,0.5150603019992559,2392,200,2389
pos,0.5156444160002138,2393,200,2389
pos,0.5162141540004086,2393,200,2389
pos,0.5168243879998045,2393,200,2389
pos,0.5173936849987513,2393,200,2389
pos,0.517965135999475,2393,200,2389
pos,0.5185687679986586,2393,200,2389
pos,0.5192130449995602,2393,200,2389
pos,0.5200029959996755,2393,200,2389
pos,0.5206259429996862,2393,200,2389
pos,0.522512839999763,2394,150,2389
pos,0.5231550230000721,2394,150,2389
pos,0.5237701059995743,2394,150,2389
pos,0.5243422889998328,2394,150,2389
pos,0.5249492259990802,2394,150,2389
pos,0.52554882000004,2394,150,2389
pos,0.5268043229989416,2394,150,2389
pos,0.528394433998983,2394,150,2389
pos,0.5290180219999456,2394,150,2389
pos,0.5296094209988951,2395,150,2389
pos,0.5302050270001928,2395,150,2389
pos,0.530797346998952,2395,150,2389
pos,0.531346265999673,2395,150,2389
pos,0.5319478040000831,2395,150,2389
pos,0.5325166399998125,2395,150,2389
pos,0.5331156020001799,2395,150,2389
pos,0.533768956998756,2395,150,2389
pos,0.5343389549998392,2396,150,2389
pos,0.5349808579994715,2396,150,2389
pos,0.5355698519997532,2396,150,2389
pos,0.5361487569989549,2396,150,2389
pos,0.5370484839986602,2396,150,2389
pos,0.5393864959987695,2397,150,2389
pos,0.5399985229996673,2397,150,2389
pos,0.5413650939990475,2397,150,2389
pos,0.5420226969999931,2397,150,2389
pos,0.5425948189986229,2397,150,2389
pos,0.5432163339992258,2397,150,2389
pos,0.5438312759997643,2397,150,2389
pos,0.5450660610003979,2397,150,2389
pos,0.5456500860000233,2398,150,2389
pos,0.5462945029994444,2398,150,2389
pos,0.5468373209987476,2398,150,2389
pos,0.5474644759997318,2398,150,2389
pos,0.5480599019992951,2398,150,2389
pos,0.5486406709987932,2398,150,2389
pos,0.5492126219996862,2398,150,2389
pos,0.5498227360003511,2398,150,2389
pos,0.5503900189996784,2398,150,2389
pos,0.5510255799999868,2398,150,2389
pos,0.5515874129996519,2398,150,2389
pos,0.5521953429997666,2398,150,2389
pos,0.5527435900003184,2398,150,2389
pos,0.5533461599989096,2399,150,2389
pos,0.5539487089990871,2399,150,2389
pos,0.5545230459993036,2399,150,2389
pos,0.5550932949990965,2399,150,2389
pos,0.5556999719992746,2399,150,2389
pos,0.556273546999364,2399,150,2389
pos,0.5574985629991716,2399,150,2389
pos,0.5580928660001518,2399,150,2389
pos,0.5587450889997854,2399,150,2389
pos,0.559965315998852,2399,150,2389
pos,0.5605782250004268,2399,150,2389
pos,0.5611440149987175,2399,100,2389
pos,0.5617687559988553,2399,100,2389
pos,0.562345786998776,2399,100,2389
pos,0.5629606900001818,2399,100,2389
pos,0.563576133999959,2399,100,2389
pos,0.5649202629992942,2400,100,2389
pos,0.5655152079998516,2400,100,2389
pos,0.5660887029989681,2400,100,2389
pos,0.5667001889996754,2400,100,2389
pos,0.5672689650000393,2400,100,2389
pos,0.5678381620000437,2400,100,2389
pos,0.5684683729996323,2400,100,2389
pos,0.5690632980004011,2400,100,2389
pos,0.5696440859992435,2400,100,2389
pos,0.5702144850001787,2400,100,2389
pos,0.5708184369996161,2400,100,2389
pos,0.5714701289998629,2400,100,2389
pos,0.5720595229995524,2400,100,2389
pos,0.5726411439991352,2400,100,2389
pos,0.5735615089997737,2400,100,2389
pos,0.5742305530002341,2401,100,2389
pos,0.5748486009997578,2401,100,2389
pos,0.5754699259996414,2401,100,2389
pos,0.5760804599995026,2401,100,2389
pos,0.5767317009995168,2401,100,2389
pos,0.5779977429992869,2401,100,2389
pos,0.5787767029996758,2401,100,2389
pos,0.5793915359990933,2401,100,2389
pos,0.58004147399879,2401,100,2389
pos,0.5806609350001963,2401,100,2389
pos,0.5812990609992994,2401,100,2389
pos,0.5819111879991397,2401,100,2389
pos,0.5824996709998231,2401,100,2389
pos,0.5835016900000483,2401,100,2389
pos,0.5841675569990912,2401,100,2389
pos,0.5847658189995855,2401,100,2389
pos,0.5853377309995267,2401,100,2389
pos,0.5859443480003392,2401,100,2389
pos,0.5865211189993715,2401,100,2389
pos,0.587086878998889,2401,100,2389
pos,0.5876975529990887,2401,100,2389
pos,0.5882658489990717,2401,100,2389
pos,0.5888820029995259,2401,100,2389
pos,0.5894625919991086,2401,100,2389
pos,0.5900699399990117,2401,100,2389
pos,0.5906926169991493,2401,100,2389
pos,0.5915534809992096,2401,100,2389
pos,0.5921520329993655,2401,100,2389
pos,0.5928015600002254,2401,100,2389
pos,0.5934054720000859,2401,100,2389
pos,0.593997992000368,2401,100,2389
pos,0.5946288550003374,2401,100,2389
pos,0.5953919849998783,2401,100,2389
pos,0.5960231179997209,2401,100,2389
pos,0.5966222509996442,2401,100,2389
pos,0.597217295999144,2401,100,2389
pos,0.5978199250002945,2401,100,2389
pos,0.598371017998943,2401,100,2389
pos,0.5989967610003077,2401,100,2389
pos,0.6000658249995467,2401,100,2389
pos,0.6006444599988754,2401,0,2389
pos,0.601212884999768,2401,0,2389
pos,0.6018221470003482,2401,0,2389
pos,0.6023898610001197,2401,0,2389
pos,0.6029636459988978,2401,0,2389
pos,0.6035679090000485,2401,0,2389
pos,0.6041395899992494,2401,0,2389
pos,0.6047725169992191,2401,0,2389
pos,0.6053377759999421,2401,0,2389
pos,0.6059428899989143,2401,0,2389
pos,0.6065215749986237,2401,0,2389
pos,0.6070860629988601,2401,0,2389
pos,0.6076954250002018,2401,0,2389
pos,0.6082667459995719,2401,0,2389
pos,0.6088957749998372,2401,0,2389
pos,0.60958413499975,2401,0,2389
pos,0.6120832590004284,2400,0,2389
pos,0.6127232580001873,2400,0,2389
pos,0.6133675759992911,2400,0,2389
pos,0.6139947819992813,2400,0,2389
pos,0.6145907079990138,2400,0,2389
pos,0.6152094279987068,2400,0,2389
pos,0.6158271059994149,2400,0,2389
pos,0.6166180879990861,2400,0,2389
pos,0.6174122869997518,2400,0,2389
pos,0.618005409000034,2400,0,2389
pos,0.6186230459989019,2400,0,2389
pos,0.619196841998928,2400,0,2389
pos,0.619804039999508,2400,0,2389
pos,0.6203981429989653,2400,-50,2389
pos,0.6209625609990326,2400,-50,2389
pos,0.6215782649996981,2400,-50,2389
pos,0.6221670790000644,2400,-50,2389
pos,0.6227653699988878,2400,-50,2389
pos,0.6233371119997173,2400,-50,2389
pos,0.6239460929991765,2400,-50,2389
pos,0.6245144280001114,2400,-50,2389
pos,0.6250882940003066,2400,-50,2389
pos,0.6256930469990039,2400,-50,2389
pos,0.6262688759998127,2399,-50,2389
pos,0.6268391949997749,2399,-50,2389
pos,0.628181460999258,2399,-50,2389
pos,0.6292924239987769,2399,-50,2389
pos,0.6298990100003721,2399,-50,2389
pos,0.6305217779990926,2399,-50,2389
pos,0.6310988789991825,2399,-50,2389
pos,0.6321328069989249,2399,-50,2389
pos,0.6327729069998895,2399,-50,2389
pos,0.6333385669986455,2399,-50,2389
pos,0.6339572870001575,2399,-50,2389
pos,0.6347070119991258,2399,-50,2389
pos,0.6360458309991373,2399,-50,2389
pos,0.636723871999493,2399,-50,2389
pos,0.6373106419996475,2399,-50,2389
pos,0.6378976919986599,2399,-50,2389
pos,0.6384931880002114,2399,-50,2389
pos,0.6390615239997715,2399,-50,2389
pos,0.6396460289997776,2399,-50,2389
pos,0.6402111779989355,2399,-50,2389
pos,0.6408283549990301,2399,-50,2389
pos,0.6414635149994865,2399,-50,2389
pos,0.6420752619997074,2399,-50,2389
pos,0.6426928589989984,2399,-50,2389
pos,0.6436764329992002,2399,-50,2389
pos,0.6442657770003279,2399,-50,2389
pos,0.6449886819991661,2399,-50,2389
pos,0.6462771179994888,2399,-50,2389
pos,0.6468715419996443,2399,-50,2389
pos,0.6474671279993345,2399,-50,2389
pos,0.6480963369995152,2399,-50,2389
pos,0.6486934059994383,2399,-50,2389
pos,0.6497549159994378,2399,-50,2389
pos,0.6503705599989189,2399,-50,2389
pos,0.6509619480002584,2399,-50,2389
pos,0.6515696169990406,2399,-50,2389
pos,0.6521763839991763,2399,-50,2389
pos,0.6533601329992962,2399,-50,2389
pos,0.6540163030003896,2399,-50,2389
pos,0.6545901480003522,2399,-50,2389
pos,0.655210871998861,2399,-50,2389
pos,0.6557910489991627,2399,-50,2389
pos,0.6563701550003316,2399,-50,2389
pos,0.6569609620000847,2399,-50,2389
pos,0.6575725479997345,2399,-50,2389
pos,0.6581388189988502,2399,-50,2389
pos,0.6587686599996232,2399,-50,2389
pos,0.6593635249992076,2399,0,2389
pos,0.6599644710004213,2399,0,2389
pos,0.6605751959996269,2399,0,2389
pos,0.6611727059989789,2399,0,2389
pos,0.6617707770001289,2399,0,2389
pos,0.662364529000115,2399,0,2389
pos,0.662966186999256,2399,0,2389
pos,0.6635821919990121,2399,0,2389
pos,0.6650518360002025,2399,0,2389
pos,0.6666100570000708,2399,0,2389
pos,0.6675056549993315,2399,0,2389
pos,0.6680948499997612,2399,0,2389
pos,0.668702848999601,2399,0,2389
pos,0.6692767349995847,2399,0,2389
pos,0.6705671029994846,2399,0,2389
pos,0.6711480519988982,2399,0,2389
pos,0.67176501799986,2399,0,2389
pos,0.672340967999844,2399,0,2389
pos,0.6729480559988588,2399,0,2389
pos,0.6735142069992435,2399,0,2389
pos,0.6740569739995408,2399,0,2389
pos,0.6746359600001597,2399,0,2389
pos,0.6752107169995725,2399,0,2389
pos,0.6758217719998356,2399,0,2389
pos,0.6764631039986853,2399,0,2389
pos,0.6770520779991784,2399,0,2389
pos,0.6776507100003073,2399,0,2389
pos,0.6782142859992746,2399,0,2389
pos,0.6788430849992437,2399,0,2389
pos,0.679470910999953,2399,0,2389
pos,0.6800585729997692,2399,0,2389
pos,0.6806530169997131,2400,0,2389
pos,0.6812203600002249,2400,0,2389
pos,0.681938806999824,2400,0,2389
pos,0.6825242949998938,2400,0,2389
pos,0.6831454889997985,2400,0,2389
pos,0.6837682259993016,2400,0,2389
pos,0.6843715470004099,2400,0,2389
pos,0.6849998340003367,2400,0,2389
pos,0.685597293999308,2400,0,2389
pos,0.6861997630003316,2400,0,2389
pos,0.6867993769992609,2400,0,2389
pos,0.687396727000305,2400,0,2389
pos,0.6879621360003512,2400,0,2389
pos,0.6886013940002158,2400,0,2389
pos,0.6897960629994486,2400,0,2389
pos,0.6903934129986737,2400,0,2389
pos,0.6909630609989108,2400,0,2389
pos,0.6915462239994667,2400,0,2389
pos,0.6920865470001445,2400,0,2389
pos,0.692717719999564,2400,0,2389
pos,0.6933105309999519,2400,0,2389
pos,0.6939021090001916,2400,0,2389
pos,0.6953189050000219,2400,0,2389
pos,0.6958917079991807,2400,0,2389
pos,0.696487414999865,2400,0,2389
pos,0.6970593169990025,2400,0,2389
pos,0.697639984999114,2400,0,2389
pos,0.6982308019996708,2400,0,2389
pos,0.6988250659996993,2400,50,2389
pos,0.6995299769987469,2400,50,2389
pos,0.7001208149995364,2401,50,2389
pos,0.7023428800002876,2401,50,2389
pos,0.7037456289999682,2401,50,2389
pos,0.7043772830002126,2401,50,2389
pos,0.7050177330002043,2401,50,2389
pos,0.7055896749989188,2401,50,2389
pos,0.7062061199994787,2401,50,2389
pos,0.7071954139992158,2401,50,2389
pos,0.7078082129992254,2401,50,2389
pos,0.7083899230001407,2401,50,2389
pos,0.7089632579991303,2401,50,2389
pos,0.7095674909996887,2401,50,2389
pos,0.7101446729993768,2401,50,2389
pos,0.7107662170001277,2401,50,2389
pos,0.7113425879997521,2401,50,2389
pos,0.7119493549998879,2401,50,2389
pos,0.7125237509990257,2401,50,2389
pos,0.7130874779995793,2401,50,2389
pos,0.7137104049998015,2401,50,2389
pos,0.7143100989997038,2401,50,2389
pos,0.7148941140003444,2401,50,2389
pos,0.7154918039996119,2401,50,2389
pos,0.7162687000000005,2401,50,2389
pos,0.7168676029996277,2401,50,2389
pos,0.7176225379989774,2401,50,2389
pos,0.7187417259992799,2401,50,2389
pos,0.7193557970003894,2401,50,2389
pos,0.7208777389987517,2401,50,2389
pos,0.7214706300001126,2401,50,2389
pos,0.7220670179995068,2401,50,2389
pos,0.7226388199997018,2401,50,2389
pos,0.7232716460002848,2401,50,2389
pos,0.7238700069992774,2401,50,2389
pos,0.7250820389999717,2401,50,2389
pos,0.7257004179991782,2401,50,2389
pos,0.72628972199891,2401,50,2389
pos,0.7268736269998044,2401,50,2389
pos,0.7286069660003704,2401,50,2389
pos,0.7291950679991714,2401,50,2389
pos,0.729794230999687,2401,50,2389
pos,0.7303671949994168,2401,50,2389
pos,0.7310181049997482,2401,50,2389
pos,0.731592661999457,2401,50,2389
pos,0.7321969240001636,2401,50,2389
pos,0.732770900000105,2401,50,2389
pos,0.7333654340000066,2401,50,2389
pos,0.7339616119988932,2401,50,2389
pos,0.7345723559992621,2401,50,2389
pos,0.7351429059999646,2401,50,2389
pos,0.7357670049987064,2401,50,2389
pos,0.7363640949988621,2401,50,2389
pos,0.7369639089993143,2401,50,2389
pos,0.7377499419999367,2401,0,2389
pos,0.7398510099992563,2401,0,2389
pos,0.740468267000324,2401,0,2389
pos,0.7410598160004156,2401,0,2389
pos,0.7416452830002527,2401,0,2389
pos,0.7429402699999628,2401,0,2389
pos,0.7436072599994077,2401,0,2389
pos,0.744199220000155,2401,0,2389
pos,0.7447834949998651,2401,0,2389
pos,0.7453401679995295,2401,0,2389
pos,0.7459478969994962,2401,0,2389
pos,0.7465146699996694,2401,0,2389
pos,0.7470860710000125,2401,0,2389
pos,0.7477010829989013,2401,0,2389
pos,0.7482946759992046,2401,0,2389
pos,0.7488428529995872,2401,0,2389
pos,0.7494598699995549,2401,0,2389
pos,0.7500844899986987,2401,0,2389
pos,0.7506924199988134,2401,0,2389
pos,0.7512761439993483,2401,0,2389
pos,0.7522712390000379,2401,0,2389
pos,0.7529539979987021,2401,0,2389
pos,0.7535525399998733,2401,0,2389
pos,0.7541449609998381,2401,0,2389
pos,0.7547714149986859,2401,0,2389
pos,0.7555509859994345,2401,0,2389
pos,0.7570096799991006,2401,0,2389
pos,0.7575941149989376,2401,0,2389
pos,0.7584798959996988,2401,0,2389
pos,0.7591556119987217,2401,0,2389
pos,0.759773920999578,2401,0,2389
pos,0.7609861529999762,2401,0,2389
pos,0.7615823799987993,2401,0,2389
pos,0.7622250549993623,2401,0,2389
pos,0.7628350180002599,2401,0,2389
pos,0.7634687659992778,2401,0,2389
pos,0.7640582009989885,2401,0,2389
pos,0.7646506410001166,2401,0,2389
pos,0.7652439229987067,2401,0,2389
pos,0.7658373349986505,2401,0,2389
pos,0.7664669049991062,2401,0,2389
pos,0.7670567309996841,2401,0,2389
pos,0.7676394230002188,2401,0,2389
pos,0.7682104429986794,2401,0,2389
pos,0.7688906579987815,2401,0,2389
pos,0.7694722180003737,2401,0,2389
pos,0.7700717419993452,2401,0,2389
pos,0.7706906019993767,2401,0,2389
pos,0.7714259900003526,2401,0,2389
pos,0.7720341999993252,2401,0,2389
pos,0.7735669829999097,2401,0,2389
pos,0.7741733999991993,2401,0,2389
pos,0.7747648179993121,2401,0,2389
pos,0.7762530069994682,2401,0,2389
pos,0.776880262999839,2401,0,2389
pos,0.7785721439995541,2401,0,2389
pos,0.7792958299996826,2401,0,2389
pos,0.7798732819992438,2401,0,2389
pos,0.7811713649989542,2401,0,2389
pos,0.7817926799998531,2401,0,2389
pos,0.7823356480002985,2400,0,2389
pos,0.7829422750000958,2400,0,2389
pos,0.7835133649987256,2400,0,2389
pos,0.7840858079998725,2400,0,2389
pos,0.7847101579991431,2400,0,2389
pos,0.7853069069988123,2400,0,2389
pos,0.7858895089993894,2400,0,2389
pos,0.7864604690003034,2400,0,2389
pos,0.7870657829989796,2400,0,2389
pos,0.7876966959993297,2400,0,2389
pos,0.788267726000413,2400,0,2389
pos,0.7891671010002028,2400,0,2389
pos,0.7900012350000907,2400,0,2389
pos,0.7911438669998461,2400,0,2389
pos,0.7917671349987359,2400,0,2389
pos,0.7924951889999647,2400,0,2389
pos,0.793549214999075,2400,0,2389
pos,0.7947015949994238,2400,0,2389
pos,0.7952943660002347,2400,0,2389
pos,0.795896603998699,2400,0,2389
pos,0.7967535409989068,2400,0,2389
pos,0.7978741909992095,2400,-50,2389
pos,0.7984763189997466,2400,-50,2389
pos,0.7990566770004079,2400,-50,2389
pos,0.7996401109994622,2400,-50,2389
pos,0.8002096479995089,2400,-50,2389
pos,0.8008163060003426,2400,-50,2389
pos,0.8013909219989728,2400,-50,2389
pos,0.8019617919999291,2400,-50,2389
pos,0.8025401960003364,2400,-50,2389
pos,0.8030866009994497,2400,-50,2389
pos,0.8036919249989296,2400,-50,2389
pos,0.8042617329992936,2400,-50,2389
pos,0.8048161919996346,2400,-50,2389
pos,0.8053974519989424,2400,-50,2389
pos,0.8060301969999273,2400,-50,2389
pos,0.8065859790003742,2400,-50,2389
pos,0.8071929369998543,2400,-50,2389
pos,0.8077647379996051,2400,-50,2389
pos,0.8087381929999538,2400,-50,2389
pos,0.8093708790001983,2400,-50,2389
pos,0.8099933760004205,2400,-50,2389
pos,0.8116360849999182,2400,-50,2389
pos,0.8122499649998645,2400,-50,2389
pos,0.8131196750000527,2400,-50,2389
pos,0.8137716969995381,2400,-50,2389
pos,0.8143367459997535,2400,-50,2389
pos,0.8149429120003333,2400,-50,2389
pos,0.8155453309991572,2400,-50,2389
pos,0.8167152539990639,2400,-50,2389
pos,0.8173371599987149,2400,0,2389
pos,0.8179458809991047,2400,0,2389
pos,0.8185133650003991,2400,0,2389
pos,0.8190849359998538,2400,0,2389
pos,0.8196942579997994,2400,0,2389
pos,0.8202633740002057,2400,0,2389
pos,0.820835045999047,2400,0,2389
pos,0.8214660189987626,2400,0,2389
pos,0.822065942998961,2400,0,2389
pos,0.8226901629986969,2400,0,2389
pos,0.8232620250000764,2400,0,2389
pos,0.8238601060002111,2400,0,2389
pos,0.8244587070003035,2400,0,2389
pos,0.8250703739995515,2400,0,2389
pos,0.8257017269988864,2400,0,2389
pos,0.8267044770000211,2400,0,2389
pos,0.8276458309992449,2400,0,2389
pos,0.8293470699991303,2400,0,2389
pos,0.8300010549992294,2400,0,2389
pos,0.830600097999195,2400,0,2389
pos,0.831510795000213,2400,0,2389
pos,0.8321685279988742,2400,0,2389
pos,0.8327659070000664,2400,0,2389
pos,0.8333460350004316,2400,0,2389
pos,0.8344067229991197,2400,0,2389
pos,0.8350348999993003,2400,0,2389
pos,0.8356581579992053,2400,0,2389
pos,0.8362429949993384,2400,0,2389
pos,0.8368361659995571,2400,0,2389
pos,0.8374814259987033,2400,0,2389
pos,0.8380560229998082,2400,0,2389
pos,0.8386365509995812,2400,0,2389
pos,0.8392352230002871,2400,0,2389
pos,0.8398413989998517,2400,0,2389
pos,0.8404622319994814,2400,0,2389
pos,0.8410711639990041,2400,0,2389
pos,0.8416898029990989,2400,0,2389
pos,0.8422666139995272,2400,0,2389
pos,0.8428348589986854,2400,0,2389
pos,0.8434698789988033,2400,0,2389
pos,0.84659014799945,2400,0,2389
pos,0.8472454959992319,2400,0,2389
pos,0.8478779819997726,2400,0,2389
pos,0.8486467419988912,2400,0,2389
pos,0.8497537570001441,2400,0,2389
pos,0.8503417089996219,2400,0,2389
pos,0.8518667270000151,2400,0,2389
pos,0.8525015969989909,2400,0,2389
pos,0.8530929459993786,2400,0,2389
pos,0.8537018669994723,2400,0,2389
pos,0.8542955199991411,2400,0,2389
pos,0.8548873189993174,2400,0,2389
pos,0.8554594209999777,2400,0,2389
pos,0.8560696450003888,2400,0,2389
pos,0.8566940849996172,2400,0,2389
pos,0.8572629520003829,2400,0,2389
pos,0.8578352940003242,2400,0,2389
pos,0.8584602459995949,2400,0,2389
pos,0.8590565029990103,2400,0,2389
pos,0.8596107020002819,2400,0,2389
pos,0.8601960289997805,2400,0,2389
pos,0.8607676600004197,2400,0,2389
pos,0.8613554120001936,2401,0,2389
pos,0.8619920349992753,2401,0,2389
pos,0.8630933690001257,2401,0,2389
pos,0.8650918349994754,2401,0,2389
pos,0.865720653999233,2401,0,2389
pos,0.8663371290003852,2401,0,2389
pos,0.8669433849991037,2401,0,2389
pos,0.8675154169995949,2401,0,2389
pos,0.8680876299986267,2401,0,2389
pos,0.869463007999002,2401,0,2389
pos,0.870058082999094,2401,0,2389
pos,0.8706421379993117,2401,0,2389
pos,0.8712386959996365,2401,0,2389
pos,0.8718182319989864,2401,0,2389
pos,0.8723933099990973,2401,0,2389
pos,0.8729599319995032,2401,0,2389
pos,0.8735366229993815,2401,0,2389
pos,0.8740843899995525,2401,0,2389
pos,0.874693280999054,2401,0,2389
pos,0.8752661039998202,2401,0,2389
pos,0.8758647060003568,2401,0,2389
pos,0.8764603729996452,2401,50,2389
pos,0.8770585239999491,2401,50,2389
pos,0.877640534999955,2401,50,2389
pos,0.8782348280001315,2401,50,2389
pos,0.8790956119992188,2401,50,2389
pos,0.8796985919998406,2401,50,2389
pos,0.8803168809990893,2401,50,2389
pos,0.8824054750002688,2401,50,2389
pos,0.8830611039993528,2401,50,2389
pos,0.8837028969992389,2401,50,2389
pos,0.8845434329996351,2401,50,2389
pos,0.8851484459992207,2401,50,2389
pos,0.8863364729986642,2401,50,2389
pos,0.886945674999879,2401,50,2389
pos,0.8875404199989134,2401,50,2389
pos,0.8880839679986821,2401,50,2389
pos,0.8886900239995157,2401,50,2389
pos,0.8892627280001761,2401,50,2389
pos,0.8898391980001179,2401,50,2389
pos,0.8904588589994091,2401,50,2389
pos,0.8910567499988247,2401,50,2389
pos,0.8916469369996776,2401,50,2389
pos,0.8922087800001464,2401,50,2389
pos,0.8928172899995843,2401,50,2389
pos,0.8933608190000086,2401,50,2389
pos,0.8940043250004237,2401,50,2389
pos,0.8945870269999432,2401,50,2389
pos,0.895216476999849,2401,50,2389
pos,0.895794529998966,2401,50,2389
pos,0.896406746998764,2401,0,2389
pos,0.8969614269990416,2401,0,2389
pos,0.8977747310000268,2401,0,2389
pos,0.8983406419993116,2401,0,2389
pos,0.9002028729992162,2401,0,2389
pos,0.9008039689997531,2401,0,2389
pos,0.9014672819994303,2401,0,2389
pos,0.9022968669996771,2401,0,2389
pos,0.9028894379989651,2401,0,2389
pos,0.9034885210003267,2401,0,2389
pos,0.9040872730001865,2401,0,2389
pos,0.9052496309996059,2401,0,2389
pos,0.9058642829986638,2401,0,2389
pos,0.9064633460002369,2401,0,2389
pos,0.9070650840003509,2401,0,2389
pos,0.9076369759986846,2401,0,2389
pos,0.9082088779996411,2401,0,2389
pos,0.908815754999523,2401,0,2389
pos,0.9093860939992737,2401,0,2389
pos,0.9099807389993657,2401,0,2389
pos,0.9105628199995408,2401,0,2389
pos,0.9118450129990379,2401,0,2389
pos,0.9124601059993438,2401,0,2389
pos,0.913068645999374,2401,0,2389
pos,0.9137097080001695,2401,0,2389
pos,0.9143080789999658,2401,0,2389
pos,0.914889518999189,2401,0,2389
pos,0.9157223700003669,2401,0,2389
pos,0.9163071259990829,2401,0,2389
pos,0.9168903689987928,2401,0,2389
pos,0.9174840519990539,2401,0,2389
pos,0.9195611349987303,2401,0,2389
pos,0.920138808000047,2401,0,2389
pos,0.9207692899999529,2401,0,2389
pos,0.9214519790002669,2401,0,2389
pos,0.9220529750000424,2401,0,2389
pos,0.9228465429987409,2401,0,2389
pos,0.9234684879993438,2401,0,2389
pos,0.9240546569999424,2401,0,2389
pos,0.9246418780003296,2401,0,2389
pos,0.9252127979998477,2401,0,2389
pos,0.9258129419995385,2401,0,2389
pos,0.9263853350003046,2401,0,2389
pos,0.9269583989989769,2401,0,2389
pos,0.9275635439989856,2401,0,2389
pos,0.928133852999963,2401,0,2389
pos,0.9287692540001444,2401,0,2389
pos,0.9293386509998527,2401,0,2389
pos,0.92994145099874,2401,0,2389
pos,0.9305140039996331,2401,0,2389
pos,0.9310867969998071,2401,0,2389
pos,0.9316881239992654,2401,0,2389
pos,0.9322597760001372,2401,0,2389
pos,0.9332089549989178,2401,0,2389
pos,0.9338236069997947,2401,0,2389
pos,0.9344616729995323,2401,0,2389
pos,0.9358193569987634,2401,0,2389
pos,0.9363852280002902,2401,0,2389
pos,0.9369667680002749,2401,0,2389
pos,0.9376174079989141,2401,0,2389
pos,0.9382200269992609,2401,0,2389
pos,0.9388276459994813,2401,0,2389
pos,0.9395586659993569,2401,0,2389
pos,0.9401466479994269,2401,0,2389
pos,0.9407695150002837,2401,0,2389
pos,0.9413978329994279,2401,0,2389
pos,0.941987848998906,2401,0,2389
pos,0.9425873119998869,2401,0,2389
pos,0.9432273820002592,2401,0,2389
pos,0.9438726409989613,2401,0,2389
pos,0.9444885559987597,2401,0,2389
pos,0.9450634929999069,2401,0,2389
pos,0.9456930129999819,2401,0,2389
pos,0.9462705659989297,2401,0,2389
pos,0.9468650599992543,2401,0,2389
pos,0.9474609569988388,2401,0,2389
pos,0.9480787049997161,2401,0,2389
pos,0.9487069219994737,2401,0,2389
pos,0.9495865110002342,2400,0,2389
pos,0.9501622199986741,2400,0,2389
pos,0.9510196470000665,2400,0,2389
pos,0.9516009259987186,2400,0,2389
pos,0.9544028279997292,2400,0,2389
pos,0.9550175000003946,2400,0,2389
pos,0.9557832049995341,2400,-50,2389
pos,0.9563938999999664,2400,-50,2389
pos,0.9570223369992163,2400,-50,2389
pos,0.9575867749990721,2400,-50,2389
pos,0.9582027199994627,2400,-50,2389
pos,0.959559963999709,2400,-50,2389
pos,0.9601473539987637,2400,-50,2389
pos,0.9621972659988387,2400,-50,2389
pos,0.9627990539993334,2400,-50,2389
pos,0.9634035979997861,2400,-50,2389
pos,0.9639994150002167,2400,-50,2389
pos,0.9675770699996065,2400,-50,2389
pos,0.9681822839993401,2400,-50,2389
pos,0.9687625019996631,2400,-50,2389
pos,0.9696139269999549,2400,-50,2389
pos,0.9703256209995743,2400,-50,2389
pos,0.9710731920004037,2400,-50,2389
pos,0.9717186219986615,2400,-50,2389
pos,0.9725726429987844,2400,-50,2389
pos,0.9731654539991723,2400,-50,2389
pos,0.9739453660004074,2400,-50,2389
pos,0.9745948829986446,2400,-50,2389
pos,0.9752148949992261,2400,0,2389
pos,0.9758401469989622,2400,0,2389
pos,0.9764871699990181,2400,0,2389
pos,0.9770905709992803,2400,0,2389
pos,0.9777096809993964,2400,0,2389
pos,0.9783116990001872,2400,0,2389
pos,0.9792214339995553,2400,0,2389
pos,0.9798292129999027,2400,0,2389
pos,0.9804731000003812,2400,0,2389
pos,0.9810570049994567,2400,0,2389
pos,0.9816543739998451,2400,0,2389
pos,0.9822084329989593,2400,0,2389
pos,0.9828403880001133,2400,0,2389
pos,0.9834605300002295,2400,0,2389
pos,0.9840639009998995,2400,0,2389
pos,0.9846934309989592,2400,0,2389
pos,0.985266113999387,2400,0,2389
pos,0.9858330059996661,2400,0,2389
pos,0.9864570560002903,2400,0,2389
pos,0.9870555580000655,2400,0,2389
pos,0.9876418370004103,2400,0,2389
pos,0.9885212749995844,2400,0,2389
pos,0.9892172789986944,2400,0,2389
pos,0.9898866339990491,2400,0,2389
pos,0.9913439960000687,2400,0,2389
pos,0.9920262039995578,2400,0,2389
pos,0.9926261689997773,2400,0,2389
pos,0.9932100129990431,2400,0,2389
pos,0.9938168600001518,2400,0,2389
pos,0.9943961959997978,2400,0,2389
pos,0.9950250649999361,2400,0,2389
pos,0.9964682800000446,2400,0,2389
pos,0.9971358809998492,2400,0,2389
pos,0.9977661920001992,2400,0,2389
pos,0.9983651549991919,2400,0,2389
pos,0.9989577549986279,2400,0,2389
pos,0.9995768560002034,2400,0,2389
pos,1.0001361839986203,2400,0,2389
pos,1.0007422599992424,2400,0,2389
pos,1.001305064999542,2400,0,2389
pos,1.001884481000161,2400,0,2389
pos,1.0024597589999757,2400,0,2389
pos,1.0030567679987143,2400,0,2389
pos,1.0036389599990798,2400,0,2389
pos,1.0042066639998666,2400,0,2389
pos,1.004801798999324,2400,0,2389
pos,1.0057111529986287,2400,0,2389
pos,1.0071429170002375,2400,0,2389
pos,1.0078376989986282,2400,0,2389
pos,1.009389086999363,2400,0,2389
pos,1.0100197489991842,2400,0,2389
pos,1.0105849479987228,2400,0,2389
pos,1.0111930080001912,2400,0,2389
pos,1.011803241999587,2400,0,2389
pos,1.0123949009994249,2400,0,2389
pos,1.013028237999606,2400,0,2389
pos,1.0143669270000828,2400,0,2389
pos,1.0149918679999246,2400,0,2389
pos,1.015582744999847,2400,0,2389
pos,1.0161913859992637,2400,0,2389
pos,1.0167893870002445,2400,0,2389
pos,1.0173327149987017,2400,0,2389
pos,1.0179506129989022,2400,0,2389
pos,1.0185410499998397,2400,0,2389
pos,1.0190878550001798,2400,0,2389
pos,1.019688189999215,2400,0,2389
pos,1.0202663939999184,2400,0,2389
pos,1.020832103999055,2400,0,2389
pos,1.0214590489995317,2400,0,2389
pos,1.0220536340002582,2400,0,2389
pos,1.0226362659996084,2401,0,2389
pos,1.0232125759994233,2401,0,2389
pos,1.0239009959987015,2401,0,2389
pos,1.0270485549990553,2401,0,2389
pos,1.0278055439994205,2401,0,2389
pos,1.0284701500004303,2401,0,2389
pos,1.0290648949994647,2401,0,2389
pos,1.0297114869990764,2401,0,2389
pos,1.0304651989990816,2401,0,2389
pos,1.0311488499992265,2401,0,2389
pos,1.0320681029988918,2401,0,2389
pos,1.0327120599995396,2401,0,2389
pos,1.0333081369990396,2401,0,2389
pos,1.0338923819999764,2401,0,2389
pos,1.0344588839998323,2401,50,2389
pos,1.0350616839987197,2401,50,2389
pos,1.0356343169987667,2401,50,2389
pos,1.0362054679990251,2401,50,2389
pos,1.0368114840002818,2401,50,2389
pos,1.037386260999483,2401,50,2389
pos,1.0379552579997835,2401,50,2389
pos,1.0385616839994327,2401,50,2389
pos,1.039159894999102,2401,50,2389
pos,1.0397621640004218,2401,50,2389
pos,1.0403584119994775,2401,50,2389
pos,1.0410383959988394,2401,50,2389
pos,1.0416362769992702,2401,50,2389
pos,1.0427977029994508,2401,50,2389
pos,1.043396445998951,2401,50,2389
pos,1.0441027090000716,2401,50,2389
pos,1.0451796979996288,2401,50,2389
pos,1.045800521998899,2401,50,2389
pos,1.046401898998738,2401,50,2389
pos,1.0469899709987658,2401,50,2389
pos,1.0475690259991097,2401,50,2389
pos,1.0481670569988637,2401,50,2389
pos,1.048766631000035,2401,50,2389
pos,1.0504654950000258,2401,50,2389
pos,1.051054227998975,2401,50,2389
pos,1.0516411579992564,2401,50,2389
pos,1.0522488169990538,2401,50,2389
pos,1.0528322409991233,2401,50,2389
pos,1.053455629000382,2401,50,2389
pos,1.054055413000242,2401,0,2389
pos,1.054639578998831,2401,0,2389
pos,1.0552072629998293,2401,0,2389
pos,1.0558103729999857,2401,0,2389
pos,1.0563595019993954,2401,0,2389
pos,1.0569625819989596,2401,0,2389
pos,1.0575350549988798,2401,0,2389
pos,1.0580793150002137,2401,0,2389
pos,1.0586919039997156,2401,0,2389
pos,1.0593524519990751,2401,0,2389
pos,1.0600167060001695,2401,0,2389
pos,1.060711819000062,2401,0,2389
pos,1.0613646629990399,2401,0,2389
pos,1.0633827559995552,2401,0,2389
pos,1.064046358998894,2401,0,2389
pos,1.0647681720001856,2401,0,2389
pos,1.0653654620000452,2401,0,2389
pos,1.0660274419988127,2401,0,2389
pos,1.0665926919991762,2401,0,2389
pos,1.0678779909994773,2401,0,2389
pos,1.0684668039993994,2401,0,2389
pos,1.0690653059991746,2401,0,2389
pos,1.0698418310003035,2401,0,2389
pos,1.0704567739994673,2401,0,2389
pos,1.0710650040000473,2401,0,2389
pos,1.071687681000185,2401,0,2389
pos,1.0722585509993223,2401,0,2389
pos,1.0728650979999657,2401,0,2389
pos,1.0734645720003755,2401,0,2389
pos,1.0740689739996014,2401,0,2389
pos,1.0750919319998502,2401,0,2389
pos,1.0756920259991603,2401,0,2389
pos,1.0762652309986152,2401,0,2389
pos,1.0772252200004004,2401,0,2389
pos,1.078101692999553,2401,0,2389
pos,1.0790415939991362,2401,0,2389
pos,1.0810265839991189,2401,0,2389
pos,1.0822227970002132,2401,0,2389
pos,1.082819675999417,2401,0,2389
pos,1.0834220249998907,2401,0,2389
pos,1.0840182219999406,2401,0,2389
pos,1.0857878890001302,2401,0,2389
pos,1.0866028559994447,2401,0,2389
pos,1.087236192999626,2401,0,2389
pos,1.0878314490000776,2401,0,2389
pos,1.0884567909997713,2401,0,2389
pos,1.089057225999568,2401,0,2389
pos,1.0896328749986424,2401,0,2389
pos,1.090232307999031,2401,0,2389
pos,1.090831581999737,2401,0,2389
pos,1.0914558320000651,2401,0,2389
pos,1.0920530009989307,2401,0,2389
pos,1.0926337000000785,2401,0,2389
pos,1.0932069039990893,2401,0,2389
pos,1.0938187510000716,2401,0,2389
pos,1.0944576379988575,2401,0,2389
pos,1.0950602679986332,2401,0,2389
pos,1.095886024999345,2401,0,2389
pos,1.0964902079995227,2401,0,2389
pos,1.097092246000102,2401,0,2389
pos,1.0976897860000463,2401,0,2389
pos,1.0982754540000315,2401,0,2389
pos,1.0998099600001296,2401,0,2389
pos,1.1003871519988024,2401,0,2389
pos,1.1009850819991698,2401,0,2389
pos,1.101592551000067,2401,0,2389
pos,1.102319734000048,2401,0,2389
pos,1.1037033569991763,2401,0,2389
pos,1.1042940039988025,2401,0,2389
pos,1.10489380800027,2401,0,2389
pos,1.10548307299905,2401,0,2389
pos,1.106083647999185,2401,0,2389
pos,1.1066851559990027,2401,0,2389
pos,1.10726635500032,2401,0,2389
pos,1.1078312440004083,2401,0,2389
pos,1.1084597119988757,2401,0,2389
pos,1.1090608279992011,2401,0,2389
pos,1.1096841669987043,2401,0,2389
pos,1.110263712998858,2401,0,2389
pos,1.112284009999712,2401,0,2389
pos,1.1131059899998945,2401,0,2389
pos,1.1138342449994525,2401,0,2389
pos,1.1160960039997008,2401,0,2389
pos,1.1168747739993705,2401,0,2389
pos,1.117595353998695,2401,0,2389
pos,1.1181906199999503,2401,0,2389
pos,1.1187885309991543,2401,0,2389
pos,1.119331398000213,2401,0,2389
pos,1.1199548169988702,2401,0,2389
pos,1.1214153740002075,2400,0,2389
pos,1.1220511060000717,2400,0,2389
pos,1.12263516999883,2400,0,2389
pos,1.123207722999723,2400,0,2389
pos,1.1237846549993264,2400,0,2389
pos,1.124358189999839,2400,0,2389
pos,1.1249556789989583,2400,0,2389
pos,1.1255687279990525,2400,0,2389
pos,1.1261652969988063,2400,0,2389
pos,1.1267597309997655,2400,0,2389
pos,1.1273332860000664,2400,0,2389
pos,1.1279429089991027,2400,0,2389
pos,1.1285086689986201,2400,0,2389
pos,1.1290833659986674,2400,0,2389
pos,1.1296886809996067,2400,0,2389
pos,1.1302631469989137,2400,0,2389
pos,1.1308297989999119,2400,0,2389
pos,1.1315406519988755,2400,0,2389
pos,1.1325702209996962,2400,0,2389
pos,1.1331626219998725,2400,-50,2389
pos,1.1337628059991403,2400,-50,2389
pos,1.1343769779996364,2400,-50,2389
pos,1.1354709179995552,2400,-50,2389
pos,1.1362640449988248,2400,-50,2389
pos,1.1368890359990473,2400,-50,2389
pos,1.1374865159996261,2400,-50,2389
pos,1.1380555119994824,2400,-50,2389
pos,1.1386997299996438,2400,-50,2389
pos,1.1392965979994187,2400,-50,2389
pos,1.1398870749999332,2400,-50,2389
pos,1.1404892840000684,2400,-50,2389
pos,1.1410621269988042,2400,-50,2389
pos,1.141607749999821,2400,-50,2389
pos,1.1421898409989808,2400,-50,2389
pos,1.1427840249998553,2400,-50,2389
pos,1.1433304189995397,2400,-50,2389
pos,1.143936804999612,2400,-50,2389
pos,1.1445057620003354,2400,-50,2389
pos,1.1451121079990116,2400,-50,2389
pos,1.145736157999636,2400,-50,2389
pos,1.1462883929998497,2400,-50,2389
pos,1.1468927459991392,2400,-50,2389
pos,1.1474861779988714,2400,-50,2389
pos,1.1480814839997038,2400,-50,2389
pos,1.1486906350000936,2400,-50,2389
pos,1.1493361449993245,2400,-50,2389
pos,1.1499157919988647,2400,-50,2389
pos,1.152376292999179,2400,-50,2389
pos,1.1529622709986143,2400,0,2389
pos,1.153568396999617,2400,0,2389
pos,1.1542003619997558,2400,0,2389
pos,1.1547655109989137,2400,0,2389
pos,1.155360295999344,2400,0,2389
pos,1.1559882929996093,2400,0,2389
pos,1.157167022000067,2400,0,2389
pos,1.15777832799904,2400,0,2389
pos,1.1583308939989365,2400,0,2389
pos,1.158939463999559,2400,0,2389
pos,1.1595330869986356,2400,0,2389
pos,1.1600796509992506,2400,0,2389
pos,1.1606881619991327,2400,0,2389
pos,1.1612698619992443,2400,0,2389
pos,1.1618342299989308,2400,0,2389
pos,1.1627399270000751,2400,0,2389
pos,1.1633323679998284,2400,0,2389
pos,1.1639389350002602,2400,0,2389
pos,1.1645161469987215,2400,0,2389
pos,1.1650809349994233,2400,0,2389
pos,1.1656858890000876,2400,0,2389
pos,1.1662635419997969,2400,0,2389
pos,1.1668306550000125,2400,0,2389
pos,1.1674990169994999,2400,0,2389
pos,1.1685694640000293,2400,0,2389
pos,1.1691678049992333,2400,0,2389
pos,1.170264780999787,2400,0,2389
pos,1.1712676909992297,2400,0,2389
pos,1.1718695789986668,2400,0,2389
pos,1.172462178999922,2400,0,2389
pos,1.1730589479993796,2400,0,2389
pos,1.1737108999986958,2400,0,2389
pos,1.174308480000036,2400,0,2389
pos,1.1752663850002136,2400,0,2389
pos,1.1758713489998627,2400,0,2389
pos,1.1764620359990658,2400,0,2389
pos,1.17707580699971,2400,0,2389
pos,1.17870060200039,2400,0,2389
pos,1.1793388280002546,2400,0,2389
pos,1.1799611850001384,2400,0,2389
pos,1.1805666090003797,2400,0,2389
pos,1.1811671249997744,2400,0,2389
pos,1.1817675299989787,2400,0,2389
pos,1.182330274999913,2400,0,2389
pos,1.1829485739999654,2400,0,2389
pos,1.1835369869986607,2400,0,2389
pos,1.1840835109996988,2400,0,2389
pos,1.184999899000104,2400,0,2389
pos,1.185598840998864,2400,0,2389
pos,1.186203884999486,2400,0,2389
pos,1.1869104090001201,2400,0,2389
pos,1.1893505429998186,2401,0,2389
pos,1.1900252969990106,2401,0,2389
pos,1.190642845000184,2401,0,2389
pos,1.1912416969989863,2401,0,2389
pos,1.1919572189999599,2401,50,2389
pos,1.1934810349994223,2401,50,2389
pos,1.1940841149989865,2401,50,2389
pos,1.1946901109986356,2401,50,2389
pos,1.195817513998918,2401,50,2389
pos,1.19646488699982,2401,50,2389
pos,1.197051236000334,2401,50,2389
pos,1.19763495999905,2401,50,2389
pos,1.198204516998885,2401,50,2389
pos,1.1988095509987033,2401,50,2389
pos,1.1993562659990857,2401,50,2389
neg,1.3999851944390684e-07,2401,0,1707
neg,0.0006540550002682721,2401,0,1707
neg,0.0012629269986064173,2401,0,1707
neg,0.0018593539989524288,2401,0,1707
neg,0.002675814999747672,2401,0,1707
neg,0.0033934000002773246,2401,0,1707
neg,0.004323111999838147,2401,0,1707
neg,0.00493035099862027,2401,0,1707
neg,0.005567875999986427,2401,0,1707
neg,0.006181916000059573,2401,0,1707
neg,0.007465531998605002,2401,0,1707
neg,0.008125008000206435,2401,0,1707
neg,0.008682612999109551,2401,0,1707
neg,0.009287165999921854,2401,0,1707
neg,0.00983653599905665,2401,0,1707
neg,0.010449284000060288,2401,0,1707
neg,0.011097148999397177,2401,0,1707
neg,0.01168955899993307,2401,0,1707
neg,0.012295043999984046,2401,0,1707
neg,0.012886321999758366,2401,0,1707
neg,0.013432476000161842,2401,0,1707
neg,0.014011941999342525,2401,0,1707
neg,0.014615582998885657,2401,0,1707
neg,0.015184268999291817,2401,0,1707
neg,0.015801927000211435,2401,0,1707
neg,0.016392192999774124,2401,0,1707
neg,0.016987207998681697,2401,0,1707
neg,0.01759305399900768,2401,0,1707
neg,0.018181176999860327,2401,0,1707
neg,0.018989090998729807,2401,0,1707
neg,0.020188508999126498,2401,0,1707
neg,0.020792420998986927,2401,0,1707
neg,0.022505821998493047,2401,0,1707
neg,0.02311869099867181,2401,0,1707
neg,0.02387641099994653,2401,0,1707
neg,0.024457018998873536,2401,0,1707
neg,0.025055390999114024,2401,0,1707
neg,0.02566812899931392,2401,0,1707
neg,0.026685946999350563,2401,0,1707
neg,0.02733752799940703,2401,0,1707
neg,0.028146695000032196,2401,0,1707
neg,0.028807632999814814,2401,0,1707
neg,0.02943469899946649,2401,0,1707
neg,0.030039501998544438,2401,0,1707
neg,0.03060759700019844,2401,0,1707
neg,0.031181652999293874,2401,0,1707
neg,0.031790413999260636,2401,0,1707
neg,0.03236465000009048,2401,0,1707
neg,0.03293004999977711,2401,0,1707
neg,0.03355432999887853,2401,0,1707
neg,0.034145056999477674,2401,0,1707
neg,0.03479341199999908,2401,0,1707
neg,0.035360635998586076,2401,0,1707
neg,0.03592967199983832,2401,0,1707
neg,0.036555314998622634,2401,0,1707
neg,0.03731501899892464,2401,0,1707
neg,0.037936643999273656,2401,0,1707
neg,0.038561665000088396,2401,0,1707
neg,0.039158753999799956,2401,0,1707
neg,0.040674474999832455,2401,0,1707
neg,0.04126767699926859,2401,0,1707
neg,0.04189373000008345,2401,0,1707
neg,0.04249332399922423,2401,0,1707
neg,0.04310668399921269,2401,0,1707
neg,0.043662676000167266,2401,0,1707
neg,0.04424953600027948,2401,0,1707
neg,0.04489694999938365,2401,0,1707
neg,0.045495210999433766,2401,0,1707
neg,0.046089403998848866,2401,0,1707
neg,0.04690195699913602,2401,0,1707
neg,0.04748689400003059,2401,0,1707
neg,0.0480617009998241,2401,0,1707
neg,0.04866210599902843,2401,0,1707
neg,0.04923444899941387,2401,0,1707
neg,0.0498577269991074,2401,0,1707
neg,0.05045362399869191,2401,0,1707
neg,0.051081280998914735,2401,0,1707
neg,0.05166537599870935,2401,0,1707
neg,0.052235754999856,2401,0,1707
neg,0.05285554599868192,2401,0,1707
neg,0.05342818899953272,2401,0,1707
neg,0.05403471599856857,2401,0,1707
neg,0.05460525599846733,2401,0,1707
neg,0.055186273999424884,2401,0,1707
neg,0.05603969399999187,2401,0,1707
neg,0.05660766799883277,2401,0,1707
neg,0.05720851499972923,2401,0,1707
neg,0.05786743999851751,2401,0,1707
neg,0.059344567998778075,2400,-50,1707
neg,0.05996883799889474,2400,-50,1707
neg,0.06064629799948307,2400,-50,1707
neg,0.061239459999342216,2400,-50,1707
neg,0.061892464000266045,2400,-50,1707
neg,0.06248822999987169,2400,-50,1707
neg,0.06306312800006708,2400,-50,1707
neg,0.06366863299990655,2400,-50,1707
neg,0.06501083900002413,2400,-50,1707
neg,0.06559301999914169,2399,-50,1707
neg,0.06616000299982261,2399,-50,1707
neg,0.06680384900028002,2399,-50,1707
neg,0.06741396299912594,2399,-50,1707
neg,0.06801157299923943,2399,-50,1707
neg,0.06855585299854283,2399,-50,1707
neg,0.06915288199888892,2399,-50,1707
neg,0.06973913099864149,2399,-50,1707
neg,0.070330880000256,2399,-50,1707
neg,0.07091350199880253,2399,-50,1707
neg,0.07148914099889225,2398,-50,1707
neg,0.07205457099917112,2398,-50,1707
neg,0.0726610769997933,2398,-50,1707
neg,0.07323254899893072,2398,-50,1707
neg,0.07386339099866746,2398,-50,1707
neg,0.0744354629987356,2397,-50,1707
neg,0.07504293199963286,2397,-50,1707
neg,0.07573374599996896,2397,-50,1707
neg,0.07632091699997545,2397,-50,1707
neg,0.0779599990000861,2396,-50,1707
neg,0.07859248499880778,2396,-50,1707
neg,0.07955637099985324,2396,-200,1707
neg,0.08020362400020531,2395,-200,1707
neg,0.08086775899937493,2395,-200,1707
neg,0.08145683299881057,2395,-200,1707
neg,0.08243055799903232,2395,-200,1707
neg,0.0830479149990424,2395,-200,1707
neg,0.08363631799875293,2395,-200,1707
neg,0.08418107899888128,2394,-200,1707
neg,0.08496018999903754,2394,-200,1707
neg,0.08555478400012362,2394,-200,1707
neg,0.08615947699945536,2393,-200,1707
neg,0.0867347149996931,2393,-200,1707
neg,0.0873354509985802,2393,-200,1707
neg,0.08791531799943186,2392,-200,1707
neg,0.08848171999852639,2392,-200,1707
neg,0.08905717800007551,2392,-200,1707
neg,0.08966634999887901,2392,-200,1707
neg,0.09026205699956336,2391,-200,1707
neg,0.0908577129994228,2391,-200,1707
neg,0.09142890399925818,2391,-200,1707
neg,0.09203522999996494,2390,-200,1707
neg,0.0926065709991235,2390,-200,1707
neg,0.09347775399874081,2389,-200,1707
neg,0.09562942699994892,2388,-200,1707
neg,0.09667644899855077,2387,-200,1707
neg,0.09729302499908954,2387,-200,1707
neg,0.09789279899996473,2386,-200,1707
neg,0.0985012490000372,2386,-500,1707
neg,0.09911088199987717,2386,-500,1707
neg,0.09968891499920574,2385,-500,1707
neg,0.10029012199993304,2385,-500,1707
neg,0.10086598099951516,2384,-500,1707
neg,0.10221813599855523,2384,-500,1707
neg,0.1028856069988251,2383,-500,1707
neg,0.10345964299995103,2383,-500,1707
neg,0.1040553490001912,2382,-500,1707
neg,0.10466759699920658,2382,-500,1707
neg,0.10527684899898304,2382,-500,1707
neg,0.10587905699867406,2381,-500,1707
neg,0.10648517299887317,2381,-500,1707
neg,0.10706088199913211,2380,-500,1707
neg,0.10767302000022028,2379,-500,1707
neg,0.10826461899887363,2379,-500,1707
neg,0.10885710899856349,2378,-500,1707
neg,0.10943144599877996,2378,-500,1707
neg,0.11043000700010452,2377,-500,1707
neg,0.1110394199986331,2376,-500,1707
neg,0.1117998150002677,2376,-500,1707
neg,0.11239223499978834,2376,-500,1707
neg,0.11303558100007649,2375,-500,1707
neg,0.11368565900011163,2374,-500,1707
neg,0.11654553999869677,2371,-500,1707
neg,0.11762253799861355,2371,-500,1707
neg,0.11821971700010181,2371,-850,1707
neg,0.11885868499848584,2369,-850,1707
neg,0.11955969900009222,2368,-850,1707
neg,0.12085062799997104,2367,-850,1707
neg,0.12146427799962112,2366,-850,1707
neg,0.12208845900022425,2366,-850,1707
neg,0.12267853499906778,2365,-850,1707
neg,0.12325824099934835,2365,-850,1707
neg,0.12389528499988955,2364,-850,1707
neg,0.1244835380002769,2363,-850,1707
neg,0.12506500800009235,2363,-850,1707
neg,0.12566250700001547,2362,-850,1707
neg,0.1262327459990047,2362,-850,1707
neg,0.12772012399909727,2360,-850,1707
neg,0.12829333799891174,2359,-850,1707
neg,0.1288914990000194,2359,-850,1707
neg,0.12948455100013234,2357,-850,1707
neg,0.1300528760002635,2357,-850,1707
neg,0.13060797700018156,2356,-850,1707
neg,0.13146890999996685,2355,-850,1707
neg,0.13259433999883186,2354,-850,1707
neg,0.1331883029997698,2353,-850,1707
neg,0.13390581800013024,2353,-850,1707
neg,0.134814049999477,2351,-850,1707
neg,0.13541830199937976,2350,-850,1707
neg,0.1360470309991797,2350,-850,1707
neg,0.136635363998721,2349,-850,1707
neg,0.13721040199925483,2348,-850,1707
neg,0.13786373599941726,2348,-1150,1707
neg,0.13844106800024747,2346,-1150,1707
neg,0.1400987349989009,2343,-1150,1707
neg,0.1407403470002464,2343,-1150,1707
neg,0.14132991199949174,2342,-1150,1707
neg,0.14191222399858816,2342,-1150,1707
neg,0.14248067999869818,2340,-1150,1707
neg,0.14310547099921678,2339,-1150,1707
neg,0.14368269199985662,2339,-1150,1707
neg,0.1443060309993598,2337,-1150,1707
neg,0.1451095769989479,2336,-1150,1707
neg,0.14568175899876223,2336,-1150,1707
neg,0.1462868629987497,2334,-1150,1707
neg,0.14688794999892707,2334,-1150,1707
neg,0.1474307669996051,2332,-1150,1707
neg,0.14804181199906452,2331,-1150,1707
neg,0.14861535699856177,2331,-1150,1707
neg,0.14918117799970787,2329,-1150,1707
neg,0.1498854579986073,2329,-1150,1707
neg,0.15047696699912194,2328,-1150,1707
neg,0.1515150729992456,2326,-1150,1707
neg,0.1524101699997118,2325,-1150,1707
neg,0.15324663799947302,2323,-1150,1707
neg,0.15441136099980213,2322,-1150,1707
neg,0.15501424099966243,2320,-1150,1707
neg,0.15564481299952604,2320,-1150,1707
neg,0.15624342499904742,2318,-1150,1707
neg,0.1574886289999995,2316,-1150,1707
neg,0.15810610599874053,2315,-1550,1707
neg,0.15871527799936302,2315,-1550,1707
neg,0.1592911070001719,2313,-1550,1707
neg,0.15988592199937557,2311,-1550,1707
neg,0.16043654399982188,2311,-1550,1707
neg,0.16103837199989357,2309,-1550,1707
neg,0.16160618599860754,2309,-1550,1707
neg,0.16218357799880323,2308,-1550,1707
neg,0.16278358299859974,2306,-1550,1707
neg,0.16335518399864668,2306,-1550,1707
neg,0.16392733700013196,2304,-1550,1707
neg,0.16458214399972348,2304,-1550,1707
neg,0.16515757199886139,2302,-1550,1707
neg,0.16578296499938006,2300,-1550,1707
neg,0.16636185999959707,2300,-1550,1707
neg,0.16695820699897013,2298,-1550,1707
neg,0.1675594539992744,2298,-1550,1707
neg,0.16814906899890047,2297,-1550,1707
neg,0.16873510799996438,2295,-1550,1707
neg,0.16930890299954626,2295,-1550,1707
neg,0.17195685600017896,2289,-1550,1707
neg,0.1725743440001679,2289,-1550,1707
neg,0.17321976299899688,2287,-1550,1707
neg,0.173859441998502,2285,-1550,1707
neg,0.17443263599852799,2285,-1550,1707
neg,0.17504107700005989,2283,-1550,1707
neg,0.17574964499908674,2281,-1550,1707
neg,0.17636921600023925,2281,-1550,1707
neg,0.17696418199921027,2279,-1550,1707
neg,0.17756679099875328,2277,-1900,1707
neg,0.1781559949995426,2277,-1900,1707
neg,0.17873004099965328,2275,-1900,1707
neg,0.1793054999998276,2275,-1900,1707
neg,0.17991515199901187,2273,-1900,1707
neg,0.1804809529985505,2271,-1900,1707
neg,0.18110667499968258,2271,-1900,1707
neg,0.18168386700017436,2269,-1900,1707
neg,0.1822864869991463,2269,-1900,1707
neg,0.18288350599868863,2267,-1900,1707
neg,0.18343744399862771,2267,-1900,1707
neg,0.18403864099855127,2265,-1900,1707
neg,0.18460485200012045,2263,-1900,1707
neg,0.18521130899898708,2263,-1900,1707
neg,0.1858546949988522,2261,-1900,1707
neg,0.18642749799982994,2259,-1900,1707
neg,0.187033184000029,2259,-1900,1707
neg,0.18772227499903238,2257,-1900,1707
neg,0.19014514599984977,2253,-1900,1707
neg,0.19080173699876468,2250,-1900,1707
neg,0.19145384900002682,2249,-1900,1707
neg,0.19212292299926048,2249,-1900,1707
neg,0.19273809599872038,2246,-1900,1707
neg,0.1933316989998275,2244,-1900,1707
neg,0.1939541649990133,2244,-1900,1707
neg,0.19481777399960265,2242,-1900,1707
neg,0.19541807899986452,2239,-1900,1707
neg,0.19604198900015035,2239,-1900,1707
neg,0.19663165400015714,2237,-1900,1707
neg,0.19717658499939716,2237,-2100,1707
neg,0.19778884299921629,2235,-2100,1707
neg,0.19836136599951715,2233,-2100,1707
neg,0.19898515499880887,2233,-2100,1707
neg,0.19958002000021224,2230,-2100,1707
neg,0.20014951699886296,2230,-2100,1707
neg,0.20072996499948204,2228,-2100,1707
neg,0.20128391399885004,2226,-2100,1707
neg,0.20183273200018448,2226,-2100,1707
neg,0.2024266959997476,2224,-2100,1707
neg,0.20303326300017943,2224,-2100,1707
neg,0.2036045329987246,2222,-2100,1707
neg,0.20417738699870824,2219,-2100,1707
neg,0.20478245099911874,2219,-2100,1707
neg,0.2053541219993349,2217,-2100,1707
neg,0.2059597269999358,2217,-2100,1707
neg,0.20656131499890762,2215,-2100,1707
neg,0.20934446199862577,2208,-2100,1707
neg,0.20999195500007772,2208,-2100,1707
neg,0.21058974599873181,2206,-2100,1707
neg,0.21119082199948025,2203,-2100,1707
neg,0.2117915479993826,2203,-2100,1707
neg,0.21239328599949658,2201,-2100,1707
neg,0.21300229699954798,2201,-2100,1707
neg,0.2137506899998698,2198,-2100,1707
neg,0.2149380859991652,2196,-2100,1707
neg,0.21556520099875343,2194,-2100,1707
neg,0.21615603799909877,2191,-2100,1707
neg,0.21673189799912507,2191,-2300,1707
neg,0.2173100809995958,2189,-2300,1707
neg,0.21791106799901172,2189,-2300,1707
neg,0.21848047499952372,2186,-2300,1707
neg,0.21905167499971867,2184,-2300,1707
neg,0.21963105099894165,2184,-2300,1707
neg,0.2201756819995353,2182,-2300,1707
neg,0.22078197799964983,2182,-2300,1707
neg,0.2213532089990622,2179,-2300,1707
neg,0.22192865800025174,2179,-2300,1707
neg,0.22255539300022065,2177,-2300,1707
neg,0.22316297099860094,2174,-2300,1707
neg,0.2237859689994366,2174,-2300,1707
neg,0.22464395699898887,2172,-2300,1707
neg,0.22525265799959016,2170,-2300,1707
neg,0.22586521599987464,2170,-2300,1707
neg,0.2264308659996459,2167,-2300,1707
neg,0.2270863149988145,2165,-2300,1707
neg,0.2284185520002211,2162,-2300,1707
neg,0.2291107290002401,2160,-2300,1707
neg,0.22968798100009735,2160,-2300,1707
neg,0.23028723399875162,2157,-2300,1707
neg,0.23090071399929002,2155,-2300,1707
neg,0.2314828549988306,2155,-2300,1707
neg,0.2320949719996861,2152,-2300,1707
neg,0.233364421999795,2150,-2300,1707
neg,0.23398556599931908,2148,-2300,1707
neg,0.2345780969990301,2148,-2300,1707
neg,0.23516271199878247,2145,-2300,1707
neg,0.23573370299891394,2145,-2300,1707
neg,0.2363037909999548,2142,-2300,1707
neg,0.23691349399996398,2140,-2450,1707
neg,0.23755374400025175,2140,-2450,1707
neg,0.23815080299937108,2138,-2450,1707
neg,0.23873094000009587,2135,-2450,1707
neg,0.23930222099988896,2135,-2450,1707
neg,0.23990933899949596,2133,-2450,1707
neg,0.2404791369990562,2133,-2450,1707
neg,0.2410575109988713,2130,-2450,1707
neg,0.2416373179985385,2130,-2450,1707
neg,0.24217578699972364,2127,-2450,1707
neg,0.2428093339985935,2125,-2450,1707
neg,0.24341148299936322,2125,-2450,1707
neg,0.24402206699960516,2123,-2450,1707
neg,0.24461695199897804,2123,-2450,1707
neg,0.24539190499854158,2120,-2450,1707
neg,0.2459975099991425,2117,-2450,1707
neg,0.24716062999868882,2115,-2450,1707
neg,0.24814682800024457,2112,-2450,1707
neg,0.24879730799875688,2110,-2450,1707
neg,0.24938716299948283,2110,-2450,1707
neg,0.24996274200020707,2107,-2450,1707
neg,0.2505576369985647,2105,-2450,1707
neg,0.2518741839994618,2102,-2450,1707
neg,0.2524273009985336,2102,-2450,1707
neg,0.25304908599900955,2100,-2450,1707
neg,0.25363305099926947,2097,-2450,1707
neg,0.25423659199987014,2097,-2450,1707
neg,0.2548555729990767,2094,-2450,1707
neg,0.2554595949986833,2092,-2450,1707
neg,0.25605214499955764,2092,-2450,1707
neg,0.25666528399960953,2089,-2550,1707
neg,0.25722954199954984,2089,-2550,1707
neg,0.2578598330001114,2087,-2550,1707
neg,0.25842797799850814,2084,-2550,1707
neg,0.25903840199862316,2084,-2550,1707
neg,0.2596435460000066,2081,-2550,1707
neg,0.26096759800020664,2079,-2550,1707
neg,0.26218817599874455,2077,-2550,1707
neg,0.2651201009994111,2069,-2550,1707
neg,0.26580944299894327,2066,-2550,1707
neg,0.2663994989998173,2064,-2550,1707
neg,0.26697920500009786,2064,-2550,1707
neg,0.26756188800027303,2061,-2550,1707
neg,0.26867280999977083,2058,-2550,1707
neg,0.26926425799865683,2058,-2550,1707
neg,0.26988956999957736,2056,-2550,1707
neg,0.2704813099990133,2053,-2550,1707
neg,0.27105302099880646,2053,-2550,1707
neg,0.2716650080001273,2051,-2550,1707
neg,0.27222958599850244,2051,-2550,1707
neg,0.2728569819992117,2048,-2550,1707
neg,0.27343251099955523,2046,-2550,1707
neg,0.274037524999585,2046,-2550,1707
neg,0.2746044079995045,2043,-2550,1707
neg,0.2751836529987486,2043,-2550,1707
neg,0.27578292599901033,2041,-2550,1707
neg,0.27635772400026326,2038,-2550,1707
neg,0.2769287439987238,2038,-2550,1707
neg,0.277557101999264,2036,-2550,1707
neg,0.27815088399984234,2036,-2550,1707
neg,0.2787053339998238,2033,-2550,1707
neg,0.2792838079985813,2030,-2550,1707
neg,0.27988546599954134,2030,-2550,1707
neg,0.2804826649989991,2028,-2550,1707
neg,0.2810894519989233,2028,-2550,1707
neg,0.28213607399993634,2022,-2550,1707
neg,0.2827372510000714,2022,-2550,1707
neg,0.28333038199889415,2020,-2550,1707
neg,0.28393546599909314,2020,-2550,1707
neg,0.28546007399927475,2015,-2550,1707
neg,0.28608102799989865,2012,-2550,1707
neg,0.2866605740000523,2012,-2550,1707
neg,0.287232505999782,2010,-2550,1707
neg,0.28798713099968154,2010,-2550,1707
neg,0.28962285600027826,2004,-2550,1707
neg,0.29020808299901546,2002,-2550,1707
neg,0.2908554969999386,2002,-2550,1707
neg,0.2914332189993729,1999,-2550,1707
neg,0.2920349569994869,1996,-2550,1707
neg,0.2926086019997456,1996,-2550,1707
neg,0.29317923199960205,1994,-2550,1707
neg,0.2937915900001826,1994,-2550,1707
neg,0.2943853130000207,1992,-2550,1707
neg,0.29497929599892814,1989,-2550,1707
neg,0.2955512179996731,1989,-2550,1707
neg,0.2961484669995116,1986,-2600,1707
neg,0.29673395499958133,1986,-2600,1707
neg,0.2973019689998182,1983,-2600,1707
neg,0.2979073539991077,1981,-2600,1707
neg,0.29847886499919696,1981,-2600,1707
neg,0.29922008399989863,1978,-2600,1707
neg,0.3005854739985807,1976,-2600,1707
neg,0.3011903770002391,1973,-2600,1707
neg,0.30178979099946446,1973,-2600,1707
neg,0.30331640199983667,1968,-2600,1707
neg,0.3040543049992266,1966,-2600,1707
neg,0.3046646989987494,1966,-2600,1707
neg,0.30559670599905076,1963,-2600,1707
neg,0.3061800189989299,1960,-2600,1707
neg,0.3067984779991093,1958,-2600,1707
neg,0.3081294129988237,1955,-2600,1707
neg,0.308678762999989,1955,-2600,1707
neg,0.30928392699934193,1953,-2600,1707
neg,0.3099124649997975,1950,-2600,1707
neg,0.3104823829999077,1950,-2600,1707
neg,0.3110525519987277,1947,-2600,1707
neg,0.31166773499899136,1947,-2600,1707
neg,0.3122596639987023,1945,-2600,1707
neg,0.31295626999963133,1942,-2600,1707
neg,0.3135555029984971,1942,-2600,1707
neg,0.31415899399871705,1940,-2600,1707
neg,0.31472949299859465,1937,-2600,1707
neg,0.3153088489998481,1937,-2600,1707
neg,0.31591254100021615,1935,-2550,1707
neg,0.31655673800014483,1935,-2550,1707
neg,0.31714745499994024,1932,-2550,1707
neg,0.31774725899958867,1930,-2550,1707
neg,0.3183169469994027,1930,-2550,1707
neg,0.3189913209989754,1928,-2550,1707
neg,0.31958306999877095,1925,-2550,1707
neg,0.3201820729991596,1925,-2550,1707
neg,0.3218141919987829,1920,-2550,1707
neg,0.32247605299926363,1920,-2550,1707
neg,0.32308047599872225,1918,-2550,1707
neg,0.3236767329999566,1915,-2550,1707
neg,0.32426811099867336,1915,-2550,1707
neg,0.32542348700008006,1913,-2550,1707
neg,0.3260948150000331,1910,-2550,1707
neg,0.3266815549995954,1908,-2550,1707
neg,0.3272910679988854,1908,-2550,1707
neg,0.32790013900012127,1906,-2550,1707
neg,0.3285898719987017,1903,-2550,1707
neg,0.3291628059996583,1903,-2550,1707
neg,0.3297935479986336,1901,-2550,1707
neg,0.33039516499957244,1901,-2550,1707
neg,0.3309797609999805,1898,-2550,1707
neg,0.331551622999541,1896,-2550,1707
neg,0.3321793089999119,1896,-2550,1707
neg,0.3328052420001768,1894,-2550,1707
neg,0.3333842279989767,1892,-2550,1707
neg,0.33398802999909094,1892,-2550,1707
neg,0.3345821229995636,1889,-2550,1707
neg,0.3351515499998641,1889,-2400,1707
neg,0.3357347729997855,1887,-2400,1707
neg,0.33630142499896465,1887,-2400,1707
neg,0.3369068800002424,1885,-2400,1707
neg,0.33748807899974054,1883,-2400,1707
neg,0.33898801099894627,1881,-2400,1707
neg,0.33958673300003284,1879,-2400,1707
neg,0.34159365499908745,1875,-2400,1707
neg,0.34218495299865026,1875,-2400,1707
neg,0.34280592699906265,1872,-2400,1707
neg,0.3434077849997266,1870,-2400,1707
neg,0.34398441499979526,1870,-2400,1707
neg,0.34492622099969594,1868,-2400,1707
neg,0.34565816199938126,1866,-2400,1707
neg,0.34625907899862796,1864,-2400,1707
neg,0.3468685509997158,1864,-2400,1707
neg,0.3474351730001217,1862,-2400,1707
neg,0.3480352379992837,1862,-2400,1707
neg,0.34860396399926685,1860,-2400,1707
neg,0.3491741429988906,1858,-2400,1707
neg,0.34977930700006254,1858,-2400,1707
neg,0.350354273999983,1856,-2400,1707
neg,0.35092817999975523,1856,-2400,1707
neg,0.351549453998814,1854,-2400,1707
neg,0.352146092998737,1852,-2400,1707
neg,0.3527437029988505,1852,-2400,1707
neg,0.35332809799911047,1850,-2400,1707
neg,0.3539166819991806,1850,-2400,1707
neg,0.3545578029988974,1849,-2400,1707
neg,0.35514617599983467,1847,-2000,1707
neg,0.3557404099992709,1847,-2000,1707
neg,0.35630491799929587,1845,-2000,1707
neg,0.3569229259992426,1845,-2000,1707
neg,0.3575680249996367,1843,-2000,1707
neg,0.3581666869995388,1841,-2000,1707
neg,0.3588243899994268,1841,-2000,1707
neg,0.3594034549987555,1839,-2000,1707
neg,0.3600138089987013,1839,-2000,1707
neg,0.3605937060001452,1837,-2000,1707
neg,0.3611873689987988,1835,-2000,1707
neg,0.3617847489986161,1835,-2000,1707
neg,0.36237457399874984,1833,-2000,1707
neg,0.3630389789996116,1831,-2000,1707
neg,0.3642606789999263,1829,-2000,1707
neg,0.36486831799993524,1829,-2000,1707
neg,0.36545863399987866,1827,-2000,1707
neg,0.3660526080002455,1824,-2000,1707
neg,0.36668427199947473,1824,-2000,1707
neg,0.36730975399950694,1822,-2000,1707
neg,0.3679105100000015,1820,-2000,1707
neg,0.3685528339992743,1820,-2000,1707
neg,0.369149242000276,1819,-2000,1707
neg,0.3697286679998797,1819,-2000,1707
neg,0.3705019369990623,1817,-2000,1707
neg,0.37105089599936036,1815,-2000,1707
neg,0.37162962000002153,1815,-2000,1707
neg,0.37217774799864856,1814,-2000,1707
neg,0.3727864189986576,1814,-2000,1707
neg,0.3738363169995864,1811,-2000,1707
neg,0.3744867859986698,1811,-2000,1707
neg,0.3750915089985938,1809,-1900,1707
neg,0.37568101399847365,1809,-1900,1707
neg,0.37699767199956113,1806,-1900,1707
neg,0.37776999899870134,1805,-1900,1707
neg,0.37837078499978816,1805,-1900,1707
neg,0.3789710199998808,1804,-1900,1707
neg,0.3795754129987472,1804,-1900,1707
neg,0.3801635459985846,1802,-1900,1707
neg,0.38078976899851114,1801,-1900,1707
neg,0.3820119499996508,1800,-1900,1707
neg,0.38260549299957347,1800,-1900,1707
neg,0.38317915799962066,1798,-1900,1707
neg,0.3837818669999251,1797,-1900,1707
neg,0.384359730000142,1797,-1900,1707
neg,0.38493343600021035,1796,-1900,1707
neg,0.3855499109995435,1796,-1900,1707
neg,0.3861677589993633,1795,-1900,1707
neg,0.3867878119999659,1794,-1900,1707
neg,0.38736018399868044,1794,-1900,1707
neg,0.38792584399925545,1793,-1900,1707
neg,0.3885491129985894,1793,-1900,1707
neg,0.38914807499895687,1792,-1900,1707
neg,0.3897274809987721,1791,-1900,1707
neg,0.3903271349990973,1791,-1900,1707
neg,0.3909102879988495,1790,-1900,1707
neg,0.39147841299927677,1790,-1900,1707
neg,0.39205318999847805,1789,-1900,1707
neg,0.3927257710001868,1787,-1900,1707
neg,0.3938380159997905,1786,-1900,1707
neg,0.3944314479995228,1786,-1200,1707
neg,0.39508532299987564,1785,-1200,1707
neg,0.39662520899946685,1783,-1200,1707
neg,0.3973281569997198,1783,-1200,1707
neg,0.3979189439996844,1782,-1200,1707
neg,0.3985678299995925,1781,-1200,1707
neg,0.39916010100023414,1781,-1200,1707
neg,0.4003653199997643,1780,-1200,1707
neg,0.4010911799996393,1779,-1200,1707
neg,0.4016896419998375,1778,-1200,1707
neg,0.4022867009989568,1778,-1200,1707
neg,0.4028846009987319,1777,-1200,1707
neg,0.40342657699875417,1776,-1200,1707
neg,0.4040345769990381,1776,-1200,1707
neg,0.4046060979999311,1775,-1200,1707
neg,0.4051786509990052,1775,-1200,1707
neg,0.40578745199854893,1774,-1200,1707
neg,0.406352991998574,1774,-1200,1707
neg,0.4069328690002294,1773,-1200,1707
neg,0.4075522999992245,1772,-1200,1707
neg,0.40814735499952803,1772,-1200,1707
neg,0.40873004700006277,1771,-1200,1707
neg,0.40933080299873836,1770,-1200,1707
neg,0.4099076749989763,1770,-1200,1707
neg,0.4104775529995095,1769,-1200,1707
neg,0.4112351019994094,1769,-1200,1707
neg,0.41210208799930115,1769,-1200,1707
neg,0.4126617570000235,1768,-1200,1707
neg,0.414389415000187,1766,-950,1707
neg,0.4154624259990669,1765,-950,1707
neg,0.41608255800019833,1765,-950,1707
neg,0.41667920599866193,1764,-950,1707
neg,0.41725603799932287,1763,-950,1707
neg,0.4185565249990759,1762,-950,1707
neg,0.4191516409991891,1762,-950,1707
neg,0.4197291929995117,1761,-950,1707
neg,0.4202999129993259,1761,-950,1707
neg,0.4209126109999488,1761,-950,1707
neg,0.4214779409994662,1760,-950,1707
neg,0.42204900099932274,1760,-950,1707
neg,0.4226287980000052,1759,-950,1707
neg,0.42322739999872283,1758,-950,1707
neg,0.4238521299994318,1758,-950,1707
neg,0.4244243129996903,1758,-950,1707
neg,0.42501105299925257,1758,-950,1707
neg,0.4255829049998283,1757,-950,1707
neg,0.42615046900027664,1756,-950,1707
neg,0.42673420299979625,1756,-950,1707
neg,0.42730831900007615,1755,-950,1707
neg,0.4278796489998058,1755,-950,1707
neg,0.4287830630000826,1755,-950,1707
neg,0.43029724000007263,1754,-950,1707
neg,0.4309128039985808,1754,-950,1707
neg,0.4322497499997553,1752,-950,1707
neg,0.43289073199957784,1752,-950,1707
neg,0.4335852029998932,1751,-950,1707
neg,0.4341783049985679,1751,-750,1707
neg,0.4347945299996354,1751,-750,1707
neg,0.4353923199996643,1750,-750,1707
neg,0.4373078499993426,1749,-750,1707
neg,0.43791538899859006,1749,-750,1707
neg,0.43855441699997755,1749,-750,1707
neg,0.4391496129992447,1748,-750,1707
neg,0.43974050999895553,1748,-750,1707
neg,0.4403021929992974,1747,-750,1707
neg,0.44092155399994226,1747,-750,1707
neg,0.4439889229997789,1745,-750,1707
neg,0.4445810219986015,1745,-750,1707
neg,0.4451471339998534,1745,-750,1707
neg,0.44573065700024017,1745,-750,1707
neg,0.4463339679987257,1744,-750,1707
neg,0.44690485799947055,1744,-750,1707
neg,0.44748285099922214,1744,-750,1707
neg,0.44808454899975914,1744,-750,1707
neg,0.4487347279991809,1744,-750,1707
neg,0.44933819899961236,1743,-750,1707
neg,0.45181993099868123,1742,-750,1707
neg,0.4527040979992307,1742,-750,1707
neg,0.4533059059995139,1741,-750,1707
neg,0.4539116809992265,1741,-500,1707
neg,0.4545520409992605,1741,-500,1707
neg,0.4551488799988874,1740,-500,1707
neg,0.45661504799863906,1740,-500,1707
neg,0.4572097620002751,1739,-500,1707
neg,0.45785346899901924,1739,-500,1707
neg,0.45842560100027185,1739,-500,1707
neg,0.459036105999985,1739,-500,1707
neg,0.45960937999916496,1739,-500,1707
neg,0.4601762019992748,1738,-500,1707
neg,0.4607814069986489,1738,-500,1707
neg,0.46135433099880174,1738,-500,1707
neg,0.46192606200020236,1737,-500,1707
neg,0.46254852899983234,1737,-500,1707
neg,0.46312975799992273,1737,-500,1707
neg,0.46367957899929024,1737,-500,1707
neg,0.46428136699978495,1737,-500,1707
neg,0.46485177599970484,1736,-500,1707
neg,0.46542765499907546,1736,-500,1707
neg,0.4660336409997399,1736,-500,1707
neg,0.46684961000028125,1735,-500,1707
neg,0.4674424819986598,1735,-500,1707
neg,0.46879322299901105,1735,-500,1707
neg,0.470355120000022,1734,-500,1707
neg,0.47109254299903114,1734,-500,1707
neg,0.4716941099995893,1733,-500,1707
neg,0.47228288399855956,1733,-500,1707
neg,0.47288453199871583,1733,-500,1707
neg,0.4735278970001673,1732,-450,1707
neg,0.47411298399856605,1732,-450,1707
neg,0.4748607860001357,1732,-450,1707
neg,0.475460869998642,1732,-450,1707
neg,0.476079590000154,1732,-450,1707
neg,0.47668052699918917,1732,-450,1707
neg,0.4772840579989861,1732,-450,1707
neg,0.47788738799863495,1731,-450,1707
neg,0.4784916709995741,1731,-450,1707
neg,0.479094370999519,1731,-450,1707
neg,0.479690287998892,1731,-450,1707
neg,0.4802844810001261,1731,-450,1707
neg,0.48087826399932965,1730,-450,1707
neg,0.4814276239994797,1730,-450,1707
neg,0.4820336499997211,1730,-450,1707
neg,0.48260237599970424,1730,-450,1707
neg,0.483208701998592,1730,-450,1707
neg,0.4851304739986517,1729,-450,1707
neg,0.48575665799944545,1728,-450,1707
neg,0.48698454899931676,1728,-450,1707
neg,0.48849692399926425,1728,-450,1707
neg,0.4893741179985227,1728,-450,1707
neg,0.4902618519990938,1727,-450,1707
neg,0.49085868099973595,1727,-450,1707
neg,0.49149212799966335,1727,-450,1707
neg,0.4921197139992728,1727,-450,1707
neg,0.49366382799962594,1727,-250,1707
neg,0.4942668589992536,1727,-250,1707
neg,0.4948826829986501,1727,-250,1707
neg,0.49548001199946157,1727,-250,1707
neg,0.4960498499985988,1727,-250,1707
neg,0.49665928299873485,1726,-250,1707
neg,0.49722674599979655,1726,-250,1707
neg,0.4978594519998296,1726,-250,1707
neg,0.49846008799977426,1726,-250,1707
neg,0.49904888199853303,1726,-250,1707
neg,0.4996596959990711,1726,-250,1707
neg,0.5002267389991175,1726,-250,1707
neg,0.5008532129995729,1726,-250,1707
neg,0.501424373998816,1726,-250,1707
neg,0.5020085790001758,1726,-250,1707
neg,0.5026490399995964,1726,-250,1707
neg,0.5032269329985866,1726,-250,1707
neg,0.503948985999159,1726,-250,1707
neg,0.5045524969991675,1727,-250,1707
neg,0.5051709259987547,1727,-250,1707
neg,0.5057877519993781,1727,-250,1707
neg,0.5063849409998511,1727,-250,1707
neg,0.5070242199999484,1728,-250,1707
neg,0.508429884999714,1728,-250,1707
neg,0.5091342349987826,1728,-250,1707
neg,0.5096753189991432,1728,-250,1707
neg,0.5102988369999366,1728,-250,1707
neg,0.5109187289999682,1728,-250,1707
neg,0.5116171979989304,1729,-250,1707
neg,0.5126906509995024,1729,100,1707
neg,0.5132942919990455,1729,100,1707
neg,0.5138834359986504,1729,100,1707
neg,0.5144839419990603,1729,100,1707
neg,0.515048018998641,1729,100,1707
neg,0.5156524519989034,1729,100,1707
neg,0.5162322979995224,1729,100,1707
neg,0.5168513190001249,1729,100,1707
neg,0.517422238999643,1729,100,1707
neg,0.5180308499984676,1729,100,1707
neg,0.5186025709990645,1729,100,1707
neg,0.5191716079989419,1729,100,1707
neg,0.5197779539994372,1729,100,1707
neg,0.5203540339989559,1729,100,1707
neg,0.5209514139987732,1729,100,1707
neg,0.5215523899987602,1729,100,1707
neg,0.5223822159987321,1729,100,1707
neg,0.5245649970001978,1729,100,1707
neg,0.5256424660001358,1729,100,1707
neg,0.5262583599997015,1729,100,1707
neg,0.5268841429988242,1729,100,1707
neg,0.5283329089998006,1729,100,1707
neg,0.5290416869993351,1729,100,1707
neg,0.5296385059991735,1729,100,1707
neg,0.5309427899992443,1729,100,1707
neg,0.5315555589986616,1729,100,1707
neg,0.532151695999346,1729,100,1707
neg,0.5327324949994363,1729,0,1707
neg,0.5332997479999904,1729,0,1707
neg,0.5339055639997241,1729,0,1707
neg,0.5344802309991792,1729,0,1707
neg,0.5350827000002027,1729,0,1707
neg,0.5356772839986661,1729,0,1707
neg,0.5362821279995842,1729,0,1707
neg,0.5368777439998667,1729,0,1707
neg,0.5374906029992417,1729,0,1707
neg,0.5380525459986529,1729,0,1707
neg,0.5386551159990631,1729,0,1707
neg,0.5392746369998349,1729,0,1707
neg,0.5398892289995274,1729,0,1707
neg,0.5407314779986336,1729,0,1707
neg,0.5413028479997593,1729,0,1707
neg,0.5424572920001083,1729,0,1707
neg,0.5430522869992274,1729,0,1707
neg,0.543692667999494,1729,0,1707
neg,0.5448113450001983,1729,0,1707
neg,0.5454457639989414,1729,0,1707
neg,0.5462094049998996,1729,0,1707
neg,0.546866886999851,1729,0,1707
neg,0.5474263460000657,1729,0,1707
neg,0.548003036999944,1729,0,1707
neg,0.5486630739997054,1729,0,1707
neg,0.5497883329990145,1729,0,1707
neg,0.5503819459991064,1729,0,1707
neg,0.5509769309992407,1730,0,1707
neg,0.5515750319991639,1730,0,1707
neg,0.5521780819999549,1730,50,1707
neg,0.5528042149999237,1730,50,1707
neg,0.5533987500002695,1730,50,1707
neg,0.553976392999175,1730,50,1707
neg,0.5545814870001777,1730,50,1707
neg,0.5551493509992724,1730,50,1707
neg,0.5557252910002717,1730,50,1707
neg,0.5562982849987748,1730,50,1707
neg,0.5569032579987834,1730,50,1707
neg,0.5574828649987467,1730,50,1707
neg,0.5580756359995576,1730,50,1707
neg,0.5586736869991,1730,50,1707
neg,0.5592515199987247,1730,50,1707
neg,0.5600339969987544,1730,50,1707
neg,0.5606108179999865,1730,50,1707
neg,0.5641234609993262,1730,50,1707
neg,0.5647870749999129,1730,50,1707
neg,0.5653558710000652,1731,50,1707
neg,0.5659365599985904,1731,50,1707
neg,0.5666739419993974,1731,50,1707
neg,0.5680111679994297,1731,50,1707
neg,0.5686046999999235,1731,50,1707
neg,0.5692316759996174,1731,50,1707
neg,0.5698573689987825,1731,50,1707
neg,0.570457562998854,1731,50,1707
neg,0.5710472989994742,1731,50,1707
neg,0.5716560999990179,1731,50,1707
neg,0.5722241849998682,1731,50,1707
neg,0.5728277159996651,1731,50,1707
neg,0.5733947779990558,1731,50,1707
neg,0.5739811479998025,1731,50,1707
neg,0.5745460469988757,1731,50,1707
neg,0.5751251519996003,1731,50,1707
neg,0.5756810040002165,1731,50,1707
neg,0.5762875410000561,1731,50,1707
neg,0.5768833769998309,1731,50,1707
neg,0.5774233590000222,1731,50,1707
neg,0.5780417079986364,1731,50,1707
neg,0.5786441669988562,1731,50,1707
neg,0.5795715759995801,1731,50,1707
neg,0.5806058649995975,1731,50,1707
neg,0.5812176309991628,1731,50,1707
neg,0.5818532719986251,1731,50,1707
neg,0.5824278389991377,1731,50,1707
neg,0.5830545039989374,1731,50,1707
neg,0.5836814989997947,1731,50,1707
neg,0.5842935759992542,1731,50,1707
neg,0.5849205519989482,1731,50,1707
neg,0.5855617429988342,1731,50,1707
neg,0.5861466699989251,1731,50,1707
neg,0.5867357139995875,1731,50,1707
neg,0.5873025659984705,1731,50,1707
neg,0.588087596999685,1731,50,1707
neg,0.5890793159996974,1731,50,1707
neg,0.5899137910000718,1731,50,1707
neg,0.5905490309996821,1731,50,1707
neg,0.5911345889999211,1731,50,1707
neg,0.591789214999153,1731,0,1707
neg,0.5924818240000604,1731,0,1707
neg,0.5931095399992046,1731,0,1707
neg,0.5936821830000554,1731,0,1707
neg,0.5942820679993019,1731,0,1707
neg,0.5948529279994546,1731,0,1707
neg,0.5954487849994621,1731,0,1707
neg,0.5960464349991526,1731,0,1707
neg,0.5966523609986325,1731,0,1707
neg,0.5973278469991783,1731,0,1707
neg,0.5979504030001408,1731,0,1707
neg,0.598556238999663,1731,0,1707
neg,0.6000609089987847,1731,0,1707
neg,0.6010725750002166,1731,0,1707
neg,0.6017100399985793,1731,0,1707
neg,0.6023183999986941,1731,0,1707
neg,0.6031148229994869,1731,0,1707
neg,0.6043771189997642,1731,0,1707
neg,0.60499301299933,1731,0,1707
neg,0.6055487049998192,1731,0,1707
neg,0.6061535289991298,1731,0,1707
neg,0.6067261819989653,1731,0,1707
neg,0.6073019309988013,1731,0,1707
neg,0.6079076459991484,1731,0,1707
neg,0.6084752699989622,1731,0,1707
neg,0.609047873000236,1731,0,1707
neg,0.609627689998888,1731,0,1707
neg,0.6101758479999262,1731,0,1707
neg,0.6107796999986022,1731,0,1707
neg,0.611350228999072,1731,0,1707
neg,0.6119220210002823,1731,0,1707
neg,0.6125469119997433,1731,0,1707
neg,0.6131293429989455,1731,0,1707
neg,0.6136768899996241,1731,0,1707
neg,0.6142835569989984,1731,0,1707
neg,0.614867170999787,1731,0,1707
neg,0.6154323699993256,1731,0,1707
neg,0.6160383059996093,1731,0,1707
neg,0.616643720999491,1731,0,1707
neg,0.6172318529988843,1731,0,1707
neg,0.6178567440001643,1731,0,1707
neg,0.6184240969996608,1731,0,1707
neg,0.6190518439998414,1731,0,1707
neg,0.619691462999981,1731,0,1707
neg,0.6202916579986777,1731,0,1707
neg,0.6210515519996989,1731,0,1707
neg,0.6216773649994138,1731,0,1707
neg,0.6222855449996132,1731,0,1707
neg,0.6228887859997485,1731,0,1707
neg,0.6243393939985253,1731,0,1707
neg,0.624981848999596,1731,0,1707
neg,0.6255743189994973,1731,0,1707
neg,0.6261777199997596,1731,0,1707
neg,0.6267780250000214,1731,0,1707
neg,0.6273556079995615,1731,0,1707
neg,0.6279270489994815,1731,0,1707
neg,0.6285501570000633,1731,0,1707
neg,0.6291439699998591,1731,0,1707
neg,0.6297252690001187,1731,0,1707
neg,0.63032357100019,1731,0,1707
neg,0.6309073949996673,1731,0,1707
neg,0.6314800179989106,1731,0,1707
neg,0.6320466299985128,1731,0,1707
neg,0.6326592690002144,1731,0,1707
neg,0.6332389449999027,1731,0,1707
neg,0.6338672829988354,1731,0,1707
neg,0.6344233250001707,1731,0,1707
neg,0.6358919979993516,1730,0,1707
neg,0.6364836669999931,1730,0,1707
neg,0.6382089399994584,1730,0,1707
neg,0.6388628659988171,1730,0,1707
neg,0.6394231559988839,1730,0,1707
neg,0.6400150849985948,1730,0,1707
neg,0.6406319919988164,1730,0,1707
neg,0.6416701979997015,1730,0,1707
neg,0.6422539220002363,1730,0,1707
neg,0.6428536659987003,1730,0,1707
neg,0.6434543420000409,1729,0,1707
neg,0.6440683229993738,1729,0,1707
neg,0.6446901879990037,1729,0,1707
neg,0.6452830289999838,1729,0,1707
neg,0.6458517449991632,1729,0,1707
neg,0.6464223549992312,1729,0,1707
neg,0.6470299239990709,1729,0,1707
neg,0.6476258610000514,1729,0,1707
neg,0.6481719940002222,1729,0,1707
neg,0.6488062329990498,1729,0,1707
neg,0.64939524699912,1729,0,1707
neg,0.6499759950002044,1729,0,1707
neg,0.6505735949995142,1729,0,1707
neg,0.6511720369999239,1728,-150,1707
neg,0.6517793059992982,1728,-150,1707
neg,0.6524692189996131,1728,-150,1707
neg,0.6541542169998138,1728,-150,1707
neg,0.6548914079994574,1728,-150,1707
neg,0.6554890179995709,1728,-150,1707
neg,0.6567602710001665,1728,-150,1707
neg,0.6573599749990535,1728,-150,1707
neg,0.6579323079986352,1728,-150,1707
neg,0.6585560769999574,1728,-150,1707
neg,0.6591523249990132,1728,-150,1707
neg,0.661210812999343,1727,-150,1707
neg,0.6618538080001599,1727,-150,1707
neg,0.6624597239988361,1727,-150,1707
neg,0.6630488880000485,1727,-150,1707
neg,0.6636535010002262,1727,-150,1707
neg,0.6642270159991313,1727,-150,1707
neg,0.6648540810001577,1727,-150,1707
neg,0.6654248009999719,1727,-150,1707
neg,0.6660314279997692,1727,-150,1707
neg,0.6666095619984844,1727,-150,1707
neg,0.6671710239988897,1727,-150,1707
neg,0.6677793849994487,1727,-150,1707
neg,0.668357267999454,1727,-150,1707
neg,0.6689504989990382,1726,-150,1707
neg,0.6695481199985807,1726,-150,1707
neg,0.6701444469999842,1726,-150,1707
neg,0.6707306459993561,1726,-100,1707
neg,0.6712974679994659,1726,-100,1707
neg,0.6719081229985022,1726,-100,1707
neg,0.6725498759988113,1726,-100,1707
neg,0.6746690679992753,1726,-100,1707
neg,0.6763866269993741,1726,-100,1707
neg,0.6769772339994233,1726,-100,1707
neg,0.677632081999036,1726,-100,1707
neg,0.678236764999383,1726,-100,1707
neg,0.6788654229985696,1726,-100,1707
neg,0.6794271859998844,1726,-100,1707
neg,0.6800344639996183,1726,-100,1707
neg,0.6811885770002846,1725,-100,1707
neg,0.6817802159985149,1725,-100,1707
neg,0.682353490999958,1725,-100,1707
neg,0.6829520029987179,1725,-100,1707
neg,0.6835531289998471,1725,-100,1707
neg,0.6841439569998329,1725,-100,1707
neg,0.6847263979998388,1725,-100,1707
neg,0.6852964969984896,1725,-100,1707
neg,0.6859025029989425,1725,-100,1707
neg,0.6864765379996243,1725,-100,1707
neg,0.6871039349989587,1725,-100,1707
neg,0.6876802249989851,1725,-100,1707
neg,0.6882828239995433,1725,-100,1707
neg,0.6888694239987672,1725,-100,1707
neg,0.689480127999559,1725,-100,1707
neg,0.6900509279985272,1725,-100,1707
neg,0.6906606709999323,1725,-50,1707
neg,0.6925330809990555,1725,-50,1707
neg,0.6932765439996729,1725,-50,1707
neg,0.6938844229989627,1725,-50,1707
neg,0.6949470849995123,1724,-50,1707
neg,0.6956124520002049,1724,-50,1707
neg,0.6961761189995741,1724,-50,1707
neg,0.6967828659999213,1724,-50,1707
neg,0.6973551979990589,1724,-50,1707
neg,0.6986853019989212,1724,-50,1707
neg,0.6993007849996502,1724,-50,1707
neg,0.6998769849997188,1724,-50,1707
neg,0.7004244509989803,1724,-50,1707
neg,0.7010275819993694,1724,-50,1707
neg,0.7016023589985707,1724,-50,1707
neg,0.7021733689998655,1724,-50,1707
neg,0.7027839139991556,1724,-50,1707
neg,0.7033493740000267,1724,-50,1707
neg,0.70392582400018,1724,-50,1707
neg,0.7045580889989651,1724,-50,1707
neg,0.7051514309987397,1724,-50,1707
neg,0.7057243250001193,1724,-50,1707
neg,0.7063029290002305,1724,-50,1707
neg,0.7069191339996905,1724,-50,1707
neg,0.7075493749998714,1724,-50,1707
neg,0.7081450019995827,1724,-50,1707
neg,0.7087293669992505,1724,-50,1707
neg,0.7093110679998063,1724,-50,1707
neg,0.7126463889999286,1724,-50,1707
neg,0.7133219449988246,1724,-50,1707
neg,0.7139322989987704,1724,-50,1707
neg,0.714554625999881,1724,-50,1707
neg,0.7151453129990841,1724,-50,1707
neg,0.7161849909989542,1724,-50,1707
neg,0.7170864409999922,1724,-50,1707
neg,0.7176756150001893,1724,-50,1707
neg,0.7182813409999653,1724,-50,1707
neg,0.7188495559985313,1724,-50,1707
neg,0.7194278999995731,1724,-50,1707
neg,0.7200330439991376,1724,-50,1707
neg,0.7206330789995263,1724,-50,1707
neg,0.7211813859994436,1724,-50,1707
neg,0.7217790859995148,1724,-50,1707
neg,0.7223505469992233,1724,-50,1707
neg,0.7229217479998624,1724,-50,1707
neg,0.7235599549985636,1724,-50,1707
neg,0.7241311749985471,1724,-50,1707
neg,0.7247236859984696,1724,-50,1707
neg,0.7252961989997857,1724,-50,1707
neg,0.7259007419997943,1724,-50,1707
neg,0.7264747979988897,1724,-50,1707
neg,0.7270477509991906,1724,-50,1707
neg,0.7278368499992212,1724,-50,1707
neg,0.728933465999944,1724,-50,1707
neg,0.7295537190002506,1724,-50,1707
neg,0.7310212889988179,1724,0,1707
neg,0.7316093409990572,1724,0,1707
neg,0.7322702599994955,1724,0,1707
neg,0.7328497759990569,1724,0,1707
neg,0.7334299129997817,1724,0,1707
neg,0.7340320519997476,1724,0,1707
neg,0.7346090739993087,1724,0,1707
neg,0.7358011679989431,1724,0,1707
neg,0.7363974459985911,1724,0,1707
neg,0.7369778739994217,1724,0,1707
neg,0.7375726779991965,1724,0,1707
neg,0.7381439189994126,1724,0,1707
neg,0.7387256889996934,1724,0,1707
neg,0.7393310239986022,1724,0,1707
neg,0.7399216809990321,1724,0,1707
neg,0.7405466029995296,1724,0,1707
neg,0.7411521279991575,1724,0,1707
neg,0.7417780209998455,1724,0,1707
neg,0.742350753998835,1724,0,1707
neg,0.7429473619995406,1724,0,1707
neg,0.7450407559990708,1724,0,1707
neg,0.7495118459992227,1724,0,1707
neg,0.7501335919987469,1724,0,1707
neg,0.7507868359989516,1724,0,1707
neg,0.7513865900000383,1724,0,1707
neg,0.7519770269991568,1724,0,1707
neg,0.7525829520000116,1724,0,1707
neg,0.753520779999235,1724,0,1707
neg,0.7541000860001077,1724,0,1707
neg,0.7547053109992703,1724,0,1707
neg,0.7552947049989598,1724,0,1707
neg,0.7558994289993279,1724,0,1707
neg,0.7564735449996078,1724,0,1707
neg,0.7570469589991262,1724,0,1707
neg,0.7576540569989447,1724,0,1707
neg,0.7582319199991616,1724,0,1707
neg,0.7588485759988544,1724,0,1707
neg,0.7594539410001744,1724,0,1707
neg,0.7605564469995443,1724,0,1707
neg,0.7611431469995296,1724,0,1707
neg,0.7617259589987952,1724,0,1707
neg,0.7627853449994291,1724,0,1707
neg,0.7633491809992847,1724,0,1707
neg,0.7639206730000296,1724,0,1707
neg,0.7648186859987618,1724,0,1707
neg,0.7656798499992874,1724,0,1707
neg,0.7662861869994231,1724,0,1707
neg,0.7668861009988177,1724,0,1707
neg,0.7674738629993954,1724,0,1707
neg,0.7690337859985448,1724,0,1707
neg,0.7697858659994381,1724,0,1707
neg,0.7703771739998047,1724,0,1707
neg,0.7709726599987334,1724,0,1707
neg,0.7715581379998184,1724,0,1707
neg,0.7721856739990471,1724,0,1707
neg,0.7734664639992843,1724,0,1707
neg,0.7740770989985322,1724,0,1707
neg,0.7746531989996583,1724,0,1707
neg,0.7752234279996628,1724,0,1707
neg,0.7758520059996954,1724,0,1707
neg,0.7764210219993402,1724,0,1707
neg,0.777034561999244,1724,0,1707
neg,0.7776254899999913,1724,0,1707
neg,0.7782078509990242,1724,0,1707
neg,0.7788485919991217,1724,0,1707
neg,0.779428238998662,1724,0,1707
neg,0.7800282829994103,1724,0,1707
neg,0.7806033809993096,1724,0,1707
neg,0.7811775179998222,1724,0,1707
neg,0.7817814289992384,1724,0,1707
neg,0.7823498549987562,1724,0,1707
neg,0.782946572999208,1724,0,1707
neg,0.7837841229993501,1724,0,1707
neg,0.7843510049988254,1724,0,1707
neg,0.7849649459985812,1724,0,1707
neg,0.7855526579987782,1724,0,1707
neg,0.7871680259995628,1724,0,1707
neg,0.7878975029998401,1724,0,1707
neg,0.7884841019986197,1724,0,1707
neg,0.7890613339986885,1724,0,1707
neg,0.7896573210000497,1724,0,1707
neg,0.7911281179985963,1724,0,1707
neg,0.7918028329986555,1724,0,1707
neg,0.7924215919993003,1724,0,1707
neg,0.7930032320000464,1724,0,1707
neg,0.7935728800002835,1724,0,1707
neg,0.7942316049993678,1724,0,1707
neg,0.7948513559986168,1724,0,1707
neg,0.7954207329985366,1724,0,1707
neg,0.7960358359996462,1724,0,1707
neg,0.7966252409987646,1724,0,1707
neg,0.7971710040001199,1724,0,1707
neg,0.7977807369989023,1724,0,1707
neg,0.7983494330001122,1724,0,1707
neg,0.7989217759986786,1724,0,1707
neg,0.7995503040001495,1724,0,1707
neg,0.8001559189997351,1724,0,1707
neg,0.8008021999994526,1724,0,1707
neg,0.8013934880000306,1724,0,1707
neg,0.8019763510001212,1724,0,1707
neg,0.8028588950000994,1724,0,1707
neg,0.803458458998648,1724,0,1707
neg,0.806019257999651,1724,0,1707
neg,0.8067944009999337,1724,0,1707
neg,0.8073964999985037,1724,0,1707
neg,0.8079863149996527,1724,0,1707
neg,0.8085747679997439,1724,0,1707
neg,0.8092956089985819,1724,0,1707
neg,0.809969332000037,1724,0,1707
neg,0.8105829519990948,1724,0,1707
neg,0.8111527700002625,1724,0,1707
neg,0.8118305809985031,1724,0,1707
neg,0.812428731998807,1724,0,1707
neg,0.8130299690001266,1724,0,1707
neg,0.8135978230002365,1724,0,1707
neg,0.8141737719997764,1724,0,1707
neg,0.8148012080000626,1724,0,1707
neg,0.8153940699994564,1724,0,1707
neg,0.815981189998638,1724,0,1707
neg,0.816572918998645,1724,0,1707
neg,0.8171457030002784,1724,0,1707
neg,0.8177233159985917,1724,0,1707
neg,0.8182954779986176,1724,0,1707
neg,0.8188764569986233,1724,0,1707
neg,0.8194268579991331,1724,0,1707
neg,0.8200262020000082,1724,0,1707
neg,0.8206027919986809,1724,0,1707
neg,0.8212169239996001,1724,0,1707
neg,0.824697396999909,1724,0,1707
neg,0.8254289979995519,1724,0,1707
neg,0.8260284319985658,1724,0,1707
neg,0.8266089399985503,1724,0,1707
neg,0.8274963429994386,1724,0,1707
neg,0.8284188019988505,1724,0,1707
neg,0.8290400159985438,1724,0,1707
neg,0.8299272690001089,1724,0,1707
neg,0.830547542000204,1724,0,1707
neg,0.8311749379990943,1724,0,1707
neg,0.8318062009984715,1724,0,1707
neg,0.8323967380001704,1724,0,1707
neg,0.8329733289992873,1724,0,1707
neg,0.8335454009993555,1724,0,1707
neg,0.8341476599998714,1724,0,1707
neg,0.8347878099993977,1724,0,1707
neg,0.8353927030002524,1724,0,1707
neg,0.8359818979988631,1724,0,1707
neg,0.8365457039999455,1724,0,1707
neg,0.8371528520001448,1724,0,1707
neg,0.8377800379985274,1724,0,1707
neg,0.8383481129985739,1724,0,1707
neg,0.8388998270002048,1724,0,1707
neg,0.8394860349999362,1724,0,1707
neg,0.8401054259993543,1724,0,1707
neg,0.8406891300001007,1724,0,1707
neg,0.8413950929989369,1724,0,1707
neg,0.8419827149991761,1724,0,1707
neg,0.842616542999167,1724,0,1707
neg,0.8435433199992985,1724,0,1707
neg,0.8445693630001188,1724,0,1707
neg,0.8453043709996564,1724,0,1707
neg,0.8459030729991355,1724,0,1707
neg,0.846481106000283,1724,0,1707
neg,0.8470778849987255,1724,0,1707
neg,0.8476549970000633,1724,0,1707
neg,0.8490679249989626,1724,0,1707
neg,0.8497849389987095,1724,0,1707
neg,0.8503775089993724,1724,0,1707
neg,0.8510168079992582,1724,0,1707
neg,0.8515993389992218,1724,0,1707
neg,0.8521528769997531,1724,0,1707
neg,0.852722724999694,1724,0,1707
neg,0.8532942359997833,1724,0,1707
neg,0.8539016249997076,1724,0,1707
neg,0.8544803899985709,1724,0,1707
neg,0.8550521309989563,1724,0,1707
neg,0.8556498609996197,1724,0,1707
neg,0.856221893998736,1724,0,1707
neg,0.8568471549988317,1724,0,1707
neg,0.8574199590002536,1724,0,1707
neg,0.8580268669993529,1724,0,1707
neg,0.85862887499934,1724,0,1707
neg,0.859475362000012,1724,0,1707
neg,0.8601033989998541,1724,0,1707
neg,0.8607052869992913,1724,0,1707
neg,0.8614284919985948,1724,0,1707
neg,0.8636719269998139,1724,0,1707
neg,0.8642799869994633,1724,0,1707
neg,0.8649076429992419,1724,0,1707
neg,0.8656756029995449,1724,0,1707
neg,0.8662568519994238,1724,0,1707
neg,0.8669511429998238,1724,0,1707
neg,0.8675743509993481,1724,0,1707
neg,0.8681560119985079,1724,0,1707
neg,0.8687767249994067,1724,0,1707
neg,0.8693476449989248,1724,0,1707
neg,0.8699186559988448,1724,0,1707
neg,0.8705444379993423,1724,0,1707
neg,0.8711403249999421,1724,0,1707
neg,0.8717203219985095,1724,0,1707
neg,0.8722990369988111,1724,0,1707
neg,0.8729037299999618,1724,0,1707
neg,0.8735449729992979,1724,0,1707
neg,0.8741432139995595,1724,0,1707
neg,0.874992064998878,1724,0,1707
neg,0.8755471749991557,1724,0,1707
neg,0.8761430119993747,1724,0,1707
neg,0.8767260149998037,1724,0,1707
neg,0.877358951000133,1724,0,1707
neg,0.879085156999281,1724,0,1707
neg,0.8810852249989694,1724,0,1707
neg,0.8819962429988664,1724,0,1707
neg,0.8826046829999541,1724,0,1707
neg,0.8831964119999611,1724,0,1707
neg,0.883860937999998,1724,0,1707
neg,0.8844802989988239,1724,0,1707
neg,0.8851308379998954,1724,0,1707
neg,0.885807886999828,1724,0,1707
neg,0.8864058979997935,1724,0,1707
neg,0.8870081559998653,1724,0,1707
neg,0.8875960379991739,1724,0,1707
neg,0.8881682809987979,1724,0,1707
neg,0.8887797169991245,1724,0,1707
neg,0.889373539999724,1724,0,1707
neg,0.8899173289992177,1724,0,1707
neg,0.8905506760002027,1724,0,1707
neg,0.891138848999617,1724,0,1707
neg,0.8917198479994113,1724,0,1707
neg,0.8922941139990144,1724,0,1707
neg,0.8931424539987347,1724,0,1707
neg,0.8948516579985153,1724,0,1707
neg,0.8954039729997021,1724,0,1707
neg,0.8960015329994349,1724,0,1707
neg,0.8965986319999502,1724,0,1707
neg,0.8971715459992993,1724,0,1707
neg,0.898602747998666,1724,0,1707
neg,0.8996753989995341,1724,0,1707
neg,0.9007502329986892,1724,0,1707
neg,0.901602259998981,1724,0,1707
neg,0.9022361579991411,1724,0,1707
neg,0.9028515519985376,1724,0,1707
neg,0.9034364179988188,1724,0,1707
neg,0.9048495469996851,1724,0,1707
neg,0.9054362770002626,1724,0,1707
neg,0.9060775079997256,1724,0,1707
neg,0.9066705099994579,1724,0,1707
neg,0.9072770869988744,1724,0,1707
neg,0.907853045999218,1724,0,1707
neg,0.9084257799986517,1724,0,1707
neg,0.9090255339997384,1724,0,1707
neg,0.9095718179996766,1724,0,1707
neg,0.9101719329992193,1724,0,1707
neg,0.9107780489994184,1724,0,1707
neg,0.9113556109987258,1724,0,1707
neg,0.9119245879992377,1724,0,1707
neg,0.9125589260002016,1724,0,1707
neg,0.913156706999871,1724,0,1707
neg,0.913804881998658,1724,0,1707
neg,0.914393184999426,1724,0,1707
neg,0.9149721399990085,1724,0,1707
neg,0.9158125550002296,1724,0,1707
neg,0.916723391999767,1724,0,1707
neg,0.9173294180000084,1724,0,1707
neg,0.9181434029997035,1724,0,1707
neg,0.9187309249991813,1724,0,1707
neg,0.9203980199999933,1724,0,1707
neg,0.9209890169986465,1724,0,1707
neg,0.9215984689999459,1724,0,1707
neg,0.9222038739990239,1724,0,1707
neg,0.9228602839993982,1724,0,1707
neg,0.9240872539994598,1724,0,1707
neg,0.9247792409987596,1724,0,1707
neg,0.9253556219991879,1724,0,1707
neg,0.9259451969992369,1724,0,1707
neg,0.9265490580000915,1724,0,1707
neg,0.9271425309998449,1724,0,1707
neg,0.9283053099989047,1724,0,1707
neg,0.9289080899998226,1724,0,1707
neg,0.9295436510001309,1724,0,1707
neg,0.9301552469987655,1724,0,1707
neg,0.9307858599986503,1724,0,1707
neg,0.9313800529998844,1724,0,1707
neg,0.9319783249993634,1724,0,1707
neg,0.9325705139999627,1724,0,1707
neg,0.9331490690001374,1724,0,1707
neg,0.934077439000248,1724,0,1707
neg,0.9366776930000924,1724,0,1707
neg,0.9378024409998034,1724,0,1707
neg,0.9384477399999014,1724,0,1707
neg,0.9390570819996356,1724,0,1707
neg,0.9396524080002564,1724,0,1707
neg,0.9402256429984845,1724,0,1707
neg,0.9408483799998066,1724,0,1707
neg,0.9422962029984774,1724,0,1707
neg,0.9428887539997959,1724,0,1707
neg,0.9434868449989153,1724,0,1707
neg,0.9445565499991062,1724,0,1707
neg,0.9451452129997051,1724,0,1707
neg,0.9457308309993095,1724,0,1707
neg,0.9462941069996305,1724,0,1707
neg,0.9469162429995777,1724,0,1707
neg,0.9475474859991664,1724,0,1707
neg,0.948140426999089,1724,0,1707
neg,0.9487289799999417,1724,0,1707
neg,0.9492942099986976,1724,0,1707
neg,0.9498989629992138,1724,0,1707
neg,0.9505457059985929,1724,0,1707
neg,0.951140660999954,1724,0,1707
neg,0.9517229119992408,1724,0,1707
neg,0.9523216039997351,1724,0,1707
neg,0.9529856989993277,1724,0,1707
neg,0.9536051499999303,1724,0,1707
neg,0.9569914069998049,1724,0,1707
neg,0.9577102139992348,1724,0,1707
neg,0.9583080439988407,1724,0,1707
neg,0.9589990899985423,1724,0,1707
neg,0.9596122490002017,1724,0,1707
neg,0.9601762559996132,1724,0,1707
neg,0.9607785649986909,1724,0,1707
neg,0.9613538329995208,1724,0,1707
neg,0.9620127379985206,1724,0,1707
neg,0.9626003100001981,1724,0,1707
neg,0.9631812779989559,1724,0,1707
neg,0.963775762998921,1724,0,1707
neg,0.9643528039996454,1724,0,1707
neg,0.9649451139994198,1724,0,1707
neg,0.9655457399985607,1724,0,1707
neg,0.9661422979988856,1724,0,1707
neg,0.9667302399993787,1724,0,1707
neg,0.9673279210001056,1724,0,1707
neg,0.9679018459992221,1724,0,1707
neg,0.968480991999968,1724,0,1707
neg,0.9690455999989354,1724,0,1707
neg,0.9696534489994519,1724,0,1707
neg,0.9702210929990542,1724,0,1707
neg,0.9708470459991076,1724,0,1707
neg,0.9714451279996865,1724,0,1707
neg,0.9720853979997628,1724,0,1707
neg,0.9740531059997011,1724,0,1707
neg,0.974801447999198,1724,0,1707
neg,0.9756932899999811,1724,0,1707
neg,0.9763018809990172,1724,0,1707
neg,0.9777858819998073,1724,0,1707
neg,0.9784440959992935,1724,0,1707
neg,0.979240728998775,1724,0,1707
neg,0.9798489889999473,1724,0,1707
neg,0.9805028039991157,1724,0,1707
neg,0.9811313819991483,1724,0,1707
neg,0.9817863099997339,1724,0,1707
neg,0.9823774479991698,1724,0,1707
neg,0.9829786649988819,1724,0,1707
neg,0.9835702639993542,1724,0,1707
neg,0.9841502809995291,1724,0,1707
neg,0.9847805119989061,1724,0,1707
neg,0.9853527750001376,1724,0,1707
neg,0.9859213899999304,1724,0,1707
neg,0.9865519519989903,1724,0,1707
neg,0.9871398439991026,1724,0,1707
neg,0.9877209730002505,1724,0,1707
neg,0.9883187139985239,1724,0,1707
neg,0.9889174459985952,1724,0,1707
neg,0.9895427379997273,1724,0,1707
neg,0.9901381539984868,1724,0,1707
neg,0.9907236909984931,1724,0,1707
neg,0.991333484000279,1724,0,1707
neg,0.9948890790001315,1724,0,1707
neg,0.9954817889993137,1724,0,1707
neg,0.9961380489985459,1724,0,1707
neg,0.9968013329998939,1724,0,1707
neg,0.9974252920001163,1724,0,1707
neg,0.9980337529996177,1724,0,1707
neg,0.9986300000000483,1724,0,1707
neg,0.999232108999422,1724,0,1707
neg,1.0000138340001286,1724,0,1707
neg,1.000600683999437,1724,0,1707
neg,1.0011955190002482,1724,0,1707
neg,1.0018493839997973,1724,0,1707
neg,1.0024180700002034,1724,0,1707
neg,1.0030324019990076,1724,0,1707
neg,1.0035985029990115,1724,0,1707
neg,1.0041737709998415,1724,0,1707
neg,1.0047776329993212,1724,0,1707
neg,1.0053520889996435,1724,0,1707
neg,1.005944198999714,1724,0,1707
neg,1.0065424399999756,1724,0,1707
neg,1.0071395499999198,1724,0,1707
neg,1.007721230000243,1724,0,1707
neg,1.0083190409986855,1724,0,1707
neg,1.0088976949991775,1724,0,1707
neg,1.0094718210002611,1724,0,1707
neg,1.010106089999681,1724,0,1707
neg,1.0123608260000765,1724,0,1707
neg,1.0129585260001477,1724,0,1707
neg,1.0135516579994146,1724,0,1707
neg,1.0141642059988953,1724,0,1707
neg,1.014986307000072,1724,0,1707
neg,1.0155989750001027,1724,0,1707
neg,1.0161694239995995,1724,0,1707
neg,1.0167751399985718,1724,0,1707
neg,1.0173521409997193,1724,0,1707
neg,1.0179159479994269,1724,0,1707
neg,1.0185473619985714,1724,0,1707
neg,1.0199162070002785,1724,0,1707
neg,1.0205558959987684,1724,0,1707
neg,1.0211398609990283,1724,0,1707
neg,1.0217202980002185,1724,0,1707
neg,1.022336763999192,1724,0,1707
neg,1.0229250569991564,1724,0,1707
neg,1.023542473998532,1724,0,1707
neg,1.0241377799993643,1724,0,1707
neg,1.0247256820002804,1724,0,1707
neg,1.0252955699997983,1724,0,1707
neg,1.025903017998644,1724,0,1707
neg,1.0264801100001932,1724,0,1707
neg,1.0270698749991425,1724,0,1707
neg,1.0276688279991504,1724,0,1707
neg,1.0282764570001746,1724,0,1707
neg,1.028845693999756,1724,0,1707
neg,1.029514306999772,1724,0,1707
neg,1.0301358019987674,1724,0,1707
neg,1.0313994199987064,1724,0,1707
neg,1.0319790559988178,1724,0,1707
neg,1.0334334829985892,1724,0,1707
neg,1.0340773299994908,1724,0,1707
neg,1.0346780649997527,1724,0,1707
neg,1.0353461779995996,1724,0,1707
neg,1.0359214059990336,1724,0,1707
neg,1.037190113998804,1724,0,1707
neg,1.037809624998772,1724,0,1707
neg,1.0384229139999661,1724,0,1707
neg,1.0390259449995938,1724,0,1707
neg,1.0395996799998102,1724,0,1707
neg,1.0401678149992222,1724,0,1707
neg,1.040779801998724,1724,0,1707
neg,1.0413464739995106,1724,0,1707
neg,1.0419208599996637,1724,0,1707
neg,1.0425461519989767,1724,0,1707
neg,1.043156686999282,1724,0,1707
neg,1.0437743049988057,1724,0,1707
neg,1.044346085998768,1724,0,1707
neg,1.044952853999348,1724,0,1707
neg,1.0455496319991653,1724,0,1707
neg,1.0461391369990451,1724,0,1707
neg,1.0467271889992844,1724,0,1707
neg,1.0472933700002613,1724,0,1707
neg,1.048163190998821,1724,0,1707
neg,1.0491405129996565,1724,0,1707
neg,1.0497268319995783,1724,0,1707
neg,1.0522604099987802,1724,0,1707
neg,1.0528598740002053,1724,0,1707
neg,1.0534470339989639,1724,0,1707
neg,1.0541071819989156,1724,0,1707
neg,1.0551950709996163,1724,0,1707
neg,1.0558602370001609,1724,0,1707
neg,1.0564233730001433,1724,0,1707
neg,1.0570305609999195,1724,0,1707
neg,1.0576294530001178,1724,0,1707
neg,1.0582519599993248,1724,0,1707
neg,1.0588464649990783,1724,0,1707
neg,1.059418826998808,1724,0,1707
neg,1.0600264959994092,1724,0,1707
neg,1.0605979169995408,1724,0,1707
neg,1.0611700600002223,1724,0,1707
neg,1.061772719000146,1724,0,1707
neg,1.0625324829998135,1724,0,1707
neg,1.06312921099925,1724,0,1707
neg,1.0637227639999765,1724,0,1707
neg,1.064318380000259,1724,0,1707
neg,1.0649016139996093,1724,0,1707
neg,1.0654737360000581,1724,0,1707
neg,1.0660436540001683,1724,0,1707
neg,1.0668597839994618,1724,0,1707
neg,1.0675798329993995,1724,0,1707
neg,1.0681779039987305,1724,0,1707
neg,1.0698670509991643,1724,0,1707
neg,1.0705128109984798,1724,0,1707
neg,1.071179189999384,1724,0,1707
neg,1.0717761989999417,1724,0,1707
neg,1.07235331999982,1724,0,1707
neg,1.0729562099986651,1724,0,1707
neg,1.0745564899989404,1724,0,1707
neg,1.0751495619988418,1724,0,1707
neg,1.075801113000125,1724,0,1707
neg,1.076391889999286,1724,0,1707
neg,1.0769730789997993,1724,0,1707
neg,1.0775697069984744,1724,0,1707
neg,1.0781732889990963,1724,0,1707
neg,1.0788157030001457,1724,0,1707
neg,1.0794300339985057,1724,0,1707
neg,1.080071856998984,1724,0,1707
neg,1.0806492100000469,1724,0,1707
neg,1.0812551849994634,1724,0,1707
neg,1.081861561999176,1724,0,1707
neg,1.082453772000008,1724,0,1707
neg,1.0830714589992567,1724,0,1707
neg,1.0836678569994547,1724,0,1707
neg,1.0842748549985117,1724,0,1707
neg,1.0849548599999252,1724,0,1707
neg,1.088846503998866,1724,0,1707
neg,1.08948132399928,1724,0,1707
neg,1.0901116850000108,1724,0,1707
neg,1.0907271889991534,1724,0,1707
neg,1.0912948029999825,1724,0,1707
neg,1.0919086529993365,1724,0,1707
neg,1.0929835079987242,1724,0,1707
neg,1.09357871300017,1724,0,1707
neg,1.0942377390001639,1724,0,1707
neg,1.0950376279997727,1724,0,1707
neg,1.0956316409992723,1724,0,1707
neg,1.096276559999751,1724,0,1707
neg,1.0968737690000125,1724,0,1707
neg,1.097451892999743,1724,0,1707
neg,1.098070010999436,1724,0,1707
neg,1.0986939209997217,1724,0,1707
neg,1.0992975219996879,1724,0,1707
neg,1.0999016139994637,1724,0,1707
neg,1.100469818999045,1724,0,1707
neg,1.1012733560000925,1724,0,1707
neg,1.1018534329996328,1724,0,1707
neg,1.102416928999446,1724,0,1707
neg,1.1031588089990692,1724,0,1707
neg,1.1038823349990707,1724,0,1707
neg,1.1044999329988059,1724,0,1707
neg,1.1051233210000646,1724,0,1707
neg,1.1061053019984683,1724,0,1707
neg,1.1066719139998895,1724,0,1707
neg,1.1072835199993278,1724,0,1707
neg,1.1078810199996951,1724,0,1707
neg,1.108481284998561,1724,0,1707
neg,1.1090730639989488,1724,0,1707
neg,1.1103513299985934,1724,0,1707
neg,1.1109482789997855,1724,0,1707
neg,1.1115826280001784,1724,0,1707
neg,1.1122445089986286,1724,0,1707
neg,1.1128492719999485,1724,0,1707
neg,1.1134475029994064,1724,0,1707
neg,1.1140455339991604,1724,0,1707
neg,1.1146539149995078,1724,0,1707
neg,1.1152458039996418,1724,0,1707
neg,1.115844385998571,1724,0,1707
neg,1.1164177709997603,1724,0,1707
neg,1.1169955139994272,1724,0,1707
neg,1.11760079799933,1724,0,1707
neg,1.1181663579991437,1724,0,1707
neg,1.1187913089997892,1724,0,1707
neg,1.1193891599996277,1724,0,1707
neg,1.1199732249988301,1724,0,1707
neg,1.1205674889988586,1724,0,1707
neg,1.1211708999999246,1724,0,1707
neg,1.1220426439995208,1724,0,1707
neg,1.1226405939996766,1724,0,1707
neg,1.123255626998798,1724,0,1707
neg,1.1238536379987636,1724,0,1707
neg,1.124418606999825,1724,0,1707
neg,1.1250364549996448,1724,0,1707
neg,1.1264642609985458,1724,0,1707
neg,1.1270841529985773,1724,0,1707
neg,1.1276781460001075,1724,0,1707
neg,1.1282971059990814,1724,0,1707
neg,1.1288998660002107,1724,0,1707
neg,1.1295537919995695,1724,0,1707
neg,1.1306910929997684,1724,0,1707
neg,1.1313510299987684,1724,0,1707
neg,1.1319475479995162,1724,0,1707
neg,1.132544677999249,1724,0,1707
neg,1.1331530379993637,1724,0,1707
neg,1.1337717469996278,1724,0,1707
neg,1.134370609999678,1724,0,1707
neg,1.1349207309995109,1724,0,1707
neg,1.1355451909985277,1724,0,1707
neg,1.1361217920002673,1724,0,1707
neg,1.1367184310001903,1724,0,1707
neg,1.1372937189989898,1724,0,1707
neg,1.1379031609994854,1724,0,1707
neg,1.1384744019997015,1724,0,1707
neg,1.1390409029991133,1724,0,1707
neg,1.139672788000098,1724,0,1707
neg,1.1403842309991887,1724,0,1707
neg,1.1409764109994285,1724,0,1707
neg,1.1422920770000928,1724,0,1707
neg,1.1429824509996251,1724,0,1707
neg,1.1439308289991459,1724,0,1707
neg,1.1446287769995251,1724,0,1707
neg,1.1452993839993724,1724,0,1707
neg,1.1459080339991488,1724,0,1707
neg,1.1465436660000705,1724,0,1707
neg,1.1471435200000997,1724,0,1707
neg,1.1478266710000753,1724,0,1707
neg,1.1491765109985863,1724,0,1707
neg,1.1500947819986322,1724,0,1707
neg,1.1506854290000774,1724,0,1707
neg,1.1512865959994087,1724,0,1707
neg,1.151876841999183,1724,0,1707
neg,1.1525110809998296,1724,0,1707
neg,1.153105384999435,1724,0,1707
neg,1.1537016820002464,1724,0,1707
neg,1.1542916479993437,1724,0,1707
neg,1.1548986159996275,1724,0,1707
neg,1.1554745249995904,1724,0,1707
neg,1.15604103700025,1724,0,1707
neg,1.1566489369997726,1724,0,1707
neg,1.1572493919993576,1724,0,1707
neg,1.1581439989986393,1724,0,1707
neg,1.158734265000021,1724,0,1707
neg,1.1593725309994625,1724,0,1707
neg,1.159979949999979,1724,0,1707
neg,1.1605778799985274,1724,0,1707
neg,1.1612695069998153,1724,0,1707
neg,1.1619807400002173,1724,0,1707
neg,1.1631366459987476,1724,0,1707
neg,1.1637209719992825,1724,0,1707
neg,1.1643221579997771,1724,0,1707
neg,1.164904690000185,1724,0,1707
neg,1.1656836299989664,1724,0,1707
neg,1.1663398199998483,1724,0,1707
neg,1.167022719999295,1724,0,1707
neg,1.1676233559992397,1724,0,1707
neg,1.1682223190000514,1724,0,1707
neg,1.168845305999639,1724,0,1707
neg,1.1694188309993478,1724,0,1707
neg,1.1700255179985106,1724,0,1707
neg,1.1705985720000172,1724,0,1707
neg,1.1711644629995135,1724,0,1707
neg,1.1717697770000086,1724,0,1707
neg,1.1723682089996146,1724,0,1707
neg,1.1729386079987307,1724,0,1707
neg,1.1735453860001144,1724,0,1707
neg,1.1741419339996355,1724,0,1707
neg,1.1747286529989651,1724,0,1707
neg,1.175292168998567,1724,0,1707
neg,1.1766662350000843,1724,0,1707
neg,1.1782376999999542,1724,0,1707
neg,1.180353395999191,1724,0,1707
neg,1.1809759329989902,1724,0,1707
neg,1.1815778009986388,1724,0,1707
neg,1.1822052669995173,1724,0,1707
neg,1.182847389998642,1724,0,1707
neg,1.1834262149986898,1724,0,1707
neg,1.1840303179997136,1724,0,1707
neg,1.1854806760002248,1724,0,1707
neg,1.186074548999386,1724,0,1707
neg,1.1866651959990122,1724,0,1707
neg,1.187274627998704,1724,0,1707
neg,1.1878736509988812,1724,0,1707
neg,1.1884154969993688,1724,0,1707
neg,1.1890229049986374,1724,0,1707
neg,1.1895961299996998,1724,0,1707
neg,1.1901690529994084,1724,0,1707
neg,1.1907956779996312,1724,0,1707
neg,1.191390441999829,1724,0,1707
neg,1.1919996239994362,1724,0,1707
neg,1.1925751629987644,1724,0,1707
neg,1.1931695469993429,1724,0,1707
neg,1.1937786990001769,1724,0,1707
neg,1.1943558309994842,1724,0,1707
neg,1.1951334479999787,1724,0,1707
neg,1.1983680309986084,1724,0,1707
neg,1.1990102649997425,1724,0,1707
neg,1.199601733000236,1724,0,1707
