ramp,t,pos_raw,vel_raw,goal_raw
pos,1.6000012692529708e-07,1695,0,2347
pos,0.0008988350000436185,1695,0,2347
pos,0.0016053489998739678,1695,0,2347
pos,0.0036253939997550333,1695,0,2347
pos,0.005850233999808552,1695,0,2347
pos,0.006481496999185765,1695,0,2347
pos,0.0071286200000031386,1695,0,2347
pos,0.00796586799879151,1695,0,2347
pos,0.010586719999992056,1695,0,2347
pos,0.011206421999304439,1695,0,2347
pos,0.011794863999966765,1695,0,2347
pos,0.012385811998683494,1695,0,2347
pos,0.012993149999601883,1695,0,2347
pos,0.013588185000116937,1695,0,2347
pos,0.014187247999871033,1695,0,2347
pos,0.014763516999664716,1695,0,2347
pos,0.015365024999482557,1695,0,2347
pos,0.015963596999426954,1695,0,2347
pos,0.01651017099902674,1695,0,2347
pos,0.017119071999331936,1695,0,2347
pos,0.01793405900025391,1695,0,2347
pos,0.01851840400013316,1695,0,2347
pos,0.0216685180002969,1695,0,2347
pos,0.022270916999332258,1695,0,2347
pos,0.024038789999394794,1695,0,2347
pos,0.024673750000147265,1695,0,2347
pos,0.02528134800013504,1695,0,2347
pos,0.025888445999953547,1695,0,2347
pos,0.026494431998798973,1695,0,2347
pos,0.027255678000074113,1695,0,2347
pos,0.02789177999875392,1695,0,2347
pos,0.028514206998806912,1695,0,2347
pos,0.029315548999875318,1695,0,2347
pos,0.029915021999840974,1695,0,2347
pos,0.03049278499929642,1695,0,2347
pos,0.03111579199867265,1695,0,2347
pos,0.03168799499871966,1695,0,2347
pos,0.03226068799995119,1695,0,2347
pos,0.0328844969990314,1695,0,2347
pos,0.03348079399984272,1695,0,2347
pos,0.03406161299972155,1695,0,2347
pos,0.03489243999865721,1695,0,2347
pos,0.038143812998896465,1695,0,2347
pos,0.039675512998655904,1695,0,2347
pos,0.04026080999938131,1695,0,2347
pos,0.04090050899867492,1695,0,2347
pos,0.04148309099946346,1695,0,2347
pos,0.04293976099870633,1695,0,2347
pos,0.043615386999590555,1695,0,2347
pos,0.044216693999260315,1695,0,2347
pos,0.044763517998944735,1695,0,2347
pos,0.04536648799876275,1695,0,2347
pos,0.045941926999148563,1695,0,2347
pos,0.046509521000189125,1695,0,2347
pos,0.04712126699996588,1695,0,2347
pos,0.04771233499923255,1695,0,2347
pos,0.04825813800016476,1695,0,2347
pos,0.0488855629992031,1695,0,2347
pos,0.049479485998745076,1695,0,2347
pos,0.05006541399961861,1695,0,2347
pos,0.05063635399892519,1695,0,2347
pos,0.051239935999547015,1695,0,2347
pos,0.0518202029998065,1695,0,2347
pos,0.05402351199882105,1695,0,2347
pos,0.05463377599880914,1695,0,2347
pos,0.055310624000412645,1695,0,2347
pos,0.05669376599871612,1695,0,2347
pos,0.05726673000026494,1696,0,2347
pos,0.05790321299900825,1696,0,2347
pos,0.05850158399880456,1696,0,2347
pos,0.059170778000407154,1696,0,2347
pos,0.05978220399993006,1696,0,2347
pos,0.060412073999032145,1696,0,2347
pos,0.06100870299997041,1696,0,2347
pos,0.061620409000170184,1696,0,2347
pos,0.06370473499919171,1697,0,2347
pos,0.0643120929998986,1697,0,2347
pos,0.06492019299912499,1698,0,2347
pos,0.06548916899919277,1698,0,2347
pos,0.06613779500003147,1698,0,2347
pos,0.06672920299934049,1698,0,2347
pos,0.06731732499974896,1698,0,2347
pos,0.06788869599949976,1699,0,2347
pos,0.06848081600037403,1699,0,2347
pos,0.06905923999875085,1699,200,2347
pos,0.06963807399915822,1699,200,2347
pos,0.07025912799872458,1700,200,2347
pos,0.07089223500042863,1700,200,2347
pos,0.07189740799913125,1700,200,2347
pos,0.07248641200021666,1700,200,2347
pos,0.07410879300005035,1701,200,2347
pos,0.07469745599883026,1701,200,2347
pos,0.07529097800033924,1702,200,2347
pos,0.0758986869986984,1702,200,2347
pos,0.07648330299889494,1702,200,2347
pos,0.07705962299951352,1702,200,2347
pos,0.07818364899867447,1703,200,2347
pos,0.07877198200003477,1704,200,2347
pos,0.0794496109992906,1704,200,2347
pos,0.08007463299873052,1705,200,2347
pos,0.08063834899985522,1705,200,2347
pos,0.08124273199973686,1705,200,2347
pos,0.08182539399967936,1705,200,2347
pos,0.08238448100019014,1705,200,2347
pos,0.08299308200002997,1706,200,2347
pos,0.08356109699889203,1706,200,2347
pos,0.08418503599932592,1707,200,2347
pos,0.08476545299890859,1708,200,2347
pos,0.08534397800031002,1708,200,2347
pos,0.08591457699913008,1708,200,2347
pos,0.08648299199921894,1708,200,2347
pos,0.08706396100023994,1709,200,2347
pos,0.0876335979992291,1709,200,2347
pos,0.08823905299868784,1710,200,2347
pos,0.08881960100006836,1710,550,2347
pos,0.0893939670004329,1710,550,2347
pos,0.08999168700029259,1711,550,2347
pos,0.091598298999088,1712,550,2347
pos,0.09219110899903171,1713,550,2347
pos,0.09275925399924745,1714,550,2347
pos,0.0939153309991525,1715,550,2347
pos,0.09481833300014841,1716,550,2347
pos,0.09544928499963135,1716,550,2347
pos,0.09605283599921677,1717,550,2347
pos,0.09664161000000604,1717,550,2347
pos,0.09729758899993612,1717,550,2347
pos,0.0983718419993238,1718,550,2347
pos,0.09898132499984058,1719,550,2347
pos,0.09956607999993139,1719,550,2347
pos,0.10019911699964723,1720,550,2347
pos,0.10075803399922734,1721,550,2347
pos,0.10140310299902922,1721,550,2347
pos,0.10200638399874151,1723,550,2347
pos,0.10261981300027401,1723,550,2347
pos,0.10322028799964755,1723,550,2347
pos,0.10381543400035298,1725,550,2347
pos,0.10438297699874965,1725,550,2347
pos,0.10496169199905125,1726,550,2347
pos,0.10550868700011051,1726,550,2347
pos,0.10612719599885168,1727,550,2347
pos,0.10671346500021173,1728,550,2347
pos,0.10731172600026184,1728,550,2347
pos,0.10789022999961162,1729,550,2347
pos,0.10849325999879511,1729,1000,2347
pos,0.10923806599930685,1730,1000,2347
pos,0.10989165099999809,1731,1000,2347
pos,0.11260780100019474,1735,1000,2347
pos,0.11320680300013919,1735,1000,2347
pos,0.11378901500029315,1736,1000,2347
pos,0.11441746200034686,1736,1000,2347
pos,0.1150521919989842,1738,1000,2347
pos,0.11563937199935026,1739,1000,2347
pos,0.11625072799870395,1739,1000,2347
pos,0.11691019399950164,1741,1000,2347
pos,0.11748664399965492,1741,1000,2347
pos,0.11813285499920312,1742,1000,2347
pos,0.11872997399950691,1744,1000,2347
pos,0.11931028099934338,1744,1000,2347
pos,0.11991702799969062,1745,1000,2347
pos,0.12050751499918988,1745,1000,2347
pos,0.12111349099905055,1746,1000,2347
pos,0.12168846799977473,1748,1000,2347
pos,0.1222868999993807,1748,1000,2347
pos,0.12288180399991688,1749,1000,2347
pos,0.12346237299971108,1749,1000,2347
pos,0.12401302499893063,1751,1000,2347
pos,0.1246176579988969,1752,1000,2347
pos,0.12521225199998298,1752,1000,2347
pos,0.12575820500023838,1754,1000,2347
pos,0.12636576399927435,1754,1000,2347
pos,0.12694491999900492,1756,1000,2347
pos,0.12751780299913662,1757,1000,2347
pos,0.12811406000037096,1757,1000,2347
pos,0.12868516100024863,1759,1450,2347
pos,0.12926018799953454,1759,1450,2347
pos,0.1311238010002853,1762,1450,2347
pos,0.13207740799953172,1764,1450,2347
pos,0.13271414100017864,1766,1450,2347
pos,0.1333216499988339,1766,1450,2347
pos,0.1339769879996311,1767,1450,2347
pos,0.13458859399906942,1769,1450,2347
pos,0.13518587299950013,1769,1450,2347
pos,0.13580285900025046,1771,1450,2347
pos,0.1367169629993441,1772,1450,2347
pos,0.1373187400004099,1772,1450,2347
pos,0.13793986400014546,1774,1450,2347
pos,0.13851563299976988,1776,1450,2347
pos,0.13911373399969307,1776,1450,2347
pos,0.13969562399870483,1778,1450,2347
pos,0.14025952100018912,1778,1450,2347
pos,0.14088471299874072,1780,1450,2347
pos,0.14148338499944657,1782,1450,2347
pos,0.14206906300023547,1782,1450,2347
pos,0.14266144300017913,1784,1450,2347
pos,0.14323719200001506,1784,1450,2347
pos,0.14380921399970248,1786,1450,2347
pos,0.14446596400011913,1788,1450,2347
pos,0.1450606289999996,1788,1450,2347
pos,0.14564019499994174,1790,1450,2347
pos,0.14624275399910402,1790,1450,2347
pos,0.14681796199874952,1792,1450,2347
pos,0.147435539000071,1794,1450,2347
pos,0.14800662000016018,1794,1850,2347
pos,0.14889292099906015,1796,1850,2347
pos,0.15196172099967953,1802,1850,2347
pos,0.1525624969999626,1804,1850,2347
pos,0.1531885410004179,1804,1850,2347
pos,0.15377047099900665,1807,1850,2347
pos,0.15438666599948192,1809,1850,2347
pos,0.15505032999863033,1809,1850,2347
pos,0.1560403249986848,1811,1850,2347
pos,0.15661681500023406,1813,1850,2347
pos,0.15721935399960785,1813,1850,2347
pos,0.15780909999921278,1815,1850,2347
pos,0.15843422099896998,1817,1850,2347
pos,0.15901762499925098,1817,1850,2347
pos,0.15958579899961478,1820,1850,2347
pos,0.1601851830000669,1820,1850,2347
pos,0.1607643179995648,1822,1850,2347
pos,0.16137019300003885,1824,1850,2347
pos,0.16196740200030035,1824,1850,2347
pos,0.16251071099941328,1826,1850,2347
pos,0.16311568499986606,1826,1850,2347
pos,0.1636840699993627,1829,1850,2347
pos,0.16425648199947318,1831,1850,2347
pos,0.16488626299906173,1831,1850,2347
pos,0.16547754099883605,1834,1850,2347
pos,0.16606607399990025,1834,1850,2347
pos,0.16663333699943905,1836,1850,2347
pos,0.1672369179996167,1836,1850,2347
pos,0.16788130500026455,1838,1850,2347
pos,0.16847777299881272,1841,2250,2347
pos,0.1690621790003206,1841,2250,2347
pos,0.1697140300002502,1843,2250,2347
pos,0.1703267679986311,1845,2250,2347
pos,0.17091493099906074,1845,2250,2347
pos,0.17151279099925887,1848,2250,2347
pos,0.17307959699974163,1851,2250,2347
pos,0.1736938989997725,1853,2250,2347
pos,0.1742606909992901,1855,2250,2347
pos,0.17488389800018922,1855,2250,2347
pos,0.17548047699892777,1858,2250,2347
pos,0.17603419399893028,1858,2250,2347
pos,0.17714530599914724,1860,2250,2347
pos,0.17783400699954655,1863,2250,2347
pos,0.17843713799993566,1865,2250,2347
pos,0.1790098109995597,1865,2250,2347
pos,0.17963001299904136,1868,2250,2347
pos,0.1806118129989045,1870,2250,2347
pos,0.18118615899948054,1873,2250,2347
pos,0.1817562670003099,1873,2250,2347
pos,0.1823700179993466,1876,2250,2347
pos,0.1829340249987581,1876,2250,2347
pos,0.18351230900043447,1878,2250,2347
pos,0.1841121329998714,1878,2250,2347
pos,0.1846628650000639,1880,2250,2347
pos,0.18523763200028043,1883,2250,2347
pos,0.185814352998932,1883,2250,2347
pos,0.18638583299980382,1886,2250,2347
pos,0.18699272099911468,1886,2250,2347
pos,0.18756064499939384,1888,2250,2347
pos,0.18818519599881256,1891,2500,2347
pos,0.18900382999891008,1891,2500,2347
pos,0.18979521300025226,1893,2500,2347
pos,0.19048883299910813,1896,2500,2347
pos,0.1911388110002008,1899,2500,2347
pos,0.19232473299962294,1901,2500,2347
pos,0.1930750289993739,1901,2500,2347
pos,0.19368590399972163,1904,2500,2347
pos,0.19426871599898732,1907,2500,2347
pos,0.19488561199977994,1907,2500,2347
pos,0.1962135309986479,1912,2500,2347
pos,0.19690538699978788,1912,2500,2347
pos,0.1975142279989086,1915,2500,2347
pos,0.19811374199889542,1917,2500,2347
pos,0.19868452199989406,1917,2500,2347
pos,0.19925971999873582,1920,2500,2347
pos,0.1998821359993599,1920,2500,2347
pos,0.2004805069991562,1923,2500,2347
pos,0.2010653529996489,1925,2500,2347
pos,0.20163173499895493,1925,2500,2347
pos,0.2022445330003393,1928,2500,2347
pos,0.20281672599958256,1928,2500,2347
pos,0.2034407849987474,1931,2500,2347
pos,0.20401036299881525,1931,2500,2347
pos,0.20462877099998877,1934,2500,2347
pos,0.20521056199868326,1936,2500,2347
pos,0.20575649499915016,1936,2500,2347
pos,0.20636977399954048,1939,2500,2347
pos,0.20696633199986536,1939,2500,2347
pos,0.2075063140000566,1942,2500,2347
pos,0.2081137619989022,1945,2700,2347
pos,0.20899594599904958,1945,2700,2347
pos,0.20959172199945897,1947,2700,2347
pos,0.21019448199876933,1950,2700,2347
pos,0.21075788799862494,1950,2700,2347
pos,0.2120620109999436,1956,2700,2347
pos,0.21266750599897932,1956,2700,2347
pos,0.2132713179998973,1958,2700,2347
pos,0.2138836859994626,1958,2700,2347
pos,0.2144908629998099,1961,2700,2347
pos,0.2151159249988268,1964,2700,2347
pos,0.2162425259994052,1967,2700,2347
pos,0.2168908410003496,1967,2700,2347
pos,0.2174814680001873,1970,2700,2347
pos,0.21806199599996035,1973,2700,2347
pos,0.21863125299933017,1973,2700,2347
pos,0.21923732799950812,1976,2700,2347
pos,0.21981337800025358,1976,2700,2347
pos,0.22043441200003144,1979,2700,2347
pos,0.22101040099914826,1981,2700,2347
pos,0.22161452299951634,1981,2700,2347
pos,0.22221577999880537,1984,2700,2347
pos,0.22276306599997042,1984,2700,2347
pos,0.22336328100027458,1987,2700,2347
pos,0.22396393599956355,1990,2700,2347
pos,0.22450742500041088,1990,2700,2347
pos,0.22511683700031426,1993,2700,2347
pos,0.22568306799985294,1993,2700,2347
pos,0.22625654299918097,1996,2700,2347
pos,0.22688431899950956,1996,2700,2347
pos,0.22748511499958113,1999,2850,2347
pos,0.22864435799965577,2002,2850,2347
pos,0.22924133599917695,2005,2850,2347
pos,0.2298110039992025,2005,2850,2347
pos,0.23104298299949733,2011,2850,2347
pos,0.2318982649994723,2014,2850,2347
pos,0.23248033599884366,2014,2850,2347
pos,0.2330622070003301,2017,2850,2347
pos,0.23367093799970462,2017,2850,2347
pos,0.23426377800024056,2020,2850,2347
pos,0.23500955599956797,2023,2850,2347
pos,0.23559541400027229,2023,2850,2347
pos,0.23618518900002528,2027,2850,2347
pos,0.23675632899903576,2027,2850,2347
pos,0.23736888699932024,2030,2850,2347
pos,0.2379380839993246,2033,2850,2347
pos,0.2385367259994382,2033,2850,2347
pos,0.2391866639991349,2036,2850,2347
pos,0.23976389599920367,2036,2850,2347
pos,0.2403678979990218,2039,2850,2347
pos,0.2409334679996391,2042,2850,2347
pos,0.2415062609998131,2042,2850,2347
pos,0.24211125500005437,2045,2850,2347
pos,0.24269386699961615,2045,2850,2347
pos,0.2432840129986289,2048,2850,2347
pos,0.24388422799893306,2051,2850,2347
pos,0.24448287899940624,2051,2850,2347
pos,0.24506449900036387,2054,2850,2347
pos,0.24563106099958532,2054,2850,2347
pos,0.24623573399912857,2058,2850,2347
pos,0.24681722399873252,2061,2850,2347
pos,0.2473805289992015,2061,2850,2347
pos,0.24799900899961358,2064,3100,2347
pos,0.2496406649988785,2067,3100,2347
pos,0.2510585319996608,2073,3100,2347
pos,0.2516640969988657,2073,3100,2347
pos,0.25224224999874423,2076,3100,2347
pos,0.25281360099870653,2079,3100,2347
pos,0.2535591590003605,2079,3100,2347
pos,0.25428111200017156,2082,3100,2347
pos,0.25488641599986295,2085,3100,2347
pos,0.2555183099993883,2085,3100,2347
pos,0.2561146079988248,2088,3100,2347
pos,0.25668891399982385,2088,3100,2347
pos,0.2572892589996627,2091,3100,2347
pos,0.2578854860003048,2094,3100,2347
pos,0.2584797500003333,2094,3100,2347
pos,0.25905967699873145,2097,3100,2347
pos,0.2596332419998362,2097,3100,2347
pos,0.26021022299937613,2100,3100,2347
pos,0.260786091999762,2103,3100,2347
pos,0.26138754899875494,2103,3100,2347
pos,0.26199500700022327,2106,3100,2347
pos,0.26308145399889327,2109,3100,2347
pos,0.26363395899898023,2109,3100,2347
pos,0.2642421589989681,2112,3100,2347
pos,0.2648082199993951,2115,3100,2347
pos,0.26544031399862433,2115,3100,2347
pos,0.26600593399962236,2118,3100,2347
pos,0.26661245099967346,2118,3100,2347
pos,0.2672143789986876,2121,3100,2347
pos,0.2677554530000634,2124,3000,2347
pos,0.2684110720001627,2124,3000,2347
pos,0.26982547199986584,2130,3000,2347
pos,0.27111557999887737,2133,3000,2347
pos,0.27171793900015473,2135,3000,2347
pos,0.27231385499908356,2135,3000,2347
pos,0.27291693599909195,2138,3000,2347
pos,0.2734890579995408,2138,3000,2347
pos,0.2741158729986637,2141,3000,2347
pos,0.2747899160003726,2144,3000,2347
pos,0.2756306109986326,2147,3000,2347
pos,0.27622006599995075,2147,3000,2347
pos,0.27680834799866716,2150,3000,2347
pos,0.2773874529993918,2150,3000,2347
pos,0.2779930279994005,2153,3000,2347
pos,0.27857924700037984,2153,3000,2347
pos,0.27918487199895026,2156,3000,2347
pos,0.2797587269997166,2159,3000,2347
pos,0.2803658049997466,2159,3000,2347
pos,0.28093586300019524,2162,3000,2347
pos,0.2815100190000521,2162,3000,2347
pos,0.2821304919998511,2164,3000,2347
pos,0.28272814199954155,2167,3000,2347
pos,0.2833125779998227,2167,3000,2347
pos,0.2839136439997674,2170,3000,2347
pos,0.28448717900027987,2170,3000,2347
pos,0.2851501509994705,2173,3000,2347
pos,0.28573048900034337,2175,3000,2347
pos,0.2863086220004334,2175,3000,2347
pos,0.28690734399970097,2178,3000,2347
pos,0.2878857779996906,2181,2850,2347
pos,0.28848725500029104,2181,2850,2347
pos,0.28913092099901405,2184,2850,2347
pos,0.28973594499984756,2186,2850,2347
pos,0.2915334429999348,2192,2850,2347
pos,0.2922245190002286,2192,2850,2347
pos,0.29281374299898744,2194,2850,2347
pos,0.2933872279991192,2194,2850,2347
pos,0.29418847899978573,2197,2850,2347
pos,0.2954186650003976,2199,2850,2347
pos,0.2960130179999396,2202,2850,2347
pos,0.2966139540003496,2205,2850,2347
pos,0.2972161629986658,2205,2850,2347
pos,0.2977633190002962,2207,2850,2347
pos,0.29836337300002924,2207,2850,2347
pos,0.29895901899908495,2209,2850,2347
pos,0.2995637629992416,2212,2850,2347
pos,0.3001892049996968,2212,2850,2347
pos,0.30076274999919406,2214,2850,2347
pos,0.3013659499993082,2214,2850,2347
pos,0.30193300300015835,2217,2850,2347
pos,0.302505055000438,2219,2850,2347
pos,0.30315058499945735,2219,2850,2347
pos,0.3037302809989342,2222,2850,2347
pos,0.3043081039995741,2222,2850,2347
pos,0.3049059139993915,2224,2850,2347
pos,0.30547988999933295,2226,2850,2347
pos,0.30606015699959244,2226,2850,2347
pos,0.30666399899928365,2229,2850,2347
pos,0.30723920699892915,2229,2500,2347
pos,0.3083298099991225,2231,2500,2347
pos,0.30913256500025454,2233,2500,2347
pos,0.3097453629998199,2236,2500,2347
pos,0.3103410099993198,2236,2500,2347
pos,0.31097188199964876,2238,2500,2347
pos,0.3118127979996643,2240,2500,2347
pos,0.31240882499878353,2243,2500,2347
pos,0.31298579599933873,2243,2500,2347
pos,0.31358378599907155,2245,2500,2347
pos,0.31438578899906133,2247,2500,2347
pos,0.3154254179989948,2249,2500,2347
pos,0.31619237499944575,2249,2500,2347
pos,0.31675716300014756,2251,2500,2347
pos,0.3173668759991415,2251,2500,2347
pos,0.31795781399887346,2253,2500,2347
pos,0.31851257299967983,2255,2500,2347
pos,0.31913194399930944,2255,2500,2347
pos,0.3197289829986403,2257,2500,2347
pos,0.32030994199885754,2257,2500,2347
pos,0.3208862819992646,2259,2500,2347
pos,0.3214760569990176,2261,2500,2347
pos,0.3220653609987494,2261,2500,2347
pos,0.3226658769999631,2263,2500,2347
pos,0.3232430079988262,2263,2500,2347
pos,0.3238838589986699,2265,2500,2347
pos,0.3244753179988038,2266,2500,2347
pos,0.3250620569997409,2266,2500,2347
pos,0.32563208600004145,2268,2500,2347
pos,0.3262397639991832,2268,2500,2347
pos,0.32681034300003375,2270,2500,2347
pos,0.327408323999407,2272,2050,2347
pos,0.32832318900000246,2273,2050,2347
pos,0.3289383709998219,2273,2050,2347
pos,0.32954935599991586,2275,2050,2347
pos,0.3301909189995058,2275,2050,2347
pos,0.33079946900033974,2277,2050,2347
pos,0.33143758499863907,2279,2050,2347
pos,0.33206895799958147,2279,2050,2347
pos,0.33266596700013906,2280,2050,2347
pos,0.3332626449991949,2280,2050,2347
pos,0.33438626099996327,2283,2050,2347
pos,0.3351473469992925,2283,2050,2347
pos,0.3357086590003746,2284,2050,2347
pos,0.33626185600041936,2286,2050,2347
pos,0.3368780609998794,2286,2050,2347
pos,0.3374881540003116,2287,2050,2347
pos,0.3381139670000266,2287,2050,2347
pos,0.33869942399905995,2289,2050,2347
pos,0.33931372499864665,2290,2050,2347
pos,0.3399069369988865,2290,2050,2347
pos,0.34047764699971594,2292,2050,2347
pos,0.3410602679996373,2292,2050,2347
pos,0.3416540210000676,2293,2050,2347
pos,0.3422457399992709,2294,2050,2347
pos,0.3428833250000025,2294,2050,2347
pos,0.34345936399950006,2295,2050,2347
pos,0.344060780998916,2295,2050,2347
pos,0.344629678000274,2296,2050,2347
pos,0.3452351220003038,2297,2050,2347
pos,0.3458068639993144,2297,2050,2347
pos,0.34654375500031165,2299,2050,2347
pos,0.3488638719991286,2300,1400,2347
pos,0.3503382959988812,2303,1400,2347
pos,0.35102681599892094,2303,1400,2347
pos,0.351616029998695,2303,1400,2347
pos,0.3522130389992526,2304,1400,2347
pos,0.35281445599866856,2304,1400,2347
pos,0.35354340199955914,2305,1400,2347
pos,0.35477946900027746,2306,1400,2347
pos,0.35545122799885576,2307,1400,2347
pos,0.35602745699907246,2307,1400,2347
pos,0.35683714500009955,2308,1400,2347
pos,0.3574438919986278,2308,1400,2347
pos,0.358011334999901,2308,1400,2347
pos,0.35861589799969806,2309,1400,2347
pos,0.3592142790002981,2310,1400,2347
pos,0.35976184599894623,2310,1400,2347
pos,0.3603682920002029,2311,1400,2347
pos,0.36096471000018937,2311,1400,2347
pos,0.3615050329990481,2312,1400,2347
pos,0.3621116989997972,2312,1400,2347
pos,0.3627095699994243,2312,1400,2347
pos,0.36355281000032846,2313,1400,2347
pos,0.36418904200036195,2314,1400,2347
pos,0.36475891999907617,2314,1400,2347
pos,0.3653635039991059,2315,1400,2347
pos,0.36626606499885384,2316,1400,2347
pos,0.36745553400032804,2316,800,2347
pos,0.3681331139996473,2317,800,2347
pos,0.3687391289986408,2317,800,2347
pos,0.3700968639986968,2318,800,2347
pos,0.3706958269995084,2318,800,2347
pos,0.37131619899992074,2318,800,2347
pos,0.37190526300037163,2318,800,2347
pos,0.3725568640002166,2319,800,2347
pos,0.37319634199957363,2319,800,2347
pos,0.3738022079996881,2319,800,2347
pos,0.3744495310002094,2320,800,2347
pos,0.37501578199953656,2320,800,2347
pos,0.3756147249987407,2321,800,2347
pos,0.37621002000014414,2321,800,2347
pos,0.3768055860000459,2321,800,2347
pos,0.37737708699933137,2322,800,2347
pos,0.3779593279996334,2322,800,2347
pos,0.37850490100026946,2322,800,2347
pos,0.37911607599926356,2322,800,2347
pos,0.37965595799869334,2322,800,2347
pos,0.380237899000349,2323,800,2347
pos,0.38080753599933814,2323,800,2347
pos,0.38143377999949735,2323,800,2347
pos,0.38200331699954404,2324,800,2347
pos,0.3829629849988123,2324,800,2347
pos,0.38350336799885554,2324,800,2347
pos,0.38411399199867446,2325,800,2347
pos,0.3846823579988268,2325,800,2347
pos,0.3852578859987261,2325,800,2347
pos,0.385880552999879,2325,800,2347
pos,0.38713701800043054,2326,500,2347
pos,0.38772971899925324,2326,500,2347
pos,0.3891929709989199,2327,500,2347
pos,0.38978433899865195,2327,500,2347
pos,0.3908550859996467,2327,500,2347
pos,0.3915068770002108,2328,500,2347
pos,0.3922681139993074,2328,500,2347
pos,0.3931571299999632,2329,500,2347
pos,0.39388719799899263,2329,500,2347
pos,0.3944765220003319,2329,500,2347
pos,0.3955665749999753,2329,500,2347
pos,0.3961821789998794,2330,500,2347
pos,0.3967554430000746,2330,500,2347
pos,0.39733927700035565,2330,500,2347
pos,0.39790833400002157,2330,500,2347
pos,0.39847690900023736,2330,500,2347
pos,0.3991145839991077,2331,500,2347
pos,0.39968279899949266,2331,500,2347
pos,0.4002543999995396,2331,500,2347
pos,0.4008843909996358,2331,500,2347
pos,0.4014766910004255,2331,500,2347
pos,0.4020578599993314,2332,500,2347
pos,0.4026552889990853,2332,500,2347
pos,0.40323467499911203,2332,500,2347
pos,0.40383039100015594,2332,500,2347
pos,0.4043823659994814,2332,500,2347
pos,0.40498411400039913,2333,500,2347
pos,0.4055576390001079,2333,500,2347
pos,0.40619121599957,2333,500,2347
pos,0.40711951599951135,2333,350,2347
pos,0.40771445099926495,2333,350,2347
pos,0.4083203859991045,2334,350,2347
pos,0.4095731139987038,2334,350,2347
pos,0.4101921539986506,2334,350,2347
pos,0.4107555399987177,2334,350,2347
pos,0.41136207599993213,2335,350,2347
pos,0.412023364999186,2335,350,2347
pos,0.4131453779991716,2335,350,2347
pos,0.41376407699863194,2335,350,2347
pos,0.4144068019995757,2335,350,2347
pos,0.41501040299954184,2336,350,2347
pos,0.4156120509996981,2336,350,2347
pos,0.41621316700002353,2336,350,2347
pos,0.41681277099996805,2336,350,2347
pos,0.4173794830003317,2336,350,2347
pos,0.4179832649988384,2337,350,2347
pos,0.41855666899937205,2337,350,2347
pos,0.41918810199967993,2337,350,2347
pos,0.41977959100040607,2337,350,2347
pos,0.4203782329987007,2337,350,2347
pos,0.42099484899881645,2337,350,2347
pos,0.4215850839991617,2337,350,2347
pos,0.4221922619999532,2337,350,2347
pos,0.4227855739991355,2338,350,2347
pos,0.4234313939996355,2338,350,2347
pos,0.42402485700040415,2338,350,2347
pos,0.42462217600041186,2338,350,2347
pos,0.42525756699978956,2338,350,2347
pos,0.4261668210001517,2338,350,2347
pos,0.4267615749995457,2338,250,2347
pos,0.4274645129989949,2338,250,2347
pos,0.4280779019991314,2339,250,2347
pos,0.4286967520001781,2339,250,2347
pos,0.42930729599902406,2339,250,2347
pos,0.4298792779991345,2339,250,2347
pos,0.43047798999941733,2339,250,2347
pos,0.43106806600007985,2339,250,2347
pos,0.43172447599863517,2340,250,2347
pos,0.4323305519992573,2340,250,2347
pos,0.4329313079997519,2340,250,2347
pos,0.4335374129987031,2340,250,2347
pos,0.4341921499999444,2340,250,2347
pos,0.43475515600039216,2340,250,2347
pos,0.4353640369990899,2340,250,2347
pos,0.4359372010003426,2340,250,2347
pos,0.4365046639995853,2340,250,2347
pos,0.4371141859992349,2340,250,2347
pos,0.43769005600006494,2341,250,2347
pos,0.4382554149997304,2341,250,2347
pos,0.438878572998874,2341,250,2347
pos,0.4394763429991144,2341,250,2347
pos,0.44006097899909946,2341,250,2347
pos,0.44062762099929387,2341,250,2347
pos,0.4412339669997891,2341,250,2347
pos,0.4418096859990328,2341,250,2347
pos,0.4424093300003733,2341,250,2347
pos,0.4430438290000893,2342,250,2347
pos,0.4436134959996707,2342,250,2347
pos,0.444207649999953,2342,250,2347
pos,0.4449359549998917,2342,250,2347
pos,0.4455369609986519,2342,250,2347
pos,0.4461874499993428,2342,250,2347
pos,0.44764179599951603,2343,200,2347
pos,0.44834700699902896,2343,200,2347
pos,0.44893198299905634,2343,200,2347
pos,0.449503994999759,2343,200,2347
pos,0.4501112439993449,2343,200,2347
pos,0.45120193799994013,2343,200,2347
pos,0.4519340189999639,2343,200,2347
pos,0.4524758349998592,2343,200,2347
pos,0.4530661909993796,2343,200,2347
pos,0.4536624579995987,2343,200,2347
pos,0.4542706279989943,2343,200,2347
pos,0.4548798399991938,2343,200,2347
pos,0.45547732999875734,2343,200,2347
pos,0.4560607129988057,2343,200,2347
pos,0.4566281959996559,2343,200,2347
pos,0.45723519399871293,2343,200,2347
pos,0.457805713000198,2343,200,2347
pos,0.45837811599994893,2343,200,2347
pos,0.458991364999747,2343,200,2347
pos,0.45959092900011456,2343,200,2347
pos,0.4601853829990432,2343,200,2347
pos,0.4607843049998337,2343,200,2347
pos,0.46137893999912194,2343,200,2347
pos,0.4619947739993222,2343,200,2347
pos,0.46258924799985834,2343,200,2347
pos,0.4631814469994424,2343,200,2347
pos,0.46377948800000013,2344,200,2347
pos,0.46441062099984265,2344,200,2347
pos,0.46712030900016543,2344,100,2347
pos,0.4677135009987978,2344,100,2347
pos,0.4683115909992921,2344,100,2347
pos,0.4688808179998887,2344,100,2347
pos,0.4694825160004257,2344,100,2347
pos,0.4711013289997936,2344,100,2347
pos,0.47176156699970306,2344,100,2347
pos,0.4723609199991188,2344,100,2347
pos,0.4729332629995042,2344,100,2347
pos,0.4735030800002278,2344,100,2347
pos,0.47410887600017304,2344,100,2347
pos,0.47465624199867307,2345,100,2347
pos,0.4752379719993769,2345,100,2347
pos,0.47580480400029046,2345,100,2347
pos,0.47640423699886014,2345,100,2347
pos,0.47699573600039,2345,100,2347
pos,0.47758601199893747,2345,100,2347
pos,0.4782242879991827,2345,100,2347
pos,0.4788064989988925,2345,100,2347
pos,0.47941530999924,2345,100,2347
pos,0.4799859300001117,2345,100,2347
pos,0.4805845209994004,2345,100,2347
pos,0.48118061799868883,2345,100,2347
pos,0.4817529409992858,2345,100,2347
pos,0.48236217299927375,2345,100,2347
pos,0.48294430399982957,2345,100,2347
pos,0.4835947319988918,2345,100,2347
pos,0.48419235199980903,2345,100,2347
pos,0.48496267599875864,2345,100,2347
pos,0.4855047219989501,2345,50,2347
pos,0.4869218579988228,2345,50,2347
pos,0.48751104199982365,2345,50,2347
pos,0.48812330900000234,2345,50,2347
pos,0.48871739199967124,2345,50,2347
pos,0.4893309519993636,2345,50,2347
pos,0.490949756000191,2345,50,2347
pos,0.4915584369991848,2345,50,2347
pos,0.4921796409998933,2345,50,2347
pos,0.49275204399964423,2345,50,2347
pos,0.49336152599971683,2345,50,2347
pos,0.4939616699994076,2345,50,2347
pos,0.49451024900008633,2345,50,2347
pos,0.49510756800009403,2345,50,2347
pos,0.49568659299984574,2345,50,2347
pos,0.4962532949994056,2345,50,2347
pos,0.496875982000347,2345,50,2347
pos,0.4974765379993187,2345,50,2347
pos,0.49805818799904955,2345,50,2347
pos,0.4986258209992229,2345,50,2347
pos,0.49920700999973633,2345,50,2347
pos,0.499753714999315,2345,50,2347
pos,0.5003610129988374,2346,50,2347
pos,0.5009557369994582,2346,50,2347
pos,0.5015022119987407,2346,50,2347
pos,0.5021063940002932,2346,50,2347
pos,0.5026780549997056,2346,50,2347
pos,0.5032527820003452,2346,50,2347
pos,0.5038918399986869,2346,50,2347
pos,0.5057857989995682,2346,50,2347
pos,0.5072504639992985,2346,50,2347
pos,0.507944774999487,2346,50,2347
pos,0.5085119380000833,2346,50,2347
pos,0.5091170519990555,2346,50,2347
pos,0.5097143219991267,2346,50,2347
pos,0.5103145060002134,2346,50,2347
pos,0.5109120460001577,2346,50,2347
pos,0.511675407000439,2346,50,2347
pos,0.5122862309999618,2346,50,2347
pos,0.5128797139987,2346,50,2347
pos,0.5134748589989613,2347,50,2347
pos,0.5140573999997287,2347,50,2347
pos,0.5146295430004102,2347,50,2347
pos,0.5152333739988535,2347,50,2347
pos,0.5158796849991631,2347,50,2347
pos,0.5164739689989801,2347,50,2347
pos,0.5170611199991981,2347,50,2347
pos,0.5176276009988214,2347,50,2347
pos,0.5182390469999518,2347,50,2347
pos,0.5188073019999138,2347,50,2347
pos,0.519436049999058,2347,50,2347
pos,0.5200029629995697,2347,50,2347
pos,0.5206090989995573,2347,50,2347
pos,0.5212923889994272,2347,50,2347
pos,0.5218908409988217,2347,50,2347
pos,0.5224996119995922,2347,50,2347
pos,0.5231133220004267,2347,50,2347
pos,0.5236951419992693,2347,50,2347
pos,0.5243135709988564,2347,50,2347
pos,0.5251358120003715,2347,50,2347
pos,0.5257316589995753,2347,50,2347
pos,0.5271403690003353,2347,50,2347
pos,0.5277316369993059,2347,50,2347
pos,0.5283063240003685,2347,50,2347
pos,0.5289477559999796,2347,50,2347
pos,0.5304713909990824,2347,50,2347
pos,0.5310636209997028,2347,50,2347
pos,0.531628118998924,2347,50,2347
pos,0.5322375209998427,2347,50,2347
pos,0.5328150229997846,2347,50,2347
pos,0.5333776480001688,2347,50,2347
pos,0.5339871399992262,2347,50,2347
pos,0.5345546239987016,2347,50,2347
pos,0.5351842729996861,2347,50,2347
pos,0.5357831759993132,2347,50,2347
pos,0.5364032079996832,2347,50,2347
pos,0.5369895169988013,2347,50,2347
pos,0.5375572109987843,2347,50,2347
pos,0.5381836139986262,2347,50,2347
pos,0.5387594829990121,2347,50,2347
pos,0.5393700080003327,2347,50,2347
pos,0.5399666359990078,2347,50,2347
pos,0.5405593559989939,2347,50,2347
pos,0.541182413999195,2347,50,2347
pos,0.5417531040002359,2347,50,2347
pos,0.542332670000178,2347,50,2347
pos,0.5429300799987686,2347,50,2347
pos,0.5435591980003665,2347,50,2347
pos,0.5441845200002717,2347,50,2347
pos,0.544782380999095,2347,50,2347
pos,0.5454118809993815,2347,0,2347
pos,0.5466685649989813,2347,0,2347
pos,0.5473425889995269,2347,0,2347
pos,0.5479721889987559,2347,0,2347
pos,0.5485582569999679,2347,0,2347
pos,0.5498586939993402,2347,0,2347
pos,0.5504643889998988,2347,0,2347
pos,0.5510565289987426,2347,0,2347
pos,0.5516272179993393,2347,0,2347
pos,0.5522351179988618,2347,0,2347
pos,0.552803832999416,2347,0,2347
pos,0.5533767969991459,2347,0,2347
pos,0.5539590480002516,2347,0,2347
pos,0.5545054319991323,2347,0,2347
pos,0.5551127799990354,2347,0,2347
pos,0.5556863649999286,2347,0,2347
pos,0.5562822819993016,2347,0,2347
pos,0.5568844409990561,2347,0,2347
pos,0.5574745159992744,2347,0,2347
pos,0.5580609649987309,2347,0,2347
pos,0.558654206999563,2347,0,2347
pos,0.5592377909997595,2347,0,2347
pos,0.5598065569993196,2347,0,2347
pos,0.5604358860000502,2347,0,2347
pos,0.5610086289998435,2347,0,2347
pos,0.5616143650004233,2347,0,2347
pos,0.5622048009990976,2347,0,2347
pos,0.5629737929994008,2347,0,2347
pos,0.5635655109999789,2347,0,2347
pos,0.5642154090000986,2347,0,2347
pos,0.5647862989990244,2347,0,2347
pos,0.5654246359990793,2347,0,2347
pos,0.5660159839990229,2347,0,2347
pos,0.5667399399990245,2347,0,2347
pos,0.5673322399998142,2347,0,2347
pos,0.5679300709998643,2347,0,2347
pos,0.5685033949994249,2347,0,2347
pos,0.5691188179989695,2347,0,2347
pos,0.5698828599997796,2347,0,2347
pos,0.5704768739997235,2347,0,2347
pos,0.5710553480003,2347,0,2347
pos,0.5716636269989976,2347,0,2347
pos,0.5722535329987295,2347,0,2347
pos,0.5728796769999462,2347,0,2347
pos,0.573482296000293,2347,0,2347
pos,0.574109701999987,2347,0,2347
pos,0.5746799199987436,2347,0,2347
pos,0.5752522129987483,2347,0,2347
pos,0.5758768630003033,2347,0,2347
pos,0.5764724999989994,2347,0,2347
pos,0.5770575559999997,2347,0,2347
pos,0.5776263919997291,2347,0,2347
pos,0.5782374169994,2347,0,2347
pos,0.578811011999278,2347,0,2347
pos,0.5794059969994123,2347,0,2347
pos,0.5799865749995661,2347,0,2347
pos,0.5805537079995702,2347,0,2347
pos,0.5812001699996472,2347,0,2347
pos,0.5817848149999918,2347,0,2347
pos,0.582471562000137,2347,0,2347
pos,0.5838567680002598,2347,0,2347
pos,0.5858593709999695,2347,0,2347
pos,0.5865215020003234,2347,0,2347
pos,0.5871175689990196,2347,0,2347
pos,0.5877586209990113,2347,0,2347
pos,0.5885378410002886,2347,0,2347
pos,0.5891883299991605,2347,0,2347
pos,0.5897777949994634,2347,0,2347
pos,0.5904324410003028,2347,0,2347
pos,0.5910314140000992,2347,0,2347
pos,0.5916098580000835,2347,0,2347
pos,0.5921802169996226,2347,0,2347
pos,0.5927562260003469,2347,0,2347
pos,0.5933609289986634,2347,0,2347
pos,0.5939331520003179,2347,0,2347
pos,0.5945293690001563,2347,0,2347
pos,0.5951803589996416,2347,0,2347
pos,0.5957795419999456,2347,0,2347
pos,0.5964336679990083,2347,0,2347
pos,0.5970008009990124,2347,0,2347
pos,0.5976097820002906,2347,0,2347
pos,0.598189778998858,2347,0,2347
pos,0.5987561509991792,2347,0,2347
pos,0.5995301109996944,2347,0,2347
pos,0.6001796279997507,2347,0,2347
pos,0.6007571600002848,2347,0,2347
pos,0.6013663119992998,2347,0,2347
pos,0.6021188119993894,2347,0,2347
pos,0.6027157110002008,2347,0,2347
pos,0.6033067079988541,2347,0,2347
pos,0.6039078949997929,2347,0,2347
pos,0.6045066869992297,2347,0,2347
pos,0.6058261599991965,2347,0,2347
pos,0.6064584649993776,2347,0,2347
pos,0.6070600120001473,2347,0,2347
pos,0.6076861860001372,2347,0,2347
pos,0.6083858769998187,2347,0,2347
pos,0.6094296430001123,2347,0,2347
pos,0.6101528679992043,2347,0,2347
pos,0.6108921939994616,2347,0,2347
pos,0.6115042809997249,2347,0,2347
pos,0.6121083529997122,2347,0,2347
pos,0.6126968859989574,2347,0,2347
pos,0.6133122390001517,2347,0,2347
pos,0.6139057809996302,2347,0,2347
pos,0.6144739459996345,2347,0,2347
pos,0.6150609059986891,2347,0,2347
pos,0.6156530459993519,2347,0,2347
pos,0.6162319809991459,2347,0,2347
pos,0.6168035419996158,2347,0,2347
pos,0.6174060510002164,2347,0,2347
pos,0.6180097929991462,2347,0,2347
pos,0.6186101280000003,2347,0,2347
pos,0.6191787939987989,2347,0,2347
pos,0.6197554939990368,2347,0,2347
pos,0.6203600569988339,2347,0,2347
pos,0.6209288930003822,2347,0,2347
pos,0.6215983679994679,2347,0,2347
pos,0.6236432400000922,2347,0,2347
pos,0.625342704999639,2347,0,2347
pos,0.6259642299992265,2347,0,2347
pos,0.6276717099990492,2347,0,2347
pos,0.6289425209997717,2347,0,2347
pos,0.6295298019995244,2347,0,2347
pos,0.6301845689995389,2347,0,2347
pos,0.6307595460002631,2347,0,2347
pos,0.6313592299993616,2347,0,2347
pos,0.6319331159993453,2347,0,2347
pos,0.6325020019994554,2347,0,2347
pos,0.6331122559986397,2347,0,2347
pos,0.6336789269989822,2347,0,2347
pos,0.6342579729989666,2347,0,2347
pos,0.6348828939990199,2347,0,2347
pos,0.6354806239996833,2347,0,2347
pos,0.6361063969998213,2347,0,2347
pos,0.6366785089994664,2347,0,2347
pos,0.6372798559987132,2347,0,2347
pos,0.6378764439996303,2347,0,2347
pos,0.6384724309991725,2347,0,2347
pos,0.6390532389996224,2347,0,2347
pos,0.6396263930000714,2347,0,2347
pos,0.6402359160001652,2347,0,2347
pos,0.6408087789986894,2347,0,2347
pos,0.6413755409994337,2347,0,2347
pos,0.6419855240001198,2347,0,2347
pos,0.6443619679994299,2347,0,2347
pos,0.6449935009986802,2347,0,2347
pos,0.6456152369992196,2347,0,2347
pos,0.6462269929998001,2347,0,2347
pos,0.6468100160000176,2347,0,2347
pos,0.647410059998947,2347,0,2347
pos,0.6484827809999842,2347,0,2347
pos,0.6491138929995941,2347,0,2347
pos,0.6496794529994077,2347,0,2347
pos,0.6502505329990527,2347,0,2347
pos,0.650876456998958,2347,0,2347
pos,0.6514815609989455,2347,0,2347
pos,0.6521054400000139,2347,0,2347
pos,0.6526775219990668,2347,0,2347
pos,0.6532314099986252,2347,0,2347
pos,0.6538057959987782,2347,0,2347
pos,0.6543804630000523,2347,0,2347
pos,0.6549853870001243,2347,0,2347
pos,0.6555567679988599,2347,0,2347
pos,0.6561837930003094,2347,0,2347
pos,0.6567803710004227,2347,0,2347
pos,0.6574357489989779,2347,0,2347
pos,0.6580055269987497,2347,0,2347
pos,0.6586093480000272,2347,0,2347
pos,0.6591805289990589,2347,0,2347
pos,0.6597834490003152,2347,0,2347
pos,0.6603834929992445,2347,0,2347
pos,0.6610115399998904,2347,0,2347
pos,0.6623716189988045,2347,0,2347
pos,0.6629863509988354,2347,0,2347
pos,0.6635683019994758,2347,0,2347
pos,0.6648881649998657,2347,0,2347
pos,0.6654854949993023,2347,0,2347
pos,0.6661295419999078,2347,0,2347
pos,0.6667366089986899,2347,0,2347
pos,0.6674716670004273,2347,0,2347
pos,0.6686285249998036,2347,0,2347
pos,0.6692338390002988,2347,0,2347
pos,0.6698224619995017,2347,0,2347
pos,0.6704379259990674,2347,0,2347
pos,0.6710026139990077,2347,0,2347
pos,0.6716142099994613,2347,0,2347
pos,0.6722162789992581,2347,0,2347
pos,0.6728087989995402,2347,0,2347
pos,0.6733779449987196,2347,0,2347
pos,0.6739904229998501,2347,0,2347
pos,0.6745542899989232,2347,0,2347
pos,0.6751865449987235,2347,0,2347
pos,0.675782240999979,2347,0,2347
pos,0.6763840289986547,2347,0,2347
pos,0.6769859870000801,2347,0,2347
pos,0.6775527390000207,2347,0,2347
pos,0.6781824289992073,2347,0,2347
pos,0.6787487809997401,2347,0,2347
pos,0.6793576119998761,2347,0,2347
pos,0.6799292229989078,2347,0,2347
pos,0.6804990509990603,2347,0,2347
pos,0.6811237009987963,2347,0,2347
pos,0.6817607849989145,2347,0,2347
pos,0.6823643869993248,2347,0,2347
pos,0.6829629280000518,2347,0,2347
pos,0.6835785919993214,2347,0,2347
pos,0.6848366599988367,2347,0,2347
pos,0.6854420939998818,2347,0,2347
pos,0.6860623669999768,2347,0,2347
pos,0.6866548469988629,2347,0,2347
pos,0.6873978289986553,2347,0,2347
pos,0.6882052330001898,2347,0,2347
pos,0.6888960870001029,2347,0,2347
pos,0.6894759639999393,2348,0,2347
pos,0.6900577039996278,2348,0,2347
pos,0.6906679980002082,2348,0,2347
pos,0.6913107019991003,2348,0,2347
pos,0.6919059379997634,2348,0,2347
pos,0.6925010830000247,2348,0,2347
pos,0.6931056159992295,2348,0,2347
pos,0.6939758469998196,2348,0,2347
pos,0.6945524169987038,2348,0,2347
pos,0.6951799429989478,2348,0,2347
pos,0.6957566540004336,2348,0,2347
pos,0.6963628100002097,2348,0,2347
pos,0.6969496900001104,2348,0,2347
pos,0.697555945998829,2348,0,2347
pos,0.6981817989999399,2348,0,2347
pos,0.6987797999991017,2348,0,2347
pos,0.6993839619990467,2348,0,2347
pos,0.6999892570001975,2348,0,2347
pos,0.7005801439991046,2348,0,2347
pos,0.7011808400002337,2348,0,2347
pos,0.7017843309986347,2348,0,2347
pos,0.7024193199995352,2348,0,2347
pos,0.7030089349991613,2348,0,2347
pos,0.7043511709998711,2348,0,2347
pos,0.7050500709992775,2348,50,2347
pos,0.7056582799996249,2348,50,2347
pos,0.7062612399986392,2348,50,2347
pos,0.7068822740002361,2348,50,2347
pos,0.7075013449994003,2348,50,2347
pos,0.7081951050004136,2348,50,2347
pos,0.7087832369998068,2348,50,2347
pos,0.7094120749989088,2348,50,2347
pos,0.7100125809993187,2348,50,2347
pos,0.7106133469987981,2348,50,2347
pos,0.7112120789988694,2348,50,2347
pos,0.7118067230003362,2348,50,2347
pos,0.712375257999156,2348,50,2347
pos,0.7129939979986375,2348,50,2347
pos,0.713583672999448,2348,50,2347
pos,0.7141780269994342,2348,50,2347
pos,0.7147847340002045,2348,50,2347
pos,0.7153802199991333,2348,50,2347
pos,0.7159813469988876,2348,50,2347
pos,0.716553878999548,2348,50,2347
pos,0.7171788399991783,2348,50,2347
pos,0.7177534370002832,2348,50,2347
pos,0.7183619280003768,2348,50,2347
pos,0.7196558830000868,2348,50,2347
pos,0.7202308399992035,2348,50,2347
pos,0.7208390599989798,2348,50,2347
pos,0.721433294000235,2348,50,2347
pos,0.722010755998781,2348,50,2347
pos,0.722610810000333,2348,50,2347
pos,0.7232117570001719,2348,50,2347
pos,0.7244548660000873,2348,50,2347
pos,0.7251211650000187,2348,0,2347
pos,0.7257255379990966,2348,0,2347
pos,0.7263374340000155,2348,0,2347
pos,0.7269363169998542,2348,0,2347
pos,0.727958822999426,2348,0,2347
pos,0.728701383999578,2348,0,2347
pos,0.7293053559988039,2348,0,2347
pos,0.7298818269991898,2348,0,2347
pos,0.7304718519990274,2348,0,2347
pos,0.731065273999775,2348,0,2347
pos,0.7316525549995276,2348,0,2347
pos,0.7322562059998745,2348,0,2347
pos,0.7328807470003085,2348,0,2347
pos,0.7334722349987715,2348,0,2347
pos,0.7340539449996868,2348,0,2347
pos,0.7346834849995503,2348,0,2347
pos,0.735251268999491,2348,0,2347
pos,0.735883264000222,2348,0,2347
pos,0.7364805029992567,2348,0,2347
pos,0.7371098519997759,2348,0,2347
pos,0.737677346000055,2348,0,2347
pos,0.7382494079993194,2349,0,2347
pos,0.738881331999437,2349,0,2347
pos,0.7394837609990645,2349,0,2347
pos,0.7401061170003231,2349,0,2347
pos,0.7406767470001796,2349,0,2347
pos,0.7412523049988522,2349,0,2347
pos,0.742864075999023,2349,0,2347
pos,0.7440763380000135,2349,0,2347
pos,0.7447263359990757,2349,50,2347
pos,0.7453311389999726,2349,50,2347
pos,0.7459328169989021,2349,50,2347
pos,0.7465332819992909,2349,50,2347
pos,0.7476433629999519,2349,50,2347
pos,0.7483240879992081,2349,50,2347
pos,0.7489304249993438,2349,50,2347
pos,0.7495024769996235,2349,50,2347
pos,0.750106217999928,2349,50,2347
pos,0.7506767470003979,2349,50,2347
pos,0.7512300739999773,2349,50,2347
pos,0.7518058030000248,2349,50,2347
pos,0.7523774949986546,2349,50,2347
pos,0.7529843219999748,2349,50,2347
pos,0.7535513949987944,2349,50,2347
pos,0.7541771169999265,2349,50,2347
pos,0.7547658410003351,2349,50,2347
pos,0.7553778069996042,2349,50,2347
pos,0.7559842339996976,2350,50,2347
pos,0.7565559550002945,2350,50,2347
pos,0.7571902439995029,2350,50,2347
pos,0.7577794979988539,2350,50,2347
pos,0.7584271819996502,2350,50,2347
pos,0.759000226000353,2350,50,2347
pos,0.7596063519995369,2350,50,2347
pos,0.7602032009999675,2350,50,2347
pos,0.7607860030002485,2350,50,2347
pos,0.7615851199989265,2350,50,2347
pos,0.7621786929994414,2350,50,2347
pos,0.7627740579991951,2350,50,2347
pos,0.7640995929996279,2350,50,2347
pos,0.7647146849994897,2350,50,2347
pos,0.7653085279998777,2350,50,2347
pos,0.7658768530000089,2350,50,2347
pos,0.7664758560003975,2350,50,2347
pos,0.7679578429997491,2350,50,2347
pos,0.7686077910002496,2350,50,2347
pos,0.7692091779990733,2350,50,2347
pos,0.7698030909996305,2350,50,2347
pos,0.7703751829994872,2350,50,2347
pos,0.7709899450001103,2350,50,2347
pos,0.771610908999719,2350,50,2347
pos,0.7722034599992185,2350,50,2347
pos,0.7727524980000453,2350,50,2347
pos,0.7733623009989969,2350,50,2347
pos,0.7739300249995722,2350,50,2347
pos,0.7744989419988997,2350,50,2347
pos,0.7751042259988026,2350,50,2347
pos,0.7757026170002064,2350,50,2347
pos,0.7762756310003169,2350,50,2347
pos,0.7768740430001344,2350,50,2347
pos,0.777479336999022,2350,50,2347
pos,0.7781099389994779,2350,50,2347
pos,0.778683282998827,2350,50,2347
pos,0.7792898400002741,2350,50,2347
pos,0.7798760890000267,2350,50,2347
pos,0.7805057089990441,2350,50,2347
pos,0.7815939979991526,2350,50,2347
pos,0.7822147110000515,2350,50,2347
pos,0.7831373299995903,2350,50,2347
pos,0.7838523299997178,2350,50,2347
pos,0.7844578249987535,2350,0,2347
pos,0.7850529499992263,2350,0,2347
pos,0.78562568399866,2350,0,2347
pos,0.7863772419987072,2350,0,2347
pos,0.787419205000333,2350,0,2347
pos,0.7880435049992229,2350,0,2347
pos,0.7886094449986558,2350,0,2347
pos,0.7892047209988959,2350,0,2347
pos,0.7897582879995753,2350,0,2347
pos,0.7903594149993296,2350,0,2347
pos,0.7909270689997356,2350,0,2347
pos,0.7915010439992329,2350,0,2347
pos,0.7921084230001725,2350,0,2347
pos,0.7927083769991441,2350,0,2347
pos,0.7933017289997224,2350,0,2347
pos,0.7939121529998374,2350,0,2347
pos,0.7944867400001385,2350,0,2347
pos,0.7951041169999371,2350,0,2347
pos,0.7956770799992228,2350,0,2347
pos,0.7962487419990794,2350,0,2347
pos,0.7968762179989426,2350,0,2347
pos,0.7974510549993283,2350,0,2347
pos,0.7979990219992033,2350,0,2347
pos,0.7986063899988949,2350,0,2347
pos,0.7992020459987543,2350,0,2347
pos,0.799750463998862,2350,0,2347
pos,0.800360928000373,2350,0,2347
pos,0.8021573949990852,2350,0,2347
pos,0.8027556159995584,2350,0,2347
pos,0.8039651929993852,2350,0,2347
pos,0.8045589960001962,2350,0,2347
pos,0.8052486380001938,2350,0,2347
pos,0.8058859220000159,2350,0,2347
pos,0.8064861570001085,2350,0,2347
pos,0.8079300030003651,2350,0,2347
pos,0.8085461880000366,2350,0,2347
pos,0.8091807469991181,2350,0,2347
pos,0.8097498930001166,2350,0,2347
pos,0.8103610389989626,2350,0,2347
pos,0.8109270200002356,2350,0,2347
pos,0.8114998029996059,2350,0,2347
pos,0.8121099859999958,2350,0,2347
pos,0.8126886310001282,2350,0,2347
pos,0.8132774539990351,2350,0,2347
pos,0.8138740929989581,2350,0,2347
pos,0.8144523560004018,2350,0,2347
pos,0.8150273739993281,2350,0,2347
pos,0.8156238720002875,2350,0,2347
pos,0.8162399159991764,2350,0,2347
pos,0.8168817489986395,2350,0,2347
pos,0.8174708829992596,2350,0,2347
pos,0.8180580030002602,2350,0,2347
pos,0.818623873999968,2350,0,2347
pos,0.8192345079987717,2350,0,2347
pos,0.8198877129998436,2350,0,2347
pos,0.821868764998726,2350,0,2347
pos,0.8235994979986572,2350,0,2347
pos,0.8241872299986426,2350,0,2347
pos,0.8247546530001273,2350,0,2347
pos,0.825360508999438,2350,0,2347
pos,0.8259383309996338,2350,0,2347
pos,0.8273001139987173,2350,0,2347
pos,0.8279136639994249,2350,0,2347
pos,0.8284765480002534,2350,0,2347
pos,0.8290523269988626,2350,0,2347
pos,0.8296244289995229,2350,0,2347
pos,0.8302300140003354,2350,0,2347
pos,0.8308083179999812,2350,0,2347
pos,0.8313743589988007,2350,0,2347
pos,0.8319792929996765,2350,0,2347
pos,0.8325803589996212,2350,0,2347
pos,0.8331805139987409,2350,0,2347
pos,0.8337496309995913,2350,0,2347
pos,0.8343575199996849,2350,0,2347
pos,0.834926835999795,2350,0,2347
pos,0.835501112998827,2350,0,2347
pos,0.8361093629991956,2350,0,2347
pos,0.8366836989989679,2350,0,2347
pos,0.8372570129995438,2350,0,2347
pos,0.8378788190002524,2350,0,2347
pos,0.8384757469993929,2350,0,2347
pos,0.8390548129991657,2350,0,2347
pos,0.8396987389987771,2350,0,2347
pos,0.8403133510000771,2350,0,2347
pos,0.8409123239998735,2350,0,2347
pos,0.8415065169992886,2350,0,2347
pos,0.8432982550002635,2350,0,2347
pos,0.8439428029996634,2350,0,2347
pos,0.8445021609986725,2350,0,2347
pos,0.8451114229992527,2350,0,2347
pos,0.8457579539990547,2350,0,2347
pos,0.8465389779994439,2350,0,2347
pos,0.84730976299943,2350,0,2347
pos,0.8479017819990986,2350,0,2347
pos,0.8490583200000401,2350,0,2347
pos,0.8496243800000229,2350,0,2347
pos,0.8502348139991227,2350,0,2347
pos,0.8508043210003962,2350,0,2347
pos,0.8514212279987987,2350,0,2347
pos,0.8520020859996293,2350,0,2347
pos,0.8526200849992165,2350,0,2347
pos,0.853241288999925,2350,0,2347
pos,0.8538845639995998,2350,0,2347
pos,0.8544837669996923,2350,0,2347
pos,0.8551118639988999,2350,0,2347
pos,0.8556611639996845,2350,0,2347
pos,0.8562510489991837,2350,0,2347
pos,0.8568812199991953,2350,0,2347
pos,0.8574831679998169,2350,0,2347
pos,0.8581240889998298,2350,0,2347
pos,0.8587361669997335,2350,0,2347
pos,0.8593350789997203,2350,0,2347
pos,0.8599525959998573,2350,0,2347
pos,0.860507866998887,2350,0,2347
pos,0.8611385789990891,2350,0,2347
pos,0.8629884049987595,2350,0,2347
pos,0.8635933589994238,2350,0,2347
pos,0.8642492279996077,2350,0,2347
pos,0.8648871329987742,2350,0,2347
pos,0.8654726909990131,2350,0,2347
pos,0.8660528879991034,2350,0,2347
pos,0.8667181450000498,2350,0,2347
pos,0.8675779459990736,2350,0,2347
pos,0.8681808059991454,2350,0,2347
pos,0.8687794380002742,2350,0,2347
pos,0.8693726199999219,2350,0,2347
pos,0.8699789059992327,2350,0,2347
pos,0.8705639019990485,2350,0,2347
pos,0.8712036010001611,2350,0,2347
pos,0.871748421999655,2350,0,2347
pos,0.8723651580003207,2350,0,2347
pos,0.8729573780001374,2350,0,2347
pos,0.8735287379986403,2350,0,2347
pos,0.8741792469991196,2350,0,2347
pos,0.8747489950001182,2350,0,2347
pos,0.8753555719995347,2350,0,2347
pos,0.8759574499999871,2350,0,2347
pos,0.8764993249988038,2350,0,2347
pos,0.8771082370003569,2350,0,2347
pos,0.8776813209988177,2350,0,2347
pos,0.8782505269991816,2350,0,2347
pos,0.878871861999869,2350,0,2347
pos,0.8794503359986265,2350,0,2347
pos,0.8799972309989244,2350,0,2347
pos,0.8805867159990157,2350,0,2347
pos,0.8827100050002628,2350,0,2347
pos,0.8839966859995911,2350,0,2347
pos,0.8846107970002777,2350,0,2347
pos,0.8852124839995668,2350,0,2347
pos,0.8858105250001245,2350,0,2347
pos,0.8866613099999086,2350,0,2347
pos,0.8877685649986233,2350,0,2347
pos,0.8884013400002004,2350,0,2347
pos,0.8890370819990494,2350,0,2347
pos,0.889625955000156,2350,0,2347
pos,0.890235106999171,2350,0,2347
pos,0.8908017189987731,2350,0,2347
pos,0.8913732700002583,2350,0,2347
pos,0.8919791249991249,2350,0,2347
pos,0.892553632000272,2350,0,2347
pos,0.8931747659989924,2350,0,2347
pos,0.893748570999378,2350,0,2347
pos,0.8943536449987732,2350,0,2347
pos,0.8949286529987148,2350,0,2347
pos,0.8955269439993572,2350,0,2347
pos,0.8961747479988844,2350,0,2347
pos,0.8967479019993334,2350,0,2347
pos,0.8973584469986235,2350,0,2347
pos,0.8979256399998121,2350,0,2347
pos,0.8984978520002187,2350,0,2347
pos,0.8991076450001856,2350,0,2347
pos,0.899675598999238,2350,0,2347
pos,0.9004449509993719,2350,0,2347
pos,0.9015019219987153,2350,0,2347
pos,0.9031854469994869,2350,0,2347
pos,0.9038023729990527,2350,0,2347
pos,0.9044042409987014,2350,0,2347
pos,0.9052319820002594,2350,0,2347
pos,0.9058057169986569,2350,0,2347
pos,0.9064940970001771,2350,0,2347
pos,0.9073485079989041,2350,0,2347
pos,0.9079923749995942,2350,0,2347
pos,0.9085816489987337,2350,0,2347
pos,0.9091767549998622,2350,0,2347
pos,0.90974859599919,2350,0,2347
pos,0.910357667999051,2350,0,2347
pos,0.9109287579994998,2350,0,2347
pos,0.9115017120002449,2350,0,2347
pos,0.9121026679986244,2350,0,2347
pos,0.9126777259989467,2350,0,2347
pos,0.9132546370001364,2350,0,2347
pos,0.913872895998793,2350,0,2347
pos,0.9144775089989707,2350,0,2347
pos,0.9151030709999759,2350,0,2347
pos,0.9157012420000683,2350,0,2347
pos,0.9162577449988021,2350,0,2347
pos,0.9168728179993195,2350,0,2347
pos,0.9174795540002378,2350,0,2347
pos,0.9181032729993603,2350,0,2347
pos,0.9186804849996406,2350,0,2347
pos,0.9192463959989254,2350,0,2347
pos,0.9198726689992327,2350,0,2347
pos,0.9207101889987825,2350,0,2347
pos,0.921307597998748,2350,0,2347
pos,0.9219040459993266,2350,0,2347
pos,0.9225036400002864,2350,0,2347
pos,0.9233377029995609,2350,0,2347
pos,0.9239615219994448,2350,0,2347
pos,0.9245640409990301,2350,0,2347
pos,0.9251765589997376,2350,0,2347
pos,0.9257496430000174,2350,0,2347
pos,0.9263584939999419,2350,0,2347
pos,0.927526202000081,2350,0,2347
pos,0.9281887039996946,2350,0,2347
pos,0.928764833999594,2350,0,2347
pos,0.9294020079996699,2350,0,2347
pos,0.9301328669989744,2350,0,2347
pos,0.9307227930003137,2350,0,2347
pos,0.9313040819997696,2350,0,2347
pos,0.9321598559999984,2350,0,2347
pos,0.9327481090003857,2350,0,2347
pos,0.933354093998787,2350,0,2347
pos,0.9339520149987948,2350,0,2347
pos,0.9345581010002206,2350,0,2347
pos,0.9351750169989828,2350,0,2347
pos,0.9357475500000874,2350,0,2347
pos,0.9363536159999057,2350,0,2347
pos,0.9369278619997203,2350,0,2347
pos,0.9375548070001969,2350,0,2347
pos,0.9381756999991921,2350,0,2347
pos,0.9390522729991062,2350,0,2347
pos,0.9396526679993258,2350,0,2347
pos,0.940474668999741,2350,0,2347
pos,0.941110800999013,2350,0,2347
pos,0.941722096000376,2350,0,2347
pos,0.9423158089994104,2350,0,2347
pos,0.9429083989998617,2350,0,2347
pos,0.9434992669994244,2350,0,2347
pos,0.9441371519988024,2350,0,2347
pos,0.9447228799999721,2350,0,2347
pos,0.9453021049994277,2350,0,2347
pos,0.9458737059994746,2350,0,2347
pos,0.9468373019990395,2350,0,2347
pos,0.9477580679995299,2350,0,2347
pos,0.9483587939994322,2350,0,2347
pos,0.9489281209989713,2350,0,2347
pos,0.9494976379992295,2350,0,2347
pos,0.9501076209999155,2350,0,2347
pos,0.9506550770001923,2350,0,2347
pos,0.9512525369991636,2350,0,2347
pos,0.9518752940002742,2350,0,2347
pos,0.9524734349997743,2350,0,2347
pos,0.9530680989992106,2350,0,2347
pos,0.9536594780001906,2350,0,2347
pos,0.9542359779989056,2350,0,2347
pos,0.9548003559993958,2350,0,2347
pos,0.9554025540001021,2350,0,2347
pos,0.9559792149993882,2350,0,2347
pos,0.956557277999309,2350,0,2347
pos,0.9571823799997219,2350,0,2347
pos,0.9577498329999798,2350,0,2347
pos,0.9583580929993332,2350,0,2347
pos,0.958927429999676,2350,0,2347
pos,0.959497197998644,2350,0,2347
pos,0.9601032329992449,2350,0,2347
pos,0.9606743639997148,2350,0,2347
pos,0.9615064930003427,2350,0,2347
pos,0.9634375120003824,2350,0,2347
pos,0.964343960999031,2350,0,2347
pos,0.9649312719993759,2350,0,2347
pos,0.9655278899990662,2350,0,2347
pos,0.9661818149997998,2350,0,2347
pos,0.9667800259994692,2350,0,2347
pos,0.9679175679993932,2350,0,2347
pos,0.9685114809999504,2350,0,2347
pos,0.9691042220001691,2350,0,2347
pos,0.9697014510002191,2350,0,2347
pos,0.9702542769991851,2350,0,2347
pos,0.9708819429997675,2350,0,2347
pos,0.9714694239992241,2350,0,2347
pos,0.9721042239998496,2350,0,2347
pos,0.9726832090000244,2350,0,2347
pos,0.9732832230001804,2350,0,2347
pos,0.9738853620001464,2350,0,2347
pos,0.9744798459996673,2350,0,2347
pos,0.9751080030000594,2350,0,2347
pos,0.9756747659994289,2350,0,2347
pos,0.9762474489998567,2350,0,2347
pos,0.9768765369990433,2350,0,2347
pos,0.977472904998649,2350,0,2347
pos,0.9780509590000293,2350,0,2347
pos,0.9786218279987224,2350,0,2347
pos,0.9792264719999366,2350,0,2347
pos,0.979805707000196,2350,0,2347
pos,0.9804284839992761,2350,0,2347
pos,0.9812105599994538,2350,0,2347
pos,0.9829366439989826,2350,0,2347
pos,0.9843345440003759,2350,0,2347
pos,0.984936953000215,2350,0,2347
pos,0.9855007200003456,2350,0,2347
pos,0.9861113539991493,2350,0,2347
pos,0.9867792559998634,2350,0,2347
pos,0.9875961569996434,2350,0,2347
pos,0.98817932899874,2350,0,2347
pos,0.9887579039987031,2350,0,2347
pos,0.9893674359991564,2350,0,2347
pos,0.989959184998952,2350,0,2347
pos,0.9905549109989806,2350,0,2347
pos,0.9911792410002818,2350,0,2347
pos,0.9917756189988722,2350,0,2347
pos,0.9923717969995778,2350,0,2347
pos,0.9929764199987403,2350,0,2347
pos,0.9935533209991263,2350,0,2347
pos,0.994173322998904,2350,0,2347
pos,0.994745284999226,2350,0,2347
pos,0.9953547570003138,2350,0,2347
pos,0.995941776998734,2350,0,2347
pos,0.9965503570001601,2350,0,2347
pos,0.9971827619992837,2350,0,2347
pos,0.9977466789987375,2350,0,2347
pos,0.9983527650001633,2350,0,2347
pos,0.9989240559989412,2350,0,2347
pos,0.9994959269988613,2350,0,2347
pos,1.000127891999,2350,0,2347
pos,1.0007236379988171,2350,0,2347
pos,1.0013607519995276,2350,0,2347
pos,1.0019692730002134,2350,0,2347
pos,1.0025563029994373,2350,0,2347
pos,1.0031777069998498,2350,0,2347
pos,1.004489344999456,2350,0,2347
pos,1.0052417249989958,2350,0,2347
pos,1.005891212998904,2350,0,2347
pos,1.0065109039987874,2350,0,2347
pos,1.007127760000003,2350,0,2347
pos,1.0077343470002234,2350,0,2347
pos,1.0090516950003803,2350,0,2347
pos,1.009653442999479,2350,0,2347
pos,1.010229822999463,2350,0,2347
pos,1.0108002220003982,2350,0,2347
pos,1.0113730459997896,2350,0,2347
pos,1.0119504979993508,2350,0,2347
pos,1.0125487289988087,2350,0,2347
pos,1.0131751930002793,2350,0,2347
pos,1.0137763099992299,2350,0,2347
pos,1.0144334910000907,2350,0,2347
pos,1.0149970570000733,2350,0,2347
pos,1.0156047559994477,2350,0,2347
pos,1.0162000519994763,2350,0,2347
pos,1.016767394999988,2350,0,2347
pos,1.0174306279986922,2350,0,2347
pos,1.0179975110004307,2350,0,2347
pos,1.0186234329994477,2350,0,2347
pos,1.0192327450004086,2350,0,2347
pos,1.0198004489993764,2350,0,2347
pos,1.0203952039992146,2350,0,2347
pos,1.0209762829999818,2350,0,2347
pos,1.021657769999365,2350,0,2347
pos,1.0222597279989714,2350,0,2347
pos,1.0253249420002248,2350,0,2347
pos,1.0259369289997267,2350,0,2347
pos,1.0265299509992474,2350,0,2347
pos,1.0271746489997895,2350,0,2347
pos,1.027799640000012,2350,0,2347
pos,1.0284789130000718,2350,0,2347
pos,1.0292985090000002,2350,0,2347
pos,1.029929230999187,2350,0,2347
pos,1.0305809820001741,2350,0,2347
pos,1.0311742140002025,2350,0,2347
pos,1.0317515059996367,2350,0,2347
pos,1.0323590649986727,2350,0,2347
pos,1.0329310159995657,2350,0,2347
pos,1.0334967170001619,2350,0,2347
pos,1.0341018109993456,2350,0,2347
pos,1.034674233998885,2350,0,2347
pos,1.0352746190001199,2350,0,2347
pos,1.0358795419997477,2350,0,2347
pos,1.0364691169997968,2350,0,2347
pos,1.0370515889990202,2350,0,2347
pos,1.0376195729986648,2350,0,2347
pos,1.0382479809995857,2350,0,2347
pos,1.038891235999472,2350,0,2347
pos,1.0394719550004083,2350,0,2347
pos,1.0400692439998238,2350,0,2347
pos,1.0406577670000843,2350,0,2347
pos,1.0412331549996452,2350,0,2347
pos,1.0419544870001118,2350,0,2347
pos,1.0425023440002406,2350,0,2347
pos,1.0442895229989517,2350,0,2347
pos,1.0448799089990644,2350,0,2347
pos,1.0454966649995185,2350,0,2347
pos,1.046112579999317,2350,0,2347
pos,1.046701793999091,2350,0,2347
pos,1.0473086210004112,2350,0,2347
pos,1.0479108199997427,2350,0,2347
pos,1.0495333099988784,2350,0,2347
pos,1.0501806029988074,2350,0,2347
pos,1.0507462129990017,2350,0,2347
pos,1.0513834769990353,2350,0,2347
pos,1.0519796850003331,2350,0,2347
pos,1.0525491919997876,2350,0,2347
pos,1.0531757159988047,2350,0,2347
pos,1.0537564149999525,2350,0,2347
pos,1.0543910639989917,2350,0,2347
pos,1.055000115000439,2350,0,2347
pos,1.056653773999642,2350,0,2347
pos,1.0572289720003027,2350,0,2347
pos,1.0577962249990378,2350,0,2347
pos,1.0584232399996836,2350,0,2347
pos,1.0589960839988635,2350,0,2347
pos,1.0596028010004375,2350,0,2347
pos,1.0601991080002335,2350,0,2347
pos,1.0607452719996218,2350,0,2347
pos,1.0613518089994614,2350,0,2347
pos,1.0619288099987898,2350,0,2347
pos,1.0626495409997005,2350,0,2347
pos,1.0632326129998546,2350,0,2347
pos,1.0638780129993393,2350,0,2347
pos,1.0644778369987762,2350,0,2347
pos,1.065960574998826,2350,0,2347
pos,1.0665616419992148,2350,0,2347
pos,1.0671763939990342,2350,0,2347
pos,1.0677641959991888,2350,0,2347
pos,1.0683792879990506,2350,0,2347
pos,1.069158147998678,2350,0,2347
pos,1.0700355019998824,2350,0,2347
pos,1.0706506249989616,2350,0,2347
pos,1.0712484149989905,2350,0,2347
pos,1.0729322409988526,2350,0,2347
pos,1.0734985119997873,2350,0,2347
pos,1.074107042999458,2350,0,2347
pos,1.074679835999632,2350,0,2347
pos,1.075276464000126,2350,0,2347
pos,1.0758692649997101,2350,0,2347
pos,1.076466344000437,2350,0,2347
pos,1.0770465309997235,2350,0,2347
pos,1.0776443319991813,2350,0,2347
pos,1.0782397679995483,2350,0,2347
pos,1.0788766509995185,2350,0,2347
pos,1.079478237999865,2350,0,2347
pos,1.0800986409994948,2350,0,2347
pos,1.0806736889990134,2350,0,2347
pos,1.0812760579992755,2350,0,2347
pos,1.0818700709987752,2350,0,2347
pos,1.0824696039999253,2350,0,2347
pos,1.0831092429998534,2350,0,2347
pos,1.083706211999015,2350,0,2347
pos,1.0843030710002495,2350,0,2347
pos,1.0849075829992216,2350,0,2347
pos,1.0854767999990145,2350,0,2347
pos,1.0867256000001362,2350,0,2347
pos,1.0873052169990842,2350,0,2347
pos,1.0878994799986685,2350,0,2347
pos,1.0884845170003246,2350,0,2347
pos,1.0893315840003197,2350,0,2347
pos,1.090711980999913,2350,0,2347
pos,1.0914326820002316,2350,0,2347
pos,1.092035751998992,2350,0,2347
pos,1.0926041169987002,2350,0,2347
pos,1.0934966900003928,2350,0,2347
pos,1.0941096480000851,2350,0,2347
pos,1.0947046229994157,2350,0,2347
pos,1.0952989170000365,2350,0,2347
pos,1.0958716810000624,2350,0,2347
pos,1.0964773260002403,2350,0,2347
pos,1.0971013849994051,2350,0,2347
pos,1.097677054000087,2350,0,2347
pos,1.0982450989995414,2350,0,2347
pos,1.0988783649991092,2350,0,2347
pos,1.0994673389996024,2350,0,2347
pos,1.100058447000265,2350,0,2347
pos,1.1006648929997027,2350,0,2347
pos,1.1012742149996484,2350,0,2347
pos,1.101873658999466,2350,0,2347
pos,1.1026418179990287,2350,0,2347
pos,1.1045936059999804,2350,0,2347
pos,1.105181007000283,2350,0,2347
pos,1.1067246299990074,2350,0,2347
pos,1.107332718998805,2350,0,2347
pos,1.1079400769995118,2350,0,2347
pos,1.1085266769987356,2350,0,2347
pos,1.1091880860003585,2350,0,2347
pos,1.1101715889999468,2350,0,2347
pos,1.1113340680003603,2350,0,2347
pos,1.1121305509986996,2350,0,2347
pos,1.1127018009992753,2350,0,2347
pos,1.1133044509988395,2350,0,2347
pos,1.1138972609987832,2350,0,2347
pos,1.1144665279989567,2350,0,2347
pos,1.1150555619988154,2350,0,2347
pos,1.1156496459989285,2350,0,2347
pos,1.116276671000378,2350,0,2347
pos,1.1168773760000477,2350,0,2347
pos,1.1174666709994199,2350,0,2347
pos,1.118053890999363,2350,0,2347
pos,1.1186236889989232,2350,0,2347
pos,1.119226589000391,2350,0,2347
pos,1.11987017499996,2350,0,2347
pos,1.1204655109995656,2350,0,2347
pos,1.1210473209994234,2350,0,2347
pos,1.121622638998815,2350,0,2347
pos,1.1222261599996273,2350,0,2347
pos,1.1228804969996418,2350,0,2347
pos,1.124622871999236,2350,0,2347
pos,1.1255440179993457,2350,0,2347
pos,1.126879741999801,2350,0,2347
pos,1.127468515000146,2350,0,2347
pos,1.128288762000011,2350,0,2347
pos,1.1289844860002631,2350,0,2347
pos,1.1297045150004124,2350,0,2347
pos,1.13030694400004,2350,0,2347
pos,1.130958865998764,2350,0,2347
pos,1.131559440998899,2350,0,2347
pos,1.1321790019992477,2350,0,2347
pos,1.132745333999992,2350,0,2347
pos,1.1333514999987528,2350,0,2347
pos,1.1339223899994977,2350,0,2347
pos,1.1344956439988891,2350,0,2347
pos,1.135104916000273,2350,0,2347
pos,1.1356717279995792,2350,0,2347
pos,1.1362758699997357,2350,0,2347
pos,1.1368766260002303,2350,0,2347
pos,1.137467372998799,2350,0,2347
pos,1.1380539319998206,2350,0,2347
pos,1.1386265649998677,2350,0,2347
pos,1.1392372600003,2350,0,2347
pos,1.139876547998938,2350,0,2347
pos,1.1404760619989247,2350,0,2347
pos,1.1411040689999936,2350,0,2347
pos,1.1416718829987076,2350,0,2347
pos,1.142431045000194,2350,0,2347
pos,1.143849803998819,2350,0,2347
pos,1.1444512809994194,2350,0,2347
pos,1.1455900450000627,2350,0,2347
pos,1.146282132000124,2350,0,2347
pos,1.146885783999096,2350,0,2347
pos,1.1474728539997159,2350,0,2347
pos,1.148062869999194,2350,0,2347
pos,1.1486591270004283,2350,0,2347
pos,1.149743658999796,2350,0,2347
pos,1.1503725879992999,2350,0,2347
pos,1.1509606899999199,2350,0,2347
pos,1.1515483820003283,2350,0,2347
pos,1.1521758179987955,2350,0,2347
pos,1.1527736179996282,2350,0,2347
pos,1.1534270020001713,2350,0,2347
pos,1.1539936839999427,2350,0,2347
pos,1.1546066829996562,2350,0,2347
pos,1.1552104849997704,2350,0,2347
pos,1.1558045179990586,2350,0,2347
pos,1.156424689999767,2350,0,2347
pos,1.157001030000174,2350,0,2347
pos,1.157614088999253,2350,0,2347
pos,1.1582099859988375,2350,0,2347
pos,1.1587984990001132,2350,0,2347
pos,1.1593692979986372,2350,0,2347
pos,1.1599793419991329,2350,0,2347
pos,1.1605468950001523,2350,0,2347
pos,1.1611761849999311,2350,0,2347
pos,1.1617483270001685,2350,0,2347
pos,1.1623546529990563,2350,0,2347
pos,1.1629503900003328,2350,0,2347
pos,1.1635271499999362,2350,0,2347
pos,1.1641780499994638,2350,0,2347
pos,1.1647784050001064,2350,0,2347
pos,1.1661622390001867,2350,0,2347
pos,1.1667550999991363,2350,0,2347
pos,1.1674619949990301,2350,0,2347
pos,1.168050066999058,2350,0,2347
pos,1.1687663989996508,2350,0,2347
pos,1.1696183059993928,2350,0,2347
pos,1.1702853859987954,2350,0,2347
pos,1.1708705019991612,2350,0,2347
pos,1.171498439000061,2350,0,2347
pos,1.1721009180000692,2350,0,2347
pos,1.1726743929993972,2350,0,2347
pos,1.173259639999742,2350,0,2347
pos,1.1738787300000695,2350,0,2347
pos,1.1744830619991262,2350,0,2347
pos,1.175104697000279,2350,0,2347
pos,1.1756794749999244,2350,0,2347
pos,1.1762462569986383,2350,0,2347
pos,1.176866498999516,2350,0,2347
pos,1.1783311039998807,2350,0,2347
pos,1.1789274209986615,2350,0,2347
pos,1.1795243699998537,2350,0,2347
pos,1.1801760210000793,2350,0,2347
pos,1.1808935859990015,2350,0,2347
pos,1.1814700969989644,2350,0,2347
pos,1.182068377998803,2350,0,2347
pos,1.1826225259992498,2350,0,2347
pos,1.183267063999665,2350,0,2347
pos,1.1854393749999872,2350,0,2347
pos,1.186921792999783,2350,0,2347
pos,1.1875524150000274,2350,0,2347
pos,1.1885931149990938,2350,0,2347
pos,1.1892540239987284,2350,0,2347
pos,1.1898874910002633,2350,0,2347
pos,1.1905905389994587,2350,0,2347
pos,1.1914184099987324,2350,0,2347
pos,1.191998677999436,2350,0,2347
pos,1.1926039520003542,2350,0,2347
pos,1.1931973339997057,2350,0,2347
pos,1.193745401000342,2350,0,2347
pos,1.1943487019998429,2350,0,2347
pos,1.1949285779992351,2350,0,2347
pos,1.1954926660000638,2350,0,2347
pos,1.1960976289992686,2350,0,2347
pos,1.1966707840001618,2350,0,2347
pos,1.1972818189988175,2350,0,2347
pos,1.1978710229996068,2350,0,2347
pos,1.1984699849999743,2350,0,2347
pos,1.199047737998626,2350,0,2347
pos,1.1996190890004073,2350,0,2347
neg,1.00000761449337e-07,2350,0,1665
neg,0.0006280670004343847,2350,0,1665
neg,0.001238531000126386,2350,0,1665
neg,0.0018339069993089652,2350,0,1665
neg,0.002419775000817026,2350,0,1665
neg,0.006363075000990648,2350,0,1665
neg,0.008081145000687684,2350,0,1665
neg,0.008943892000388587,2350,0,1665
neg,0.009544988000925514,2350,0,1665
neg,0.01013059599972621,2350,0,1665
neg,0.010739446999650681,2350,0,1665
neg,0.011372052000297117,2350,0,1665
neg,0.011978779999481048,2350,0,1665
neg,0.012572212001032312,2350,0,1665
neg,0.013984879000418005,2350,0,1665
neg,0.01467008300096495,2350,0,1665
neg,0.015271821001078933,2350,0,1665
neg,0.015862837999520707,2350,0,1665
neg,0.016467051000290667,2350,0,1665
neg,0.017039463000401156,2350,0,1665
neg,0.01761891900059709,2350,0,1665
neg,0.01824232800026948,2350,0,1665
neg,0.01887516399983724,2350,0,1665
neg,0.019471912000881275,2350,0,1665
neg,0.020077937999303686,2350,0,1665
neg,0.020707978999780607,2350,0,1665
neg,0.02230274700013979,2350,0,1665
neg,0.022861864999867976,2350,0,1665
neg,0.023468601999411476,2350,0,1665
neg,0.02407828499963216,2350,0,1665
neg,0.024924680999902193,2350,0,1665
neg,0.02705965200038918,2350,0,1665
neg,0.027788839001004817,2350,0,1665
neg,0.02852350499961176,2350,0,1665
neg,0.029265035000207718,2350,0,1665
neg,0.029834582001058152,2350,0,1665
neg,0.030423546000747592,2350,0,1665
neg,0.031087540999578778,2350,0,1665
neg,0.0324843479993433,2350,0,1665
neg,0.033366682000632863,2350,0,1665
neg,0.03394063800078584,2350,0,1665
neg,0.034550360000139335,2350,0,1665
neg,0.0351260090010328,2350,0,1665
neg,0.035769665000771056,2350,0,1665
neg,0.03636206500050321,2350,0,1665
neg,0.0369689830004063,2350,0,1665
neg,0.03756949799935683,2350,0,1665
neg,0.038122414000099525,2350,0,1665
neg,0.038720315000318806,2350,0,1665
neg,0.03931533000104537,2350,0,1665
neg,0.03986055200039118,2350,0,1665
neg,0.04046748899963859,2350,0,1665
neg,0.04103809800108138,2350,0,1665
neg,0.043924719000642654,2350,0,1665
neg,0.04473941499963985,2350,0,1665
neg,0.047378531000504154,2350,0,1665
neg,0.04856118700081424,2350,0,1665
neg,0.04916694299936353,2350,0,1665
neg,0.04977221700028167,2350,0,1665
neg,0.05036338500030979,2350,0,1665
neg,0.05105275700043421,2350,0,1665
neg,0.05225914800030296,2350,0,1665
neg,0.052867668000544654,2350,0,1665
neg,0.05347885400078667,2350,0,1665
neg,0.054071614000349655,2350,0,1665
neg,0.054665096000462654,2350,0,1665
neg,0.05524018399955821,2350,0,1665
neg,0.05584138099948177,2350,0,1665
neg,0.05646641200110025,2350,0,1665
neg,0.05701254599989625,2350,0,1665
neg,0.05759351500091725,2350,0,1665
neg,0.05816794100064726,2349,0,1665
neg,0.05873651699948823,2349,0,1665
neg,0.059341210000638966,2349,0,1665
neg,0.059913512001003255,2349,0,1665
neg,0.06053806300042197,2349,0,1665
neg,0.06113944000026095,2349,0,1665
neg,0.061735818000670406,2349,0,1665
neg,0.062340821999896434,2349,0,1665
neg,0.0629126929998165,2348,0,1665
neg,0.0635391569994681,2348,0,1665
neg,0.06411235099949408,2348,0,1665
neg,0.06468981400030316,2348,0,1665
neg,0.0654053849993943,2348,0,1665
neg,0.06771091500013426,2347,0,1665
neg,0.06921344100010174,2347,0,1665
neg,0.06982872399930784,2346,0,1665
neg,0.07042131500020332,2346,0,1665
neg,0.07101181100006215,2346,0,1665
neg,0.07179082199945697,2345,0,1665
neg,0.07297413900050742,2345,0,1665
neg,0.07381392299976142,2344,0,1665
neg,0.074502172999928,2344,0,1665
neg,0.07508776000031503,2344,0,1665
neg,0.07566412000051059,2344,0,1665
neg,0.07623920799960615,2344,0,1665
neg,0.07683508499940217,2343,-350,1665
neg,0.07738712900027167,2343,-350,1665
neg,0.07798900700072409,2343,-350,1665
neg,0.07859951099999307,2343,-350,1665
neg,0.07916821700018772,2343,-350,1665
neg,0.07973641200078418,2342,-350,1665
neg,0.08034630499969353,2342,-350,1665
neg,0.0809254100004182,2341,-350,1665
neg,0.08154423999985738,2341,-350,1665
neg,0.08211501000005228,2341,-350,1665
neg,0.08272208699963812,2340,-350,1665
neg,0.08329042200057302,2340,-350,1665
neg,0.08386536999933014,2340,-350,1665
neg,0.08446912200088263,2340,-350,1665
neg,0.08511566299966944,2339,-350,1665
neg,0.08573397200052568,2339,-350,1665
neg,0.08738780100065924,2338,-350,1665
neg,0.08799889700094354,2337,-350,1665
neg,0.08948803699968266,2337,-350,1665
neg,0.09029174299939768,2336,-350,1665
neg,0.09091469099985261,2335,-350,1665
neg,0.09172438799942029,2334,-350,1665
neg,0.09229860400046164,2334,-350,1665
neg,0.09385399900020275,2333,-350,1665
neg,0.09447225800067827,2333,-350,1665
neg,0.09505150299992238,2332,-350,1665
neg,0.09562028900108999,2331,-350,1665
neg,0.09623701500095194,2331,-350,1665
neg,0.09683720999964862,2331,-600,1665
neg,0.09741524300079618,2331,-600,1665
neg,0.09801580900057161,2330,-600,1665
neg,0.09859686799973133,2329,-600,1665
neg,0.0991633190005814,2329,-600,1665
neg,0.09973686400007864,2328,-600,1665
neg,0.1003409160002775,2328,-600,1665
neg,0.10092093400089652,2327,-600,1665
neg,0.10153827000067395,2327,-600,1665
neg,0.10214929500034486,2327,-600,1665
neg,0.10273908099952678,2326,-600,1665
neg,0.10334114900069835,2326,-600,1665
neg,0.10391740900013247,2325,-600,1665
neg,0.10494678800023394,2324,-600,1665
neg,0.10750957100026426,2321,-600,1665
neg,0.10867712900108017,2320,-600,1665
neg,0.10927030099992407,2320,-600,1665
neg,0.10992213200006518,2319,-600,1665
neg,0.11057954399984737,2318,-600,1665
neg,0.11151759200038214,2317,-600,1665
neg,0.11215722099950654,2317,-600,1665
neg,0.11284556099963083,2315,-600,1665
neg,0.11442088300100295,2314,-600,1665
neg,0.1150524469994707,2313,-600,1665
neg,0.11564225199981593,2312,-600,1665
neg,0.11623868999959086,2312,-1000,1665
neg,0.11683290300061344,2311,-1000,1665
neg,0.11743237700102327,2311,-1000,1665
neg,0.11804682799993316,2310,-1000,1665
neg,0.11861116600084642,2309,-1000,1665
neg,0.11923789100001159,2309,-1000,1665
neg,0.11983256500025163,2307,-1000,1665
neg,0.12041618900002504,2307,-1000,1665
neg,0.12099089600087609,2306,-1000,1665
neg,0.1215661940004793,2304,-1000,1665
neg,0.12211641500107362,2304,-1000,1665
neg,0.122719496001082,2303,-1000,1665
neg,0.12332075199992687,2303,-1000,1665
neg,0.12388672300039616,2302,-1000,1665
neg,0.12475893699956941,2300,-1000,1665
neg,0.12534360300014669,2300,-1000,1665
neg,0.12735373000032268,2298,-1000,1665
neg,0.12806714699945587,2296,-1000,1665
neg,0.1286689850003313,2295,-1000,1665
neg,0.12931127900083084,2295,-1000,1665
neg,0.12992533999931766,2294,-1000,1665
neg,0.13054609299979347,2292,-1000,1665
neg,0.13116774800073472,2292,-1000,1665
neg,0.13194397299957927,2291,-1000,1665
neg,0.13255527799992706,2289,-1000,1665
neg,0.13339412999994238,2288,-1000,1665
neg,0.13399763100096607,2288,-1000,1665
neg,0.13459632299964142,2286,-1000,1665
neg,0.13516418800099927,2286,-1000,1665
neg,0.13573516799988283,2284,-1000,1665
neg,0.13634099299997615,2283,-1400,1665
neg,0.13693864299966663,2283,-1400,1665
neg,0.13754500899995037,2281,-1400,1665
neg,0.1381388120007614,2281,-1400,1665
neg,0.13874143199973332,2279,-1400,1665
neg,0.13935690499965858,2277,-1400,1665
neg,0.13996984400000656,2277,-1400,1665
neg,0.14056645200071216,2276,-1400,1665
neg,0.14111122299982526,2276,-1400,1665
neg,0.14171841099960147,2274,-1400,1665
neg,0.14228776799973275,2274,-1400,1665
neg,0.14286021100087964,2272,-1400,1665
neg,0.14395988099931856,2270,-1400,1665
neg,0.14464765999946394,2269,-1400,1665
neg,0.14665027299997746,2265,-1400,1665
neg,0.14724470700093661,2265,-1400,1665
neg,0.14784072400107107,2263,-1400,1665
neg,0.14864990100068098,2261,-1400,1665
neg,0.14923674999954528,2261,-1400,1665
neg,0.14983009299976402,2259,-1400,1665
neg,0.1504147779996856,2257,-1400,1665
neg,0.1510168770000746,2257,-1400,1665
neg,0.15224399600083416,2255,-1400,1665
neg,0.15286494999963907,2252,-1400,1665
neg,0.15347558400026173,2250,-1400,1665
neg,0.15407229300035397,2250,-1400,1665
neg,0.15467261800040433,2248,-1400,1665
neg,0.15526775299986184,2246,-1400,1665
neg,0.15587373900052626,2246,-1400,1665
neg,0.15647029700085113,2244,-1950,1665
neg,0.15703809099977661,2244,-1950,1665
neg,0.15761383999961254,2242,-1950,1665
neg,0.1582363470006385,2240,-1950,1665
neg,0.15883371600102691,2240,-1950,1665
neg,0.15941244100031327,2238,-1950,1665
neg,0.15999353000006522,2238,-1950,1665
neg,0.1605899980004324,2235,-1950,1665
neg,0.161167951000607,2235,-1950,1665
neg,0.1617624150003394,2233,-1950,1665
neg,0.16234564800106455,2231,-1950,1665
neg,0.1629386490003526,2231,-1950,1665
neg,0.1635425109998323,2229,-1950,1665
neg,0.16413605299931078,2226,-1950,1665
neg,0.16479232299934665,2226,-1950,1665
neg,0.1654869449994294,2224,-1950,1665
neg,0.16609116700055893,2224,-1950,1665
neg,0.1683045250010764,2217,-1950,1665
neg,0.16889148500013107,2217,-1950,1665
neg,0.16953886800001783,2215,-1950,1665
neg,0.17013754999970843,2213,-1950,1665
neg,0.17083973599983437,2213,-1950,1665
neg,0.17334981000021799,2206,-1950,1665
neg,0.17395609699997294,2206,-1950,1665
neg,0.1745419849994505,2203,-1950,1665
neg,0.1751411969999026,2201,-1950,1665
neg,0.1757349300005444,2201,-1950,1665
neg,0.17634597500000382,2198,-2300,1665
neg,0.1769262029993115,2198,-2300,1665
neg,0.17754754700035846,2196,-2300,1665
neg,0.1781114940004045,2194,-2300,1665
neg,0.1787209360009001,2194,-2300,1665
neg,0.17928916100026981,2191,-2300,1665
neg,0.1798598210007185,2191,-2300,1665
neg,0.1804659970002831,2189,-2300,1665
neg,0.1810373869993782,2189,-2300,1665
neg,0.1816090289994463,2186,-2300,1665
neg,0.18223617399962677,2183,-2300,1665
neg,0.18283088899988797,2183,-2300,1665
neg,0.18341477300054976,2181,-2300,1665
neg,0.1839850310007023,2181,-2300,1665
neg,0.18485302800036152,2178,-2300,1665
neg,0.1872947940009908,2171,-2300,1665
neg,0.18902906400035135,2168,-2300,1665
neg,0.18974329299999226,2166,-2300,1665
neg,0.1903468439995777,2163,-2300,1665
neg,0.19097436999982165,2163,-2300,1665
neg,0.19161807599994063,2160,-2300,1665
neg,0.19236685000032594,2158,-2300,1665
neg,0.1929736870006309,2158,-2300,1665
neg,0.19357548500011035,2155,-2300,1665
neg,0.19417344500106992,2153,-2300,1665
neg,0.19479077200048778,2153,-2300,1665
neg,0.1953919589996076,2150,-2300,1665
neg,0.19620756699987396,2148,-2500,1665
neg,0.1968025120004313,2148,-2500,1665
neg,0.19738309000058507,2145,-2500,1665
neg,0.19796707500063349,2145,-2500,1665
neg,0.19856547600102203,2142,-2500,1665
neg,0.1991118900004949,2140,-2500,1665
neg,0.199718046000271,2140,-2500,1665
neg,0.20032505400013179,2137,-2500,1665
neg,0.2009196079998219,2137,-2500,1665
neg,0.20153691499945126,2135,-2500,1665
neg,0.20210901700011163,2132,-2500,1665
neg,0.20274109199999657,2132,-2500,1665
neg,0.20334044499941228,2129,-2500,1665
neg,0.20400661299936473,2126,-2500,1665
neg,0.2045998249996046,2126,-2500,1665
neg,0.20542325799942773,2124,-2500,1665
neg,0.20602676899943617,2121,-2500,1665
neg,0.207948049001061,2116,-2500,1665
neg,0.20926085999963107,2113,-2500,1665
neg,0.20993000400085293,2111,-2500,1665
neg,0.2105580009992991,2111,-2500,1665
neg,0.2112458699994022,2108,-2500,1665
neg,0.21183153799938736,2108,-2500,1665
neg,0.21241444000042975,2105,-2500,1665
neg,0.21306515899959777,2102,-2500,1665
neg,0.21438327999931062,2100,-2500,1665
neg,0.21499380400018708,2097,-2500,1665
neg,0.21559730499939178,2097,-2500,1665
neg,0.21616264400108776,2095,-2650,1665
neg,0.21680057999947167,2095,-2650,1665
neg,0.21736064899960184,2092,-2650,1665
neg,0.2179664049999701,2089,-2650,1665
neg,0.21853793599984783,2089,-2650,1665
neg,0.21913876100006746,2086,-2650,1665
neg,0.21973706300013873,2086,-2650,1665
neg,0.22035803700055112,2083,-2650,1665
neg,0.22098617399933573,2081,-2650,1665
neg,0.2215925900000002,2081,-2650,1665
neg,0.22216252799989888,2078,-2650,1665
neg,0.22279463300037605,2078,-2650,1665
neg,0.2233593809996819,2075,-2650,1665
neg,0.2239709679997759,2073,-2650,1665
neg,0.2245645200000581,2073,-2650,1665
neg,0.22524477499973727,2070,-2650,1665
neg,0.22584831600033795,2067,-2650,1665
neg,0.22647134299950267,2067,-2650,1665
neg,0.2270748850005475,2064,-2650,1665
neg,0.22767121200013207,2064,-2650,1665
neg,0.22855171199989854,2062,-2650,1665
neg,0.2291477090002445,2059,-2650,1665
neg,0.229860233999716,2056,-2650,1665
neg,0.2304767300011008,2056,-2650,1665
neg,0.2310635200010438,2053,-2650,1665
neg,0.23163901800035092,2053,-2650,1665
neg,0.23224636600025406,2051,-2650,1665
neg,0.23369539200029976,2048,-2650,1665
neg,0.23429902300085814,2045,-2650,1665
neg,0.23488590300075884,2043,-2650,1665
neg,0.2355426140002237,2043,-2750,1665
neg,0.23610924599961436,2040,-2750,1665
neg,0.236714901000596,2040,-2750,1665
neg,0.23731868200047757,2037,-2750,1665
neg,0.23786424399986572,2034,-2750,1665
neg,0.23848654100038402,2034,-2750,1665
neg,0.23906822100070713,2032,-2750,1665
neg,0.2396612920001644,2032,-2750,1665
neg,0.24026019499979157,2029,-2750,1665
neg,0.2408321260008961,2026,-2750,1665
neg,0.24141039999994973,2026,-2750,1665
neg,0.2419904670005053,2023,-2750,1665
neg,0.24258979099977296,2023,-2750,1665
neg,0.2431625940007507,2020,-2750,1665
neg,0.24380250300055195,2018,-2750,1665
neg,0.24463929100056703,2018,-2750,1665
neg,0.24750943000071857,2009,-2750,1665
neg,0.24887911699988763,2004,-2750,1665
neg,0.24949586299953808,2004,-2750,1665
neg,0.25008565899952373,2002,-2750,1665
neg,0.2506738009997207,2002,-2750,1665
neg,0.25127583900030004,1999,-2750,1665
neg,0.25186854999992647,1996,-2750,1665
neg,0.2529190990007919,1993,-2750,1665
neg,0.25354652399983024,1993,-2750,1665
neg,0.25410934899991844,1991,-2750,1665
neg,0.2547186209994834,1988,-2750,1665
neg,0.2552888089994667,1988,-2750,1665
neg,0.25585898800090945,1985,-2750,1665
neg,0.2564664660003473,1985,-2750,1665
neg,0.25703669500035176,1982,-2750,1665
neg,0.25760851700033527,1982,-2750,1665
neg,0.25823780599966994,1979,-2750,1665
neg,0.25886370899934263,1976,-2750,1665
neg,0.2594634130000486,1976,-2750,1665
neg,0.26004251800077327,1973,-2750,1665
neg,0.2606088690008619,1973,-2750,1665
neg,0.2612353240001539,1970,-2750,1665
neg,0.2618332340007328,1968,-2750,1665
neg,0.2624132010005269,1968,-2750,1665
neg,0.26298440100072185,1965,-2750,1665
neg,0.2635955770001601,1965,-2750,1665
neg,0.26416325100035465,1962,-2750,1665
neg,0.26502441500088025,1959,-2750,1665
neg,0.26592067400088126,1957,-2750,1665
neg,0.2667067880011018,1954,-2750,1665
neg,0.26732176000041363,1954,-2750,1665
neg,0.26792165400001977,1951,-2750,1665
neg,0.2685434400009399,1951,-2750,1665
neg,0.269300108000607,1948,-2750,1665
neg,0.26989359000072,1946,-2750,1665
neg,0.270554197999445,1946,-2750,1665
neg,0.27114258099936706,1943,-2750,1665
neg,0.273230393000631,1938,-2750,1665
neg,0.2738427309996041,1935,-2750,1665
neg,0.2744815080004628,1935,-2750,1665
neg,0.2750765330001741,1933,-2750,1665
neg,0.27566500600005384,1930,-2750,1665
neg,0.2762973009994312,1930,-2750,1665
neg,0.2768938290009828,1927,-2750,1665
neg,0.277538005999304,1925,-2750,1665
neg,0.27810927700011234,1925,-2750,1665
neg,0.2787161340002058,1922,-2750,1665
neg,0.27928821600107767,1922,-2750,1665
neg,0.2798600679998344,1919,-2750,1665
neg,0.2804659730009007,1919,-2750,1665
neg,0.281039036999573,1917,-2750,1665
neg,0.2816413860000466,1914,-2750,1665
neg,0.2822362010010693,1914,-2750,1665
neg,0.282839261000845,1912,-2750,1665
neg,0.28346774900091987,1912,-2750,1665
neg,0.2841786810004123,1909,-2750,1665
neg,0.28607351199934783,1904,-2750,1665
neg,0.2871055260002322,1901,-2750,1665
neg,0.28772131000005174,1899,-2750,1665
neg,0.2895164740002656,1894,-2750,1665
neg,0.29012894200059236,1894,-2750,1665
neg,0.2907919650006079,1891,-2750,1665
neg,0.2914702859998215,1889,-2750,1665
neg,0.2920695089997025,1889,-2750,1665
neg,0.2926533530007873,1886,-2750,1665
neg,0.2932627650006907,1886,-2750,1665
neg,0.29384314299932157,1884,-2750,1665
neg,0.2945152230004169,1881,-2750,1665
neg,0.2951155070004461,1881,-2750,1665
neg,0.2957193490001373,1879,-2550,1665
neg,0.2963127710008848,1879,-2550,1665
neg,0.2968711280009302,1876,-2550,1665
neg,0.29746801600049366,1874,-2550,1665
neg,0.29803900600018096,1874,-2550,1665
neg,0.29864398000063375,1872,-2550,1665
neg,0.29923369500102126,1872,-2550,1665
neg,0.2998315660006483,1869,-2550,1665
neg,0.30041084100048465,1867,-2550,1665
neg,0.30101652600023954,1867,-2550,1665
neg,0.3015890090009634,1864,-2550,1665
neg,0.30216154200024903,1864,-2550,1665
neg,0.3027329930009728,1862,-2550,1665
neg,0.3033383279998816,1862,-2550,1665
neg,0.30394643699946755,1860,-2550,1665
neg,0.304532886000743,1857,-2550,1665
neg,0.3051177520010242,1857,-2550,1665
neg,0.30584876200009603,1855,-2550,1665
neg,0.30802563200086297,1850,-2550,1665
neg,0.30964782199953333,1846,-2550,1665
neg,0.31024035300106334,1846,-2550,1665
neg,0.31083525699978054,1844,-2550,1665
neg,0.3114885220002179,1842,-2550,1665
neg,0.312085150000712,1842,-2550,1665
neg,0.31266846300059115,1840,-2550,1665
neg,0.3132663340002182,1840,-2550,1665
neg,0.313993316000051,1838,-2550,1665
neg,0.3145944820007571,1836,-2550,1665
neg,0.3151745499999379,1836,-2250,1665
neg,0.31573491000017384,1834,-2250,1665
neg,0.31634091600062675,1831,-2250,1665
neg,0.31691304800006037,1831,-2250,1665
neg,0.3175370869994367,1829,-2250,1665
neg,0.31810837800003355,1829,-2250,1665
neg,0.31871451400002115,1827,-2250,1665
neg,0.3192853840009775,1827,-2250,1665
neg,0.31985769600032654,1825,-2250,1665
neg,0.3204677699995955,1823,-2250,1665
neg,0.32104692500070087,1823,-2250,1665
neg,0.32185778399980336,1821,-2250,1665
neg,0.3224895280000055,1819,-2250,1665
neg,0.3230807769996318,1819,-2250,1665
neg,0.32366240699957416,1818,-2250,1665
neg,0.32423283500065736,1818,-2250,1665
neg,0.3249818389995198,1816,-2250,1665
neg,0.32557073300085904,1814,-2250,1665
neg,0.3287823619994015,1809,-2250,1665
neg,0.3293671480005287,1807,-2250,1665
neg,0.3299647269996058,1807,-2250,1665
neg,0.3305706530009047,1805,-2250,1665
neg,0.3311686440010817,1805,-2250,1665
neg,0.3317445430002408,1803,-2250,1665
neg,0.33324389300105395,1800,-2250,1665
neg,0.333830202000172,1800,-2250,1665
neg,0.3344273710008565,1798,-2250,1665
neg,0.3349829220005631,1798,-1900,1665
neg,0.3355986059996212,1796,-1900,1665
neg,0.33623859500039543,1795,-1900,1665
neg,0.33683683600065706,1795,-1900,1665
neg,0.33741862699935155,1793,-1900,1665
neg,0.3379843170005188,1793,-1900,1665
neg,0.33899729500080866,1792,-1900,1665
neg,0.3395947850003722,1790,-1900,1665
neg,0.3402345840004273,1788,-1900,1665
neg,0.34094982399983564,1788,-1900,1665
neg,0.3415362430005189,1787,-1900,1665
neg,0.3421418479993008,1785,-1900,1665
neg,0.342732815999625,1785,-1900,1665
neg,0.34333779900043737,1784,-1900,1665
neg,0.34390968099978636,1784,-1900,1665
neg,0.3447183970001788,1782,-1900,1665
neg,0.3467303970010107,1779,-1900,1665
neg,0.34734805500011134,1778,-1900,1665
neg,0.348681082999974,1776,-1900,1665
neg,0.3494822650009155,1775,-1900,1665
neg,0.3500622720002866,1775,-1900,1665
neg,0.35067340699970373,1773,-1900,1665
neg,0.3512972560001799,1772,-1900,1665
neg,0.3531129389994021,1770,-1900,1665
neg,0.3538572439993004,1770,-1900,1665
neg,0.3544926039994607,1768,-1900,1665
neg,0.3551207920008892,1767,-1450,1665
neg,0.3558675910007878,1767,-1450,1665
neg,0.3564769130007335,1766,-1450,1665
neg,0.35706626799947117,1766,-1450,1665
neg,0.35762813099972846,1765,-1450,1665
neg,0.35824448600033065,1764,-1450,1665
neg,0.35882944200056954,1764,-1450,1665
neg,0.3594141480007238,1762,-1450,1665
neg,0.35998265300077037,1762,-1450,1665
neg,0.3605912040002295,1761,-1450,1665
neg,0.3612401000009413,1760,-1450,1665
neg,0.3618377500006318,1760,-1450,1665
neg,0.36241002200040384,1759,-1450,1665
neg,0.3630847870008438,1758,-1450,1665
neg,0.36365960399962205,1758,-1450,1665
neg,0.3646722920002503,1757,-1450,1665
neg,0.3666557489996194,1755,-1450,1665
neg,0.36743306599964853,1753,-1450,1665
neg,0.3680481579995103,1752,-1450,1665
neg,0.3686695230007899,1752,-1450,1665
neg,0.36926268500064907,1751,-1450,1665
neg,0.36984344300071825,1751,-1450,1665
neg,0.37049257999933616,1750,-1450,1665
neg,0.3712419740004407,1749,-1450,1665
neg,0.3725368409996008,1748,-1450,1665
neg,0.3731187110006431,1747,-1450,1665
neg,0.3737642510004662,1747,-1450,1665
neg,0.3743704970002,1747,-1450,1665
neg,0.37499558799936494,1746,-1050,1665
neg,0.3755926770008955,1746,-1050,1665
neg,0.37616100299965183,1745,-1050,1665
neg,0.37673337500018533,1745,-1050,1665
neg,0.3773398819994327,1744,-1050,1665
neg,0.37793625999984215,1744,-1050,1665
neg,0.3785379370001465,1743,-1050,1665
neg,0.3791096690001723,1742,-1050,1665
neg,0.37971773800018127,1742,-1050,1665
neg,0.38026645699937944,1741,-1050,1665
neg,0.3808373659994686,1741,-1050,1665
neg,0.38141562000055274,1740,-1050,1665
neg,0.38201164699967194,1739,-1050,1665
neg,0.3825881280008616,1739,-1050,1665
neg,0.38316369600033795,1738,-1050,1665
neg,0.3837357080010406,1738,-1050,1665
neg,0.38437003699982597,1737,-1050,1665
neg,0.3849772249996022,1737,-1050,1665
neg,0.3869934730009845,1735,-1050,1665
neg,0.38774326800012204,1735,-1050,1665
neg,0.38939693800057285,1734,-1050,1665
neg,0.3899972430008347,1733,-1050,1665
neg,0.3905939110009058,1733,-1050,1665
neg,0.3912269770007697,1732,-1050,1665
neg,0.39263324300009117,1731,-1050,1665
neg,0.39323685400086106,1731,-1050,1665
neg,0.39383248000012827,1731,-1050,1665
neg,0.39441549299954204,1730,-1050,1665
neg,0.3950132730005862,1729,-850,1665
neg,0.3956079180006782,1729,-850,1665
neg,0.3962316569995892,1729,-850,1665
neg,0.3968346769997879,1729,-850,1665
neg,0.3974166570005764,1728,-850,1665
neg,0.3979813660007494,1727,-850,1665
neg,0.3985601099993801,1727,-850,1665
neg,0.3991065339996567,1727,-850,1665
neg,0.3997124300003634,1727,-850,1665
neg,0.4002918549995229,1726,-850,1665
neg,0.400945209999918,1725,-850,1665
neg,0.40153593700051715,1725,-850,1665
neg,0.4021413520003989,1724,-850,1665
neg,0.402733912000258,1724,-850,1665
neg,0.4033420420000766,1724,-850,1665
neg,0.40391522599929885,1723,-850,1665
neg,0.4045367510007054,1723,-850,1665
neg,0.4051353230006498,1723,-850,1665
neg,0.40576563400099985,1723,-850,1665
neg,0.40637222999976075,1722,-850,1665
neg,0.40697007100061455,1722,-850,1665
neg,0.4075692540009186,1722,-850,1665
neg,0.40816538100079924,1721,-850,1665
neg,0.40957718699974066,1720,-850,1665
neg,0.41029489200082025,1720,-850,1665
neg,0.4108849879994523,1719,-850,1665
neg,0.41153511599986814,1719,-850,1665
neg,0.4121109959996829,1719,-850,1665
neg,0.4127177930004109,1719,-850,1665
neg,0.4133182780005882,1718,-850,1665
neg,0.41392547599934915,1718,-850,1665
neg,0.414545748000819,1718,-600,1665
neg,0.4151102260002517,1717,-600,1665
neg,0.41571788500004914,1717,-600,1665
neg,0.41629169000043476,1717,-600,1665
neg,0.4168572300004598,1717,-600,1665
neg,0.41747045000010985,1717,-600,1665
neg,0.4180344270007481,1716,-600,1665
neg,0.41860808199999155,1716,-600,1665
neg,0.4192360880006163,1715,-600,1665
neg,0.41983037200043327,1715,-600,1665
neg,0.42040963799991005,1715,-600,1665
neg,0.42098533699936524,1714,-600,1665
neg,0.42159999900104594,1714,-600,1665
neg,0.42224017800072033,1714,-600,1665
neg,0.42283258799943724,1713,-600,1665
neg,0.4234109620010713,1713,-600,1665
neg,0.424019333000615,1713,-600,1665
neg,0.42489692700110027,1713,-600,1665
neg,0.425660749000599,1713,-600,1665
neg,0.42626006200043776,1712,-600,1665
neg,0.42804925500058744,1711,-600,1665
neg,0.42878602600103477,1711,-600,1665
neg,0.4293583079997916,1711,-600,1665
neg,0.4302472740000667,1710,-600,1665
neg,0.43104713300090225,1710,-600,1665
neg,0.4320114000001922,1710,-600,1665
neg,0.43263358600052015,1710,-600,1665
neg,0.4332620839995798,1710,-600,1665
neg,0.4338572899996507,1709,-600,1665
neg,0.4344661310005904,1709,-400,1665
neg,0.43503438500010816,1709,-400,1665
neg,0.43560639700081083,1709,-400,1665
neg,0.4362336430003779,1709,-400,1665
neg,0.43682717500087165,1708,-400,1665
neg,0.4374087950000103,1708,-400,1665
neg,0.4380173459994694,1708,-400,1665
neg,0.4386095760000899,1708,-400,1665
neg,0.43923435699980473,1707,-400,1665
neg,0.4398277189993678,1707,-400,1665
neg,0.4404091779997543,1707,-400,1665
neg,0.44098970599952736,1707,-400,1665
neg,0.44159506100004364,1707,-400,1665
neg,0.44224575999942317,1706,-400,1665
neg,0.44283096700019087,1706,-400,1665
neg,0.4434149110002181,1706,-400,1665
neg,0.4442209919998277,1706,-400,1665
neg,0.4455389720005769,1706,-400,1665
neg,0.44614263299990853,1705,-400,1665
neg,0.4467657410004904,1705,-400,1665
neg,0.44777102499938337,1705,-400,1665
neg,0.44836066999960167,1705,-400,1665
neg,0.4489668860005622,1705,-400,1665
neg,0.4495736629996827,1704,-400,1665
neg,0.4501627869994991,1704,-400,1665
neg,0.4511496970008011,1704,-400,1665
neg,0.4518488970006729,1704,-400,1665
neg,0.452470242000345,1704,-400,1665
neg,0.4530651069999294,1704,-400,1665
neg,0.4536754300006578,1704,-400,1665
neg,0.4542578319997119,1704,-300,1665
neg,0.45482780000020284,1703,-300,1665
neg,0.4554130470005475,1703,-300,1665
neg,0.4563264179996622,1703,-300,1665
neg,0.45691678500043054,1703,-300,1665
neg,0.4575342019998061,1703,-300,1665
neg,0.45813280400034273,1703,-300,1665
neg,0.4587339299996529,1703,-300,1665
neg,0.45934157900046557,1703,-300,1665
neg,0.4599130500009778,1702,-300,1665
neg,0.4605432410007779,1702,-300,1665
neg,0.461110013000507,1702,-300,1665
neg,0.46171678000064276,1702,-300,1665
neg,0.46228904300005524,1702,-300,1665
neg,0.4628605140005675,1702,-300,1665
neg,0.4636937550003495,1702,-300,1665
neg,0.4652128420002555,1702,-300,1665
neg,0.4665339879993553,1701,-300,1665
neg,0.4671419669994066,1701,-300,1665
neg,0.46784985399972356,1701,-300,1665
neg,0.4684792740008561,1701,-300,1665
neg,0.46909454700107744,1701,-300,1665
neg,0.46969204699962575,1701,-300,1665
neg,0.47029257199938,1701,-300,1665
neg,0.47153073200024664,1701,-300,1665
neg,0.4721234530006768,1701,-300,1665
neg,0.472855164000066,1701,-300,1665
neg,0.4734699159998854,1701,-300,1665
neg,0.4740549430007377,1701,-300,1665
neg,0.47464363600010984,1701,-100,1665
neg,0.4752558340005635,1701,-100,1665
neg,0.4758324039994477,1701,-100,1665
neg,0.4764092650002567,1701,-100,1665
neg,0.47698227900036727,1701,-100,1665
neg,0.47758727300060855,1701,-100,1665
neg,0.47815880400048627,1701,-100,1665
neg,0.47873052500108315,1700,-100,1665
neg,0.47933713200109196,1700,-100,1665
neg,0.47990783199929865,1700,-100,1665
neg,0.4805392150010448,1700,-100,1665
neg,0.48110535600062576,1700,-100,1665
neg,0.4817186350010161,1700,-100,1665
neg,0.48231452199979685,1700,-100,1665
neg,0.4828657950001798,1700,-100,1665
neg,0.4834604389998276,1700,-100,1665
neg,0.4842356019998988,1700,-100,1665
neg,0.48497543899975426,1700,-100,1665
neg,0.48555850100092357,1700,-100,1665
neg,0.48611498399986885,1700,-100,1665
neg,0.4879270199999155,1700,-100,1665
neg,0.4885669390005205,1700,-100,1665
neg,0.48916145300063363,1700,-100,1665
neg,0.48976529500032484,1700,-100,1665
neg,0.4903589280002052,1700,-100,1665
neg,0.4918792869993922,1700,-100,1665
neg,0.4926486690001184,1700,-100,1665
neg,0.49323685099989234,1700,-100,1665
neg,0.49382741800036456,1700,-100,1665
neg,0.4944142380008998,1700,-50,1665
neg,0.49499019699942437,1700,-50,1665
neg,0.4955889789998764,1700,-50,1665
neg,0.49616618099935295,1700,-50,1665
neg,0.49673117000020284,1700,-50,1665
neg,0.4973366550002538,1700,-50,1665
neg,0.49791884499973094,1700,-50,1665
neg,0.4985346190005657,1700,-50,1665
neg,0.4991621360004501,1700,-50,1665
neg,0.49973255499935476,1700,-50,1665
neg,0.5003456840004219,1700,-50,1665
neg,0.5009140990005108,1700,-50,1665
neg,0.5015342410006269,1700,-50,1665
neg,0.5021068839996587,1700,-50,1665
neg,0.5027659990009852,1700,-50,1665
neg,0.5061198650000733,1700,-50,1665
neg,0.5070352910006477,1700,-50,1665
neg,0.5076430389999587,1700,-50,1665
neg,0.5082317020005576,1700,-50,1665
neg,0.5088261769997189,1700,-50,1665
neg,0.509516080001049,1700,-50,1665
neg,0.5106455160002952,1700,-50,1665
neg,0.5112649370003055,1700,-50,1665
neg,0.5118410970007972,1700,-50,1665
neg,0.5127416850009467,1700,-50,1665
neg,0.513339265000468,1700,-50,1665
neg,0.5139130700008536,1700,0,1665
neg,0.5145351959999971,1700,0,1665
neg,0.5151366730005975,1700,0,1665
neg,0.5157861600000615,1700,0,1665
neg,0.5163634220007225,1700,0,1665
neg,0.5169662419993983,1700,0,1665
neg,0.5175594230004208,1700,0,1665
neg,0.5181074800002534,1700,0,1665
neg,0.5187157910004316,1700,0,1665
neg,0.5192869410002459,1700,0,1665
neg,0.5202559169993037,1700,0,1665
neg,0.5208584160009195,1700,0,1665
neg,0.5214626279994263,1700,0,1665
neg,0.5225797120001516,1700,0,1665
neg,0.5231693570003699,1700,0,1665
neg,0.5253993759997684,1700,0,1665
neg,0.5259666490001109,1700,0,1665
neg,0.527478042000439,1700,0,1665
neg,0.5281206760009809,1700,0,1665
neg,0.5287387640000816,1700,0,1665
neg,0.5293471250006405,1700,0,1665
neg,0.5310787399994297,1700,0,1665
neg,0.5316921390003699,1700,0,1665
neg,0.5322924140000396,1700,0,1665
neg,0.532856461000847,1700,0,1665
neg,0.5334653230002004,1700,0,1665
neg,0.5340341190003528,1700,0,1665
neg,0.5346073630007595,1700,0,1665
neg,0.5352356399998826,1700,0,1665
neg,0.5358281210010318,1700,0,1665
neg,0.5364632410000922,1700,0,1665
neg,0.5370328280005197,1700,0,1665
neg,0.5376312700009294,1700,0,1665
neg,0.5382375059998594,1700,0,1665
neg,0.5388285839999298,1700,0,1665
neg,0.5394171869993443,1700,0,1665
neg,0.5399791800009552,1700,0,1665
neg,0.5405874900006893,1700,0,1665
neg,0.5411645120002504,1700,0,1665
neg,0.5423124730004929,1700,0,1665
neg,0.5429877080005099,1700,0,1665
neg,0.544612744000915,1700,0,1665
neg,0.5452541659997223,1700,0,1665
neg,0.5458290530004888,1700,0,1665
neg,0.5464132880006218,1700,0,1665
neg,0.5469909410003311,1700,0,1665
neg,0.5475912559995777,1700,0,1665
neg,0.5483441470005346,1700,0,1665
neg,0.5495509089996631,1700,0,1665
neg,0.5501550410008349,1700,0,1665
neg,0.5507842000006349,1700,0,1665
neg,0.5513357830004679,1700,0,1665
neg,0.5519075650008745,1700,0,1665
neg,0.552531605000695,1700,0,1665
neg,0.5531049889996211,1699,0,1665
neg,0.5537121569996089,1699,-50,1665
neg,0.5542831469992962,1699,-50,1665
neg,0.5548563409993221,1699,-50,1665
neg,0.5554677470008755,1699,-50,1665
neg,0.5560322950004775,1699,-50,1665
neg,0.5565894190003746,1699,-50,1665
neg,0.55716359500002,1699,-50,1665
neg,0.5577315499995166,1699,-50,1665
neg,0.5583750559999316,1699,-50,1665
neg,0.5589670749996003,1699,-50,1665
neg,0.5595717779997358,1699,-50,1665
neg,0.5602429360005772,1699,-50,1665
neg,0.5611698440006876,1699,-50,1665
neg,0.5617646680002508,1699,-50,1665
neg,0.5623674880007457,1699,-50,1665
neg,0.562972871999591,1699,-50,1665
neg,0.5644722119996004,1699,-50,1665
neg,0.5650676980003482,1699,-50,1665
neg,0.565710733000742,1699,-50,1665
neg,0.566297563000262,1699,-50,1665
neg,0.5672313830000348,1699,-50,1665
neg,0.5679152150005393,1699,-50,1665
neg,0.5685443140009738,1699,-50,1665
neg,0.5691322460006631,1699,-50,1665
neg,0.5697299759995076,1699,-50,1665
neg,0.5703413520004688,1699,-50,1665
neg,0.5709636379997391,1699,-50,1665
neg,0.5722351309996156,1699,-50,1665
neg,0.5728354660004698,1699,-50,1665
neg,0.5736676649994479,1699,0,1665
neg,0.574259154000174,1699,0,1665
neg,0.5748397019997356,1699,0,1665
neg,0.5754689509994932,1699,0,1665
neg,0.5760630040003889,1699,0,1665
neg,0.5766576290006924,1699,0,1665
neg,0.5772290400000202,1699,0,1665
neg,0.5778249270006199,1699,0,1665
neg,0.5785266719994979,1699,0,1665
neg,0.5791199640007108,1699,0,1665
neg,0.5805152980010462,1699,0,1665
neg,0.5811324149999564,1699,0,1665
neg,0.5818007779998879,1699,0,1665
neg,0.5838181680010166,1699,0,1665
neg,0.5844167199993535,1699,0,1665
neg,0.5850093210010527,1699,0,1665
neg,0.5856100870005321,1699,0,1665
neg,0.5862345069999719,1699,0,1665
neg,0.5868376870002976,1699,0,1665
neg,0.5874654140006896,1699,0,1665
neg,0.5880329169995093,1698,0,1665
neg,0.5886997470006463,1698,0,1665
neg,0.5892981480010349,1698,0,1665
neg,0.5902567949997319,1698,0,1665
neg,0.591218427000058,1698,0,1665
neg,0.592373351999413,1698,0,1665
neg,0.5930799760008085,1698,0,1665
neg,0.593716167999446,1698,-50,1665
neg,0.5942851950003387,1698,-50,1665
neg,0.5948945769996499,1698,-50,1665
neg,0.5955399659997056,1698,-50,1665
neg,0.5961077299998578,1698,-50,1665
neg,0.596713365001051,1698,-50,1665
neg,0.5975118120004481,1698,-50,1665
neg,0.5981200210007955,1698,-50,1665
neg,0.5987978220000514,1698,-50,1665
neg,0.5994098989995109,1698,-50,1665
neg,0.6010445020001498,1698,-50,1665
neg,0.6026088939997862,1698,-50,1665
neg,0.6035028890000831,1698,-50,1665
neg,0.6041275200004748,1698,-50,1665
neg,0.6047962530010409,1697,-50,1665
neg,0.6057979100005468,1697,-50,1665
neg,0.6063972640004067,1697,-50,1665
neg,0.6072571650001919,1697,-50,1665
neg,0.6078601949993754,1697,-50,1665
neg,0.6085679419993539,1697,-50,1665
neg,0.609163928000271,1697,-50,1665
neg,0.610222982999403,1697,-50,1665
neg,0.6116707769997447,1697,-50,1665
neg,0.6123223079994204,1697,-50,1665
neg,0.6129391739996208,1697,-50,1665
neg,0.6135540360010054,1697,-50,1665
neg,0.6141215799998463,1697,-50,1665
neg,0.6147715480001352,1696,-50,1665
neg,0.6153998250010773,1696,-50,1665
neg,0.6159836900005757,1696,-50,1665
neg,0.6167745620005007,1696,-50,1665
neg,0.6178917249999358,1696,-50,1665
neg,0.6185394990006898,1696,-50,1665
neg,0.6191088460000174,1696,-50,1665
neg,0.6197221359998366,1696,-50,1665
neg,0.6206076250000478,1696,-50,1665
neg,0.6212329370009684,1696,-50,1665
neg,0.6232371229998535,1696,-50,1665
neg,0.62394446899998,1695,-50,1665
neg,0.6245535300004121,1695,-50,1665
neg,0.625163724000231,1695,-50,1665
neg,0.6257345240010181,1695,-50,1665
neg,0.6263412009993772,1695,-50,1665
neg,0.6273550109999633,1695,-50,1665
neg,0.6284171210008935,1695,-50,1665
neg,0.6290651550007169,1695,-50,1665
neg,0.6296448220000457,1695,-50,1665
neg,0.6302332049999677,1695,-50,1665
neg,0.6308361640003568,1695,-50,1665
neg,0.6314061120010592,1695,-50,1665
neg,0.6321576110003662,1695,-50,1665
neg,0.6327284409999265,1695,-50,1665
neg,0.6333394260000205,1695,-100,1665
neg,0.6339159260005545,1695,-100,1665
neg,0.6345360779996554,1695,-100,1665
neg,0.635170477000429,1695,-100,1665
neg,0.6357334719996288,1695,-100,1665
neg,0.6363460499997018,1695,-100,1665
neg,0.6369335319996026,1695,-100,1665
neg,0.6378549580003892,1695,-100,1665
neg,0.6384780759999558,1695,-100,1665
neg,0.6392784960007702,1695,-100,1665
neg,0.6398622500000783,1695,-100,1665
neg,0.6407546930004173,1695,-100,1665
neg,0.6413426149993029,1695,-100,1665
neg,0.642967318999581,1695,-100,1665
neg,0.6435708700009855,1695,-100,1665
neg,0.6442287629997736,1695,-100,1665
neg,0.6448244599996542,1695,-100,1665
neg,0.6454674050000904,1695,-100,1665
neg,0.6460737409997819,1695,-100,1665
neg,0.6466641770002752,1695,-100,1665
neg,0.6472670670009393,1695,-100,1665
neg,0.6479141300005722,1695,-100,1665
neg,0.6485441410004569,1695,-100,1665
neg,0.6491330850003578,1695,-100,1665
neg,0.6497293020001962,1695,-100,1665
neg,0.6503351169994858,1695,-100,1665
neg,0.650906187000146,1695,-100,1665
neg,0.6515338339995651,1695,-100,1665
neg,0.6521303019999323,1695,-100,1665
neg,0.6527279319998343,1695,-100,1665
neg,0.6533394470006897,1695,0,1665
neg,0.6539247140008229,1695,0,1665
neg,0.654534417000832,1695,0,1665
neg,0.6551373570000578,1695,0,1665
neg,0.6559288709995599,1695,0,1665
neg,0.6565421899995272,1695,0,1665
neg,0.6595408600005612,1695,0,1665
neg,0.6601357649997226,1695,0,1665
neg,0.6607470100007049,1695,0,1665
neg,0.6613400309997814,1695,0,1665
neg,0.6620003589996486,1695,0,1665
neg,0.662596496000333,1695,0,1665
neg,0.663232118000451,1695,0,1665
neg,0.6638363199999731,1695,0,1665
neg,0.6645489950005867,1695,0,1665
neg,0.6651488700008485,1695,0,1665
neg,0.6665041800006293,1695,0,1665
neg,0.6671414140000707,1695,0,1665
neg,0.6677617759996792,1695,0,1665
neg,0.6683547980010189,1695,0,1665
neg,0.6689711230010289,1695,0,1665
neg,0.6695643750008458,1695,0,1665
neg,0.6701026539994928,1695,0,1665
neg,0.670713939000052,1695,0,1665
neg,0.6712845689999085,1695,0,1665
neg,0.671852002000378,1695,0,1665
neg,0.6724934240010043,1695,0,1665
neg,0.6730819069998688,1695,0,1665
neg,0.6736674340008904,1695,0,1665
neg,0.6742988980004156,1695,0,1665
neg,0.6753905929999746,1695,0,1665
neg,0.6762387029993988,1695,0,1665
neg,0.67712419199961,1695,0,1665
neg,0.6779210160002549,1695,0,1665
neg,0.6791152540008625,1695,0,1665
neg,0.6798465940009919,1695,0,1665
neg,0.6804624489996058,1695,0,1665
neg,0.6810309940010484,1695,0,1665
neg,0.6816046790008841,1695,0,1665
neg,0.6822279379994143,1695,0,1665
neg,0.6843138469994301,1695,0,1665
neg,0.6849097930007702,1695,0,1665
neg,0.6855363180002314,1695,0,1665
neg,0.6861038810002356,1695,0,1665
neg,0.6867143950003083,1695,0,1665
neg,0.6872820789994876,1695,0,1665
neg,0.6878750300002139,1695,0,1665
neg,0.6885455570009071,1695,0,1665
neg,0.6891658200001984,1695,0,1665
neg,0.6897821750008006,1695,0,1665
neg,0.6903589859994099,1695,0,1665
neg,0.690963028000624,1695,0,1665
neg,0.6915306509999937,1695,0,1665
neg,0.6921320090004883,1695,0,1665
neg,0.69301433200053,1695,0,1665
neg,0.693954364000092,1695,0,1665
neg,0.6954877370008035,1695,0,1665
neg,0.6960859589999018,1695,0,1665
neg,0.6970016750001378,1695,0,1665
neg,0.6985231560011016,1695,0,1665
neg,0.6991207860010036,1695,0,1665
neg,0.6997579199996835,1695,0,1665
neg,0.7003561910005374,1695,0,1665
neg,0.7009757020005054,1695,0,1665
neg,0.7027290780006297,1695,0,1665
neg,0.7033470870010206,1695,0,1665
neg,0.7039336460002232,1695,0,1665
neg,0.7045355440004641,1695,0,1665
neg,0.7055884069995955,1695,0,1665
neg,0.7062653760003741,1695,0,1665
neg,0.7068875919994753,1695,0,1665
neg,0.7075371890005044,1695,0,1665
neg,0.7081382050000684,1695,0,1665
neg,0.7087585379995289,1695,0,1665
neg,0.7093583219993889,1695,0,1665
neg,0.7099666419999267,1695,0,1665
neg,0.710537151000608,1695,0,1665
neg,0.7113406570006191,1695,0,1665
neg,0.7120368619998771,1695,0,1665
neg,0.7147269640008744,1695,0,1665
neg,0.7155362899993634,1695,0,1665
neg,0.7171413180003583,1695,0,1665
neg,0.7177876500009006,1695,0,1665
neg,0.7183598219999112,1695,0,1665
neg,0.7189610080004059,1695,0,1665
neg,0.7196247120009502,1695,0,1665
neg,0.7208628030002728,1695,0,1665
neg,0.7214713129997108,1695,0,1665
neg,0.7220786110010522,1695,0,1665
neg,0.722662494999895,1695,0,1665
neg,0.7232427630005986,1695,0,1665
neg,0.7238361350009654,1695,0,1665
neg,0.7244647629995598,1695,0,1665
neg,0.7250615819993982,1695,0,1665
neg,0.7256577290008863,1695,0,1665
neg,0.7262606189997314,1695,0,1665
neg,0.7268241250003484,1695,0,1665
neg,0.7274140800000168,1695,0,1665
neg,0.7280067810006585,1695,0,1665
neg,0.7286084789993765,1695,0,1665
neg,0.7292299540004024,1695,0,1665
neg,0.7298280039995007,1695,0,1665
neg,0.7307153969995852,1695,0,1665
neg,0.7339402010002232,1695,0,1665
neg,0.7345359070004633,1695,0,1665
neg,0.7351169560006383,1695,0,1665
neg,0.7357211590006045,1695,0,1665
neg,0.7364255490010692,1695,0,1665
neg,0.7370191209993209,1695,0,1665
neg,0.7386167050008225,1695,0,1665
neg,0.7404076109996822,1695,0,1665
neg,0.7410366399999475,1695,0,1665
neg,0.7416349310005899,1695,0,1665
neg,0.742229686000428,1695,0,1665
neg,0.7428250720004144,1695,0,1665
neg,0.7434065920006105,1695,0,1665
neg,0.7439787040002557,1695,0,1665
neg,0.7445897489997151,1695,0,1665
neg,0.7451582440007769,1695,0,1665
neg,0.7457294350006123,1695,0,1665
neg,0.7463349099998595,1695,0,1665
neg,0.7469370580001851,1695,0,1665
neg,0.7475366119997489,1695,0,1665
neg,0.7481077720003668,1695,0,1665
neg,0.748989605001043,1695,0,1665
neg,0.7506042109998816,1695,0,1665
neg,0.7522592719997192,1695,0,1665
neg,0.7536333070002001,1695,0,1665
neg,0.7543039440006396,1695,0,1665
neg,0.754924046999804,1695,0,1665
neg,0.7555347510005959,1695,0,1665
neg,0.756138271999589,1695,0,1665
neg,0.7569781660004082,1695,0,1665
neg,0.7575669190009648,1695,0,1665
neg,0.758904956999686,1695,0,1665
neg,0.7597156259998883,1695,0,1665
neg,0.7603152299998328,1695,0,1665
neg,0.7609077300003264,1695,0,1665
neg,0.7615451550009311,1695,0,1665
neg,0.7621326360003877,1695,0,1665
neg,0.7627289739994012,1695,0,1665
neg,0.7633336870003404,1695,0,1665
neg,0.7639433799995459,1695,0,1665
neg,0.7645382740010973,1695,0,1665
neg,0.7651311760000681,1695,0,1665
neg,0.7657287759993778,1695,0,1665
neg,0.7663482370007841,1695,0,1665
neg,0.7669326320010441,1695,0,1665
neg,0.7675345900006505,1695,0,1665
neg,0.7681265989995154,1695,0,1665
neg,0.768733577000603,1695,0,1665
neg,0.7722517300007894,1695,0,1665
neg,0.7732393410005898,1695,0,1665
neg,0.773857329000748,1695,0,1665
neg,0.7744907970009081,1695,0,1665
neg,0.7750782069997513,1695,0,1665
neg,0.7756576230003702,1695,0,1665
neg,0.7763979310002469,1695,0,1665
neg,0.7776136590000533,1695,0,1665
neg,0.7782302340001479,1695,0,1665
neg,0.7788365409996914,1695,0,1665
neg,0.7794613120004215,1695,0,1665
neg,0.7800375010010612,1695,0,1665
neg,0.7806293009998626,1695,0,1665
neg,0.7812301869998919,1695,0,1665
neg,0.7818355310009792,1695,0,1665
neg,0.7824589690007997,1695,0,1665
neg,0.783037814000636,1695,0,1665
neg,0.7836103469999216,1695,0,1665
neg,0.7842283049994876,1695,0,1665
neg,0.7848388900001737,1695,0,1665
neg,0.7854624080009671,1695,0,1665
neg,0.7860334779998084,1695,0,1665
neg,0.7869644729998981,1695,0,1665
neg,0.7875921699996979,1695,0,1665
neg,0.7901120520000404,1695,0,1665
neg,0.7908680290001939,1695,0,1665
neg,0.7914645269993343,1695,0,1665
neg,0.7923184669998591,1695,0,1665
neg,0.7929471850002301,1695,0,1665
neg,0.7935295370007225,1695,0,1665
neg,0.7941059170007065,1695,0,1665
neg,0.7947150489999331,1695,0,1665
neg,0.7954992979994131,1695,0,1665
neg,0.796760852999796,1695,0,1665
neg,0.7973643029999948,1695,0,1665
neg,0.7979677540006378,1695,0,1665
neg,0.7985589620002429,1695,0,1665
neg,0.799110316000224,1695,0,1665
neg,0.7997116229998937,1695,0,1665
neg,0.8002871110002161,1695,0,1665
neg,0.8008519289996912,1695,0,1665
neg,0.8014842150005279,1695,0,1665
neg,0.802074581000852,1695,0,1665
neg,0.8026585250008793,1695,0,1665
neg,0.8032630979996611,1695,0,1665
neg,0.8038573720004933,1695,0,1665
neg,0.804458048000015,1695,0,1665
neg,0.8050301599996601,1695,0,1665
neg,0.8060092949999671,1695,0,1665
neg,0.8066402780004864,1695,0,1665
neg,0.8072348420009803,1695,0,1665
neg,0.8078333630000998,1695,0,1665
neg,0.8088669909993769,1695,0,1665
neg,0.8094788769994921,1695,0,1665
neg,0.8109783270010666,1695,0,1665
neg,0.8116095099994709,1695,0,1665
neg,0.8122304640000948,1695,0,1665
neg,0.8128297769999335,1695,0,1665
neg,0.8134152950005955,1695,0,1665
neg,0.815456128999358,1695,0,1665
neg,0.8160335310003575,1695,0,1665
neg,0.8166022469995369,1695,0,1665
neg,0.8172274290009227,1695,0,1665
neg,0.8178228249998938,1695,0,1665
neg,0.8184090630002174,1695,0,1665
neg,0.8189777090010466,1695,0,1665
neg,0.8195900360005908,1695,0,1665
neg,0.8201539729998331,1695,0,1665
neg,0.8207597990003705,1695,0,1665
neg,0.8213392449997627,1695,0,1665
neg,0.8219312340006582,1695,0,1665
neg,0.8225280120004754,1695,0,1665
neg,0.8231074880004599,1695,0,1665
neg,0.823772794999968,1695,0,1665
neg,0.8252330220002477,1695,0,1665
neg,0.826690232999681,1695,0,1665
neg,0.8284605110002303,1695,0,1665
neg,0.829070314001001,1695,0,1665
neg,0.8296621530007542,1695,0,1665
neg,0.8302291649997642,1695,0,1665
neg,0.8310895480008185,1695,0,1665
neg,0.8320598259997496,1695,0,1665
neg,0.8326945459994022,1695,0,1665
neg,0.8332906730011018,1695,0,1665
neg,0.8338541890007036,1695,0,1665
neg,0.834478990000207,1695,0,1665
neg,0.8350752669994108,1695,0,1665
neg,0.8356583500008128,1695,0,1665
neg,0.8362271860005421,1695,0,1665
neg,0.8368170310004643,1695,0,1665
neg,0.8374070370009576,1695,0,1665
neg,0.8379790390008566,1695,0,1665
neg,0.8385816179998073,1695,0,1665
neg,0.8391643409995595,1695,0,1665
neg,0.8397287679999863,1695,0,1665
neg,0.8403615240004001,1695,0,1665
neg,0.8409627210003237,1695,0,1665
neg,0.8415561029996752,1695,0,1665
neg,0.8421556160010368,1695,0,1665
neg,0.8427276889997302,1695,0,1665
neg,0.8436083590004273,1695,0,1665
neg,0.8443521629997122,1695,0,1665
neg,0.8449724550009705,1695,0,1665
neg,0.8481666520001454,1695,0,1665
neg,0.8488208880007733,1695,0,1665
neg,0.8494240780000837,1695,0,1665
neg,0.8500064800009568,1695,0,1665
neg,0.8506674189993646,1695,0,1665
neg,0.8517228460004844,1695,0,1665
neg,0.8523264979994565,1695,0,1665
neg,0.8529338860007556,1695,0,1665
neg,0.8536355310006911,1695,0,1665
neg,0.8542312169993238,1695,0,1665
neg,0.854834337000284,1695,0,1665
neg,0.8554740760009736,1695,0,1665
neg,0.8560767859999032,1695,0,1665
neg,0.8566653889993177,1695,0,1665
neg,0.857257068000763,1695,0,1665
neg,0.8578535359993111,1695,0,1665
neg,0.8584764930001256,1695,0,1665
neg,0.8591046300007292,1695,0,1665
neg,0.8597141730006115,1695,0,1665
neg,0.8603236050003034,1695,0,1665
neg,0.8609105949999503,1695,0,1665
neg,0.8615402150007867,1695,0,1665
neg,0.8621072780006216,1695,0,1665
neg,0.8629464700006793,1695,0,1665
neg,0.8661553040001309,1695,0,1665
neg,0.8667972570001439,1695,0,1665
neg,0.8673828749997483,1695,0,1665
neg,0.8680652940001892,1695,0,1665
neg,0.8686664699998801,1695,0,1665
neg,0.8693594689993915,1695,0,1665
neg,0.8699657449997176,1695,0,1665
neg,0.8717145530008565,1695,0,1665
neg,0.872309888000018,1695,0,1665
neg,0.8732384489994729,1695,0,1665
neg,0.8738347660000727,1695,0,1665
neg,0.8744774099995993,1695,0,1665
neg,0.8750777759996708,1695,0,1665
neg,0.875654986999507,1695,0,1665
neg,0.8762523469995358,1695,0,1665
neg,0.8768325740002183,1695,0,1665
neg,0.8774612819997856,1695,0,1665
neg,0.8780300279995572,1695,0,1665
neg,0.8786272779998399,1695,0,1665
neg,0.8792286549996788,1695,0,1665
neg,0.8798317550008505,1695,0,1665
neg,0.8804093779999675,1695,0,1665
neg,0.8809777229998872,1695,0,1665
neg,0.8819141879994277,1695,0,1665
neg,0.8831756620002125,1695,0,1665
neg,0.8838004629997158,1695,0,1665
neg,0.8845347890000994,1695,0,1665
neg,0.8861561369994888,1695,0,1665
neg,0.8869176950011024,1695,0,1665
neg,0.8875344709995261,1695,0,1665
neg,0.8881035470003553,1695,0,1665
neg,0.8887125380006182,1695,0,1665
neg,0.8892833480003901,1695,0,1665
neg,0.8902114880002046,1695,0,1665
neg,0.8913380989997677,1695,0,1665
neg,0.8920351050001045,1695,0,1665
neg,0.89260362099958,1695,0,1665
neg,0.8932269689994428,1695,0,1665
neg,0.8938355490008689,1695,0,1665
neg,0.8944844760007982,1695,0,1665
neg,0.8950755229998322,1695,0,1665
neg,0.8956594579994999,1695,0,1665
neg,0.896253932000036,1695,0,1665
neg,0.8968237290009711,1695,0,1665
neg,0.8974055500002578,1695,0,1665
neg,0.8979770109999663,1695,0,1665
neg,0.8985809229998267,1695,0,1665
neg,0.8992268330002844,1695,0,1665
neg,0.8999709180006903,1695,0,1665
neg,0.900565332000042,1695,0,1665
neg,0.9044418470002711,1695,0,1665
neg,0.9050651249999646,1695,0,1665
neg,0.9057407310010603,1695,0,1665
neg,0.906361213999844,1695,0,1665
neg,0.9069629010009521,1695,0,1665
neg,0.9075601710010233,1695,0,1665
neg,0.9081113940010255,1695,0,1665
neg,0.9097202190005191,1695,0,1665
neg,0.9104410590007319,1695,0,1665
neg,0.9110383389997878,1695,0,1665
neg,0.9116306790001545,1695,0,1665
neg,0.9122366450010304,1695,0,1665
neg,0.9128231440008676,1695,0,1665
neg,0.9134090719999222,1695,0,1665
neg,0.9139758439996513,1695,0,1665
neg,0.9145864380006969,1695,0,1665
neg,0.9151572080008918,1695,0,1665
neg,0.9157780919995275,1695,0,1665
neg,0.9163560550005059,1695,0,1665
neg,0.9169602969996049,1695,0,1665
neg,0.9175578070007759,1695,0,1665
neg,0.9181002340010309,1695,0,1665
neg,0.9187734150000324,1695,0,1665
neg,0.9194260180011042,1695,0,1665
neg,0.9220879870008503,1695,0,1665
neg,0.9232164820004982,1695,0,1665
neg,0.9238549689998763,1695,0,1665
neg,0.9244859009995707,1695,0,1665
neg,0.9250749250004446,1695,0,1665
neg,0.9257124699997803,1695,0,1665
neg,0.9263308290010173,1695,0,1665
neg,0.9277832210009365,1695,0,1665
neg,0.9285180980004952,1695,0,1665
neg,0.9291053380002268,1695,0,1665
neg,0.9297141290007858,1695,0,1665
neg,0.9303136929993343,1695,0,1665
neg,0.9309132260004844,1695,0,1665
neg,0.9315301830010867,1695,0,1665
neg,0.9321014130000549,1695,0,1665
neg,0.9327067369995348,1695,0,1665
neg,0.9332847010009573,1695,0,1665
neg,0.9338577550006448,1695,0,1665
neg,0.9344571479996375,1695,0,1665
neg,0.9350294310006575,1695,0,1665
neg,0.9356007210008102,1695,0,1665
neg,0.9362347790010972,1695,0,1665
neg,0.936832298999434,1695,0,1665
neg,0.9376345830005448,1695,0,1665
neg,0.9382368919996225,1695,0,1665
neg,0.9412214549993223,1695,0,1665
neg,0.9425888580008177,1695,0,1665
neg,0.9432359200000064,1695,0,1665
neg,0.9438595390001865,1695,0,1665
neg,0.9444675979993917,1695,0,1665
neg,0.9450667510009225,1695,0,1665
neg,0.9456599029999779,1695,0,1665
neg,0.9471649730003264,1695,0,1665
neg,0.9477871899998718,1695,0,1665
neg,0.9483574879996013,1695,0,1665
neg,0.9489615710008366,1695,0,1665
neg,0.9495550129995536,1695,0,1665
neg,0.9501270050004678,1695,0,1665
neg,0.9507824730007997,1695,0,1665
neg,0.9513566690002335,1695,0,1665
neg,0.9519591379994381,1695,0,1665
neg,0.9525440750003327,1695,0,1665
neg,0.95310880299985,1695,0,1665
neg,0.9537106509997102,1695,0,1665
neg,0.9542931220003084,1695,0,1665
neg,0.9548802030003571,1695,0,1665
neg,0.9555370739999489,1695,0,1665
neg,0.9569589080001606,1695,0,1665
neg,0.9592090250007459,1695,0,1665
neg,0.9612657199995738,1695,0,1665
neg,0.9618780269993294,1695,0,1665
neg,0.9625343669995345,1695,0,1665
neg,0.9631045360001735,1695,0,1665
neg,0.964504339000996,1695,0,1665
neg,0.9651157549997151,1695,0,1665
neg,0.9657549229996221,1695,0,1665
neg,0.9663631729999906,1695,0,1665
neg,0.9669615839993639,1695,0,1665
neg,0.967533746999834,1695,0,1665
neg,0.9681038849994366,1695,0,1665
neg,0.9687099510010739,1695,0,1665
neg,0.96928588999981,1695,0,1665
neg,0.9698496470009559,1695,0,1665
neg,0.970463137000479,1695,0,1665
neg,0.9710530219999782,1695,0,1665
neg,0.9716602900007274,1695,0,1665
neg,0.9722601240009681,1695,0,1665
neg,0.9728558810002141,1695,0,1665
neg,0.9734566259994608,1695,0,1665
neg,0.9740309129992966,1695,0,1665
neg,0.9746327409993683,1695,0,1665
neg,0.9755797460002213,1695,0,1665
neg,0.9789384899995639,1695,0,1665
neg,0.9803955410006893,1695,0,1665
neg,0.9810861950008984,1695,0,1665
neg,0.9816922509999131,1695,0,1665
neg,0.9822844810005336,1695,0,1665
neg,0.9828522950010665,1695,0,1665
neg,0.983461265999722,1695,0,1665
neg,0.9848189000003913,1695,0,1665
neg,0.9854643300004682,1695,0,1665
neg,0.9860793429998012,1695,0,1665
neg,0.9866594600007375,1695,0,1665
neg,0.9872595850010839,1695,0,1665
neg,0.987822289000178,1695,0,1665
neg,0.9884084380009881,1695,0,1665
neg,0.9889824229994701,1695,0,1665
neg,0.9895903630003886,1695,0,1665
neg,0.9902323660007823,1695,0,1665
neg,0.9908217299998796,1695,0,1665
neg,0.9914144209997175,1695,0,1665
neg,0.9919782580000174,1695,0,1665
neg,0.9925847440008511,1695,0,1665
neg,0.9931526889995439,1695,0,1665
neg,0.993724801001008,1695,0,1665
neg,0.9943303860000015,1695,0,1665
neg,0.9951799379996373,1695,0,1665
neg,0.9957834590004495,1695,0,1665
neg,0.9963582960008353,1695,0,1665
neg,0.9969625690009707,1695,0,1665
neg,0.9975555300006818,1695,0,1665
neg,0.9981294059998618,1695,0,1665
neg,0.9997371190002013,1695,0,1665
neg,1.0003652260002127,1695,0,1665
neg,1.0009617840005376,1695,0,1665
neg,1.0015614580006513,1695,0,1665
neg,1.0021626140005537,1695,0,1665
neg,1.0042235069995513,1695,0,1665
neg,1.0049100030009868,1695,0,1665
neg,1.005542458000491,1695,0,1665
neg,1.0061612680001417,1695,0,1665
neg,1.0067630060002557,1695,0,1665
neg,1.0073317120004504,1695,0,1665
neg,1.0079101659994194,1695,0,1665
neg,1.0085484720002569,1695,0,1665
neg,1.0091602590000548,1695,0,1665
neg,1.0097261289993185,1695,0,1665
neg,1.010335531000237,1695,0,1665
neg,1.0109020130003046,1695,0,1665
neg,1.0115336870003375,1695,0,1665
neg,1.0120996870009549,1695,0,1665
neg,1.0127116839994414,1695,0,1665
neg,1.0133042649995332,1695,0,1665
neg,1.014262721000705,1695,0,1665
neg,1.017038924001099,1695,0,1665
neg,1.0176659490007296,1695,0,1665
neg,1.0182561849997,1695,0,1665
neg,1.0188507389993902,1695,0,1665
neg,1.0194845070000156,1695,0,1665
neg,1.0200790720009536,1695,0,1665
neg,1.020828356000493,1695,0,1665
neg,1.0214064390002022,1695,0,1665
neg,1.0220442040008493,1695,0,1665
neg,1.0226741250007763,1695,0,1665
neg,1.0242915060007363,1695,0,1665
neg,1.0248539399999572,1695,0,1665
neg,1.0254659170004743,1695,0,1665
neg,1.0260634469996148,1695,0,1665
neg,1.0266578709997702,1695,0,1665
neg,1.0272522750001372,1695,0,1665
neg,1.0278512069999124,1695,0,1665
neg,1.0284584350010846,1695,0,1665
neg,1.0290316190003068,1695,0,1665
neg,1.0296069070009253,1695,0,1665
neg,1.0302240540004277,1695,0,1665
neg,1.0308216240009642,1695,0,1665
neg,1.0314080429998285,1695,0,1665
neg,1.0320004229997721,1695,0,1665
neg,1.0325789069993334,1695,0,1665
neg,1.03315172099974,1695,0,1665
neg,1.0338872789998277,1695,0,1665
neg,1.0375183340001968,1695,0,1665
neg,1.0384957660007785,1695,0,1665
neg,1.0391214579994994,1695,0,1665
neg,1.0401235869994707,1695,0,1665
neg,1.04079258999991,1695,0,1665
neg,1.0415117379998264,1695,0,1665
neg,1.0427939710007195,1695,0,1665
neg,1.0433839170000283,1695,0,1665
neg,1.0439857250003115,1695,0,1665
neg,1.0445850979995157,1695,0,1665
neg,1.0451524010004505,1695,0,1665
neg,1.0457770120010537,1695,0,1665
neg,1.0463572789994942,1695,0,1665
neg,1.0469575540009828,1695,0,1665
neg,1.0475586310003564,1695,0,1665
neg,1.0481539259999408,1695,0,1665
neg,1.0487294850008766,1695,0,1665
neg,1.0493305809995945,1695,0,1665
neg,1.0499074720009958,1695,0,1665
neg,1.050526582999737,1695,0,1665
neg,1.0511057280000387,1695,0,1665
neg,1.0517051210008503,1695,0,1665
neg,1.052631177000876,1695,0,1665
neg,1.053421258000526,1695,0,1665
neg,1.056119815000784,1695,0,1665
neg,1.0573961169993709,1695,0,1665
neg,1.0580146760003117,1695,0,1665
neg,1.0586387559997092,1695,0,1665
neg,1.0592362050010706,1695,0,1665
neg,1.0598723180009983,1695,0,1665
neg,1.0604765799998859,1695,0,1665
neg,1.0617709060006746,1695,0,1665
neg,1.0624902439994912,1695,0,1665
neg,1.0630738380004914,1695,0,1665
neg,1.0636581430007936,1695,0,1665
neg,1.0642555419999553,1695,0,1665
neg,1.0648227849997056,1695,0,1665
neg,1.0654091739997966,1695,0,1665
neg,1.0659820580003725,1695,0,1665
neg,1.0665802889998304,1695,0,1665
neg,1.067158402000132,1695,0,1665
neg,1.067723742000453,1695,0,1665
neg,1.0683351269999548,1695,0,1665
neg,1.068908040999304,1695,0,1665
neg,1.0695300370007317,1695,0,1665
neg,1.0707052190009563,1695,0,1665
neg,1.071297398999377,1695,0,1665
neg,1.072862843000621,1695,0,1665
neg,1.0746953070010932,1695,0,1665
neg,1.0753626380010246,1695,0,1665
neg,1.0762334099999862,1695,0,1665
neg,1.076825268999528,1695,0,1665
neg,1.0774272670005303,1695,0,1665
neg,1.0780316599993967,1695,0,1665
neg,1.078602008999951,1695,0,1665
neg,1.0801366249997955,1695,0,1665
neg,1.08081730000049,1695,0,1665
neg,1.0814104719993338,1695,0,1665
neg,1.081978756999888,1695,0,1665
neg,1.0825871369997913,1695,0,1665
neg,1.083223879999423,1695,0,1665
neg,1.0838249669996003,1695,0,1665
neg,1.0844025690003036,1695,0,1665
neg,1.0849725379994197,1695,0,1665
neg,1.0855809679997037,1695,0,1665
neg,1.0861594819998572,1695,0,1665
neg,1.0867239700000937,1695,0,1665
neg,1.0873466470002313,1695,0,1665
neg,1.087928107001062,1695,0,1665
neg,1.088528240999949,1695,0,1665
neg,1.089097698999467,1695,0,1665
neg,1.0897067900004913,1695,0,1665
neg,1.090276287000961,1695,0,1665
neg,1.0909538470004918,1695,0,1665
neg,1.0939620850003848,1695,0,1665
neg,1.0952236390003236,1695,0,1665
neg,1.0960815270009334,1695,0,1665
neg,1.0966646100005164,1695,0,1665
neg,1.0972795620000397,1695,0,1665
neg,1.0978814200007037,1695,0,1665
neg,1.0985453039993445,1695,0,1665
neg,1.0991349289997743,1695,0,1665
neg,1.10027336299936,1695,0,1665
neg,1.1009582959995896,1695,0,1665
neg,1.1015607049994287,1695,0,1665
neg,1.1021585859998595,1695,0,1665
neg,1.1027260789996944,1695,0,1665
neg,1.1033384470010787,1695,0,1665
neg,1.1041038919993298,1695,0,1665
neg,1.1059453930010932,1695,0,1665
neg,1.1065861940005561,1695,0,1665
neg,1.1072290890006116,1695,0,1665
neg,1.1078353949997108,1695,0,1665
neg,1.108454745999552,1695,0,1665
neg,1.1090383589998964,1695,0,1665
neg,1.109629627000686,1695,0,1665
neg,1.110264045999429,1695,0,1665
neg,1.1111132179994456,1695,0,1665
neg,1.1134994599997299,1695,0,1665
neg,1.114594221000516,1695,0,1665
neg,1.115965099999812,1695,0,1665
neg,1.1169605560007767,1695,0,1665
neg,1.1175934820003022,1695,0,1665
neg,1.1182360370003153,1695,0,1665
neg,1.1188277660003223,1695,0,1665
neg,1.1194839050003793,1695,0,1665
neg,1.120260801000768,1695,0,1665
neg,1.1208633900005225,1695,0,1665
neg,1.1214581450003607,1695,0,1665
neg,1.1220310389999213,1695,0,1665
neg,1.1226020789999893,1695,0,1665
neg,1.1235568980009702,1695,0,1665
neg,1.12416362499971,1695,0,1665
neg,1.1247242459994595,1695,0,1665
neg,1.125333418000082,1695,0,1665
neg,1.125909357000637,1695,0,1665
neg,1.1265267039998434,1695,0,1665
neg,1.1271344930009946,1695,0,1665
neg,1.1277809040002467,1695,0,1665
neg,1.1286311080002633,1695,0,1665
neg,1.130240214000878,1695,0,1665
neg,1.130829227000504,1695,0,1665
neg,1.132662423000511,1695,0,1665
neg,1.1339366209995205,1695,0,1665
neg,1.134535864001009,1695,0,1665
neg,1.135110651001014,1695,0,1665
neg,1.1357299619994592,1695,0,1665
neg,1.1374794500006828,1695,0,1665
neg,1.1381632220000029,1695,0,1665
neg,1.1387258560007467,1695,0,1665
neg,1.1393323530010093,1695,0,1665
neg,1.1399033630004851,1695,0,1665
neg,1.140526590999798,1695,0,1665
neg,1.1411247819996788,1695,0,1665
neg,1.1417251670009136,1695,0,1665
neg,1.142341041000691,1695,0,1665
neg,1.1429287530008878,1695,0,1665
neg,1.1435267039996688,1695,0,1665
neg,1.1440997280005831,1695,0,1665
neg,1.1447096499996405,1695,0,1665
neg,1.1452754309993907,1695,0,1665
neg,1.1458750439996948,1695,0,1665
neg,1.1465257939998992,1695,0,1665
neg,1.1470980770009191,1695,0,1665
neg,1.147704913999405,1695,0,1665
neg,1.1483876530000998,1695,0,1665
neg,1.1513091790002363,1695,0,1665
neg,1.1519107759995677,1695,0,1665
neg,1.1525277319997258,1695,0,1665
neg,1.1531062760004716,1695,0,1665
neg,1.1537104590006493,1695,0,1665
neg,1.155025674001081,1695,0,1665
neg,1.1556433010009641,1695,0,1665
neg,1.1564955880003254,1695,0,1665
neg,1.1572934239993629,1695,0,1665
neg,1.157859835000636,1695,0,1665
neg,1.1584634160008136,1695,0,1665
neg,1.1599428989993612,1695,0,1665
neg,1.1605819769993104,1695,0,1665
neg,1.1612355110009958,1695,0,1665
neg,1.1618300360005378,1695,0,1665
neg,1.1624540150005487,1695,0,1665
neg,1.1630259670000669,1695,0,1665
neg,1.163598319999437,1695,0,1665
neg,1.1642230600009498,1695,0,1665
neg,1.1648347070004093,1695,0,1665
neg,1.1654607500004204,1695,0,1665
neg,1.1660254779999377,1695,0,1665
neg,1.166597790999731,1695,0,1665
neg,1.1672261980002077,1695,0,1665
neg,1.1679571980002947,1695,0,1665
neg,1.170226812000692,1695,0,1665
neg,1.1708312850005314,1695,0,1665
neg,1.1714582399999927,1695,0,1665
neg,1.172836523001024,1695,0,1665
neg,1.1734688979995553,1695,0,1665
neg,1.174136259000079,1695,0,1665
neg,1.1747662289999425,1695,0,1665
neg,1.1753547419993993,1695,0,1665
neg,1.1771739619998698,1695,0,1665
neg,1.1777855079999426,1695,0,1665
neg,1.1783536120001372,1695,0,1665
neg,1.178962011999829,1695,0,1665
neg,1.1795574379993923,1695,0,1665
neg,1.1805378360004397,1695,0,1665
neg,1.1811262190003617,1695,0,1665
neg,1.1817530629996327,1695,0,1665
neg,1.1823647689998324,1695,0,1665
neg,1.182958122000855,1695,0,1665
neg,1.1835561520001647,1695,0,1665
neg,1.1841009330000816,1695,0,1665
neg,1.18470516600064,1695,0,1665
neg,1.1853013830004784,1695,0,1665
neg,1.1861140559994965,1695,0,1665
neg,1.1867079889998422,1695,0,1665
neg,1.1876840280001488,1695,0,1665
neg,1.1882852350008761,1695,0,1665
neg,1.1888851090006938,1695,0,1665
neg,1.1895312899996497,1695,0,1665
neg,1.1901795550002134,1695,0,1665
neg,1.1918388850008341,1695,0,1665
neg,1.1925387470000715,1695,0,1665
neg,1.1931370980000793,1695,0,1665
neg,1.193783810000241,1695,0,1665
neg,1.1943618530003732,1695,0,1665
neg,1.1950048479993711,1695,0,1665
neg,1.196853512999951,1695,0,1665
neg,1.1976626590003434,1695,0,1665
neg,1.198256562000097,1695,0,1665
neg,1.1988534209995123,1695,0,1665
neg,1.1994583750001766,1695,0,1665
