ramp,t,pos_raw,vel_raw,goal_raw
pos,8.999995770864189e-08,1604,0,2281
pos,0.0009077819995582104,1604,0,2281
pos,0.00146605199915939,1604,0,2281
pos,0.0020452610006032046,1604,0,2281
pos,0.0026164350001636194,1604,0,2281
pos,0.003221421999114682,1604,0,2281
pos,0.0037933080002403585,1604,0,2281
pos,0.004364701999293175,1604,0,2281
pos,0.004975320000085048,1604,0,2281
pos,0.00554274699970847,1604,0,2281
pos,0.0061679619993810775,1604,0,2281
pos,0.006739647000358673,1604,0,2281
pos,0.007349072000579326,1604,0,2281
pos,0.007949029999508639,1604,0,2281
pos,0.008491059999869321,1604,0,2281
pos,0.009121794999373378,1604,0,2281
pos,0.00971189499978209,1604,0,2281
pos,0.010295441999915056,1604,0,2281
pos,0.010890229999859002,1604,0,2281
pos,0.011460261999673094,1604,0,2281
pos,0.012045953999404446,1604,0,2281
pos,0.012615023999387631,1604,0,2281
pos,0.013222425999629195,1604,0,2281
pos,0.013797547000649502,1604,0,2281
pos,0.01442065800074488,1604,0,2281
pos,0.01498957799958589,1604,0,2281
pos,0.015597731000525528,1604,0,2281
pos,0.01619295999989845,1604,0,2281
pos,0.016747002000556677,1604,0,2281
pos,0.017349814999761293,1604,0,2281
pos,0.017918364999786718,1604,0,2281
pos,0.018488846999389352,1604,0,2281
pos,0.01911456400011957,1604,0,2281
pos,0.019711345999894547,1604,0,2281
pos,0.020298800000091433,1604,0,2281
pos,0.02088968099997146,1604,0,2281
pos,0.021459763000166276,1604,0,2281
pos,0.02204276900010882,1604,0,2281
pos,0.022613742999965325,1604,0,2281
pos,0.023224451000714907,1604,0,2281
pos,0.0237959049991332,1604,0,2281
pos,0.02436372299962386,1604,0,2281
pos,0.02496849000090151,1604,0,2281
pos,0.025549002000843757,1604,0,2281
pos,0.026166141000430798,1604,0,2281
pos,0.02674377800030925,1604,0,2281
pos,0.02734706199953507,1604,0,2281
pos,0.027915991999179823,1604,0,2281
pos,0.028488128000390134,1604,0,2281
pos,0.029095118999975966,1604,0,2281
pos,0.02966799599926162,1604,0,2281
pos,0.03024433000064164,1604,0,2281
pos,0.03086345399970014,1604,0,2281
pos,0.03146460400057549,1604,0,2281
pos,0.03204241999992519,1604,0,2281
pos,0.03264040400063095,1604,0,2281
pos,0.0332201540004462,1604,0,2281
pos,0.033796146999520715,1604,0,2281
pos,0.034363624999969034,1604,0,2281
pos,0.03496983399963938,1604,0,2281
pos,0.03554267099934805,1604,0,2281
pos,0.03616652399978193,1604,0,2281
pos,0.03674650399989332,1604,0,2281
pos,0.03734853599962662,1604,0,2281
pos,0.03791999100030807,1604,0,2281
pos,0.038488329999381676,1604,0,2281
pos,0.039094478999686544,1604,0,2281
pos,0.039670823000051314,1604,0,2281
pos,0.040242949000457884,1604,0,2281
pos,0.040865900000426336,1605,0,2281
pos,0.041460296999503043,1605,50,2281
pos,0.042042191000291496,1605,50,2281
pos,0.04261277399928076,1605,50,2281
pos,0.043218573000558536,1605,50,2281
pos,0.04379579799933708,1605,50,2281
pos,0.04436922700006107,1605,50,2281
pos,0.04497003600044991,1605,50,2281
pos,0.04557333000047947,1605,50,2281
pos,0.0461686489998101,1605,50,2281
pos,0.04673892199934926,1605,50,2281
pos,0.04734662400005618,1605,50,2281
pos,0.04791654600012407,1605,50,2281
pos,0.04848983400006546,1606,50,2281
pos,0.04909942999984196,1606,50,2281
pos,0.04966554500060738,1606,50,2281
pos,0.050244833999386174,1606,50,2281
pos,0.05086275500070769,1606,50,2281
pos,0.051458584999636514,1606,50,2281
pos,0.05204796299949521,1606,50,2281
pos,0.05261380800038751,1607,50,2281
pos,0.053217843000311404,1607,50,2281
pos,0.05379634100063413,1607,50,2281
pos,0.054362615999707486,1607,50,2281
pos,0.05497245200058387,1607,50,2281
pos,0.0555692439993436,1607,50,2281
pos,0.056165144000260625,1607,50,2281
pos,0.05673758100056148,1608,50,2281
pos,0.05734609499995713,1608,50,2281
pos,0.05792124599975068,1608,50,2281
pos,0.05848802199943748,1608,50,2281
pos,0.05909568400056742,1608,50,2281
pos,0.05967162699926121,1608,50,2281
pos,0.060241810000661644,1608,50,2281
pos,0.06086483100079931,1609,50,2281
pos,0.06145899799957988,1609,200,2281
pos,0.0620445379990997,1609,200,2281
pos,0.0626121660006902,1610,200,2281
pos,0.06322284400084754,1610,200,2281
pos,0.06379639199985832,1610,200,2281
pos,0.06436293799924897,1610,200,2281
pos,0.06496768500073813,1610,200,2281
pos,0.06554578199938987,1611,200,2281
pos,0.06616958400081785,1611,200,2281
pos,0.06676710799911234,1611,200,2281
pos,0.0674190819991054,1611,200,2281
pos,0.06799089800006186,1611,200,2281
pos,0.06856585899913625,1612,200,2281
pos,0.06917055499980052,1612,200,2281
pos,0.069736911000291,1612,200,2281
pos,0.07034793899947545,1612,200,2281
pos,0.07091589700030454,1613,200,2281
pos,0.07149558700075431,1613,200,2281
pos,0.07209696800055099,1613,200,2281
pos,0.07266977499966742,1614,200,2281
pos,0.07324185099969327,1614,200,2281
pos,0.07386210600088816,1614,200,2281
pos,0.07446851600070659,1615,200,2281
pos,0.07511675400019158,1615,200,2281
pos,0.07570952899914118,1615,200,2281
pos,0.07629373700001452,1615,200,2281
pos,0.07690127900059451,1616,200,2281
pos,0.07748905399967043,1616,200,2281
pos,0.07811367800059088,1616,200,2281
pos,0.07871110099949874,1617,200,2281
pos,0.07928978900054062,1617,200,2281
pos,0.07989251199978753,1617,200,2281
pos,0.08046893599930627,1618,200,2281
pos,0.08109833900016383,1618,500,2281
pos,0.08166493399949104,1619,500,2281
pos,0.08223727000040526,1619,500,2281
pos,0.08287012000073446,1620,500,2281
pos,0.0834583260002546,1620,500,2281
pos,0.0840448290000495,1620,500,2281
pos,0.08461176499986323,1621,500,2281
pos,0.08519691500077897,1621,500,2281
pos,0.08578908799972851,1622,500,2281
pos,0.0863610640008119,1623,500,2281
pos,0.086967643999742,1623,500,2281
pos,0.08756664000065939,1624,500,2281
pos,0.08816466399912315,1624,500,2281
pos,0.08874442399974214,1625,500,2281
pos,0.08934532400053286,1626,500,2281
pos,0.08991391299969109,1626,500,2281
pos,0.09049387400045816,1627,500,2281
pos,0.09109412200086808,1627,500,2281
pos,0.09167054600038682,1628,500,2281
pos,0.09223614999973506,1628,500,2281
pos,0.09286325900029624,1629,500,2281
pos,0.09347499800060177,1630,500,2281
pos,0.09409188800054835,1630,500,2281
pos,0.09469686500051466,1631,500,2281
pos,0.09529551999912655,1633,500,2281
pos,0.09589150099964172,1633,500,2281
pos,0.09645890799947665,1634,500,2281
pos,0.0970422749996942,1634,500,2281
pos,0.09761225699912757,1635,500,2281
pos,0.09821839600044768,1635,500,2281
pos,0.09879380799975479,1636,500,2281
pos,0.09936096499950509,1637,500,2281
pos,0.09994379999989178,1637,500,2281
pos,0.10051975399983348,1639,500,2281
pos,0.10116516599919123,1639,1050,2281
pos,0.10173571899940725,1640,1050,2281
pos,0.10234625699922617,1641,1050,2281
pos,0.10291394500018214,1641,1050,2281
pos,0.10349469699940528,1642,1050,2281
pos,0.10409687900028075,1642,1050,2281
pos,0.10466464599994652,1644,1050,2281
pos,0.10524090999933833,1645,1050,2281
pos,0.10586148599941225,1645,1050,2281
pos,0.10646648299916706,1646,1050,2281
pos,0.10703935099991213,1646,1050,2281
pos,0.1076113159997476,1648,1050,2281
pos,0.10821782600032748,1649,1050,2281
pos,0.10879213599946524,1649,1050,2281
pos,0.10936150700035796,1650,1050,2281
pos,0.10996791700017639,1650,1050,2281
pos,0.11053930100024445,1652,1050,2281
pos,0.11116967599991767,1653,1050,2281
pos,0.11176297199926921,1653,1050,2281
pos,0.1123611160001019,1655,1050,2281
pos,0.1129657830006181,1655,1050,2281
pos,0.11353824899924803,1656,1050,2281
pos,0.11416528699919581,1658,1050,2281
pos,0.11476511500040942,1658,1050,2281
pos,0.11536865900052362,1659,1050,2281
pos,0.11602542299988272,1659,1050,2281
pos,0.11661330800052383,1661,1050,2281
pos,0.11721743400084961,1662,1050,2281
pos,0.1177928859997337,1662,1050,2281
pos,0.11836066400064738,1664,1050,2281
pos,0.1189704400003393,1664,1050,2281
pos,0.11956471700068505,1665,1050,2281
pos,0.12016733999917051,1666,1050,2281
pos,0.12074245199983125,1666,1050,2281
pos,0.1213445640005375,1668,1400,2281
pos,0.12193946200022765,1668,1400,2281
pos,0.12254146399936872,1670,1400,2281
pos,0.12316807100069127,1671,1400,2281
pos,0.1237435530001676,1671,1400,2281
pos,0.12434739799937233,1673,1400,2281
pos,0.12491569700068794,1673,1400,2281
pos,0.12548541800060775,1674,1400,2281
pos,0.12609171800067998,1676,1400,2281
pos,0.12669732600079442,1676,1400,2281
pos,0.12728894899919396,1677,1400,2281
pos,0.12786801699985517,1677,1400,2281
pos,0.12845762600045418,1679,1400,2281
pos,0.12903885900050227,1679,1400,2281
pos,0.1296112260006339,1680,1400,2281
pos,0.13021732500055805,1681,1400,2281
pos,0.13078758700066828,1681,1400,2281
pos,0.13141490599991812,1683,1400,2281
pos,0.13198602000011306,1683,1400,2281
pos,0.13259670799925516,1685,1400,2281
pos,0.1331957139991573,1687,1400,2281
pos,0.13373958699958166,1687,1400,2281
pos,0.1343447950002883,1688,1400,2281
pos,0.13491503700061003,1688,1400,2281
pos,0.13549220300046727,1690,1400,2281
pos,0.13611703700007638,1691,1400,2281
pos,0.13670810800067557,1691,1400,2281
pos,0.13728807799998322,1693,1400,2281
pos,0.1378888380004355,1693,1400,2281
pos,0.13848531999974512,1694,1400,2281
pos,0.13909543599947938,1696,1400,2281
pos,0.13966929500020342,1696,1400,2281
pos,0.14023998899938306,1697,1400,2281
pos,0.1408603639993089,1697,1550,2281
pos,0.141458538999359,1699,1550,2281
pos,0.1420409340007609,1700,1550,2281
pos,0.14261415200053307,1700,1550,2281
pos,0.14321542200013937,1702,1550,2281
pos,0.14379183600067336,1702,1550,2281
pos,0.14436073599972588,1704,1550,2281
pos,0.144965202000094,1704,1550,2281
pos,0.14553778899971803,1705,1550,2281
pos,0.14616674100034288,1707,1550,2281
pos,0.14673883700015722,1707,1550,2281
pos,0.1473438539997005,1709,1550,2281
pos,0.14794360199994117,1709,1550,2281
pos,0.14848494999932882,1710,1550,2281
pos,0.14909455599990906,1712,1550,2281
pos,0.14966658199955418,1712,1550,2281
pos,0.15026475599916012,1713,1550,2281
pos,0.15086804999918968,1713,1550,2281
pos,0.1514571480001905,1715,1550,2281
pos,0.1520382199996675,1716,1550,2281
pos,0.1526382680003735,1716,1550,2281
pos,0.15323483000065607,1718,1550,2281
pos,0.153861187000075,1718,1550,2281
pos,0.1544570570003998,1720,1550,2281
pos,0.15504560299996228,1722,1550,2281
pos,0.1556096839995007,1722,1550,2281
pos,0.15622019200054638,1723,1550,2281
pos,0.15679433200057247,1723,1550,2281
pos,0.15735928499998408,1724,1550,2281
pos,0.15796562399918912,1726,1550,2281
pos,0.15853804099970148,1726,1550,2281
pos,0.15916748299969186,1728,1550,2281
pos,0.15974009999990813,1728,1550,2281
pos,0.16034347399909166,1730,1550,2281
pos,0.16091286499977286,1730,1600,2281
pos,0.16145686900017608,1731,1600,2281
pos,0.16204103699965344,1733,1600,2281
pos,0.16260960600084218,1733,1600,2281
pos,0.16321515500021633,1735,1600,2281
pos,0.16379247999975632,1735,1600,2281
pos,0.16435946700039494,1736,1600,2281
pos,0.1649689120004041,1738,1600,2281
pos,0.16554148899922438,1738,1600,2281
pos,0.16616205500031356,1739,1600,2281
pos,0.16674128500017105,1739,1600,2281
pos,0.16734296600043308,1741,1600,2281
pos,0.16794172099980642,1742,1600,2281
pos,0.1684848629993212,1742,1600,2281
pos,0.1690953300003457,1744,1600,2281
pos,0.16966276799939806,1744,1600,2281
pos,0.1702398830002494,1746,1600,2281
pos,0.17086468699926627,1746,1600,2281
pos,0.17145633899963286,1747,1600,2281
pos,0.1720383440006117,1749,1600,2281
pos,0.17263929299951997,1749,1600,2281
pos,0.17321966499912378,1750,1600,2281
pos,0.17379227099991112,1750,1600,2281
pos,0.1744143300002179,1752,1600,2281
pos,0.17498345099920698,1754,1600,2281
pos,0.17559388799963926,1754,1600,2281
pos,0.17619052000009106,1755,1600,2281
pos,0.1767350139998598,1755,1600,2281
pos,0.1773168079998868,1757,1600,2281
pos,0.1779184789993451,1758,1600,2281
pos,0.17848457400032203,1758,1600,2281
pos,0.17908881999937876,1760,1600,2281
pos,0.17966517400054727,1760,1600,2281
pos,0.1802354360006575,1762,1600,2281
pos,0.18085876700024528,1763,1600,2281
pos,0.18145875499976682,1763,1600,2281
pos,0.18204014799994184,1765,1600,2281
pos,0.18260889799967117,1765,1600,2281
pos,0.1832192549991305,1766,1600,2281
pos,0.1837928639997699,1768,1600,2281
pos,0.18441492300007667,1768,1600,2281
pos,0.18499289999999746,1769,1600,2281
pos,0.18559380999977293,1769,1600,2281
pos,0.18618820700066863,1771,1600,2281
pos,0.1867418590009038,1771,1600,2281
pos,0.18734358999972756,1772,1600,2281
pos,0.18791898199924617,1774,1600,2281
pos,0.1884844649994193,1774,1600,2281
pos,0.18908988300063356,1776,1600,2281
pos,0.18966609699964465,1776,1600,2281
pos,0.19024098800036882,1777,1600,2281
pos,0.19085912999980792,1779,1600,2281
pos,0.19145870700049272,1779,1600,2281
pos,0.19203796600049827,1781,1600,2281
pos,0.19261110399929748,1781,1600,2281
pos,0.19321914700049092,1782,1600,2281
pos,0.1938670039999124,1784,1600,2281
pos,0.19445755400010967,1784,1600,2281
pos,0.19504043999950227,1786,1600,2281
pos,0.19560964099946432,1786,1600,2281
pos,0.19621367599938822,1787,1600,2281
pos,0.19685834700067062,1789,1600,2281
pos,0.1974599280001712,1789,1600,2281
pos,0.1980387959993095,1790,1600,2281
pos,0.19861308600047778,1790,1600,2281
pos,0.19921808400067675,1792,1600,2281
pos,0.1997873839991371,1793,1600,2281
pos,0.20036092299960728,1793,1600,2281
pos,0.20096439699955226,1795,1600,2281
pos,0.20156413500080816,1795,1600,2281
pos,0.20216390200039314,1797,1600,2281
pos,0.2027360680003767,1799,1600,2281
pos,0.20334197699958168,1799,1600,2281
pos,0.20391254000060144,1800,1600,2281
pos,0.20448417499937932,1800,1600,2281
pos,0.20509592499911378,1802,1600,2281
pos,0.20566068699918105,1802,1600,2281
pos,0.20623846399939794,1803,1600,2281
pos,0.20686126399959903,1805,1600,2281
pos,0.20745463999992353,1805,1600,2281
pos,0.20803612300005625,1806,1600,2281
pos,0.20860923100008222,1806,1600,2281
pos,0.20921811500011245,1808,1600,2281
pos,0.20979060200079402,1810,1600,2281
pos,0.2103606540003966,1810,1600,2281
pos,0.21096462899913604,1811,1600,2281
pos,0.21153647500068473,1811,1600,2281
pos,0.21216090800044185,1813,1600,2281
pos,0.2127326739991986,1814,1600,2281
pos,0.21334334099992702,1814,1600,2281
pos,0.21391022699936002,1816,1600,2281
pos,0.21448990700082504,1816,1600,2281
pos,0.21510740799931227,1818,1600,2281
pos,0.21570609300033539,1819,1600,2281
pos,0.21628522200080624,1819,1600,2281
pos,0.21688386800087756,1821,1600,2281
pos,0.21745428000031097,1821,1600,2281
pos,0.21803852899938647,1823,1600,2281
pos,0.21860902200023702,1823,1600,2281
pos,0.21921463000035146,1824,1600,2281
pos,0.21978555399982724,1826,1600,2281
pos,0.22038422900004662,1826,1650,2281
pos,0.2209647710005811,1828,1650,2281
pos,0.22153919099946506,1828,1650,2281
pos,0.22216190200015262,1829,1650,2281
pos,0.22273271499943803,1831,1650,2281
pos,0.22334131900061038,1831,1650,2281
pos,0.22391288399921905,1833,1650,2281
pos,0.22448925800017605,1833,1650,2281
pos,0.22508772299988777,1834,1650,2281
pos,0.22568702900025528,1836,1650,2281
pos,0.226232686000003,1836,1650,2281
pos,0.2268633610001416,1837,1650,2281
pos,0.22745474300063506,1837,1650,2281
pos,0.2280378790001123,1839,1650,2281
pos,0.2286156360005407,1840,1650,2281
pos,0.22921327900075994,1840,1650,2281
pos,0.22979036399920005,1842,1650,2281
pos,0.2303576720005367,1842,1650,2281
pos,0.23096755799997482,1844,1650,2281
pos,0.2315428999991127,1844,1650,2281
pos,0.23216149200015934,1846,1650,2281
pos,0.23273901799984742,1847,1650,2281
pos,0.23334170099951734,1847,1650,2281
pos,0.23391092199926788,1849,1650,2281
pos,0.2344826970002032,1849,1650,2281
pos,0.23508788499930233,1850,1650,2281
pos,0.23566272599964577,1852,1650,2281
pos,0.2362324069999886,1852,1650,2281
pos,0.2368572409995977,1854,1650,2281
pos,0.23745402299937268,1854,1650,2281
pos,0.23804223899969656,1855,1650,2281
pos,0.23860829300065234,1857,1650,2281
pos,0.23921752800015383,1857,1650,2281
pos,0.23978751100003137,1858,1650,2281
pos,0.2403571720005857,1858,1600,2281
pos,0.24096739900051034,1860,1600,2281
pos,0.24156414100070833,1861,1600,2281
pos,0.24216248599987011,1861,1600,2281
pos,0.24273945099957928,1863,1600,2281
pos,0.24334116200043354,1863,1600,2281
pos,0.243916913999783,1864,1600,2281
pos,0.24448220799968112,1864,1600,2281
pos,0.24509192400000757,1866,1600,2281
pos,0.24566505099937785,1868,1600,2281
pos,0.2462594190001255,1868,1600,2281
pos,0.24686148000000685,1870,1600,2281
pos,0.24746293099997274,1870,1600,2281
pos,0.24808902699987812,1871,1600,2281
pos,0.2486615140005597,1873,1600,2281
pos,0.24925838600029238,1873,1600,2281
pos,0.24986449599964544,1875,1600,2281
pos,0.25045360299918684,1875,1600,2281
pos,0.25103526699967915,1877,1600,2281
pos,0.25163377200078685,1878,1600,2281
pos,0.2522131519999675,1878,1600,2281
pos,0.25278660000003583,1880,1600,2281
pos,0.2534090900007868,1880,1600,2281
pos,0.25398220799979754,1881,1600,2281
pos,0.25459104199944704,1883,1600,2281
pos,0.255189536999751,1883,1600,2281
pos,0.2557315970007039,1885,1600,2281
pos,0.25634120299946517,1885,1600,2281
pos,0.25691165500029456,1886,1600,2281
pos,0.25748219799970684,1888,1600,2281
pos,0.2580930170006468,1888,1600,2281
pos,0.2586650430002919,1890,1600,2281
pos,0.25925985100002436,1890,1600,2281
pos,0.2598565520002012,1891,1600,2281
pos,0.26045697100016696,1893,1650,2281
pos,0.26103574899934756,1893,1650,2281
pos,0.2616069840005366,1895,1650,2281
pos,0.2622112900007778,1895,1650,2281
pos,0.26278380599978846,1896,1650,2281
pos,0.2633569940007874,1896,1650,2281
pos,0.26396599899999273,1898,1650,2281
pos,0.2645376540003781,1900,1650,2281
pos,0.26516050399914093,1900,1650,2281
pos,0.2657633069993608,1902,1650,2281
pos,0.26635712399911426,1902,1650,2281
pos,0.2669669000006252,1903,1650,2281
pos,0.2675609470006748,1904,1650,2281
pos,0.26816124499964644,1904,1650,2281
pos,0.26876026100035233,1906,1650,2281
pos,0.2693643370002974,1906,1650,2281
pos,0.26996254100049555,1908,1650,2281
pos,0.27053886499925284,1909,1650,2281
pos,0.271160153000892,1909,1650,2281
pos,0.2717389009994804,1911,1650,2281
pos,0.2723431270005676,1911,1650,2281
pos,0.272917325999515,1913,1650,2281
pos,0.2734827000003861,1914,1650,2281
pos,0.27409118300056434,1914,1650,2281
pos,0.2746658239993849,1916,1650,2281
pos,0.2752307770006155,1916,1650,2281
pos,0.2758574140007113,1917,1650,2281
pos,0.2764530940003169,1919,1650,2281
pos,0.2770341070008726,1919,1650,2281
pos,0.27760660400053894,1921,1650,2281
pos,0.2782158289992367,1921,1650,2281
pos,0.27878393699938897,1922,1650,2281
pos,0.27941066499988665,1924,1650,2281
pos,0.27998257000035665,1924,1650,2281
pos,0.28059013200072513,1926,1650,2281
pos,0.28116159700039134,1926,1650,2281
pos,0.2817312879997189,1927,1650,2281
pos,0.2823400720008067,1929,1650,2281
pos,0.28288676100055454,1929,1650,2281
pos,0.28345324600013555,1931,1650,2281
pos,0.28411224400042556,1931,1650,2281
pos,0.284707774000708,1932,1650,2281
pos,0.2852882250008406,1932,1650,2281
pos,0.28588522800055216,1934,1650,2281
pos,0.2864817490008136,1935,1650,2281
pos,0.28709223700025177,1935,1650,2281
pos,0.2876611169995158,1937,1650,2281
pos,0.28823653899962665,1937,1650,2281
pos,0.2888562230000389,1939,1650,2281
pos,0.28945253399979265,1941,1650,2281
pos,0.29003762399952393,1941,1650,2281
pos,0.2906059130000358,1942,1650,2281
pos,0.2911901309998939,1942,1650,2281
pos,0.2917395349995786,1944,1650,2281
pos,0.29233923200081335,1946,1650,2281
pos,0.2929145639991475,1946,1650,2281
pos,0.29348125999968033,1947,1650,2281
pos,0.2940871489990968,1947,1650,2281
pos,0.2946649860004982,1949,1650,2281
pos,0.29526198799976555,1950,1650,2281
pos,0.2958626670006197,1950,1650,2281
pos,0.29645252599948435,1952,1650,2281
pos,0.29703961000086565,1952,1650,2281
pos,0.2976361109995196,1953,1650,2281
pos,0.29821069200079364,1953,1650,2281
pos,0.2987836390002485,1955,1650,2281
pos,0.29935638700044365,1957,1650,2281
pos,0.2999616840006638,1957,1600,2281
pos,0.30054190500050026,1958,1600,2281
pos,0.3011580929996853,1958,1600,2281
pos,0.3017646429998422,1960,1600,2281
pos,0.3023559249995742,1962,1600,2281
pos,0.3029609419991175,1962,1600,2281
pos,0.30353743600062444,1963,1600,2281
pos,0.304158113000085,1963,1600,2281
pos,0.30473569899913855,1965,1600,2281
pos,0.30533871300031024,1967,1600,2281
pos,0.3059096260003571,1967,1600,2281
pos,0.3065125499997521,1968,1600,2281
pos,0.3071583130004001,1968,1600,2281
pos,0.30808754399913596,1970,1600,2281
pos,0.3086603810006636,1971,1600,2281
pos,0.3092387990000134,1973,1600,2281
pos,0.30985514699932537,1973,1600,2281
pos,0.31043958599912,1975,1600,2281
pos,0.3110136159993999,1975,1600,2281
pos,0.31163642600040475,1976,1600,2281
pos,0.312210395000875,1978,1600,2281
pos,0.3127879210005631,1978,1600,2281
pos,0.3133550380007364,1980,1600,2281
pos,0.3139652350000688,1980,1600,2281
pos,0.3145324819997768,1981,1600,2281
pos,0.31516328699945007,1983,1600,2281
pos,0.3157374769998569,1983,1600,2281
pos,0.3163384870003938,1984,1600,2281
pos,0.3169100020004407,1984,1600,2281
pos,0.3174804240006779,1986,1600,2281
pos,0.31808602300043276,1986,1600,2281
pos,0.3186629579995497,1988,1600,2281
pos,0.3192566039997473,1989,1600,2281
pos,0.3198549680000724,1989,1650,2281
pos,0.3204514699991705,1991,1650,2281
pos,0.3210366900002555,1991,1650,2281
pos,0.3216052789994137,1993,1650,2281
pos,0.322212221000882,1994,1650,2281
pos,0.3227858890004427,1994,1650,2281
pos,0.3233564830006799,1996,1650,2281
pos,0.3239607880004769,1996,1650,2281
pos,0.3245333949998894,1997,1650,2281
pos,0.32516447099988,1999,1650,2281
pos,0.32576205400073377,1999,1650,2281
pos,0.32635690300048736,2001,1650,2281
pos,0.3269645450000098,2001,1650,2281
pos,0.32753920499999367,2002,1650,2281
pos,0.3281574669999827,2004,1650,2281
pos,0.32872976299950096,2004,1650,2281
pos,0.32933917899936205,2005,1650,2281
pos,0.3299079389998951,2005,1650,2281
pos,0.33048819999930856,2007,1650,2281
pos,0.331086674999824,2007,1650,2281
pos,0.33168393800042395,2008,1650,2281
pos,0.3322379199998977,2010,1650,2281
pos,0.33285474900003464,2010,1650,2281
pos,0.3334512210003595,2012,1650,2281
pos,0.3340370019996044,2012,1650,2281
pos,0.3346124540003075,2014,1650,2281
pos,0.335214194999935,2016,1650,2281
pos,0.33578221300012956,2016,1650,2281
pos,0.33635449999928824,2017,1650,2281
pos,0.3369598669996776,2017,1650,2281
pos,0.3375358409994078,2018,1650,2281
pos,0.33815693799988367,2020,1650,2281
pos,0.33874044500043965,2020,1650,2281
pos,0.33933914999943227,2022,1650,2281
pos,0.33991092600081174,2022,1600,2281
pos,0.3404801659999066,2023,1600,2281
pos,0.3410902729992813,2025,1600,2281
pos,0.34165887299968745,2025,1600,2281
pos,0.34223343300072884,2026,1600,2281
pos,0.3428557629995339,2026,1600,2281
pos,0.34345115200085274,2028,1600,2281
pos,0.34403781500077457,2030,1600,2281
pos,0.3446047510005883,2030,1600,2281
pos,0.3452095280008507,2031,1600,2281
pos,0.3457819939994806,2031,1600,2281
pos,0.3463537700008601,2033,1600,2281
pos,0.3469595379992825,2033,1600,2281
pos,0.34753898800045135,2035,1600,2281
pos,0.34815674899982696,2037,1600,2281
pos,0.3487361179995787,2037,1600,2281
pos,0.34933987300064473,2038,1600,2281
pos,0.3499066389995278,2038,1600,2281
pos,0.35047969699917303,2040,1600,2281
pos,0.35108907299945713,2042,1600,2281
pos,0.35165906399925007,2042,1600,2281
pos,0.35222987800079864,2043,1600,2281
pos,0.3528544119999424,2043,1600,2281
pos,0.3534604209999088,2045,1600,2281
pos,0.35408929199911654,2046,1600,2281
pos,0.35465708000083396,2046,1600,2281
pos,0.3552288350001618,2048,1600,2281
pos,0.3558545010000671,2048,1600,2281
pos,0.3564595379993989,2050,1600,2281
pos,0.35703402900071524,2051,1600,2281
pos,0.35760435100019095,2051,1600,2281
pos,0.35820905800028413,2053,1600,2281
pos,0.35878849800064927,2053,1600,2281
pos,0.3594067400008498,2054,1600,2281
pos,0.35997875499924703,2056,1650,2281
pos,0.36058860199955234,2056,1650,2281
pos,0.36118918099964503,2058,1650,2281
pos,0.361735819000387,2058,1650,2281
pos,0.3623375900006067,2060,1650,2281
pos,0.3629141740002524,2060,1650,2281
pos,0.3634785459998966,2061,1650,2281
pos,0.3640839639992919,2063,1650,2281
pos,0.36465945599957195,2063,1650,2281
pos,0.3652356799993868,2064,1650,2281
pos,0.36585430199920665,2064,1650,2281
pos,0.3664526569991722,2066,1650,2281
pos,0.3670311749992834,2068,1650,2281
pos,0.36761261799983913,2068,1650,2281
pos,0.36820966099912766,2069,1650,2281
pos,0.36878805800006376,2069,1650,2281
pos,0.36935950299994147,2071,1650,2281
pos,0.36996003199965344,2072,1650,2281
pos,0.37056130199925974,2072,1650,2281
pos,0.3711594470005366,2074,1650,2281
pos,0.3717288669995469,2074,1650,2281
pos,0.3723372610002116,2076,1650,2281
pos,0.37291148099939164,2077,1650,2281
pos,0.3734833760008769,2077,1650,2281
pos,0.374094103999596,2079,1650,2281
pos,0.3746856559992011,2079,1650,2281
pos,0.3752815259995259,2081,1650,2281
pos,0.3758811040006549,2082,1650,2281
pos,0.3764529489999404,2082,1650,2281
pos,0.3770319279992691,2084,1650,2281
pos,0.37763802699919324,2084,1650,2281
pos,0.3782085399998323,2086,1650,2281
pos,0.3787817480006197,2086,1650,2281
pos,0.37935433500024374,2087,1650,2281
pos,0.3799611760005064,2089,1650,2281
pos,0.38053285100068024,2089,1650,2281
pos,0.3811574739993375,2091,1650,2281
pos,0.381736343000739,2091,1650,2281
pos,0.38233706199935114,2092,1650,2281
pos,0.38293940400035353,2094,1650,2281
pos,0.3834794710001006,2094,1650,2281
pos,0.38408931699996174,2095,1650,2281
pos,0.3846582070000295,2095,1650,2281
pos,0.38523552299920993,2097,1650,2281
pos,0.38585712100029923,2099,1650,2281
pos,0.38644094899973425,2099,1650,2281
pos,0.387036096999509,2100,1650,2281
pos,0.38763479299996106,2100,1650,2281
pos,0.3882085620007274,2102,1650,2281
pos,0.38878462499997113,2104,1650,2281
pos,0.3894103010006802,2104,1650,2281
pos,0.38998353900024085,2105,1650,2281
pos,0.39058764500077814,2105,1650,2281
pos,0.3911894459997711,2107,1650,2281
pos,0.39178545600043435,2109,1650,2281
pos,0.39241027000025497,2109,1650,2281
pos,0.39298619299916027,2110,1650,2281
pos,0.39358784400064906,2110,1650,2281
pos,0.39418884400038223,2112,1650,2281
pos,0.39478349199998775,2114,1650,2281
pos,0.39535317400077474,2114,1650,2281
pos,0.39595877200008545,2116,1650,2281
pos,0.39653238100072485,2116,1650,2281
pos,0.3971599899996363,2117,1650,2281
pos,0.39772817899938673,2117,1650,2281
pos,0.39833677299975534,2119,1650,2281
pos,0.3989069550007116,2120,1650,2281
pos,0.3995069930006139,2120,1650,2281
pos,0.40016138200007845,2122,1650,2281
pos,0.40072918999976537,2122,1650,2281
pos,0.40133796500049357,2124,1650,2281
pos,0.4019088980003289,2125,1650,2281
pos,0.40250748399921576,2125,1650,2281
pos,0.40315961799933575,2127,1650,2281
pos,0.4037283079996996,2129,1650,2281
pos,0.4043364209992433,2129,1650,2281
pos,0.4049083570007497,2130,1650,2281
pos,0.40547881000020425,2130,1650,2281
pos,0.40608407800027635,2132,1650,2281
pos,0.40665518199966755,2132,1650,2281
pos,0.40723469099975773,2134,1650,2281
pos,0.40786053699957847,2135,1650,2281
pos,0.4084516689999873,2135,1650,2281
pos,0.409031880000839,2137,1650,2281
pos,0.409602953999638,2137,1650,2281
pos,0.4102079509993928,2139,1650,2281
pos,0.4107871800006251,2141,1650,2281
pos,0.4113520730006712,2141,1650,2281
pos,0.41196200900049007,2142,1650,2281
pos,0.41253000700089615,2142,1650,2281
pos,0.4131551919999765,2143,1650,2281
pos,0.41372981300082756,2145,1650,2281
pos,0.4143334069995035,2145,1650,2281
pos,0.4149080179995508,2147,1650,2281
pos,0.41547831000025326,2147,1650,2281
pos,0.4160828570002195,2148,1650,2281
pos,0.41665535399988585,2148,1650,2281
pos,0.41723187800016603,2150,1650,2281
pos,0.41785289499966893,2151,1650,2281
pos,0.41846026699931826,2151,1650,2281
pos,0.41908366800089425,2153,1650,2281
pos,0.4196611639999901,2155,1650,2281
pos,0.4202320679996774,2155,1650,2281
pos,0.4208528439994552,2156,1650,2281
pos,0.4214488550005626,2156,1650,2281
pos,0.4220033279998461,2158,1650,2281
pos,0.42258600400055,2158,1650,2281
pos,0.4231546930004697,2160,1650,2281
pos,0.42373244000009436,2161,1650,2281
pos,0.42433615399932023,2161,1650,2281
pos,0.4249112060006155,2162,1650,2281
pos,0.4254856160005147,2162,1650,2281
pos,0.42608254799961287,2164,1650,2281
pos,0.4266809529999591,2165,1650,2281
pos,0.4272316389997286,2165,1650,2281
pos,0.42785255600028904,2166,1650,2281
pos,0.4284586550002132,2166,1650,2281
pos,0.4290824279996741,2168,1650,2281
pos,0.4296842090006976,2169,1650,2281
pos,0.4302815819992247,2169,1650,2281
pos,0.4308798769998248,2171,1650,2281
pos,0.4314598879991536,2171,1650,2281
pos,0.43210162300056254,2172,1650,2281
pos,0.43270247299915354,2173,1650,2281
pos,0.43328272399958223,2173,1650,2281
pos,0.4338793650003936,2175,1650,2281
pos,0.4344482849992346,2175,1650,2281
pos,0.4350314019993675,2176,1650,2281
pos,0.4356025960005354,2178,1650,2281
pos,0.4362074130003748,2178,1650,2281
pos,0.43677978000050643,2179,1650,2281
pos,0.43735206599922094,2179,1650,2281
pos,0.43796199200005503,2180,1650,2281
pos,0.4385322449998057,2180,1650,2281
pos,0.43915439400007017,2181,1650,2281
pos,0.43972682999992685,2183,1400,2281
pos,0.4403348529995128,2183,1400,2281
pos,0.44090465500084974,2184,1400,2281
pos,0.44148526699973445,2184,1400,2281
pos,0.44211413800076116,2185,1400,2281
pos,0.44270104200040805,2186,1400,2281
pos,0.4432905199992092,2186,1400,2281
pos,0.4438787759991101,2187,1400,2281
pos,0.444452765999813,2187,1400,2281
pos,0.4450375649994385,2189,1400,2281
pos,0.4456296080006723,2190,1400,2281
pos,0.44621275499957846,2190,1400,2281
pos,0.4467791200004285,2191,1400,2281
pos,0.4473516270008986,2191,1400,2281
pos,0.4479622239996388,2192,1400,2281
pos,0.44856040900049265,2193,1400,2281
pos,0.4491543050007749,2193,1400,2281
pos,0.44973276299970166,2194,1400,2281
pos,0.45033839200004877,2194,1400,2281
pos,0.45090471699950285,2195,1400,2281
pos,0.45147745400026906,2195,1400,2281
pos,0.45208655900023587,2196,1400,2281
pos,0.4526569819990982,2197,1400,2281
pos,0.4532525209997402,2197,1400,2281
pos,0.4538564159993257,2198,1400,2281
pos,0.4544623950005189,2198,1400,2281
pos,0.45508209000036004,2199,1400,2281
pos,0.4556570610002382,2200,1400,2281
pos,0.4562264819996926,2200,1400,2281
pos,0.45685485300055007,2201,1400,2281
pos,0.4574580469998182,2201,1400,2281
pos,0.4580819689999771,2202,1400,2281
pos,0.4586537649993261,2203,1400,2281
pos,0.45922658199924626,2203,1050,2281
pos,0.45985643600033654,2204,1050,2281
pos,0.460463355999309,2205,1050,2281
pos,0.461087478999616,2205,1050,2281
pos,0.46163302599961753,2206,1050,2281
pos,0.46221238500038453,2206,1050,2281
pos,0.46278559299935296,2207,1050,2281
pos,0.4633509970008163,2207,1050,2281
pos,0.4639559940005711,2208,1050,2281
pos,0.4645037139998749,2209,1050,2281
pos,0.465160477999234,2209,1050,2281
pos,0.4657257409999147,2210,1050,2281
pos,0.4663343749998603,2210,1050,2281
pos,0.46691068899963284,2211,1050,2281
pos,0.4674767939995945,2211,1050,2281
pos,0.4680820119992859,2211,1050,2281
pos,0.46866003799914324,2212,1050,2281
pos,0.4692255619993375,2212,1050,2281
pos,0.4698516890002793,2213,1050,2281
pos,0.4704486310001812,2214,1050,2281
pos,0.4710301649993198,2214,1050,2281
pos,0.47162788800051203,2215,1050,2281
pos,0.472206737000306,2215,1050,2281
pos,0.47278157800064946,2215,1050,2281
pos,0.47335139899951173,2215,1050,2281
pos,0.47395651700026065,2216,1050,2281
pos,0.47453576599946246,2217,1050,2281
pos,0.4751537369993457,2217,1050,2281
pos,0.47575448700081324,2217,1050,2281
pos,0.4763497460007784,2217,1050,2281
pos,0.47695611599920085,2218,1050,2281
pos,0.47753503400053887,2219,1050,2281
pos,0.4781541680004011,2219,1050,2281
pos,0.47873012099989865,2220,1050,2281
pos,0.4793345270009013,2220,850,2281
pos,0.4799046890002501,2221,850,2281
pos,0.4804750620005507,2221,850,2281
pos,0.4811061679993145,2221,850,2281
pos,0.4816990130002523,2222,850,2281
pos,0.48228021599970816,2222,850,2281
pos,0.48288266800045676,2222,850,2281
pos,0.4834473999999318,2223,850,2281
pos,0.48402862299917615,2223,850,2281
pos,0.48463170700051705,2224,850,2281
pos,0.4852072789999511,2224,850,2281
pos,0.4857790339992789,2225,850,2281
pos,0.48640629299916327,2225,850,2281
pos,0.4869768259995908,2225,850,2281
pos,0.48758506999911333,2226,850,2281
pos,0.48817909600074927,2226,850,2281
pos,0.48873044299944013,2227,850,2281
pos,0.489334369000062,2228,850,2281
pos,0.4899051419997704,2228,850,2281
pos,0.490475594999225,2228,850,2281
pos,0.49108130400054506,2228,850,2281
pos,0.4916563650003809,2229,850,2281
pos,0.49222536500019487,2229,850,2281
pos,0.4928573929992126,2229,850,2281
pos,0.49345179999909305,2230,850,2281
pos,0.4940314399991621,2230,850,2281
pos,0.49460044000079506,2231,850,2281
pos,0.49520767200010596,2231,850,2281
pos,0.4957805289996031,2231,850,2281
pos,0.4963497089993325,2232,850,2281
pos,0.4969556289997854,2232,850,2281
pos,0.4975566390003223,2232,850,2281
pos,0.49815981199935777,2232,850,2281
pos,0.4987303849993623,2233,850,2281
pos,0.4993334289993072,2234,650,2281
pos,0.49990659700051765,2234,650,2281
pos,0.5004758270006278,2234,650,2281
pos,0.5010802529995999,2234,650,2281
pos,0.5016278940001939,2235,650,2281
pos,0.5022050290008337,2235,650,2281
pos,0.5027837380002893,2236,650,2281
pos,0.5033496220003144,2236,650,2281
pos,0.5039596890001121,2236,650,2281
pos,0.5045274559997779,2237,650,2281
pos,0.5051538030002121,2237,650,2281
pos,0.5057252980004705,2237,650,2281
pos,0.5063329099994007,2237,650,2281
pos,0.5069029919995955,2237,650,2281
pos,0.5074757799993677,2238,650,2281
pos,0.5080795550002222,2238,650,2281
pos,0.5086545459998888,2238,650,2281
pos,0.5092247280008451,2239,650,2281
pos,0.5098536799996509,2239,650,2281
pos,0.5104483579998487,2239,650,2281
pos,0.5110270160002983,2239,650,2281
pos,0.5116342780002014,2240,650,2281
pos,0.5122051310008828,2240,650,2281
pos,0.5128513349991408,2240,650,2281
pos,0.5134505120004178,2241,650,2281
pos,0.5140351409991126,2241,650,2281
pos,0.5146261019999656,2241,650,2281
pos,0.5152247969999735,2242,650,2281
pos,0.5158574960005353,2242,650,2281
pos,0.5164552999995067,2242,650,2281
pos,0.5170267150006111,2242,650,2281
pos,0.5176284659992234,2243,650,2281
pos,0.518209238000054,2243,650,2281
pos,0.5187825459997839,2243,650,2281
pos,0.5193492620001052,2243,450,2281
pos,0.5199594189998606,2243,450,2281
pos,0.5205350010000984,2244,450,2281
pos,0.5211558680002781,2244,450,2281
pos,0.5217269420008961,2244,450,2281
pos,0.5223331420002069,2244,450,2281
pos,0.5229094360001909,2244,450,2281
pos,0.5234746189998987,2245,450,2281
pos,0.5240796060006687,2245,450,2281
pos,0.5246513710008003,2245,450,2281
pos,0.525224127999536,2246,450,2281
pos,0.5258489419993566,2246,450,2281
pos,0.5264474870000413,2246,450,2281
pos,0.5270268870008294,2246,450,2281
pos,0.5276001849997556,2246,450,2281
pos,0.5282064950006315,2247,450,2281
pos,0.5287766269993881,2247,450,2281
pos,0.5293489640007465,2247,450,2281
pos,0.5299590800004808,2247,450,2281
pos,0.530528391000189,2248,450,2281
pos,0.5311547580004117,2248,450,2281
pos,0.5317242790006276,2248,450,2281
pos,0.5323303189998114,2248,450,2281
pos,0.5329074839992245,2248,450,2281
pos,0.5334741700007726,2249,450,2281
pos,0.5340841159995762,2249,450,2281
pos,0.5346569730008923,2249,450,2281
pos,0.5352239099993312,2250,450,2281
pos,0.5358493849998922,2250,450,2281
pos,0.5364456259994768,2250,450,2281
pos,0.5370268589995248,2250,450,2281
pos,0.5375995159993181,2250,450,2281
pos,0.5382043829995382,2250,450,2281
pos,0.538778733000072,2250,400,2281
pos,0.5393490559999918,2251,400,2281
pos,0.5399582709997048,2251,400,2281
pos,0.540526979999413,2251,400,2281
pos,0.5411531669997203,2252,400,2281
pos,0.541724090999196,2252,400,2281
pos,0.542332073999205,2252,400,2281
pos,0.5429021559993998,2252,400,2281
pos,0.5435000699999364,2252,400,2281
pos,0.5441578959998878,2253,400,2281
pos,0.5447299209990888,2253,400,2281
pos,0.545334468000874,2253,400,2281
pos,0.5459014839998417,2253,400,2281
pos,0.5464739809995081,2253,400,2281
pos,0.5470841280002787,2254,400,2281
pos,0.5476514349993522,2254,400,2281
pos,0.5482503010007349,2254,400,2281
pos,0.548848664999241,2254,400,2281
pos,0.5494451769991429,2254,400,2281
pos,0.550031269000101,2255,400,2281
pos,0.5505987559990899,2255,400,2281
pos,0.5512094740006432,2255,400,2281
pos,0.5517800470006478,2255,400,2281
pos,0.5523484559998906,2255,400,2281
pos,0.5529537040001742,2255,400,2281
pos,0.5535264610007289,2256,400,2281
pos,0.5541535989996191,2256,400,2281
pos,0.5547310849997302,2256,400,2281
pos,0.5553327659999923,2256,400,2281
pos,0.5559008849995735,2256,400,2281
pos,0.5564735520001705,2257,400,2281
pos,0.5570787500000733,2257,400,2281
pos,0.5576559450000786,2257,400,2281
pos,0.5582497409995995,2257,400,2281
pos,0.5588518629992905,2257,300,2281
pos,0.5594446579998475,2257,300,2281
pos,0.5600309099991136,2257,300,2281
pos,0.56059798699971,2257,300,2281
pos,0.5612075720000576,2258,300,2281
pos,0.561777113000062,2258,300,2281
pos,0.5623484379993897,2258,300,2281
pos,0.5629533350002021,2258,300,2281
pos,0.5635527319991525,2258,300,2281
pos,0.564151918000789,2258,300,2281
pos,0.5647285630002443,2258,300,2281
pos,0.5653326680003374,2259,300,2281
pos,0.5659039830006805,2259,300,2281
pos,0.5664736039998388,2259,300,2281
pos,0.5670786009995936,2259,300,2281
pos,0.5676504269995348,2259,300,2281
pos,0.568222842999603,2260,300,2281
pos,0.5688481580000371,2260,300,2281
pos,0.5694455909997487,2260,300,2281
pos,0.5700323450000724,2260,300,2281
pos,0.5706291970000166,2260,300,2281
pos,0.5712277420007013,2260,300,2281
pos,0.5718485790002887,2260,300,2281
pos,0.5724447899992811,2260,300,2281
pos,0.5730254209993291,2261,300,2281
pos,0.5735982389996934,2261,300,2281
pos,0.5742047490002733,2261,300,2281
pos,0.5747767339998973,2261,300,2281
pos,0.5753481890005787,2261,300,2281
pos,0.5759531759995298,2261,300,2281
pos,0.5765280970008462,2261,300,2281
pos,0.5771505369993974,2262,300,2281
pos,0.5777229039995291,2262,300,2281
pos,0.5783329099995171,2262,300,2281
pos,0.5789277080002648,2262,250,2281
pos,0.5794743570004357,2262,250,2281
pos,0.5800786330000847,2262,250,2281
pos,0.5806523720002588,2262,250,2281
pos,0.5812229250004748,2262,250,2281
pos,0.58184798900038,2262,250,2281
pos,0.5824444509999012,2262,250,2281
pos,0.5830297810007323,2263,250,2281
pos,0.5836284169999999,2263,250,2281
pos,0.5842268920005154,2263,250,2281
pos,0.5848496119997435,2263,250,2281
pos,0.5854456630004279,2263,250,2281
pos,0.5860256729993125,2263,250,2281
pos,0.5866295380001247,2263,250,2281
pos,0.5872036180007854,2264,250,2281
pos,0.5877759239992884,2264,250,2281
pos,0.5883483109992085,2264,250,2281
pos,0.5889577359994291,2264,250,2281
pos,0.5895257550000679,2264,250,2281
pos,0.5901530730006925,2264,250,2281
pos,0.5907264020006551,2264,250,2281
pos,0.5913328820006427,2264,250,2281
pos,0.5919004190000123,2264,250,2281
pos,0.5924728350000805,2264,250,2281
pos,0.5930976599993301,2264,250,2281
pos,0.593696194999211,2264,250,2281
pos,0.59427583499928,2264,250,2281
pos,0.594873928999732,2264,250,2281
pos,0.5954531080005836,2264,250,2281
pos,0.596083672999157,2265,250,2281
pos,0.5966553580001346,2265,250,2281
pos,0.597223066000879,2265,250,2281
pos,0.5978476799991768,2265,250,2281
pos,0.598444372000813,2265,250,2281
pos,0.59902787899955,2265,150,2281
pos,0.599625893000848,2265,150,2281
pos,0.6002045709992672,2265,150,2281
pos,0.6007752450004773,2266,150,2281
pos,0.6013478910008416,2266,150,2281
pos,0.6019543509992218,2266,150,2281
pos,0.60252864100039,2266,150,2281
pos,0.6031517529991106,2266,150,2281
pos,0.6037220250000246,2266,150,2281
pos,0.6043307090003509,2266,150,2281
pos,0.6049016430006304,2266,150,2281
pos,0.6054984750007861,2266,150,2281
pos,0.6061510710005678,2267,150,2281
pos,0.6067221249995782,2267,150,2281
pos,0.6073307179995027,2267,150,2281
pos,0.6079288630007795,2267,150,2281
pos,0.6084977930004243,2267,150,2281
pos,0.609149427000375,2267,150,2281
pos,0.6097553159997915,2267,150,2281
pos,0.6103470090001792,2267,150,2281
pos,0.6109569750005903,2267,150,2281
pos,0.611524792999262,2267,150,2281
pos,0.6121501580000768,2267,150,2281
pos,0.6127215729993623,2267,150,2281
pos,0.6133309279994137,2267,150,2281
pos,0.6139000589992065,2268,150,2281
pos,0.6144725049998669,2268,150,2281
pos,0.615077893000489,2268,150,2281
pos,0.6156500090000918,2268,150,2281
pos,0.6162278760002664,2268,150,2281
pos,0.6168469389995153,2268,150,2281
pos,0.6174535890004336,2268,150,2281
pos,0.6180764700002328,2268,150,2281
pos,0.6186492270007875,2268,150,2281
pos,0.6192245090005599,2268,150,2281
pos,0.6198512770006346,2269,150,2281
pos,0.6204437310007052,2269,150,2281
pos,0.6210243219993572,2269,150,2281
pos,0.6215976610001235,2269,150,2281
pos,0.6222030179997091,2269,150,2281
pos,0.6227789519998623,2269,150,2281
pos,0.623346849999507,2269,150,2281
pos,0.623957738000172,2269,150,2281
pos,0.6245527970004332,2269,150,2281
pos,0.6251535459996376,2269,150,2281
pos,0.6257490459993278,2269,150,2281
pos,0.6263525800004572,2269,150,2281
pos,0.6269523869996192,2269,150,2281
pos,0.6275242329993489,2269,150,2281
pos,0.6281491579993599,2270,150,2281
pos,0.6287215339998511,2270,150,2281
pos,0.6293302180001774,2270,150,2281
pos,0.6299011320006684,2270,150,2281
pos,0.6304717849998269,2270,150,2281
pos,0.6310762110006181,2270,150,2281
pos,0.6316785529998015,2270,150,2281
pos,0.6322214749998238,2270,150,2281
pos,0.6328509079994546,2270,150,2281
pos,0.6334430210008577,2270,150,2281
pos,0.6340265880007792,2270,150,2281
pos,0.6345964100000856,2270,150,2281
pos,0.6351755989999219,2270,150,2281
pos,0.6357741840001836,2270,150,2281
pos,0.6363797329995577,2270,150,2281
pos,0.6369522889999644,2270,150,2281
pos,0.6375502430000779,2270,150,2281
pos,0.6381488389997685,2270,150,2281
pos,0.6387213559992233,2270,100,2281
pos,0.6393299600003957,2270,100,2281
pos,0.639899339999829,2271,100,2281
pos,0.6404712759995164,2271,100,2281
pos,0.6410765340006037,2271,100,2281
pos,0.6416565939998691,2271,100,2281
pos,0.6422232200002327,2271,100,2281
pos,0.6428458499995031,2271,100,2281
pos,0.6434429429991724,2271,100,2281
pos,0.644023233999178,2271,100,2281
pos,0.6446032950007066,2271,100,2281
pos,0.6452014690003125,2271,100,2281
pos,0.6457748480006558,2271,100,2281
pos,0.6463458809994336,2271,100,2281
pos,0.6469520009995904,2271,100,2281
pos,0.6475315200004843,2271,100,2281
pos,0.6481530689998181,2272,100,2281
pos,0.6487212169995473,2272,100,2281
pos,0.649329289999514,2272,100,2281
pos,0.6499045620003017,2272,100,2281
pos,0.6504715779992694,2272,100,2281
pos,0.6510811839998496,2272,100,2281
pos,0.6516509360008058,2272,100,2281
pos,0.6522209380000277,2272,100,2281
pos,0.652846122999108,2272,100,2281
pos,0.6534439370007021,2272,100,2281
pos,0.6540228449994174,2272,100,2281
pos,0.6546031559992116,2272,100,2281
pos,0.6552031339997484,2272,100,2281
pos,0.6557756710008107,2272,100,2281
pos,0.6563456130006671,2272,100,2281
pos,0.6569511910001893,2272,100,2281
pos,0.6575553370003036,2273,100,2281
pos,0.6581486920003954,2273,100,2281
pos,0.6587471479997475,2273,150,2281
pos,0.6593456329992478,2273,150,2281
pos,0.6599519119990873,2273,150,2281
pos,0.6605509879991587,2273,150,2281
pos,0.661150545000055,2273,150,2281
pos,0.6617206169994461,2273,150,2281
pos,0.6623295019999205,2273,150,2281
pos,0.6629305719998229,2273,150,2281
pos,0.6635285560005286,2273,150,2281
pos,0.6641534909995244,2273,150,2281
pos,0.6647468859991932,2273,150,2281
pos,0.6653452110003855,2273,150,2281
pos,0.6659516409999924,2273,150,2281
pos,0.6665254100007587,2273,150,2281
pos,0.6671481600005791,2273,150,2281
pos,0.6677277100006904,2274,150,2281
pos,0.6683291699991969,2274,150,2281
pos,0.6688990219990956,2274,150,2281
pos,0.6694704370002,2274,150,2281
pos,0.6700760050007375,2274,150,2281
pos,0.6706538519993046,2274,150,2281
pos,0.6712203970000701,2274,150,2281
pos,0.6718492489999335,2274,150,2281
pos,0.672445489999518,2274,150,2281
pos,0.67303062999963,2274,150,2281
pos,0.6735955429994647,2274,150,2281
pos,0.6742001689999597,2274,150,2281
pos,0.674775662000684,2274,150,2281
pos,0.6753450529995462,2274,150,2281
pos,0.6759513119995972,2274,150,2281
pos,0.6765233280002576,2274,150,2281
pos,0.6771548340002482,2274,150,2281
pos,0.677724605999174,2274,150,2281
pos,0.6783284110006207,2274,50,2281
pos,0.6788979220000328,2274,50,2281
pos,0.6794772720004403,2275,50,2281
pos,0.680099491000874,2275,50,2281
pos,0.6806927260004159,2275,50,2281
pos,0.6812719249992369,2275,50,2281
pos,0.6818775440005993,2275,50,2281
pos,0.6824415949995455,2275,50,2281
pos,0.6830258429999958,2275,50,2281
pos,0.6835956449995138,2275,50,2281
pos,0.6842006919996493,2275,50,2281
pos,0.6847743010002887,2275,50,2281
pos,0.6853449539994472,2275,50,2281
pos,0.6859517850007251,2275,50,2281
pos,0.6865251229992282,2275,50,2281
pos,0.6871501379991969,2275,50,2281
pos,0.6877203299991379,2275,50,2281
pos,0.6883286129996122,2275,50,2281
pos,0.6888973929999338,2275,50,2281
pos,0.6894701500004885,2275,50,2281
pos,0.6900946639998438,2275,50,2281
pos,0.6906931989997247,2275,50,2281
pos,0.6912793709998368,2275,50,2281
pos,0.6918718649994844,2275,50,2281
pos,0.6924702899996191,2275,50,2281
pos,0.6930987510004343,2275,50,2281
pos,0.6936957130001247,2275,50,2281
pos,0.694279010000173,2275,50,2281
pos,0.6948741489995882,2275,50,2281
pos,0.6954416160006076,2275,50,2281
pos,0.6960269770006562,2275,50,2281
pos,0.6966209740003251,2275,50,2281
pos,0.6972056630002044,2275,50,2281
pos,0.6977721279999969,2275,50,2281
pos,0.6983524299994315,2275,50,2281
pos,0.6989512349991855,2275,50,2281
pos,0.6995276189991273,2275,50,2281
pos,0.7001477249996242,2275,50,2281
pos,0.7007271839993336,2275,50,2281
pos,0.7013279639995744,2275,50,2281
pos,0.7019021129999601,2275,50,2281
pos,0.7024695910004084,2275,50,2281
pos,0.7030748779998248,2275,50,2281
pos,0.703654237999217,2275,50,2281
pos,0.7042192110002361,2275,50,2281
pos,0.7048447159995703,2275,50,2281
pos,0.7054409770007624,2275,50,2281
pos,0.7060241740000492,2275,50,2281
pos,0.7065944860005402,2275,50,2281
pos,0.707204902999365,2275,50,2281
pos,0.7077763079996657,2275,50,2281
pos,0.7083443160008756,2275,50,2281
pos,0.70895606600061,2275,50,2281
pos,0.7095219910006563,2275,50,2281
pos,0.7101600799996959,2275,50,2281
pos,0.7107631430008041,2275,50,2281
pos,0.7113728990007075,2275,50,2281
pos,0.711950254999465,2275,50,2281
pos,0.7125253560006968,2275,50,2281
pos,0.7131547190001584,2275,50,2281
pos,0.7137264140001207,2275,50,2281
pos,0.7143275849994097,2275,50,2281
pos,0.7148962739993294,2275,50,2281
pos,0.7154696729994612,2275,50,2281
pos,0.7160753909993218,2275,50,2281
pos,0.7166525159991579,2275,50,2281
pos,0.717252002999885,2275,50,2281
pos,0.7178487950004637,2275,50,2281
pos,0.7184554350005783,2275,0,2281
pos,0.7190938450003159,2275,0,2281
pos,0.7196919500001968,2275,0,2281
pos,0.720279274000859,2275,0,2281
pos,0.7208487549996789,2275,0,2281
pos,0.7214397860007011,2275,0,2281
pos,0.7220253470004536,2275,0,2281
pos,0.7225948180002888,2275,0,2281
pos,0.7231998749994091,2275,0,2281
pos,0.7237735239996255,2275,0,2281
pos,0.724344457999905,2275,0,2281
pos,0.7249505670006329,2275,0,2281
pos,0.725528334000046,2275,0,2281
pos,0.7261468760007119,2275,0,2281
pos,0.7267197940000187,2275,0,2281
pos,0.7273272750007891,2275,0,2281
pos,0.7279276640001626,2275,0,2281
pos,0.7284705250003753,2275,0,2281
pos,0.7290782479994959,2275,0,2281
pos,0.7296508849995007,2275,0,2281
pos,0.7302213279999705,2275,0,2281
pos,0.7308436570001504,2275,0,2281
pos,0.731439937999312,2275,0,2281
pos,0.7320232349993603,2275,0,2281
pos,0.7325935070002743,2275,0,2281
pos,0.7331998869995004,2275,0,2281
pos,0.7337735759992938,2275,0,2281
pos,0.7343433780006308,2275,0,2281
pos,0.7348958670008869,2275,0,2281
pos,0.7354687049992208,2275,0,2281
pos,0.7360935790002259,2275,0,2281
pos,0.7366906210008892,2275,0,2281
pos,0.7372712029991817,2275,0,2281
pos,0.7378718319996551,2275,0,2281
pos,0.7384506700000202,2275,0,2281
pos,0.739078870999947,2275,0,2281
pos,0.739651818999846,2275,0,2281
pos,0.7402471379991766,2275,0,2281
pos,0.7408484080006019,2275,0,2281
pos,0.7414394890001859,2275,0,2281
pos,0.7420221449992823,2275,0,2281
pos,0.7425931189991388,2275,0,2281
pos,0.7432027840004594,2275,0,2281
pos,0.7437711639995541,2275,0,2281
pos,0.7443691280004714,2275,0,2281
pos,0.7449477659993136,2275,0,2281
pos,0.7455471329994907,2275,0,2281
pos,0.74615219000043,2275,0,2281
pos,0.7467183949993341,2275,0,2281
pos,0.7473283809995337,2275,0,2281
pos,0.747895618000257,2275,0,2281
pos,0.7484696779993101,2275,0,2281
pos,0.7490738540000166,2275,0,2281
pos,0.7496459199992387,2275,0,2281
pos,0.750225149000471,2275,0,2281
pos,0.7508425089999946,2275,0,2281
pos,0.7514387699993677,2275,0,2281
pos,0.7520243109993316,2275,0,2281
pos,0.7526004240007751,2275,0,2281
pos,0.7531721590003144,2275,0,2281
pos,0.7537179959999776,2275,0,2281
pos,0.7543266800003039,2275,0,2281
pos,0.7548980550000124,2275,0,2281
pos,0.7554679370005033,2275,0,2281
pos,0.7560734849994333,2275,0,2281
pos,0.7566526940008771,2275,0,2281
pos,0.757225011000628,2275,0,2281
pos,0.7578480609990947,2275,0,2281
pos,0.7584416869995039,2275,0,2281
pos,0.759021207000842,2275,0,2281
pos,0.7596194420002575,2275,0,2281
pos,0.760198470999967,2275,0,2281
pos,0.760771057999591,2275,0,2281
pos,0.7613425830004417,2275,0,2281
pos,0.7619478600008733,2275,0,2281
pos,0.762523493000117,2275,0,2281
pos,0.7631484770008683,2275,0,2281
pos,0.7637250009993295,2275,0,2281
pos,0.7643261510002048,2275,0,2281
pos,0.7648969950005267,2275,0,2281
pos,0.7654677890004677,2275,0,2281
pos,0.7660977020004793,2275,0,2281
pos,0.7666903770004865,2275,0,2281
pos,0.7672745649997523,2275,0,2281
pos,0.7678763059993798,2275,0,2281
pos,0.7684681989994715,2275,0,2281
pos,0.7690730459999031,2275,0,2281
pos,0.7696794259991293,2275,0,2281
pos,0.7702490270003182,2275,0,2281
pos,0.7708426230001351,2275,0,2281
pos,0.7714496640001016,2275,0,2281
pos,0.7720961380000517,2275,0,2281
pos,0.7726895739997417,2275,0,2281
pos,0.7732724199995573,2275,0,2281
pos,0.7738685010008339,2275,0,2281
pos,0.7744414980006695,2275,0,2281
pos,0.7750231819991313,2275,0,2281
pos,0.775621217000662,2275,0,2281
pos,0.7762175879997812,2275,0,2281
pos,0.7768462090007233,2275,0,2281
pos,0.7774509350001608,2275,0,2281
pos,0.7780785049999395,2275,0,2281
pos,0.7786454910001339,2275,0,2281
pos,0.7792229269998643,2275,0,2281
pos,0.7798422609994304,2275,0,2281
pos,0.78042431600079,2275,0,2281
pos,0.7810204659999727,2275,0,2281
pos,0.7816218370007846,2275,0,2281
pos,0.7822176869995019,2275,0,2281
pos,0.7828428220000205,2275,0,2281
pos,0.7834386520007683,2275,0,2281
pos,0.784036876000755,2275,0,2281
pos,0.78459503600061,2275,0,2281
pos,0.7851996829995187,2275,0,2281
pos,0.7857710680000309,2275,0,2281
pos,0.7863419610002893,2275,0,2281
pos,0.7869479100008903,2275,0,2281
pos,0.7875466459991003,2275,0,2281
pos,0.7881497990001662,2275,0,2281
pos,0.7887168460001703,2275,0,2281
pos,0.7893258509993757,2275,0,2281
pos,0.7899259690002509,2275,0,2281
pos,0.790467026999977,2275,0,2281
pos,0.7910724749999645,2275,0,2281
pos,0.7916458630006673,2275,0,2281
pos,0.7922168870009045,2275,0,2281
pos,0.7928419319996465,2275,0,2281
pos,0.7934415090003313,2275,0,2281
pos,0.7940239939998719,2275,0,2281
pos,0.7946199550005986,2275,0,2281
pos,0.7951979320005194,2275,0,2281
pos,0.7957740950005245,2275,0,2281
pos,0.796341522000148,2275,0,2281
pos,0.7969502359992475,2275,0,2281
pos,0.7975233439992735,2275,0,2281
pos,0.7981488299992634,2275,0,2281
pos,0.7987225689994375,2275,0,2281
pos,0.7993257720008842,2275,0,2281
pos,0.7998948130007193,2275,0,2281
pos,0.8004673300001741,2275,0,2281
pos,0.8010924840000371,2275,0,2281
pos,0.8016900380007428,2275,0,2281
pos,0.8022689059998811,2275,0,2281
pos,0.8028422639999917,2275,0,2281
pos,0.8034389460008242,2275,0,2281
pos,0.8040200089999416,2275,0,2281
pos,0.804591263000475,2275,0,2281
pos,0.8052018210000824,2275,0,2281
pos,0.8057690679997904,2275,0,2281
pos,0.8063938920004148,2275,0,2281
pos,0.8069733310003357,2275,0,2281
pos,0.8075757940005133,2275,0,2281
pos,0.8081516769998416,2275,0,2281
pos,0.8087160880004376,2275,0,2281
pos,0.809326685999622,2275,0,2281
pos,0.8098938830007683,2275,0,2281
pos,0.8104672209992714,2275,0,2281
pos,0.8110729899999569,2275,0,2281
pos,0.8116448450000462,2275,0,2281
pos,0.8122201570004108,2275,0,2281
pos,0.8128420760003792,2275,0,2281
pos,0.8134396290006407,2275,0,2281
pos,0.8140244589994836,2275,0,2281
pos,0.8145922370003973,2275,0,2281
pos,0.8151967329995387,2275,0,2281
pos,0.8158417649992771,2275,0,2281
pos,0.8164391880000039,2275,0,2281
pos,0.8170219540006656,2275,0,2281
pos,0.8175918260003527,2275,0,2281
pos,0.8182030339994526,2275,0,2281
pos,0.818775010000536,2275,0,2281
pos,0.8193470059995889,2275,0,2281
pos,0.8199471339994489,2275,0,2281
pos,0.8205215750003845,2275,0,2281
pos,0.8211461980008607,2275,0,2281
pos,0.8217161299999134,2275,0,2281
pos,0.8223281909995421,2275,0,2281
pos,0.8228934140006459,2275,0,2281
pos,0.8234703079997416,2275,0,2281
pos,0.8240709069996228,2275,0,2281
pos,0.824644005000664,2275,0,2281
pos,0.8252466680005455,2275,0,2281
pos,0.8258479489995807,2275,0,2281
pos,0.8264384489993972,2275,0,2281
pos,0.8270181890002277,2275,0,2281
pos,0.8275907959996402,2275,0,2281
pos,0.8281986679994588,2275,0,2281
pos,0.8287687299998652,2275,0,2281
pos,0.829393183999855,2275,0,2281
pos,0.8299665220001771,2275,0,2281
pos,0.8305754670000169,2275,0,2281
pos,0.8311777689996234,2275,0,2281
pos,0.8317479609995644,2275,0,2281
pos,0.8323405659994023,2275,0,2281
pos,0.8329463339996437,2275,0,2281
pos,0.8335451300008572,2275,0,2281
pos,0.834143074000167,2275,0,2281
pos,0.8347160810008063,2275,0,2281
pos,0.8353249259998847,2275,0,2281
pos,0.8358938460005447,2275,0,2281
pos,0.8364660120005283,2275,0,2281
pos,0.8370717910001986,2275,0,2281
pos,0.8376516309999715,2275,0,2281
pos,0.8382163429996581,2275,0,2281
pos,0.838841147000494,2275,0,2281
pos,0.8394397520005441,2275,0,2281
pos,0.8400181699998939,2275,0,2281
pos,0.8405913280003006,2275,0,2281
pos,0.841196466000838,2275,0,2281
pos,0.8417735610000818,2275,0,2281
pos,0.8423723870000686,2275,0,2281
pos,0.8429466270008561,2275,0,2281
pos,0.8435180409996974,2275,0,2281
pos,0.8441434260003007,2275,0,2281
pos,0.8447161730000516,2275,0,2281
pos,0.8453279330005898,2275,0,2281
pos,0.8458981759995368,2275,0,2281
pos,0.8464738490001764,2275,0,2281
pos,0.8470704899991688,2275,0,2281
pos,0.8476502199991955,2275,0,2281
pos,0.8482160250005109,2275,0,2281
pos,0.8488401869999507,2275,0,2281
pos,0.8494386220008892,2275,0,2281
pos,0.8500185230004718,2275,0,2281
pos,0.8505947960002231,2275,0,2281
pos,0.8512006149994704,2275,0,2281
pos,0.8517707779992634,2275,0,2281
pos,0.8523409999997966,2275,0,2281
pos,0.8529453859991918,2275,0,2281
pos,0.8535183740004868,2275,0,2281
pos,0.8541461029999482,2275,0,2281
pos,0.8547156639997411,2275,0,2281
pos,0.8553236970001308,2275,0,2281
pos,0.8559195380003075,2275,0,2281
pos,0.8564658260002034,2275,0,2281
pos,0.8570907899993472,2275,0,2281
pos,0.8576907580008992,2275,0,2281
pos,0.858273313000609,2275,0,2281
pos,0.8588688029994955,2275,0,2281
pos,0.8594444850004948,2275,0,2281
pos,0.8600942659995781,2275,0,2281
pos,0.8606884130003891,2275,0,2281
pos,0.8612704980005219,2275,0,2281
pos,0.8618731810001918,2275,0,2281
pos,0.8624411490000057,2275,0,2281
pos,0.8630196670001169,2275,0,2281
pos,0.8635901590005233,2275,0,2281
pos,0.8641946759998973,2275,0,2281
pos,0.8647746259994165,2275,0,2281
pos,0.8653681619998679,2275,0,2281
pos,0.8659651849993679,2275,0,2281
pos,0.866573838999102,2275,0,2281
pos,0.8671486700004607,2275,0,2281
pos,0.8677229099994292,2275,0,2281
pos,0.8683242600000085,2275,0,2281
pos,0.8688920179993147,2275,0,2281
pos,0.8694649450008001,2275,0,2281
pos,0.8700777670001116,2275,0,2281
pos,0.8706430000002001,2275,0,2281
pos,0.8712147860005643,2275,0,2281
pos,0.8718426359992009,2275,0,2281
pos,0.8724396279994835,2275,0,2281
pos,0.8730240669992781,2275,0,2281
pos,0.8735914940007206,2275,0,2281
pos,0.8741955589994177,2275,0,2281
pos,0.8747720930005016,2275,0,2281
pos,0.8753391200007172,2275,0,2281
pos,0.8759451090008952,2275,0,2281
pos,0.8765206219995889,2275,0,2281
pos,0.8771444440008054,2275,0,2281
pos,0.8777414460000728,2275,0,2281
pos,0.8783652479996817,2275,0,2281
pos,0.8789640739996685,2275,0,2281
pos,0.8795742109996354,2275,0,2281
pos,0.8801705419991777,2275,0,2281
pos,0.8807197149999411,2275,0,2281
pos,0.8813230089999706,2275,0,2281
pos,0.8818930209999962,2275,0,2281
pos,0.8824649269990914,2275,0,2281
pos,0.8830700239996077,2275,0,2281
pos,0.883643311999549,2275,0,2281
pos,0.8842140859997016,2275,0,2281
pos,0.8848408230005589,2275,0,2281
pos,0.8854382570007147,2275,0,2281
pos,0.8860191389994725,2275,0,2281
pos,0.8866215519992693,2275,0,2281
pos,0.8871939580003527,2275,0,2281
pos,0.8877743890006968,2275,0,2281
pos,0.8883925509999244,2275,0,2281
pos,0.888964637000754,2275,0,2281
pos,0.8895725599995785,2275,0,2281
pos,0.8901496449998376,2275,0,2281
pos,0.8907454750005854,2275,0,2281
pos,0.891339682000762,2275,0,2281
pos,0.8919450400007918,2275,0,2281
pos,0.8925210939996759,2275,0,2281
pos,0.8931453059994965,2275,0,2281
pos,0.8937139560002834,2275,0,2281
pos,0.8942936759995064,2275,0,2281
pos,0.8948679559998709,2275,0,2281
pos,0.8954449009997916,2275,0,2281
pos,0.8960966750000807,2275,0,2281
pos,0.8966873259996646,2275,0,2281
pos,0.897268028000326,2275,0,2281
pos,0.8978412060005212,2275,0,2281
pos,0.8984418849995564,2275,0,2281
pos,0.89902134499971,2275,0,2281
pos,0.8996186879994639,2275,0,2281
pos,0.9001950910005689,2275,0,2281
pos,0.9007662660005735,2275,0,2281
pos,0.9013939449996542,2275,0,2281
pos,0.9019634359992779,2275,0,2281
pos,0.9025724610000907,2275,0,2281
pos,0.9031408699993335,2275,0,2281
pos,0.9037207410001429,2275,0,2281
pos,0.9043226020003203,2275,0,2281
pos,0.9048948880008538,2275,0,2281
pos,0.9054639879996103,2275,0,2281
pos,0.9060693669998727,2275,0,2281
pos,0.9066494880007667,2275,0,2281
pos,0.9072415209993778,2275,0,2281
pos,0.9078380020000623,2275,0,2281
pos,0.9084362659996259,2275,0,2281
pos,0.9090216370004782,2275,0,2281
pos,0.9095962079991295,2275,0,2281
pos,0.9101937510004063,2275,0,2281
pos,0.9107718380000733,2275,0,2281
pos,0.9113971429997036,2275,0,2281
pos,0.9119681970005331,2275,0,2281
pos,0.9125748879996536,2275,0,2281
pos,0.9131443290007155,2275,0,2281
pos,0.9137209729997267,2275,0,2281
pos,0.9143216619995655,2275,0,2281
pos,0.9149178129991924,2275,0,2281
pos,0.9155175199994119,2275,0,2281
pos,0.9161418340008822,2275,0,2281
pos,0.9167211530002533,2275,0,2281
pos,0.9173218720006844,2275,0,2281
pos,0.9178922549999697,2275,0,2281
pos,0.9184640900002705,2275,0,2281
pos,0.9190696480000042,2275,0,2281
pos,0.9196454709999671,2275,0,2281
pos,0.9202165349997813,2275,0,2281
pos,0.9208387350008707,2275,0,2281
pos,0.9214355469994189,2275,0,2281
pos,0.9220155269995303,2275,0,2281
pos,0.9225882739992812,2275,0,2281
pos,0.9231991329997982,2275,0,2281
pos,0.9238416499993036,2275,0,2281
pos,0.9244500029999472,2275,0,2281
pos,0.9250166889996763,2275,0,2281
pos,0.9255881030003366,2275,0,2281
pos,0.9261943729998166,2275,0,2281
pos,0.9267651570007729,2275,0,2281
pos,0.9273443860001862,2275,0,2281
pos,0.9279476499996235,2275,0,2281
pos,0.9285167699999874,2275,0,2281
pos,0.9291406430002098,2275,0,2281
pos,0.9297389370003657,2275,0,2281
pos,0.9303376730003947,2275,0,2281
pos,0.930942650000361,2275,0,2281
pos,0.931522851000409,2275,0,2281
pos,0.9321433969998907,2275,0,2281
pos,0.9327411909998773,2275,0,2281
pos,0.9333639720007341,2275,0,2281
pos,0.9339430300005915,2275,0,2281
pos,0.934515207000004,2275,0,2281
pos,0.9351423349999095,2275,0,2281
pos,0.9357199709993438,2275,0,2281
pos,0.9363219030001346,2275,0,2281
pos,0.936890291999589,2275,0,2281
pos,0.9374646119995305,2275,0,2281
pos,0.9380681460006599,2275,0,2281
pos,0.9386477360003482,2275,0,2281
pos,0.9392179490005219,2275,0,2281
pos,0.9398376030003419,2275,0,2281
pos,0.9404374410005403,2275,0,2281
pos,0.9410173110009055,2275,0,2281
pos,0.9415868920004868,2275,0,2281
pos,0.9421987219993753,2275,0,2281
pos,0.9427668009993795,2275,0,2281
pos,0.9433369029993628,2275,0,2281
pos,0.9439481520003028,2275,0,2281
pos,0.9445176129993342,2275,0,2281
pos,0.9451394309999159,2275,0,2281
pos,0.9457124290001957,2275,0,2281
pos,0.9463213630006067,2275,0,2281
pos,0.9468921669995325,2275,0,2281
pos,0.9474626400005945,2275,0,2281
pos,0.9480941469992104,2275,0,2281
pos,0.9486842360001901,2275,0,2281
pos,0.9492644069996459,2275,0,2281
pos,0.949869313999443,2275,0,2281
pos,0.9504392260005261,2275,0,2281
pos,0.9510210900007223,2275,0,2281
pos,0.9516168999998627,2275,0,2281
pos,0.9521935150005447,2275,0,2281
pos,0.9527709810008673,2275,0,2281
pos,0.9533906350006873,2275,0,2281
pos,0.9539624310000363,2275,0,2281
pos,0.95457181600068,2275,0,2281
pos,0.9551435409994156,2275,0,2281
pos,0.9557173100001819,2275,0,2281
pos,0.9563209749994712,2275,0,2281
pos,0.9568980700005341,2275,0,2281
pos,0.957462853000834,2275,0,2281
pos,0.9580682100004196,2275,0,2281
pos,0.9586480109992408,2275,0,2281
pos,0.9592176219994144,2275,0,2281
pos,0.9598369060004188,2275,0,2281
pos,0.9604354809998767,2275,0,2281
pos,0.9610145299993746,2275,0,2281
pos,0.9615869860008388,2275,0,2281
pos,0.9621930659995996,2275,0,2281
pos,0.9627645710006618,2275,0,2281
pos,0.9633935530000599,2275,0,2281
pos,0.9639622619997681,2275,0,2281
pos,0.9645732499993755,2275,0,2281
pos,0.9651656839996576,2275,0,2281
pos,0.965711872000611,2275,0,2281
pos,0.9663215780001337,2275,0,2281
pos,0.9668912889992498,2275,0,2281
pos,0.9674681239994243,2275,0,2281
pos,0.9680725100006384,2275,0,2281
pos,0.9686449269993318,2275,0,2281
pos,0.9692182649996539,2275,0,2281
pos,0.9698372879993258,2275,0,2281
pos,0.9704335290007293,2275,0,2281
pos,0.9710183989991492,2275,0,2281
pos,0.9715953939994506,2275,0,2281
pos,0.9721973460000299,2275,0,2281
pos,0.9727714349992311,2275,0,2281
pos,0.9733362780007155,2275,0,2281
pos,0.9739427080003225,2275,0,2281
pos,0.9745457310000347,2275,0,2281
pos,0.9751462200001697,2275,0,2281
pos,0.9757127550001314,2275,0,2281
pos,0.9763197859992943,2275,0,2281
pos,0.9768940769990877,2275,0,2281
pos,0.9774915500001953,2275,0,2281
pos,0.9781456689997867,2275,0,2281
pos,0.9787120140008483,2275,0,2281
pos,0.9793202370001381,2275,0,2281
pos,0.9798937859995931,2275,0,2281
pos,0.9804623849995551,2275,0,2281
pos,0.9810668709997117,2275,0,2281
pos,0.9816389770003298,2275,0,2281
pos,0.9822438240007614,2275,0,2281
pos,0.9828368990001763,2275,0,2281
pos,0.9834354850008822,2275,0,2281
pos,0.9840220770001906,2275,0,2281
pos,0.9845865890001733,2275,0,2281
pos,0.9851956340007746,2275,0,2281
pos,0.985765535999235,2275,0,2281
pos,0.9863673670006392,2275,0,2281
pos,0.9869610730002023,2275,0,2281
pos,0.9875682149995555,2275,0,2281
pos,0.9881693949992041,2275,0,2281
pos,0.9887387359995046,2275,0,2281
pos,0.9893888370006607,2275,0,2281
pos,0.9899668439993548,2275,0,2281
pos,0.9905725919998076,2275,0,2281
pos,0.9911726499994984,2275,0,2281
pos,0.991711013000895,2275,0,2281
pos,0.9923211200002697,2275,0,2281
pos,0.9928947289990901,2275,0,2281
pos,0.9934616549999191,2275,0,2281
pos,0.9940937329993176,2275,0,2281
pos,0.9946839120002551,2275,0,2281
pos,0.9952700649992039,2275,0,2281
pos,0.9958649729996978,2275,0,2281
pos,0.9964335120002943,2275,0,2281
pos,0.9970162480003637,2275,0,2281
pos,0.9976130399991234,2275,0,2281
pos,0.9981952449998062,2275,0,2281
pos,0.9987635639990913,2275,0,2281
pos,0.9993355690003227,2275,0,2281
pos,0.9999422700002469,2275,0,2281
pos,1.0005137440002727,2275,0,2281
pos,1.00113865899948,2275,0,2281
pos,1.0017171969993797,2275,0,2281
pos,1.0023194389996206,2275,0,2281
pos,1.0028938590003236,2275,0,2281
pos,1.0034690709999268,2275,0,2281
pos,1.004085369000677,2275,0,2281
pos,1.0046839240003465,2275,0,2281
pos,1.0052710679992742,2275,0,2281
pos,1.0058632319996832,2275,0,2281
pos,1.0064685489996918,2275,0,2281
pos,1.0070866810001462,2275,0,2281
pos,1.0076843049992021,2275,0,2281
pos,1.0082644859994616,2275,0,2281
pos,1.0088365920000797,2275,0,2281
pos,1.0094326319995162,2275,0,2281
pos,1.0100178329994378,2275,0,2281
pos,1.0105858810002246,2275,0,2281
pos,1.0111642880001455,2275,0,2281
pos,1.0117152849998092,2275,0,2281
pos,1.0123221060002834,2275,0,2281
pos,1.0128879000003508,2275,0,2281
pos,1.013461319000271,2275,0,2281
pos,1.014066666000872,2275,0,2281
pos,1.0146454149999045,2275,0,2281
pos,1.0152106179994007,2275,0,2281
pos,1.01583592300085,2275,0,2281
pos,1.016432103000625,2275,0,2281
pos,1.0170166520001658,2275,0,2281
pos,1.0175857729991549,2275,0,2281
pos,1.0181948379995447,2275,0,2281
pos,1.0187646300000779,2275,0,2281
pos,1.0193387889994483,2275,0,2281
pos,1.0199403000005987,2275,0,2281
pos,1.0205137680004555,2275,0,2281
pos,1.021144804000869,2275,0,2281
pos,1.0217123010006617,2275,0,2281
pos,1.022318560999338,2275,0,2281
pos,1.0228873310006747,2275,0,2281
pos,1.023487569000281,2275,0,2281
pos,1.0241425200001686,2275,0,2281
pos,1.0247165790005965,2275,0,2281
pos,1.0253192220006895,2275,0,2281
pos,1.0258904559996154,2275,0,2281
pos,1.026460188000783,2275,0,2281
pos,1.027065415000834,2275,0,2281
pos,1.0276410080005007,2275,0,2281
pos,1.0282143059994269,2275,0,2281
pos,1.0288401519992476,2275,0,2281
pos,1.029431774000841,2275,0,2281
pos,1.0300124860004871,2275,0,2281
pos,1.0305854140005977,2275,0,2281
pos,1.031190310999591,2275,0,2281
pos,1.0317659829997865,2275,0,2281
pos,1.0323353139992832,2275,0,2281
pos,1.0329405320007936,2275,0,2281
pos,1.033518128000651,2275,0,2281
pos,1.0341378329994768,2275,0,2281
pos,1.0347145470004762,2275,0,2281
pos,1.0353185330004635,2275,0,2281
pos,1.0358933129991783,2275,0,2281
pos,1.036459898999965,2275,0,2281
pos,1.0370899429999554,2275,0,2281
pos,1.0376819360008085,2275,0,2281
pos,1.038262788000793,2275,0,2281
pos,1.038865431000886,2275,0,2281
pos,1.0394313359993248,2275,0,2281
pos,1.040013159999944,2275,0,2281
pos,1.0406131170002482,2275,0,2281
pos,1.041190452999217,2275,0,2281
pos,1.041765795000174,2275,0,2281
pos,1.0423872629999096,2275,0,2281
pos,1.0429620939994493,2275,0,2281
pos,1.043568895000135,2275,0,2281
pos,1.0441664980007772,2275,0,2281
pos,1.0447650730002351,2275,0,2281
pos,1.0453635979993123,2275,0,2281
pos,1.0459416449994023,2275,0,2281
pos,1.046513371000401,2275,0,2281
pos,1.0471366420006234,2275,0,2281
pos,1.0477171130005445,2275,0,2281
pos,1.048318503999326,2275,0,2281
pos,1.0488868829997955,2275,0,2281
pos,1.0494597910001175,2275,0,2281
pos,1.0500652089995128,2275,0,2281
pos,1.0506394879994332,2275,0,2281
pos,1.0512092999997549,2275,0,2281
pos,1.0518347350007389,2275,0,2281
pos,1.0524312670004292,2275,0,2281
pos,1.0530149540009006,2275,0,2281
pos,1.0535852270004398,2275,0,2281
pos,1.0541914170007658,2275,0,2281
pos,1.0547698640002636,2275,0,2281
pos,1.0553349570000137,2275,0,2281
pos,1.055946036000023,2275,0,2281
pos,1.0565139339996676,2275,0,2281
pos,1.0571425950001867,2275,0,2281
pos,1.0577371229992423,2275,0,2281
pos,1.0583338550004555,2275,0,2281
pos,1.0589403649992164,2275,0,2281
pos,1.0595131919999403,2275,0,2281
pos,1.0601403809996555,2275,0,2281
pos,1.0607095510004,2275,0,2281
pos,1.0613187159997324,2275,0,2281
pos,1.061888407000879,2275,0,2281
pos,1.0624609240003338,2275,0,2281
pos,1.0630845659998158,2275,0,2281
pos,1.0636820700001408,2275,0,2281
pos,1.0642650459994911,2275,0,2281
pos,1.0648664660002396,2275,0,2281
pos,1.0654354260004766,2275,0,2281
pos,1.0660127720002492,2275,0,2281
pos,1.066583936000825,2275,0,2281
pos,1.0671931809993112,2275,0,2281
pos,1.0677629630008596,2275,0,2281
pos,1.0683341069998278,2275,0,2281
pos,1.06894028699935,2275,0,2281
pos,1.0695393530004367,2275,0,2281
pos,1.0701438989999588,2275,0,2281
pos,1.0707146120003017,2275,0,2281
pos,1.0713179760005005,2275,0,2281
pos,1.071892616999321,2275,0,2281
pos,1.0724590520003403,2275,0,2281
pos,1.0730834759997379,2275,0,2281
pos,1.0736841449997883,2275,0,2281
pos,1.0742659690004075,2275,0,2281
pos,1.0748602469993784,2275,0,2281
pos,1.0754595029993652,2275,0,2281
pos,1.076064150000093,2275,0,2281
pos,1.0766430179992312,2275,0,2281
pos,1.07721657699949,2275,0,2281
pos,1.0778333260004729,2275,0,2281
pos,1.0784307590001845,2275,0,2281
pos,1.0790123530005076,2275,0,2281
pos,1.0796104370001558,2275,0,2281
pos,1.0802087520005443,2275,0,2281
pos,1.0808387249999214,2275,0,2281
pos,1.0814306379998015,2275,0,2281
pos,1.0820138649996807,2275,0,2281
pos,1.0825858110001718,2275,0,2281
pos,1.0831936129998212,2275,0,2281
pos,1.0837633249993814,2275,0,2281
pos,1.0843349400001898,2275,0,2281
pos,1.0849124159994972,2275,0,2281
pos,1.0854637329994148,2275,0,2281
pos,1.0860638009999093,2275,0,2281
pos,1.0866363780005486,2275,0,2281
pos,1.0872082330006378,2275,0,2281
pos,1.0878335279994644,2275,0,2281
pos,1.0884301599999162,2275,0,2281
pos,1.089011001999097,2275,0,2281
pos,1.0895899810002447,2275,0,2281
pos,1.0901886760002526,2275,0,2281
pos,1.0907667329993274,2275,0,2281
pos,1.0913333690004947,2275,0,2281
pos,1.091937825000059,2275,0,2281
pos,1.0925115240006562,2275,0,2281
pos,1.0931404059992929,2275,0,2281
pos,1.0937084340002912,2275,0,2281
pos,1.0942867520006985,2275,0,2281
pos,1.0948331799991138,2275,0,2281
pos,1.09542987200075,2275,0,2281
pos,1.096011345000079,2275,0,2281
pos,1.0965832199999568,2275,0,2281
pos,1.0971932369993738,2275,0,2281
pos,1.0977681980002671,2275,0,2281
pos,1.098333702000673,2275,0,2281
pos,1.0989430770005129,2275,0,2281
pos,1.0995122580006864,2275,0,2281
pos,1.1001357400000416,2275,0,2281
pos,1.1007345849993726,2275,0,2281
pos,1.1013854680004442,2275,0,2281
pos,1.1019631140006823,2275,0,2281
pos,1.102566958999887,2275,0,2281
pos,1.1031628389991965,2275,0,2281
pos,1.103708025000742,2275,0,2281
pos,1.1045760630004224,2275,0,2281
pos,1.1051648199991178,2275,0,2281
pos,1.1057158359999448,2275,0,2281
pos,1.1063181179997628,2275,0,2281
pos,1.1069167740006378,2275,0,2281
pos,1.107458704000237,2275,0,2281
pos,1.1080837280005653,2275,0,2281
pos,1.1086811709992617,2275,0,2281
pos,1.1092612920001557,2275,0,2281
pos,1.1098603080008616,2275,0,2281
pos,1.1104291579995333,2275,0,2281
pos,1.11101144299937,2275,0,2281
pos,1.1116105290002452,2275,0,2281
pos,1.1121939160002512,2275,0,2281
pos,1.1127609930008475,2275,0,2281
pos,1.113333478999266,2275,0,2281
pos,1.1139386169998033,2275,0,2281
pos,1.1145149010008026,2275,0,2281
pos,1.115135938000094,2275,0,2281
pos,1.1157124019991898,2275,0,2281
pos,1.1163170279996848,2275,0,2281
pos,1.1168881930007046,2275,0,2281
pos,1.1174583550000534,2275,0,2281
pos,1.1180635420005274,2275,0,2281
pos,1.118636069000786,2275,0,2281
pos,1.1192107599999872,2275,0,2281
pos,1.1198352840001462,2275,0,2281
pos,1.1204288999997516,2275,0,2281
pos,1.1210126469995885,2275,0,2281
pos,1.1215837609997834,2275,0,2281
pos,1.12218769699939,2275,0,2281
pos,1.1227648420008336,2275,0,2281
pos,1.123333060000732,2275,0,2281
pos,1.1239380679999158,2275,0,2281
pos,1.1245122279997304,2275,0,2281
pos,1.1251358200006507,2275,0,2281
pos,1.1257085369998094,2275,0,2281
pos,1.126316059000601,2275,0,2281
pos,1.1268878940009017,2275,0,2281
pos,1.1274906670005294,2275,0,2281
pos,1.128135487999316,2275,0,2281
pos,1.128707724999913,2275,0,2281
pos,1.1293173209996894,2275,0,2281
pos,1.1299118879996968,2275,0,2281
pos,1.130484195000463,2275,0,2281
pos,1.1311381129999063,2275,0,2281
pos,1.131712382999467,2275,0,2281
pos,1.132315586999539,2275,0,2281
pos,1.1328887750005379,2275,0,2281
pos,1.133484944999509,2275,0,2281
pos,1.134143111999947,2275,0,2281
pos,1.1347129740006494,2275,0,2281
pos,1.1353155559991137,2275,0,2281
pos,1.1358851379991393,2275,0,2281
pos,1.1364572229995247,2275,0,2281
pos,1.137062722000337,2275,0,2281
pos,1.137637421999898,2275,0,2281
pos,1.138207333999162,2275,0,2281
pos,1.1388323289993423,2275,0,2281
pos,1.139413210999919,2275,0,2281
pos,1.1400934390003385,2275,0,2281
pos,1.1406832470001973,2275,0,2281
pos,1.1412614849996316,2275,0,2281
pos,1.1418973290001304,2275,0,2281
pos,1.1424642860001768,2275,0,2281
pos,1.1430825080005889,2275,0,2281
pos,1.1436797599999409,2275,0,2281
pos,1.144265020999228,2275,0,2281
pos,1.1448611420000816,2275,0,2281
pos,1.1454290700003185,2275,0,2281
pos,1.1460169849997328,2275,0,2281
pos,1.1465857849998429,2275,0,2281
pos,1.1471874960006971,2275,0,2281
pos,1.1477644410006178,2275,0,2281
pos,1.1483316079993529,2275,0,2281
pos,1.148937988000398,2275,0,2281
pos,1.1495121169991762,2275,0,2281
pos,1.1501342869996733,2275,0,2281
pos,1.1507068730006722,2275,0,2281
pos,1.1513188739991165,2275,0,2281
pos,1.1518993049994606,2275,0,2281
pos,1.1524648689992318,2275,0,2281
pos,1.153086075999454,2275,0,2281
pos,1.1536791510006879,2275,0,2281
pos,1.1542590820008627,2275,0,2281
pos,1.154857847999665,2275,0,2281
pos,1.155428000000029,2275,0,2281
pos,1.156010624999908,2275,0,2281
pos,1.1565822400007164,2275,0,2281
pos,1.1571911350001756,2275,0,2281
pos,1.1577660359998845,2275,0,2281
pos,1.1583579189991724,2275,0,2281
pos,1.1589373179995164,2275,0,2281
pos,1.159538939000413,2275,0,2281
pos,1.160134638999807,2275,0,2281
pos,1.1607332340008725,2275,0,2281
pos,1.1613315190006688,2275,0,2281
pos,1.161938781000572,2275,0,2281
pos,1.1625103149999632,2275,0,2281
pos,1.1631345679998049,2275,0,2281
pos,1.163711102999514,2275,0,2281
pos,1.1643150679992686,2275,0,2281
pos,1.1648845090003306,2275,0,2281
pos,1.1654883139999583,2275,0,2281
pos,1.1661365820000356,2275,0,2281
pos,1.1667129960005695,2275,0,2281
pos,1.1673175819996686,2275,0,2281
pos,1.1678898480004136,2275,0,2281
pos,1.1684856280007807,2275,0,2281
pos,1.1691355799994199,2275,0,2281
pos,1.169737972000803,2275,0,2281
pos,1.1703397630008112,2275,0,2281
pos,1.1709413440003118,2275,0,2281
pos,1.1715154939993226,2275,0,2281
pos,1.1721384949996718,2275,0,2281
pos,1.17271115100084,2275,0,2281
pos,1.1733151370008272,2275,0,2281
pos,1.1738884549995419,2275,0,2281
pos,1.174456693999673,2275,0,2281
pos,1.175062361999153,2275,0,2281
pos,1.1756364520006173,2275,0,2281
pos,1.1762082969999028,2275,0,2281
pos,1.1768382810005278,2275,0,2281
pos,1.1774397820008744,2275,0,2281
pos,1.1780628929991508,2275,0,2281
pos,1.1786352090002765,2275,0,2281
pos,1.1792321220000304,2275,0,2281
pos,1.1798340730001655,2275,0,2281
pos,1.1804318769991369,2275,0,2281
pos,1.181020523999905,2275,0,2281
pos,1.1816178459994262,2275,0,2281
pos,1.1821861549997266,2275,0,2281
pos,1.1827604450008948,2275,0,2281
pos,1.1833867219993408,2275,0,2281
pos,1.1839561729993875,2275,0,2281
pos,1.1845702169994183,2275,0,2281
pos,1.185160597000504,2275,0,2281
pos,1.1857074960007594,2275,0,2281
pos,1.1863150879999012,2275,0,2281
pos,1.1868878959994618,2275,0,2281
pos,1.1874566749993392,2275,0,2281
pos,1.1880611819997284,2275,0,2281
pos,1.1886413720003475,2275,0,2281
pos,1.189206524999463,2275,0,2281
pos,1.1898307789997489,2275,0,2281
pos,1.1904382709999481,2275,0,2281
pos,1.1910624539996206,2275,0,2281
pos,1.1916335580008308,2275,0,2281
pos,1.192212586000096,2275,0,2281
pos,1.1928350060006778,2275,0,2281
pos,1.1934393119991,2275,0,2281
pos,1.1940859269998327,2275,0,2281
pos,1.1946806849991845,2275,0,2281
pos,1.1952620680003747,2275,0,2281
pos,1.195857877999515,2275,0,2281
pos,1.1964569449992268,2275,0,2281
pos,1.197060930000589,2275,0,2281
pos,1.1976345889997901,2275,0,2281
pos,1.198237352000433,2275,0,2281
pos,1.198835004999637,2275,0,2281
pos,1.1994315270003426,2275,0,2281
neg,8.999995770864189e-08,2275,0,1599
neg,0.0006262370006879792,2275,0,1599
neg,0.0012166169999545673,2275,0,1599
neg,0.0018054739994113334,2275,0,1599
neg,0.0024084979995677713,2275,0,1599
neg,0.0029730490005022148,2275,0,1599
neg,0.0035535410006559687,2275,0,1599
neg,0.004126799000005121,2275,0,1599
neg,0.004707561000032001,2275,0,1599
neg,0.005307388999426621,2275,0,1599
neg,0.00587518700012879,2275,0,1599
neg,0.006486456000857288,2275,0,1599
neg,0.007084058999680565,2275,0,1599
neg,0.00768163300017477,2275,0,1599
neg,0.008251704999565845,2275,0,1599
neg,0.008859798001140007,2275,0,1599
neg,0.00945564799985732,2275,0,1599
neg,0.010003539000535966,2275,0,1599
neg,0.010606682999423356,2275,0,1599
neg,0.011182816000655293,2275,0,1599
neg,0.011757436999687343,2275,0,1599
neg,0.012379997000607545,2275,0,1599
neg,0.012976137000805466,2275,0,1599
neg,0.013554786000895547,2275,0,1599
neg,0.014159603000734933,2275,0,1599
neg,0.014732330000697402,2275,0,1599
neg,0.015309264999814332,2275,0,1599
neg,0.01588358499975584,2275,0,1599
neg,0.016481067999848165,2275,0,1599
neg,0.017061259000911377,2275,0,1599
neg,0.017685061000520363,2275,0,1599
neg,0.01825314000052458,2275,0,1599
neg,0.01885928900082945,2275,0,1599
neg,0.019431665999945835,2275,0,1599
neg,0.020002528999611968,2275,0,1599
neg,0.02063330500095617,2275,0,1599
neg,0.02122308400066686,2275,0,1599
neg,0.021806521001053625,2275,0,1599
neg,0.022402070000680396,2275,0,1599
neg,0.022971891999986838,2275,0,1599
neg,0.023559065999506856,2275,0,1599
neg,0.02413324600092892,2275,0,1599
neg,0.024735228000281495,2275,0,1599
neg,0.025305340001068544,2275,0,1599
neg,0.025935023000783985,2275,0,1599
neg,0.026500686999497702,2275,0,1599
neg,0.027109000000564265,2275,0,1599
neg,0.02770607300044503,2275,0,1599
neg,0.028253152000615955,2275,0,1599
neg,0.028859592001026613,2275,0,1599
neg,0.029430927001158125,2275,0,1599
neg,0.029998464000527747,2275,0,1599
neg,0.030605895999542554,2275,0,1599
neg,0.031181218000710942,2275,0,1599
neg,0.03175728099995467,2275,0,1599
neg,0.032382335999500356,2274,0,1599
neg,0.03297231500073394,2274,0,1599
neg,0.033557214999746066,2274,0,1599
neg,0.034125002999644494,2274,0,1599
neg,0.03473191400007636,2274,0,1599
neg,0.03530958000010287,2274,0,1599
neg,0.03587450300074124,2274,0,1599
neg,0.036495540000032634,2274,0,1599
neg,0.037086169999383856,2274,0,1599
neg,0.03767869399962365,2274,0,1599
neg,0.03828366100060521,2274,0,1599
neg,0.03887497300092946,2274,0,1599
neg,0.03948061200026132,2274,0,1599
neg,0.040082953999444726,2274,0,1599
neg,0.040678063000086695,2274,0,1599
neg,0.041250498999943375,2273,0,1599
neg,0.04185853200033307,2273,0,1599
neg,0.0424297170011414,2273,0,1599
neg,0.04299954800080741,2273,0,1599
neg,0.043612200001007295,2273,0,1599
neg,0.04418261200044071,2273,0,1599
neg,0.0447570230007841,2273,0,1599
neg,0.045375886000329047,2273,0,1599
neg,0.04597195700080192,2273,0,1599
neg,0.04655886000000464,2272,0,1599
neg,0.04712534600002982,2272,0,1599
neg,0.04773453100096958,2272,0,1599
neg,0.04827668100006122,2272,0,1599
neg,0.04887486500047089,2272,0,1599
neg,0.04948203700041631,2272,0,1599
neg,0.05008098300095298,2272,0,1599
neg,0.050676733000727836,2272,0,1599
neg,0.05125573099940084,2271,-200,1599
neg,0.05185888500091096,2271,-200,1599
neg,0.05242973900021752,2271,-200,1599
neg,0.05299999199996819,2271,-200,1599
neg,0.05360632100018847,2271,-200,1599
neg,0.05418174300029932,2271,-200,1599
neg,0.054757235000579385,2271,-200,1599
neg,0.05537568799991277,2270,-200,1599
neg,0.05597060699983558,2270,-200,1599
neg,0.056556157000159146,2270,-200,1599
neg,0.05713306200050283,2270,-200,1599
neg,0.05772996400082775,2270,-200,1599
neg,0.058305156000642455,2269,-200,1599
neg,0.05890577500031213,2269,-200,1599
neg,0.059507627000130014,2269,-200,1599
neg,0.06010902700109,2269,-200,1599
neg,0.060709436000252026,2268,-200,1599
neg,0.06125471199993626,2268,-200,1599
neg,0.06185804599954281,2268,-200,1599
neg,0.062427217000731616,2268,-200,1599
neg,0.06299930299974221,2268,-200,1599
neg,0.06362393600102223,2267,-200,1599
neg,0.06422336300056486,2267,-200,1599
neg,0.06480659000044398,2267,-200,1599
neg,0.06540111700087436,2266,-200,1599
neg,0.06597005699950387,2266,-200,1599
neg,0.06655336400035594,2265,-200,1599
neg,0.06713264400059415,2265,-200,1599
neg,0.06772983700102486,2265,-200,1599
neg,0.06830641099986678,2265,-200,1599
neg,0.06893319899972994,2265,-200,1599
neg,0.06950625600075,2264,-200,1599
neg,0.07011089300067397,2263,-200,1599
neg,0.0707062120000046,2263,-200,1599
neg,0.07130763299937826,2263,-400,1599
neg,0.07188304500050435,2263,-400,1599
neg,0.07247959599953901,2262,-400,1599
neg,0.07307915300043533,2262,-400,1599
neg,0.0736808050005493,2261,-400,1599
neg,0.07424921399979212,2261,-400,1599
neg,0.07486013200104935,2261,-400,1599
neg,0.07542874099999608,2260,-400,1599
neg,0.07600032600021223,2260,-400,1599
neg,0.07662367800003267,2259,-400,1599
neg,0.0772245580010349,2259,-400,1599
neg,0.07780674199966597,2259,-400,1599
neg,0.0784006390003924,2258,-400,1599
neg,0.07897075099936046,2258,-400,1599
neg,0.07955889699951513,2257,-400,1599
neg,0.08012456100004783,2257,-400,1599
neg,0.08072947800064867,2257,-400,1599
neg,0.08130492999953276,2256,-400,1599
neg,0.0818732789994101,2256,-400,1599
neg,0.082483095000498,2255,-400,1599
neg,0.08305574199948751,2254,-400,1599
neg,0.08367734100102098,2254,-400,1599
neg,0.0842647350000334,2253,-400,1599
neg,0.08490273400093429,2253,-400,1599
neg,0.0855068590008159,2252,-400,1599
neg,0.08611024300080317,2251,-400,1599
neg,0.08667973400042683,2251,-400,1599
neg,0.08724931600045238,2251,-400,1599
neg,0.0878587110000808,2251,-400,1599
neg,0.0884529590002785,2250,-400,1599
neg,0.08900630000061938,2250,-400,1599
neg,0.08960358200056362,2249,-400,1599
neg,0.09017871400101285,2247,-400,1599
neg,0.09078267999939271,2247,-850,1599
neg,0.09137712700066913,2246,-850,1599
neg,0.09197030200084555,2246,-850,1599
neg,0.09255543200015381,2245,-850,1599
neg,0.09312414200030616,2244,-850,1599
neg,0.09372989099938422,2244,-850,1599
neg,0.094303399000637,2243,-850,1599
neg,0.09487363200059917,2243,-850,1599
neg,0.09547956099959265,2242,-850,1599
neg,0.09605185700092989,2241,-850,1599
neg,0.09667602000081388,2241,-850,1599
neg,0.09725020000041695,2240,-850,1599
neg,0.0978619899997284,2240,-850,1599
neg,0.0984260710010858,2239,-850,1599
neg,0.09900700300022436,2237,-850,1599
neg,0.09960842399959802,2237,-850,1599
neg,0.1001777649998985,2236,-850,1599
neg,0.10077490699950431,2236,-850,1599
neg,0.10137354300059087,2235,-850,1599
neg,0.1019799530004093,2234,-850,1599
neg,0.10262796000097296,2234,-850,1599
neg,0.10322166600053606,2233,-850,1599
neg,0.10380278900083795,2233,-850,1599
neg,0.10440202500103624,2231,-850,1599
neg,0.10496987400074431,2230,-850,1599
neg,0.10555195800043293,2230,-850,1599
neg,0.10613029600062873,2229,-850,1599
neg,0.1067283900010807,2229,-850,1599
neg,0.10730255000089528,2227,-850,1599
neg,0.1078733939993981,2227,-850,1599
neg,0.10847931299940683,2226,-850,1599
neg,0.1090820959998382,2225,-850,1599
neg,0.1096756410006492,2225,-850,1599
neg,0.11025343800065457,2223,-850,1599
neg,0.11085713300053612,2223,-1200,1599
neg,0.11142897799982165,2222,-1200,1599
neg,0.1119991609994031,2220,-1200,1599
neg,0.11260403800042695,2220,-1200,1599
neg,0.11317814699941664,2219,-1200,1599
neg,0.11377607100075693,2219,-1200,1599
neg,0.11437777299943264,2218,-1200,1599
neg,0.11496909500056063,2216,-1200,1599
neg,0.11554967600022792,2216,-1200,1599
neg,0.11614906300019356,2214,-1200,1599
neg,0.11672817200087593,2214,-1200,1599
neg,0.11730389500007732,2213,-1200,1599
neg,0.11792494200017245,2211,-1200,1599
neg,0.11850357000002987,2211,-1200,1599
neg,0.1191065940001863,2209,-1200,1599
neg,0.11970899600055418,2209,-1200,1599
neg,0.12024811999981466,2208,-1200,1599
neg,0.12085658400064858,2206,-1200,1599
neg,0.12145822499951464,2206,-1200,1599
neg,0.12200746900089143,2205,-1200,1599
neg,0.12260908000098425,2205,-1200,1599
neg,0.12317902100039646,2203,-1200,1599
neg,0.12375440300093032,2203,-1200,1599
neg,0.12437292600043293,2202,-1200,1599
neg,0.12497150099989085,2200,-1200,1599
neg,0.12555378599972755,2200,-1200,1599
neg,0.12613003000114986,2198,-1200,1599
neg,0.12672840500090388,2198,-1200,1599
neg,0.1273043580004014,2197,-1200,1599
neg,0.12788123300015286,2195,-1200,1599
neg,0.12847767399944132,2195,-1200,1599
neg,0.12905083199984801,2194,-1200,1599
neg,0.12967495500015502,2194,-1200,1599
neg,0.13024838300043484,2192,-1200,1599
neg,0.13085641600082454,2190,-1600,1599
neg,0.1314263080003002,2190,-1600,1599
neg,0.13199794300089707,2189,-1600,1599
neg,0.13260743899991212,2189,-1600,1599
neg,0.1331748160009738,2187,-1600,1599
neg,0.13374805400053447,2187,-1600,1599
neg,0.13437218699982623,2186,-1600,1599
neg,0.13497029100108193,2184,-1600,1599
neg,0.1355558720006229,2184,-1600,1599
neg,0.13612312900113466,2183,-1600,1599
neg,0.1367282270002761,2183,-1600,1599
neg,0.13730624399977387,2181,-1600,1599
neg,0.13787176699952397,2179,-1600,1599
neg,0.1384778270003153,2179,-1600,1599
neg,0.13907572100106336,2178,-1600,1599
neg,0.13967840400073328,2178,-1600,1599
neg,0.14025460700031545,2176,-1600,1599
neg,0.14085574700038705,2174,-1600,1599
neg,0.14142510800047603,2174,-1600,1599
neg,0.14199959799952921,2172,-1600,1599
neg,0.14260267200006638,2172,-1600,1599
neg,0.14317530900007114,2171,-1600,1599
neg,0.14374752500043542,2169,-1600,1599
neg,0.1443720890001714,2169,-1600,1599
neg,0.14496972300003108,2167,-1600,1599
neg,0.14555617500082008,2167,-1600,1599
neg,0.14612255999963963,2166,-1600,1599
neg,0.14672727700053656,2165,-1600,1599
neg,0.1472993330007739,2165,-1600,1599
neg,0.14787153900033445,2163,-1600,1599
neg,0.14848222699947655,2163,-1600,1599
neg,0.14905083700068644,2161,-1600,1599
neg,0.14967723399968236,2161,-1600,1599
neg,0.15025485000114713,2160,-1600,1599
neg,0.1508550880007533,2158,-1600,1599
neg,0.15145074800057046,2158,-1600,1599
neg,0.15199774699976842,2156,-1600,1599
neg,0.15260321499954443,2156,-1600,1599
neg,0.15317533100096625,2154,-1600,1599
neg,0.15375308799957565,2153,-1600,1599
neg,0.15437821300110954,2153,-1600,1599
neg,0.15497805999984848,2151,-1600,1599
neg,0.15560306500083243,2151,-1600,1599
neg,0.1561795190009434,2150,-1600,1599
neg,0.1567532580011175,2148,-1600,1599
neg,0.15737578799962648,2148,-1600,1599
neg,0.15796791100001428,2146,-1600,1599
neg,0.1585577599998942,2146,-1600,1599
neg,0.1591293149995181,2145,-1600,1599
neg,0.15972648800016032,2143,-1600,1599
neg,0.16029947500101116,2143,-1600,1599
neg,0.16087212300044484,2142,-1600,1599
neg,0.16147738000108802,2142,-1600,1599
neg,0.16205317300045863,2140,-1600,1599
neg,0.16267445099947508,2138,-1600,1599
neg,0.163250263000009,2138,-1600,1599
neg,0.1638558920003561,2137,-1600,1599
neg,0.1644247220010584,2137,-1600,1599
neg,0.164998080001169,2135,-1600,1599
neg,0.16560579200086067,2135,-1600,1599
neg,0.1661799819994485,2133,-1600,1599
neg,0.16674685799989675,2132,-1600,1599
neg,0.16737123200073256,2132,-1600,1599
neg,0.16797659000076237,2130,-1600,1599
neg,0.16860277700106963,2130,-1600,1599
neg,0.16920052000023134,2128,-1600,1599
neg,0.16974576600114233,2126,-1600,1599
neg,0.1703755500002444,2126,-1650,1599
neg,0.17097607899995637,2125,-1650,1599
neg,0.17160895800043363,2123,-1650,1599
neg,0.17217845900086104,2123,-1650,1599
neg,0.1727467880009499,2121,-1650,1599
neg,0.17337637099990388,2121,-1650,1599
neg,0.1739670210008626,2119,-1650,1599
neg,0.1745511400004034,2119,-1650,1599
neg,0.1751216230004502,2118,-1650,1599
neg,0.17570474900094268,2116,-1650,1599
neg,0.17630191200078116,2116,-1650,1599
neg,0.1768709719999606,2115,-1650,1599
neg,0.1774778029994195,2115,-1650,1599
neg,0.1780828000009933,2113,-1650,1599
neg,0.17867682699943543,2111,-1650,1599
neg,0.17925273999935598,2111,-1650,1599
neg,0.17985634400065464,2110,-1650,1599
neg,0.1804262360001303,2110,-1650,1599
neg,0.1810226870002225,2108,-1650,1599
neg,0.18167422199985594,2106,-1650,1599
neg,0.18224585700045282,2106,-1650,1599
neg,0.1828546010001446,2104,-1650,1599
neg,0.18344960000104038,2104,-1650,1599
neg,0.18400110699985817,2103,-1650,1599
neg,0.1846058940009243,2101,-1650,1599
neg,0.1852036180007417,2101,-1650,1599
neg,0.1857999790008762,2100,-1650,1599
neg,0.18639671100027044,2100,-1650,1599
neg,0.18699729000036314,2098,-1650,1599
neg,0.18764053800077818,2096,-1650,1599
neg,0.18822053900112223,2096,-1650,1599
neg,0.18879871600074694,2095,-1650,1599
neg,0.1894043350002903,2095,-1650,1599
neg,0.1899669829999766,2093,-1650,1599
neg,0.1905555600005755,2091,-1700,1599
neg,0.19112054200013517,2091,-1700,1599
neg,0.19172628100022848,2090,-1700,1599
neg,0.1923011819999374,2090,-1700,1599
neg,0.19287460099985765,2088,-1700,1599
neg,0.19348312399961287,2088,-1700,1599
neg,0.19407561800107942,2087,-1700,1599
neg,0.1946767280005588,2085,-1700,1599
neg,0.19525375299963343,2085,-1700,1599
neg,0.19585492400074145,2083,-1700,1599
neg,0.19642682899939246,2083,-1700,1599
neg,0.19699992700043367,2082,-1700,1599
neg,0.19760181799938437,2080,-1700,1599
neg,0.1981793650011241,2080,-1700,1599
neg,0.1987452890007262,2079,-1700,1599
neg,0.19937055400077952,2079,-1700,1599
neg,0.19996738600093522,2077,-1700,1599
neg,0.20054856900060258,2075,-1700,1599
neg,0.2011215060010727,2075,-1700,1599
neg,0.2017261229993892,2073,-1700,1599
neg,0.20230157500009227,2073,-1700,1599
neg,0.20287333099986427,2072,-1700,1599
neg,0.2034751219998725,2070,-1700,1599
neg,0.20407968800100207,2070,-1700,1599
neg,0.20467524800005776,2068,-1700,1599
neg,0.2052474739994068,2068,-1700,1599
neg,0.20585322300030384,2066,-1700,1599
neg,0.2064232049997372,2065,-1700,1599
neg,0.20700524899984885,2065,-1700,1599
neg,0.20760155999960261,2063,-1700,1599
neg,0.20817756299948087,2063,-1700,1599
neg,0.20874507100052142,2061,-1700,1599
neg,0.20937062600023637,2061,-1700,1599
neg,0.2099671979995037,2060,-1700,1599
neg,0.21054797000033432,2058,-1650,1599
neg,0.21112015600010636,2058,-1650,1599
neg,0.21169973600080993,2057,-1650,1599
neg,0.21224556299966935,2057,-1650,1599
neg,0.21285381699999562,2055,-1650,1599
neg,0.21345464600017294,2053,-1650,1599
neg,0.21404913399965153,2053,-1650,1599
neg,0.21467311600099492,2052,-1650,1599
neg,0.21525285600000643,2052,-1650,1599
neg,0.21585361600045871,2050,-1650,1599
neg,0.21645663900017098,2048,-1650,1599
neg,0.21699509300015052,2048,-1650,1599
neg,0.21760515899950406,2047,-1650,1599
neg,0.2181725770005869,2047,-1650,1599
neg,0.2187498820003384,2045,-1650,1599
neg,0.21937567799977842,2043,-1650,1599
neg,0.2199760769999557,2043,-1650,1599
neg,0.22055944400017324,2042,-1650,1599
neg,0.22112825400108704,2042,-1650,1599
neg,0.22173029499936092,2040,-1650,1599
neg,0.22230391400080407,2040,-1650,1599
neg,0.22286921700106177,2039,-1650,1599
neg,0.223476278999442,2037,-1650,1599
neg,0.224048946000039,2037,-1650,1599
neg,0.22468006199960655,2036,-1650,1599
neg,0.22527655300109473,2036,-1650,1599
neg,0.22592263700062176,2034,-1650,1599
neg,0.22649459300009767,2032,-1650,1599
neg,0.22713169999951788,2032,-1650,1599
neg,0.2277265080010693,2030,-1650,1599
neg,0.22829926499980502,2029,-1650,1599
neg,0.22892589200091606,2029,-1650,1599
neg,0.22949490300015896,2027,-1650,1599
neg,0.23010393699951237,2027,-1650,1599
neg,0.23067247700055304,2025,-1650,1599
neg,0.23124445299981744,2025,-1650,1599
neg,0.23185261599974183,2024,-1650,1599
neg,0.23242818800099485,2022,-1650,1599
neg,0.23299491400030092,2022,-1650,1599
neg,0.23359978100052103,2020,-1650,1599
neg,0.23417703700033599,2020,-1650,1599
neg,0.23475211799996032,2019,-1650,1599
neg,0.2353762109996751,2017,-1650,1599
neg,0.23596531899966067,2017,-1650,1599
neg,0.23655319399949803,2016,-1650,1599
neg,0.2371198300006654,2016,-1650,1599
neg,0.23772972600090725,2014,-1650,1599
neg,0.23837412700049754,2012,-1650,1599
neg,0.2389657490002719,2012,-1650,1599
neg,0.23955330399985542,2011,-1650,1599
neg,0.24012703300104477,2011,-1650,1599
neg,0.24072551800054498,2009,-1650,1599
neg,0.24136991900013527,2007,-1650,1599
neg,0.24196635999942373,2007,-1650,1599
neg,0.2425495570005296,2006,-1650,1599
neg,0.24312793399985821,2006,-1650,1599
neg,0.24372510700050043,2005,-1650,1599
neg,0.2443003789994691,2003,-1650,1599
neg,0.2449214860007487,2003,-1650,1599
neg,0.24549419300092268,2001,-1650,1599
neg,0.2461035489995993,2001,-1650,1599
neg,0.24669793599969125,2000,-1650,1599
neg,0.24730083900067257,1998,-1650,1599
neg,0.24786966899955587,1998,-1650,1599
neg,0.24847926500115136,1996,-1650,1599
neg,0.2490777100010746,1996,-1650,1599
neg,0.24967468199974974,1995,-1650,1599
neg,0.2502506250002625,1993,-1600,1599
neg,0.25085339799989015,1993,-1600,1599
neg,0.2514243620007619,1991,-1600,1599
neg,0.251998822999667,1991,-1600,1599
neg,0.2526243579995935,1990,-1600,1599
neg,0.2532167620011023,1988,-1600,1599
neg,0.2537982550002198,1988,-1600,1599
neg,0.25439487699986785,1987,-1600,1599
neg,0.25497561900010624,1987,-1600,1599
neg,0.255604181000308,1985,-1600,1599
neg,0.25617353100096807,1983,-1600,1599
neg,0.2567479919998732,1983,-1600,1599
neg,0.2573684279996087,1982,-1600,1599
neg,0.2579759189993638,1982,-1600,1599
neg,0.2586020359995018,1980,-1600,1599
neg,0.25917980300073395,1978,-1600,1599
neg,0.25974418400073773,1978,-1600,1599
neg,0.26037505000022065,1976,-1600,1599
neg,0.26096484800109465,1976,-1600,1599
neg,0.2615476650007622,1975,-1600,1599
neg,0.2621267840004293,1975,-1600,1599
neg,0.2627281340010086,1973,-1600,1599
neg,0.2632996490010555,1971,-1600,1599
neg,0.2638955390011688,1971,-1600,1599
neg,0.26447477799956687,1970,-1600,1599
neg,0.26504668400048104,1970,-1600,1599
neg,0.26567187900036515,1968,-1600,1599
neg,0.26624985600028594,1967,-1600,1599
neg,0.26685487299982924,1967,-1600,1599
neg,0.2674237129995163,1965,-1600,1599
neg,0.26799429600032454,1965,-1600,1599
neg,0.26859876200069266,1963,-1600,1599
neg,0.26917817200046557,1962,-1600,1599
neg,0.26974840500042774,1962,-1600,1599
neg,0.27036818899978243,1960,-1650,1599
neg,0.2709671550001076,1960,-1650,1599
neg,0.2715473660009593,1958,-1650,1599
neg,0.27211924199946225,1957,-1650,1599
neg,0.2727232870001899,1957,-1650,1599
neg,0.2732989699998143,1955,-1650,1599
neg,0.27386837099948025,1955,-1650,1599
neg,0.27447887800008175,1954,-1650,1599
neg,0.2750491910010169,1954,-1650,1599
neg,0.275676499999463,1952,-1650,1599
neg,0.27627215000029537,1950,-1650,1599
neg,0.2769251660010923,1950,-1650,1599
neg,0.27749387599942565,1948,-1650,1599
neg,0.27810300100099994,1947,-1650,1599
neg,0.2787041510000563,1947,-1650,1599
neg,0.2792977070002962,1945,-1650,1599
neg,0.27986831000089296,1945,-1650,1599
neg,0.2804742990010709,1943,-1650,1599
neg,0.28107158199964033,1942,-1650,1599
neg,0.2816704580000078,1942,-1650,1599
neg,0.28224276400032977,1940,-1650,1599
neg,0.2828520599996409,1940,-1650,1599
neg,0.2834502940004313,1938,-1650,1599
neg,0.2839939269997558,1938,-1650,1599
neg,0.28462756800036004,1937,-1650,1599
neg,0.2852182679998805,1935,-1650,1599
neg,0.2857992909994209,1935,-1650,1599
neg,0.2863951809995342,1933,-1650,1599
neg,0.28699479900024016,1933,-1650,1599
neg,0.2876164469998912,1931,-1650,1599
neg,0.28820479299974977,1930,-1650,1599
neg,0.28879699600111053,1930,-1650,1599
neg,0.2893691930003115,1928,-1650,1599
neg,0.2899647720005305,1928,-1700,1599
neg,0.29054699700100173,1926,-1700,1599
neg,0.2911189629994624,1925,-1700,1599
neg,0.2917257030003384,1925,-1700,1599
neg,0.2922985200002586,1923,-1700,1599
neg,0.2928686930008553,1923,-1700,1599
neg,0.29347413100003905,1922,-1700,1599
neg,0.2940721949998988,1920,-1700,1599
neg,0.29467961699992884,1920,-1700,1599
neg,0.2952425759995094,1918,-1700,1599
neg,0.29582982000101765,1918,-1700,1599
neg,0.29639772799964703,1917,-1700,1599
neg,0.29697769899939885,1915,-1700,1599
neg,0.29760427700057335,1915,-1700,1599
neg,0.29817094200006977,1914,-1700,1599
neg,0.2987458730003709,1914,-1700,1599
neg,0.2993748749995575,1912,-1700,1599
neg,0.2999667780004529,1910,-1700,1599
neg,0.30054483499952767,1910,-1700,1599
neg,0.30111808400033624,1909,-1700,1599
neg,0.30172386199956236,1909,-1700,1599
neg,0.30230269099956786,1907,-1700,1599
neg,0.3029208820007625,1907,-1700,1599
neg,0.3034930890007672,1905,-1700,1599
neg,0.30411516800086247,1904,-1700,1599
neg,0.3046996169996419,1904,-1700,1599
neg,0.3052466059998551,1902,-1700,1599
neg,0.30585420799980056,1902,-1700,1599
neg,0.3064281269998901,1900,-1700,1599
neg,0.30699354100033815,1899,-1700,1599
neg,0.30760508999992453,1899,-1700,1599
neg,0.30817009299971687,1897,-1700,1599
neg,0.30877236500055005,1897,-1700,1599
neg,0.3093673140010651,1895,-1700,1599
neg,0.309965528000248,1894,-1600,1599
neg,0.3105446370009304,1894,-1600,1599
neg,0.31114521699964826,1892,-1600,1599
neg,0.31172419500035176,1892,-1600,1599
neg,0.31229571999938344,1890,-1600,1599
neg,0.3128681369998958,1890,-1600,1599
neg,0.313477060999503,1889,-1600,1599
neg,0.3140467630000785,1887,-1600,1599
neg,0.3146743420002167,1887,-1600,1599
neg,0.3152427210006863,1885,-1600,1599
neg,0.3158516960011184,1885,-1600,1599
neg,0.3164220779999596,1883,-1600,1599
neg,0.31699215000116965,1882,-1600,1599
neg,0.31759730799967656,1882,-1600,1599
neg,0.31816997500027355,1880,-1600,1599
neg,0.3187710149995837,1880,-1600,1599
neg,0.3193715739998879,1878,-1600,1599
neg,0.319963968000593,1877,-1600,1599
neg,0.3205481260010856,1877,-1600,1599
neg,0.3211193010010902,1875,-1600,1599
neg,0.3223697600005835,1874,-1600,1599
neg,0.322964368000612,1872,-1600,1599
neg,0.3235505499997089,1872,-1600,1599
neg,0.3241174670001783,1870,-1600,1599
neg,0.3247220329994889,1870,-1600,1599
neg,0.32529773600072076,1869,-1600,1599
neg,0.3258675580000272,1867,-1600,1599
neg,0.3264719740000146,1867,-1600,1599
neg,0.3270443900000828,1865,-1600,1599
neg,0.32767008600058034,1865,-1600,1599
neg,0.3282412299995485,1864,-1600,1599
neg,0.3288476500001707,1862,-1600,1599
neg,0.3294317990003037,1862,-1600,1599
neg,0.3300002380001388,1861,-1650,1599
neg,0.33059698900069634,1861,-1650,1599
neg,0.33117346400104,1859,-1650,1599
neg,0.33176797200030705,1859,-1650,1599
neg,0.33236667700111866,1857,-1650,1599
neg,0.33295247800015204,1856,-1650,1599
neg,0.3335441310009628,1856,-1650,1599
neg,0.3341169680006715,1854,-1650,1599
neg,0.33472749599968665,1854,-1650,1599
neg,0.33529418199941574,1853,-1650,1599
neg,0.3358671490004781,1851,-1650,1599
neg,0.33647415000086767,1851,-1650,1599
neg,0.3370546320002177,1849,-1650,1599
neg,0.3376748869995936,1849,-1650,1599
neg,0.33824146299957647,1848,-1650,1599
neg,0.3388500769997336,1846,-1650,1599
neg,0.33942655099963304,1846,-1650,1599
neg,0.33999110300101165,1844,-1650,1599
neg,0.3410702540004422,1843,-1650,1599
neg,0.34167219499977364,1843,-1650,1599
neg,0.342273706000924,1841,-1650,1599
neg,0.34286675099974673,1840,-1650,1599
neg,0.34347688799971365,1840,-1650,1599
neg,0.3440715460001229,1838,-1650,1599
neg,0.3446688490002998,1838,-1650,1599
neg,0.34526838599958865,1836,-1650,1599
neg,0.3458694460005063,1835,-1650,1599
neg,0.34647211899937247,1835,-1650,1599
neg,0.3470721670000785,1833,-1650,1599
neg,0.3476696699999593,1833,-1650,1599
neg,0.3482418460007466,1832,-1650,1599
neg,0.3488506009998673,1830,-1650,1599
neg,0.349419289999787,1830,-1650,1599
neg,0.34999223799968604,1828,-1650,1599
neg,0.35060328600047796,1828,-1650,1599
neg,0.351180932000716,1827,-1650,1599
neg,0.35174174700114236,1825,-1650,1599
neg,0.35236676200111106,1825,-1650,1599
neg,0.35297677900052804,1824,-1650,1599
neg,0.35359716399943864,1824,-1650,1599
neg,0.35417548199984594,1822,-1650,1599
neg,0.3547484890004853,1820,-1650,1599
neg,0.3553746659999888,1820,-1650,1599
neg,0.35596323299978394,1819,-1650,1599
neg,0.3565459390010801,1819,-1650,1599
neg,0.35711585100034426,1817,-1650,1599
neg,0.3577218200007337,1815,-1650,1599
neg,0.3583736840009806,1815,-1650,1599
neg,0.35896675900039554,1814,-1650,1599
neg,0.3595475210004224,1814,-1650,1599
neg,0.3601164510000672,1812,-1650,1599
neg,0.3607266079998226,1811,-1650,1599
neg,0.36137734099975205,1811,-1650,1599
neg,0.3619628920005198,1809,-1650,1599
neg,0.3625441250005679,1809,-1650,1599
neg,0.3631427000000258,1807,-1650,1599
neg,0.3637223500008986,1806,-1650,1599
neg,0.3642932639995706,1806,-1650,1599
neg,0.36486896600035834,1804,-1650,1599
neg,0.36547245099973225,1804,-1650,1599
neg,0.3660517099997378,1802,-1650,1599
neg,0.3666685990010592,1801,-1650,1599
neg,0.3672670050000306,1801,-1650,1599
neg,0.36786526899959426,1799,-1650,1599
neg,0.3684767880004074,1799,-1650,1599
neg,0.3690698230002454,1798,-1650,1599
neg,0.3696726070011209,1796,-1600,1599
neg,0.3702445729995816,1796,-1600,1599
neg,0.3708506719995057,1794,-1600,1599
neg,0.3714214150004409,1794,-1600,1599
neg,0.3719902650009317,1793,-1600,1599
neg,0.3725972459997138,1791,-1600,1599
neg,0.3731947989999753,1791,-1600,1599
neg,0.3737703019996843,1790,-1600,1599
neg,0.3743691170002421,1790,-1600,1599
neg,0.3749618620004185,1788,-1600,1599
neg,0.37554953700055194,1788,-1600,1599
neg,0.3761216130005778,1787,-1600,1599
neg,0.3767203879997396,1785,-1600,1599
neg,0.37729517899970233,1785,-1600,1599
neg,0.3778664340006799,1783,-1600,1599
neg,0.37847209199935605,1783,-1600,1599
neg,0.3790470730000379,1782,-1600,1599
neg,0.3796734900006413,1780,-1600,1599
neg,0.38024038699950324,1780,-1600,1599
neg,0.3808496319998085,1779,-1600,1599
neg,0.38142068600063794,1779,-1600,1599
neg,0.38199120900026173,1777,-1600,1599
neg,0.38260002300012275,1776,-1600,1599
neg,0.38314864600033616,1776,-1600,1599
neg,0.38374058900080854,1774,-1600,1599
neg,0.384382745000039,1774,-1600,1599
neg,0.38498594900011085,1772,-1600,1599
neg,0.38559805899967614,1771,-1600,1599
neg,0.38619510200078366,1771,-1600,1599
neg,0.38674014800017176,1770,-1600,1599
neg,0.38736560300094425,1770,-1600,1599
neg,0.3879613730005076,1768,-1600,1599
neg,0.3885464430004504,1766,-1600,1599
neg,0.3891148630009411,1766,-1600,1599
neg,0.38972551000006206,1764,-1600,1599
neg,0.3902961929998128,1764,-1600,1599
neg,0.390864672999669,1763,-1600,1599
neg,0.3914700109999103,1763,-1600,1599
neg,0.3920432590002747,1762,-1600,1599
neg,0.3926681530010683,1760,-1600,1599
neg,0.3932439460004389,1760,-1600,1599
neg,0.3938527200007229,1759,-1600,1599
neg,0.3944198770004732,1759,-1600,1599
neg,0.3949893680000969,1757,-1600,1599
neg,0.3955982530005713,1756,-1600,1599
neg,0.3961725730005128,1756,-1600,1599
neg,0.39676611899994896,1754,-1600,1599
neg,0.3973718480010575,1754,-1600,1599
neg,0.3979760830006853,1752,-1600,1599
neg,0.3985969200002728,1751,-1600,1599
neg,0.39916850500048895,1751,-1600,1599
neg,0.3997469830010232,1750,-1600,1599
neg,0.4003725790007593,1750,-1600,1599
neg,0.4009607440002583,1748,-1600,1599
neg,0.4015420579999045,1746,-1600,1599
neg,0.40211577599984594,1746,-1600,1599
neg,0.4027207039998757,1745,-1600,1599
neg,0.4032926600011706,1745,-1600,1599
neg,0.4038643450003292,1743,-1600,1599
neg,0.404470654000761,1741,-1600,1599
neg,0.40504628700000467,1741,-1600,1599
neg,0.4056669639994652,1740,-1600,1599
neg,0.4062661500011018,1740,-1600,1599
neg,0.40687555499971495,1738,-1600,1599
neg,0.4074746320002305,1737,-1600,1599
neg,0.4080429309997271,1737,-1600,1599
neg,0.40866931799973827,1735,-1600,1599
neg,0.40923959000065224,1735,-1500,1599
neg,0.40984827400097856,1734,-1500,1599
neg,0.41044979500111367,1732,-1500,1599
neg,0.4109940889993595,1732,-1500,1599
neg,0.41159518899985414,1730,-1500,1599
neg,0.4121712030009803,1730,-1500,1599
neg,0.4127431990000332,1729,-1500,1599
neg,0.41336531799970544,1729,-1500,1599
neg,0.4139605170003051,1728,-1500,1599
neg,0.4145430419994227,1726,-1500,1599
neg,0.4151429499997903,1726,-1500,1599
neg,0.41572611700030393,1724,-1500,1599
neg,0.4162926620010694,1724,-1500,1599
neg,0.41686422699967807,1723,-1500,1599
neg,0.4174701659994753,1721,-1500,1599
neg,0.4180450870007917,1721,-1500,1599
neg,0.4186673170006543,1720,-1500,1599
neg,0.4192476980006177,1720,-1500,1599
neg,0.41981886199937435,1718,-1500,1599
neg,0.420398242000374,1717,-1500,1599
neg,0.4209635959996376,1717,-1500,1599
neg,0.42154784400008793,1716,-1500,1599
neg,0.4221143499999016,1716,-1500,1599
neg,0.42272019800111593,1714,-1500,1599
neg,0.4232991669996409,1714,-1500,1599
neg,0.42386473099941213,1713,-1500,1599
neg,0.42447002900007647,1711,-1500,1599
neg,0.4250462220006739,1711,-1500,1599
neg,0.42567109700030414,1710,-1500,1599
neg,0.4262703730000794,1709,-1500,1599
neg,0.426916317001087,1709,-1500,1599
neg,0.42749015600020357,1708,-1500,1599
neg,0.42809786799989524,1708,-1500,1599
neg,0.42866554600004747,1706,-1500,1599
neg,0.42927018299997144,1705,-1450,1599
neg,0.42986744600057136,1705,-1450,1599
neg,0.4304778030000307,1703,-1450,1599
neg,0.4310427960008383,1703,-1450,1599
neg,0.43167012500089186,1702,-1450,1599
neg,0.4322387339998386,1702,-1450,1599
neg,0.4328501330001018,1701,-1450,1599
neg,0.4334171000009519,1700,-1450,1599
neg,0.4339965190010844,1700,-1450,1599
neg,0.43459724900094443,1698,-1450,1599
neg,0.4351742140006536,1698,-1450,1599
neg,0.4357463500000449,1697,-1450,1599
neg,0.43636337899988575,1696,-1450,1599
neg,0.4369596310007182,1696,-1450,1599
neg,0.4375485580003442,1695,-1450,1599
neg,0.4381143020000309,1695,-1450,1599
neg,0.4387229260009917,1693,-1450,1599
neg,0.4393681279998418,1692,-1450,1599
neg,0.43995990099938354,1692,-1450,1599
neg,0.4405431880004471,1691,-1450,1599
neg,0.4411132999994152,1691,-1450,1599
neg,0.44169291999969573,1690,-1450,1599
neg,0.4422386059995915,1689,-1450,1599
neg,0.4428498050001508,1689,-1450,1599
neg,0.44342112000049383,1688,-1450,1599
neg,0.4439965719993779,1688,-1450,1599
neg,0.44460001700099383,1687,-1450,1599
neg,0.44516713300072297,1687,-1450,1599
neg,0.4457458819997555,1686,-1450,1599
neg,0.4463715570000204,1685,-1450,1599
neg,0.4469594929996674,1685,-1450,1599
neg,0.4475438019999274,1684,-1450,1599
neg,0.4481132630007778,1684,-1450,1599
neg,0.4487193919994752,1683,-1450,1599
neg,0.44929153799967025,1682,-1150,1599
neg,0.44991722399936407,1682,-1150,1599
neg,0.4504892300010397,1681,-1150,1599
neg,0.45109785400018154,1681,-1150,1599
neg,0.45169736100069713,1680,-1150,1599
neg,0.4522391200007405,1679,-1150,1599
neg,0.45285212300041167,1679,-1150,1599
neg,0.45342148300005647,1678,-1150,1599
neg,0.4539964350005903,1678,-1150,1599
neg,0.4545943390003231,1677,-1150,1599
neg,0.45516974100064544,1676,-1150,1599
neg,0.455745974999445,1676,-1150,1599
neg,0.4563631239998358,1675,-1150,1599
neg,0.45696043700081646,1675,-1150,1599
neg,0.4575424220001878,1674,-1150,1599
neg,0.45814437300032296,1674,-1150,1599
neg,0.4587196850006876,1673,-1150,1599
neg,0.4592952580005658,1672,-1150,1599
neg,0.45991570400110504,1672,-1150,1599
neg,0.46048879199952353,1671,-1150,1599
neg,0.4610965940009919,1671,-1150,1599
neg,0.4616915530004917,1671,-1150,1599
neg,0.4622466569999233,1670,-1150,1599
neg,0.46284733600077743,1670,-1150,1599
neg,0.46341518400004134,1669,-1150,1599
neg,0.46398757099996146,1669,-1150,1599
neg,0.46459860899994965,1668,-1150,1599
neg,0.46519232600076066,1667,-1150,1599
neg,0.46573758100021223,1667,-1150,1599
neg,0.466370841000753,1666,-1150,1599
neg,0.46696809400054917,1666,-1150,1599
neg,0.467540932000702,1665,-1150,1599
neg,0.46811288699973375,1665,-1150,1599
neg,0.46871877600096923,1665,-1150,1599
neg,0.469292134999705,1664,-900,1599
neg,0.46986335899964615,1664,-900,1599
neg,0.4704740769993805,1663,-900,1599
neg,0.4710477759999776,1663,-900,1599
neg,0.4716702860005171,1662,-900,1599
neg,0.47223770300115575,1662,-900,1599
neg,0.47284758900059387,1662,-900,1599
neg,0.4734200860002602,1661,-900,1599
neg,0.47399689099984244,1661,-900,1599
neg,0.4745924210001249,1660,-900,1599
neg,0.4751692650006589,1660,-900,1599
neg,0.4757378750000498,1660,-900,1599
neg,0.4763672780009074,1659,-900,1599
neg,0.476958528999603,1659,-900,1599
neg,0.4775509629998851,1658,-900,1599
neg,0.47811235900007887,1658,-900,1599
neg,0.4786912780000421,1658,-900,1599
neg,0.4792707779997727,1657,-900,1599
neg,0.47986269099965284,1657,-900,1599
neg,0.48044325199953164,1656,-900,1599
neg,0.48104501300076663,1656,-900,1599
neg,0.4816695570007141,1656,-900,1599
neg,0.4822397900006763,1655,-900,1599
neg,0.4828462799996487,1655,-900,1599
neg,0.4834193580009014,1655,-900,1599
neg,0.48398738600008073,1655,-900,1599
neg,0.4845997369993711,1654,-900,1599
neg,0.48516973900041194,1653,-900,1599
neg,0.4857398309995915,1653,-900,1599
neg,0.48636838200036436,1652,-900,1599
neg,0.48696003499935614,1652,-900,1599
neg,0.48754522499984887,1652,-900,1599
neg,0.4881134440001915,1651,-900,1599
neg,0.4887232100008987,1651,-900,1599
neg,0.48929381299967645,1651,-650,1599
neg,0.4898623620010767,1651,-650,1599
neg,0.49046762000034505,1651,-650,1599
neg,0.4910674980001204,1650,-650,1599
neg,0.4916695100000652,1650,-650,1599
neg,0.49226431799979764,1649,-650,1599
neg,0.49286285400012275,1649,-650,1599
neg,0.49346727000011015,1649,-650,1599
neg,0.4940729179998016,1648,-650,1599
neg,0.4946651619993645,1648,-650,1599
neg,0.49527238300106546,1647,-650,1599
neg,0.4958621219993802,1647,-650,1599
neg,0.49647034500048903,1647,-650,1599
neg,0.49704022700097994,1646,-650,1599
neg,0.4976650909993623,1646,-650,1599
neg,0.4982446110007004,1646,-650,1599
neg,0.4988474439996935,1646,-650,1599
neg,0.49941633399976126,1645,-650,1599
neg,0.4999966150007822,1645,-650,1599
neg,0.5005981260001136,1645,-650,1599
neg,0.5011723669995263,1644,-650,1599
neg,0.5017692590008664,1644,-650,1599
neg,0.5023670120008319,1644,-650,1599
neg,0.5029592459995911,1643,-650,1599
neg,0.5035462400010147,1643,-650,1599
neg,0.5041125850002572,1643,-650,1599
neg,0.5046934769998188,1643,-650,1599
neg,0.5052456060002442,1642,-650,1599
neg,0.5058456839997234,1642,-650,1599
neg,0.5064153849998547,1642,-650,1599
neg,0.5069868000009592,1641,-650,1599
neg,0.5076166140006535,1641,-650,1599
neg,0.5082100899999205,1641,-650,1599
neg,0.5087946290004766,1641,-550,1599
neg,0.5093945170010556,1640,-550,1599
neg,0.5099598500000866,1640,-550,1599
neg,0.5105399910007691,1640,-550,1599
neg,0.511112377000245,1639,-550,1599
neg,0.5117167429998517,1639,-550,1599
neg,0.5122960330008937,1639,-550,1599
neg,0.5128622080010246,1639,-550,1599
neg,0.513473236000209,1638,-550,1599
neg,0.5140408139995998,1638,-550,1599
neg,0.5146650269998645,1638,-550,1599
neg,0.5152417919998697,1638,-550,1599
neg,0.5158468989993708,1638,-550,1599
neg,0.5164145569997345,1637,-550,1599
neg,0.5169864729996334,1637,-550,1599
neg,0.5176166969995393,1637,-550,1599
neg,0.5182088599995041,1637,-550,1599
neg,0.5187888310010749,1637,-550,1599
neg,0.5193935170009354,1636,-550,1599
neg,0.5199625280001783,1636,-550,1599
neg,0.5205464659993595,1636,-550,1599
neg,0.5211397410002974,1635,-550,1599
neg,0.5217363120009395,1635,-550,1599
neg,0.5223609260010562,1635,-550,1599
neg,0.5229575080011273,1635,-550,1599
neg,0.5235464750003302,1635,-550,1599
neg,0.5241109170001437,1634,-550,1599
neg,0.5247220460005337,1634,-550,1599
neg,0.5252887120004743,1634,-550,1599
neg,0.5258609680004156,1633,-550,1599
neg,0.52646901099979,1633,-550,1599
neg,0.5270666340002208,1633,-550,1599
neg,0.5276633260000381,1633,-550,1599
neg,0.5282397600003605,1633,-550,1599
neg,0.5288445969999884,1632,-400,1599
neg,0.529416723000395,1632,-400,1599
neg,0.5299865850010974,1632,-400,1599
neg,0.5305974130005779,1632,-400,1599
neg,0.531170681999356,1631,-400,1599
neg,0.5317429780006933,1631,-400,1599
neg,0.5323672710001119,1631,-400,1599
neg,0.5329679099995701,1631,-400,1599
neg,0.5335923940001521,1631,-400,1599
neg,0.534166933999586,1631,-400,1599
neg,0.5347362850006903,1631,-400,1599
neg,0.5353616400007013,1630,-400,1599
neg,0.5359580320000532,1630,-400,1599
neg,0.5365435530002287,1630,-400,1599
neg,0.5371111599997676,1629,-400,1599
neg,0.5377296520000527,1629,-400,1599
neg,0.5383651270003611,1629,-400,1599
neg,0.5389582620009605,1629,-400,1599
neg,0.5395401860005222,1629,-400,1599
neg,0.540110789001119,1629,-400,1599
neg,0.540722679999817,1629,-400,1599
neg,0.5412923509993561,1628,-400,1599
neg,0.5418607400006294,1628,-400,1599
neg,0.5424691130010615,1628,-400,1599
neg,0.5430460780007706,1628,-400,1599
neg,0.5436647110000195,1628,-400,1599
neg,0.5442438499994751,1627,-400,1599
neg,0.5448434179998003,1627,-400,1599
neg,0.5454184690006514,1627,-400,1599
neg,0.5460169540001516,1627,-400,1599
neg,0.5466640800004825,1627,-400,1599
neg,0.5472647890001099,1626,-400,1599
neg,0.5478610400004982,1626,-400,1599
neg,0.5484718480001902,1626,-300,1599
neg,0.5490406879998773,1626,-300,1599
neg,0.5496683979999943,1626,-300,1599
neg,0.5502675440002349,1625,-300,1599
neg,0.5508678930000315,1625,-300,1599
neg,0.5514722890002304,1625,-300,1599
neg,0.5520413390004251,1625,-300,1599
neg,0.5526638190003723,1624,-300,1599
neg,0.5532428480000817,1624,-300,1599
neg,0.5538444089997938,1624,-300,1599
neg,0.5544158840002638,1624,-300,1599
neg,0.5549891219998244,1624,-300,1599
neg,0.555590783000298,1624,-300,1599
neg,0.5561697520006419,1624,-300,1599
neg,0.5567395430007309,1623,-300,1599
neg,0.5573607709993667,1623,-300,1599
neg,0.5579576630007068,1623,-300,1599
neg,0.558541922000586,1623,-300,1599
neg,0.5591185560006124,1623,-300,1599
neg,0.5597158689997741,1623,-300,1599
neg,0.5602888770008576,1623,-300,1599
neg,0.5608603109994874,1622,-300,1599
neg,0.5614483469998959,1622,-300,1599
neg,0.5620385269994586,1622,-300,1599
neg,0.5626653350009292,1622,-300,1599
neg,0.5632386529996438,1622,-300,1599
neg,0.5638457940003718,1622,-300,1599
neg,0.5644190319999325,1622,-300,1599
neg,0.5649848270004441,1622,-300,1599
neg,0.5656149309998,1621,-300,1599
neg,0.5662073439998494,1621,-300,1599
neg,0.5667872650010395,1621,-300,1599
neg,0.5673607629996695,1621,-300,1599
neg,0.5679562629993598,1621,-300,1599
neg,0.568542115001037,1621,-250,1599
neg,0.569110995000301,1621,-250,1599
neg,0.5697213620005641,1620,-250,1599
neg,0.5702908229995955,1620,-250,1599
neg,0.5708883460010838,1620,-250,1599
neg,0.5714725649995671,1620,-250,1599
neg,0.5720382290000998,1620,-250,1599
neg,0.5726631230008934,1620,-250,1599
neg,0.573241030000645,1620,-250,1599
neg,0.5738445549995959,1620,-250,1599
neg,0.5744127729994943,1620,-250,1599
neg,0.5749855600006413,1619,-250,1599
neg,0.5755944550001004,1619,-250,1599
neg,0.5761642270008451,1619,-250,1599
neg,0.5767432459997508,1619,-250,1599
neg,0.5773659559999942,1619,-250,1599
neg,0.5779562660009105,1619,-250,1599
neg,0.5785370579997107,1619,-250,1599
neg,0.5791098350000539,1619,-250,1599
neg,0.5797193809994496,1619,-250,1599
neg,0.5802869489998557,1619,-250,1599
neg,0.5808593649999239,1618,-250,1599
neg,0.5814663359997212,1618,-250,1599
neg,0.582040045001122,1618,-250,1599
neg,0.5826671430004353,1618,-250,1599
neg,0.5832345609996992,1618,-250,1599
neg,0.5838446979996661,1618,-250,1599
neg,0.5844293570007721,1618,-250,1599
neg,0.5849865149994002,1617,-250,1599
neg,0.585597654000594,1617,-250,1599
neg,0.5861624259996461,1617,-250,1599
neg,0.5867351230008353,1617,-250,1599
neg,0.5873593859996618,1617,-250,1599
neg,0.5879562989994156,1617,-250,1599
neg,0.5885371210006269,1616,-250,1599
neg,0.5891093770005682,1616,-250,1599
neg,0.5897163379995618,1616,-250,1599
neg,0.5902866209999047,1616,-250,1599
neg,0.5908653790011158,1616,-250,1599
neg,0.5914653069994529,1616,-250,1599
neg,0.5920370919993729,1616,-250,1599
neg,0.5926616760007164,1616,-250,1599
neg,0.5932655609994981,1616,-250,1599
neg,0.5938607099997171,1616,-250,1599
neg,0.59446706000017,1616,-250,1599
neg,0.5950701840010879,1616,-250,1599
neg,0.5956627779996779,1616,-250,1599
neg,0.5962343230003171,1616,-250,1599
neg,0.5968437789997552,1616,-250,1599
neg,0.5974137310004153,1616,-250,1599
neg,0.5979844640005467,1615,-250,1599
neg,0.598609769000177,1615,-250,1599
neg,0.5992070419997617,1615,-250,1599
neg,0.599792934001016,1615,-250,1599
neg,0.6003927910005586,1615,-250,1599
neg,0.6009552989999065,1615,-250,1599
neg,0.601541341000484,1615,-250,1599
neg,0.6021168429997488,1615,-250,1599
neg,0.6027145869993547,1615,-250,1599
neg,0.6032870939998247,1615,-250,1599
neg,0.603860903000168,1615,-250,1599
neg,0.6044646280006418,1614,-250,1599
neg,0.6050371250003082,1614,-250,1599
neg,0.6056654960011656,1614,-250,1599
neg,0.6062338850006199,1614,-250,1599
neg,0.6068425289995503,1614,-250,1599
neg,0.607411459001014,1614,-250,1599
neg,0.6079843469997286,1614,-250,1599
neg,0.6086088299998664,1614,-100,1599
neg,0.6092074650005088,1614,-100,1599
neg,0.609786745000747,1614,-100,1599
neg,0.6103632989998005,1614,-100,1599
neg,0.6109553420010343,1614,-100,1599
neg,0.6115383689993905,1613,-100,1599
neg,0.6121351809997577,1613,-100,1599
neg,0.6127180069997848,1613,-100,1599
neg,0.6132935690002341,1613,-100,1599
neg,0.613859303000936,1613,-100,1599
neg,0.614464020000014,1613,-100,1599
neg,0.6150446820010984,1613,-100,1599
neg,0.6156652879999456,1613,-100,1599
neg,0.6162337269997806,1613,-100,1599
neg,0.6168418400011433,1613,-100,1599
neg,0.6174184049996256,1613,-100,1599
neg,0.6179914420008572,1613,-100,1599
neg,0.6185899070005689,1613,-100,1599
neg,0.6191639170010603,1613,-100,1599
neg,0.6197335180004302,1613,-100,1599
neg,0.6203654559994902,1612,-100,1599
neg,0.6209544739995181,1612,-100,1599
neg,0.62153686900092,1612,-100,1599
neg,0.6221168190004391,1612,-100,1599
neg,0.6227186300002359,1612,-100,1599
neg,0.6232909669997753,1612,-100,1599
neg,0.6239116030010337,1612,-100,1599
neg,0.624483779000002,1612,-100,1599
neg,0.6250923730003706,1612,-100,1599
neg,0.6256902870009071,1612,-100,1599
neg,0.6262328980010352,1612,-100,1599
neg,0.6268417829996906,1612,-100,1599
neg,0.6274110340000334,1612,-100,1599
neg,0.6279826290010533,1612,-150,1599
neg,0.6285939580011473,1611,-150,1599
neg,0.629161615999692,1611,-150,1599
neg,0.6297611930003768,1611,-150,1599
neg,0.6303578540009767,1611,-150,1599
neg,0.6309583729998849,1611,-150,1599
neg,0.6315378330000385,1611,-150,1599
neg,0.6321081860005506,1611,-150,1599
neg,0.6327136140007497,1611,-150,1599
neg,0.6332859800004371,1611,-150,1599
neg,0.6338578859995323,1611,-150,1599
neg,0.6344628930000908,1611,-150,1599
neg,0.6350353800007724,1611,-150,1599
neg,0.6356605250002758,1611,-150,1599
neg,0.6362334719997307,1611,-150,1599
neg,0.636841245001051,1611,-150,1599
neg,0.6374113069996383,1610,-150,1599
neg,0.638014400999964,1610,-150,1599
neg,0.6386608049997449,1610,-150,1599
neg,0.6392388019994542,1610,-150,1599
neg,0.6398420959994837,1610,-150,1599
neg,0.6404118480004399,1610,-150,1599
neg,0.6410086100004264,1610,-150,1599
neg,0.6415880090007704,1610,-150,1599
neg,0.6421706450000784,1610,-150,1599
neg,0.6427628080000432,1610,-150,1599
neg,0.6433648900001572,1610,-150,1599
neg,0.6439546790006716,1610,-150,1599
neg,0.6445415830003185,1610,-150,1599
neg,0.6451095110005554,1610,-150,1599
neg,0.6457136570006696,1609,-150,1599
neg,0.646358448000683,1609,-150,1599
neg,0.6469586359999084,1609,-150,1599
neg,0.6475363030003791,1609,-150,1599
neg,0.6481075169995165,1609,-100,1599
neg,0.6487135759998637,1609,-100,1599
neg,0.6492908420004824,1609,-100,1599
neg,0.6498577279999154,1609,-100,1599
neg,0.6504648789996281,1609,-100,1599
neg,0.6510424059997604,1609,-100,1599
neg,0.6516633219998766,1609,-100,1599
neg,0.6522324529996695,1609,-100,1599
neg,0.6528422690007574,1609,-100,1599
neg,0.6534128820003389,1609,-100,1599
neg,0.6539826540010836,1609,-100,1599
neg,0.6546144809999532,1609,-100,1599
neg,0.6552085679995798,1609,-100,1599
neg,0.6557901720007067,1609,-100,1599
neg,0.6563850300008198,1609,-100,1599
neg,0.6569827540006372,1609,-100,1599
neg,0.6575941629998852,1609,-100,1599
neg,0.6581864270010556,1609,-100,1599
neg,0.6587370130000636,1609,-100,1599
neg,0.6593619470004342,1609,-100,1599
neg,0.6599539199996798,1609,-100,1599
neg,0.6605347620006796,1609,-100,1599
neg,0.6611082510007691,1609,-100,1599
neg,0.6617136389995721,1609,-100,1599
neg,0.6622844419998728,1609,-100,1599
neg,0.6628884080000716,1609,-100,1599
neg,0.6634892870006297,1608,-100,1599
neg,0.6640906880002149,1608,-100,1599
neg,0.6646890930005611,1608,-100,1599
neg,0.6652321050005412,1608,-100,1599
neg,0.6658407390004868,1608,-100,1599
neg,0.66641267399973,1608,-100,1599
neg,0.6669821760006016,1608,-100,1599
neg,0.6675892069997644,1608,-100,1599
neg,0.6681661620004888,1608,-50,1599
neg,0.6687588360000518,1608,-50,1599
neg,0.669365256000674,1608,-50,1599
neg,0.6699534819999826,1608,-50,1599
neg,0.6705363580003905,1608,-50,1599
neg,0.6711380289998488,1608,-50,1599
neg,0.6717129799999384,1608,-50,1599
neg,0.6722846060001757,1608,-50,1599
neg,0.6728566309993766,1608,-50,1599
neg,0.6734634719996393,1608,-50,1599
neg,0.6740608250001969,1608,-50,1599
neg,0.6746651710000151,1608,-50,1599
neg,0.6752369669993641,1608,-50,1599
neg,0.6758409419999225,1608,-50,1599
neg,0.6764145510005619,1608,-50,1599
neg,0.6769812470010947,1608,-50,1599
neg,0.6775872960006382,1608,-50,1599
neg,0.6781612049999239,1608,-50,1599
neg,0.6787313069999072,1608,-50,1599
neg,0.6793568530010816,1608,-50,1599
neg,0.6799534649999259,1608,-50,1599
neg,0.6805388760003552,1608,-50,1599
neg,0.6811070940002537,1608,-50,1599
neg,0.6817126120004104,1608,-50,1599
neg,0.6822883250006271,1607,-50,1599
neg,0.6828563340004621,1607,-50,1599
neg,0.6834354430011444,1607,-50,1599
neg,0.6840360219994182,1607,-50,1599
neg,0.6846726980002131,1607,-50,1599
neg,0.6852388429997518,1607,-50,1599
neg,0.6858423670000775,1607,-50,1599
neg,0.6863836060001631,1607,-50,1599
neg,0.6869537479997234,1607,-50,1599
neg,0.6875394899998355,1607,-50,1599
neg,0.6881066969999665,1607,-50,1599
neg,0.6887166630003776,1607,-50,1599
neg,0.689287957000488,1607,-50,1599
neg,0.6898573380003654,1607,-50,1599
neg,0.6904625259994646,1607,-50,1599
neg,0.6910649689998536,1607,-50,1599
neg,0.6916652969994175,1607,-50,1599
neg,0.6922351490011351,1607,-50,1599
neg,0.6928403969995998,1607,-50,1599
neg,0.6934129340006621,1607,-50,1599
neg,0.6939818740011106,1606,-50,1599
neg,0.6945922009999776,1606,-50,1599
neg,0.6951695560001099,1606,-50,1599
neg,0.6957330559998809,1606,-50,1599
neg,0.6963631710004847,1606,-50,1599
neg,0.6969533699993917,1606,-50,1599
neg,0.6975422569994407,1606,-50,1599
neg,0.6981070800011366,1606,-50,1599
neg,0.6987129990011454,1606,-50,1599
neg,0.6992856260003464,1606,-50,1599
neg,0.6998563489996741,1606,-50,1599
neg,0.700462377999429,1606,-50,1599
neg,0.7010401349998574,1606,-50,1599
neg,0.7016655700008414,1606,-50,1599
neg,0.7022582949994103,1606,-50,1599
neg,0.7028569400008564,1606,-50,1599
neg,0.7034633799994481,1606,-50,1599
neg,0.7040365379998548,1606,-50,1599
neg,0.7046640970002045,1606,-50,1599
neg,0.7052352209993842,1606,-50,1599
neg,0.7058413110007677,1606,-50,1599
neg,0.706411092000053,1606,-50,1599
neg,0.7069814050009882,1606,-50,1599
neg,0.7075928140002361,1606,-50,1599
neg,0.7081629069998598,1606,-50,1599
neg,0.7087646380005026,1606,-50,1599
neg,0.7093570720007847,1606,-50,1599
neg,0.7099523810011306,1606,-50,1599
neg,0.7105349160010519,1606,-50,1599
neg,0.7111407049997069,1606,-50,1599
neg,0.7117139229994791,1606,-50,1599
neg,0.7122835150003084,1606,-50,1599
neg,0.7128561310000805,1606,-50,1599
neg,0.7134633429996029,1606,-50,1599
neg,0.7140336249995016,1606,-50,1599
neg,0.7146584399997664,1606,-50,1599
neg,0.7152355649996025,1606,-50,1599
neg,0.7158421550011553,1606,-50,1599
neg,0.7164164750010968,1605,-50,1599
neg,0.716989263000869,1605,-50,1599
neg,0.7176063320002868,1605,-50,1599
neg,0.7182098369994492,1605,-50,1599
neg,0.7188103660009801,1605,-50,1599
neg,0.7193827619994408,1605,-50,1599
neg,0.7199530950001645,1605,-50,1599
neg,0.7205155230003584,1605,-50,1599
neg,0.7211148000005778,1605,-50,1599
neg,0.7217157989998668,1605,-50,1599
neg,0.7222885770006542,1605,-50,1599
neg,0.7229141419993539,1605,-50,1599
neg,0.7234875209996972,1605,-50,1599
neg,0.7240898929994728,1605,-50,1599
neg,0.7246931970003061,1605,-50,1599
neg,0.7252336540004762,1605,-50,1599
neg,0.7258396529996389,1605,-50,1599
neg,0.7264088040010392,1605,-50,1599
neg,0.7269812600006844,1605,-50,1599
neg,0.727585717000693,1605,-50,1599
neg,0.7281593259995134,1605,-50,1599
neg,0.728733555000872,1605,-50,1599
neg,0.7293602129993815,1605,-50,1599
neg,0.7299517650008056,1604,-50,1599
neg,0.7305331990010018,1604,-50,1599
neg,0.7311052149998432,1604,-50,1599
neg,0.7317121750002116,1604,-50,1599
neg,0.7322884090008301,1604,-50,1599
neg,0.7328558770004747,1604,-50,1599
neg,0.7334673160003149,1604,-50,1599
neg,0.7340357450011652,1604,-50,1599
neg,0.7346649169994635,1604,-50,1599
neg,0.7352309220004827,1604,-50,1599
neg,0.7358413889996882,1604,-50,1599
neg,0.7364129440011311,1604,-50,1599
neg,0.7369809430001624,1604,-50,1599
neg,0.7375850480002555,1604,-50,1599
neg,0.7381581259996892,1604,-50,1599
neg,0.7387307030003285,1604,-50,1599
neg,0.7393592040007206,1604,-50,1599
neg,0.7399519980008336,1604,-50,1599
neg,0.7405334819995915,1604,-50,1599
neg,0.7411054879994481,1604,-50,1599
neg,0.7417108860008739,1604,-50,1599
neg,0.7423602159997245,1604,-50,1599
neg,0.7429512569997314,1604,-50,1599
neg,0.743532509999568,1604,-50,1599
neg,0.7441112279993831,1604,-50,1599
neg,0.7447153140001319,1604,-50,1599
neg,0.7453638120005053,1604,-50,1599
neg,0.7459552439995605,1604,-50,1599
neg,0.7465317780006444,1604,-50,1599
neg,0.7471131319998676,1604,-50,1599
neg,0.7477107650011021,1604,-50,1599
neg,0.7482820900004299,1604,-50,1599
neg,0.7488557390006463,1604,-50,1599
neg,0.749460936000105,1604,-50,1599
neg,0.7500642300001346,1604,-50,1599
neg,0.7506579769997188,1604,-50,1599
neg,0.7512305630007177,1604,-50,1599
neg,0.7518389470005786,1604,-50,1599
neg,0.7524112640003295,1604,-50,1599
neg,0.7529793819994666,1604,-50,1599
neg,0.7535863030007022,1604,-50,1599
neg,0.7541581780005799,1604,-50,1599
neg,0.7547160880003503,1604,-50,1599
neg,0.7552850379997835,1604,-50,1599
neg,0.7558551800011628,1604,-50,1599
neg,0.756460608999987,1604,-50,1599
neg,0.7570387159994425,1604,-50,1599
neg,0.7576576890005526,1604,-50,1599
neg,0.7582299850000709,1604,-50,1599
neg,0.758839039999657,1604,-50,1599
neg,0.7594400300004054,1604,-50,1599
neg,0.7600400280007307,1604,-50,1599
neg,0.7606618970003183,1604,-50,1599
neg,0.7612564640003256,1604,-50,1599
neg,0.7618546190005873,1604,-50,1599
neg,0.7624598570000671,1604,-50,1599
neg,0.7630320829994162,1604,-50,1599
neg,0.7636612450005487,1604,-50,1599
neg,0.7642295740006375,1604,-50,1599
neg,0.7648379980000755,1604,-50,1599
neg,0.765408772000228,1604,-50,1599
neg,0.7659791940004652,1604,-50,1599
neg,0.7665850829998817,1604,-50,1599
neg,0.7671842899999319,1604,-50,1599
neg,0.7677580190011213,1604,0,1599
neg,0.7683555220010021,1604,0,1599
neg,0.7689509009996982,1604,0,1599
neg,0.7695320439997886,1604,0,1599
neg,0.7701047009995818,1604,0,1599
neg,0.7707155389998661,1604,0,1599
neg,0.7712818350009911,1604,0,1599
neg,0.7718800990005548,1604,0,1599
neg,0.7724840350001614,1604,0,1599
neg,0.7730876700006775,1604,0,1599
neg,0.773685703999945,1604,0,1599
neg,0.774255054000605,1604,0,1599
neg,0.7748534390011628,1604,0,1599
neg,0.7754605110003467,1604,0,1599
neg,0.7760329270004149,1604,0,1599
neg,0.7766571299998759,1604,0,1599
neg,0.7772293660000287,1604,0,1599
neg,0.7778373290002492,1604,0,1599
neg,0.7784066599997459,1604,0,1599
neg,0.7789787359997717,1604,0,1599
neg,0.7795859170000767,1604,0,1599
neg,0.7801578830003564,1604,0,1599
neg,0.7807287670002552,1604,0,1599
neg,0.7813575180007319,1604,0,1599
neg,0.781950032000168,1604,0,1599
neg,0.7825340910003433,1604,0,1599
neg,0.7831037619998824,1604,0,1599
neg,0.7837144099994475,1604,0,1599
neg,0.784282988999621,1604,0,1599
neg,0.7849140449998231,1604,0,1599
neg,0.7854876439996588,1604,0,1599
neg,0.7860889340008725,1604,0,1599
neg,0.7866876799998863,1604,0,1599
neg,0.7872840210002323,1604,0,1599
neg,0.7878694920000271,1604,0,1599
neg,0.7884660540003097,1604,0,1599
neg,0.7890583170010359,1604,0,1599
neg,0.7896564620004938,1604,0,1599
neg,0.7902327550000336,1604,0,1599
neg,0.7908378730007826,1604,0,1599
neg,0.79143304200079,1604,0,1599
neg,0.7919788889994379,1604,0,1599
neg,0.7925838860010117,1604,0,1599
neg,0.7931574150006782,1604,0,1599
neg,0.7937558100002207,1604,0,1599
neg,0.7943591639996157,1604,0,1599
neg,0.7949501050006802,1604,0,1599
neg,0.795533100999819,1604,0,1599
neg,0.796104094999464,1604,0,1599
neg,0.7967096440006571,1604,0,1599
neg,0.7972854870004085,1604,0,1599
neg,0.7978544170000532,1604,0,1599
neg,0.7984607460002735,1604,0,1599
neg,0.7990362889995595,1604,0,1599
neg,0.7996641589998035,1604,0,1599
neg,0.8002319669994904,1604,0,1599
neg,0.8008380960000068,1604,0,1599
neg,0.8014076870003919,1604,0,1599
neg,0.8019786010008829,1604,0,1599
neg,0.802583828999559,1604,0,1599
neg,0.8031636790001357,1604,0,1599
neg,0.8037354040006903,1604,0,1599
neg,0.8043583550006588,1604,0,1599
neg,0.8049504890004755,1604,0,1599
neg,0.8055312910000794,1604,0,1599
neg,0.8061033070007397,1604,0,1599
neg,0.8067142750005587,1604,0,1599
neg,0.8072878340008174,1604,0,1599
neg,0.8078529869999329,1604,0,1599
neg,0.8084595769996668,1604,0,1599
neg,0.8090331460007292,1604,0,1599
neg,0.8096623880010156,1604,0,1599
neg,0.8102290440001525,1604,0,1599
neg,0.8108367360000557,1604,0,1599
neg,0.8114377559995773,1604,0,1599
neg,0.8119785640010377,1604,0,1599
neg,0.8125883299999259,1604,0,1599
neg,0.8131577910007763,1604,0,1599
neg,0.8137336140007392,1604,0,1599
neg,0.8143533490001573,1604,0,1599
neg,0.8149542080009269,1604,0,1599
neg,0.8155352909998328,1604,0,1599
neg,0.8161311809999461,1604,0,1599
neg,0.8167098190006072,1604,0,1599
neg,0.8172551050010952,1604,0,1599
neg,0.8178529489996436,1604,0,1599
neg,0.8184582070007309,1604,0,1599
neg,0.8190372660010325,1604,0,1599
neg,0.8196558689996891,1604,0,1599
neg,0.8202337860002444,1604,0,1599
neg,0.8208373199995549,1604,0,1599
neg,0.8214104580001731,1604,0,1599
neg,0.8219774440003675,1604,0,1599
neg,0.8225872410002921,1604,0,1599
neg,0.8231610799994087,1604,0,1599
neg,0.8237288580003224,1604,0,1599
neg,0.8243576189997839,1604,0,1599
neg,0.8249512349993893,1604,0,1599
neg,0.8255362849995436,1604,0,1599
neg,0.8261038630007533,1604,0,1599
neg,0.8267142400000012,1604,0,1599
neg,0.8272803350009781,1604,0,1599
neg,0.8279053099995508,1604,0,1599
neg,0.8284850700001698,1604,0,1599
neg,0.8290872520010453,1604,0,1599
neg,0.8296839039994666,1604,0,1599
neg,0.830235071000061,1604,0,1599
neg,0.8308369820006192,1604,0,1599
neg,0.8314114229997358,1604,0,1599
neg,0.83198017200084,1604,0,1599
neg,0.8325825150004675,1604,0,1599
neg,0.8331631359997118,1604,0,1599
neg,0.8337274080004136,1604,0,1599
neg,0.8343563800008269,1604,0,1599
neg,0.8349498460011091,1604,0,1599
neg,0.8355363179998676,1604,0,1599
neg,0.8361040060008236,1604,0,1599
neg,0.8366875339997932,1604,0,1599
neg,0.8372841550008161,1604,0,1599
neg,0.8379051920001075,1604,0,1599
neg,0.8384772480003448,1604,0,1599
neg,0.8390858420007135,1604,0,1599
neg,0.8396824640003615,1604,0,1599
neg,0.8402844360007293,1604,0,1599
neg,0.8409086690007825,1604,0,1599
neg,0.8414829379998991,1604,0,1599
neg,0.8420871340003941,1604,0,1599
neg,0.8426591799998278,1604,0,1599
neg,0.8432531670005119,1604,0,1599
neg,0.843852333000541,1604,0,1599
neg,0.8444591139996191,1604,0,1599
neg,0.8450306989998353,1604,0,1599
neg,0.8456553430005442,1604,0,1599
neg,0.8462278900005913,1604,0,1599
neg,0.8468356520006637,1604,0,1599
neg,0.8474361410007987,1604,0,1599
neg,0.8479856550002296,1604,0,1599
neg,0.8485885179998149,1604,0,1599
neg,0.8491589610002848,1604,0,1599
neg,0.8497352049998881,1604,0,1599
neg,0.850355780999962,1604,0,1599
neg,0.8509484660007729,1604,0,1599
neg,0.8515294280005037,1604,0,1599
neg,0.8521018949995778,1604,0,1599
neg,0.8527120720009407,1604,0,1599
neg,0.8532801500005007,1604,0,1599
neg,0.8538518850000401,1604,0,1599
neg,0.8544566620003025,1604,0,1599
neg,0.855055457999697,1604,0,1599
neg,0.8556611870008055,1604,0,1599
neg,0.8562288739994983,1604,0,1599
neg,0.8568349140005012,1604,0,1599
neg,0.8574075899996387,1604,0,1599
neg,0.8579766510010813,1604,0,1599
neg,0.8585883110008581,1604,0,1599
neg,0.8591551669996988,1604,0,1599
neg,0.8597345359994506,1604,0,1599
neg,0.8603515760005394,1604,0,1599
neg,0.8609479980004835,1604,0,1599
neg,0.8615355920010188,1604,0,1599
neg,0.8621022780007479,1604,0,1599
neg,0.8627073250008834,1604,0,1599
neg,0.8632834689997253,1604,0,1599
neg,0.8638778870008537,1604,0,1599
neg,0.8644580880009016,1604,0,1599
neg,0.8650297330004832,1604,0,1599
neg,0.8656557089998387,1604,0,1599
neg,0.8662329550006689,1604,0,1599
neg,0.8668351770011213,1604,0,1599
neg,0.8674040370005969,1604,0,1599
neg,0.8679767840003478,1604,0,1599
neg,0.8685862500005896,1604,0,1599
neg,0.8691546490008477,1604,0,1599
neg,0.8697270049997314,1604,0,1599
neg,0.8703511879994039,1604,0,1599
neg,0.87094856099975,1604,0,1599
neg,0.8715336109999043,1604,0,1599
neg,0.8721024110000144,1604,0,1599
neg,0.8727075490005518,1604,0,1599
neg,0.8732829410000704,1604,0,1599
neg,0.8739074940003775,1604,0,1599
neg,0.8744765749997896,1604,0,1599
neg,0.8750856400001794,1604,0,1599
neg,0.8756878120002511,1604,0,1599
neg,0.8762295710002945,1604,0,1599
neg,0.8768375840008957,1604,0,1599
neg,0.8774111330003507,1604,0,1599
neg,0.87797660599972,1604,0,1599
neg,0.8785813430004055,1604,0,1599
neg,0.8791543010011083,1604,0,1599
neg,0.8797538880007778,1604,0,1599
neg,0.8803511210007855,1604,0,1599
neg,0.8809476219994394,1604,0,1599
neg,0.8815281440001854,1604,0,1599
neg,0.8821008510003594,1604,0,1599
neg,0.8827058879996912,1604,0,1599
neg,0.8832786660004786,1604,0,1599
neg,0.8838512420006737,1604,0,1599
neg,0.8844740130007267,1604,0,1599
neg,0.8850874859999749,1604,0,1599
neg,0.8856823940004688,1604,0,1599
neg,0.8862909580002452,1604,0,1599
neg,0.8868527949998679,1604,0,1599
neg,0.8874579929997708,1604,0,1599
neg,0.8880629300001601,1604,0,1599
neg,0.8886534800003574,1604,0,1599
neg,0.8892289420000452,1604,0,1599
neg,0.8898392600003717,1604,0,1599
neg,0.8904094520003127,1604,0,1599
neg,0.8909765490006976,1604,0,1599
neg,0.8915818469995429,1604,0,1599
neg,0.8921564369993575,1604,0,1599
neg,0.892760733000614,1604,0,1599
neg,0.8933547400010866,1604,0,1599
neg,0.8939479450000363,1604,0,1599
neg,0.8945331560007617,1604,0,1599
neg,0.8951037790011469,1604,0,1599
neg,0.8957128439997177,1604,0,1599
neg,0.8962806920008006,1604,0,1599
neg,0.896850753999388,1604,0,1599
neg,0.897456503000285,1604,0,1599
neg,0.8980557190006948,1604,0,1599
neg,0.8986539239995182,1604,0,1599
neg,0.8992319110002427,1604,0,1599
neg,0.899835255000653,1604,0,1599
neg,0.9004101459995582,1604,0,1599
neg,0.9009759910004504,1604,0,1599
neg,0.9015850960004173,1604,0,1599
neg,0.9021541860001889,1604,0,1599
neg,0.9027260809998552,1604,0,1599
neg,0.9033589909995499,1604,0,1599
neg,0.903947638000318,1604,0,1599
neg,0.9045340400007262,1604,0,1599
neg,0.9051049940007942,1604,0,1599
neg,0.9057079770009295,1604,0,1599
neg,0.906281506000596,1604,0,1599
neg,0.9068505659997754,1604,0,1599
neg,0.907461274000525,1604,0,1599
neg,0.9080287220003811,1604,0,1599
neg,0.9086566919995676,1604,0,1599
neg,0.9092339270009688,1604,0,1599
neg,0.9098349970008712,1604,0,1599
neg,0.9104315790009423,1604,0,1599
neg,0.9110340610004641,1604,0,1599
neg,0.911652494000009,1604,0,1599
neg,0.912225161000606,1604,0,1599
neg,0.9128323120003188,1604,0,1599
neg,0.913377147000574,1604,0,1599
neg,0.9139609949997975,1604,0,1599
neg,0.914586099999724,1604,0,1599
neg,0.9151608610009134,1604,0,1599
neg,0.9157249420004518,1604,0,1599
neg,0.916349776000061,1604,0,1599
neg,0.9169466380008089,1604,0,1599
neg,0.9175308070007304,1604,0,1599
neg,0.9181311049997021,1604,0,1599
neg,0.9187057760009338,1604,0,1599
neg,0.91928564599948,1604,0,1599
neg,0.9199034080011188,1604,0,1599
neg,0.9204800820007222,1604,0,1599
neg,0.9210847590002231,1604,0,1599
neg,0.9216836739997234,1604,0,1599
neg,0.9222336590009945,1604,0,1599
neg,0.9228346590007277,1604,0,1599
neg,0.9234069049998652,1604,0,1599
neg,0.9239765870006522,1604,0,1599
neg,0.9245811529999628,1604,0,1599
neg,0.925155373999587,1604,0,1599
neg,0.9257334909998463,1604,0,1599
neg,0.926355309000428,1604,0,1599
neg,0.9269616090005002,1604,0,1599
neg,0.9275799110000662,1604,0,1599
neg,0.928157927999564,1604,0,1599
neg,0.9287281899996742,1604,0,1599
neg,0.9293503900007636,1604,0,1599
neg,0.9299467809996713,1604,0,1599
neg,0.9305281840006501,1604,0,1599
neg,0.931100540999978,1604,0,1599
neg,0.9317057480002404,1604,0,1599
neg,0.9322817820011551,1604,0,1599
neg,0.9328496500002075,1604,0,1599
neg,0.9334563200009143,1604,0,1599
neg,0.9340347180004756,1604,0,1599
neg,0.9346555450010783,1604,0,1599
neg,0.9352587989997119,1604,0,1599
neg,0.9359095410000009,1604,0,1599
neg,0.9364829999994981,1604,0,1599
neg,0.937084610999591,1604,0,1599
neg,0.9376810819994716,1604,0,1599
neg,0.9382786149999447,1604,0,1599
neg,0.938849399000901,1604,0,1599
neg,0.9394573520003178,1604,0,1599
neg,0.9400270330006606,1604,0,1599
neg,0.9406580690010742,1604,0,1599
neg,0.9412250460009091,1604,0,1599
neg,0.9418337799997971,1604,0,1599
neg,0.9424327460001223,1604,0,1599
neg,0.9429750460003561,1604,0,1599
neg,0.9435810550003225,1604,0,1599
neg,0.9441517790000944,1604,0,1599
neg,0.9447251670007972,1604,0,1599
neg,0.9453577959993709,1604,0,1599
neg,0.9459463019993564,1604,0,1599
neg,0.9465275960010331,1604,0,1599
neg,0.9470995510000648,1604,0,1599
neg,0.9477110110001377,1604,0,1599
neg,0.9482845090005867,1604,0,1599
neg,0.9488547319997451,1604,0,1599
neg,0.9494554510001763,1604,0,1599
neg,0.9500264050002443,1604,0,1599
neg,0.9506549060006364,1604,0,1599
neg,0.9512327430002188,1604,0,1599
neg,0.9518349850004597,1604,0,1599
neg,0.9523825850010326,1604,0,1599
neg,0.9529808700008289,1604,0,1599
neg,0.953583702999822,1604,0,1599
neg,0.9541555480009265,1604,0,1599
neg,0.9547238169998309,1604,0,1599
neg,0.955350255000667,1604,0,1599
neg,0.9559488200011401,1604,0,1599
neg,0.9565324480008712,1604,0,1599
neg,0.9571078700009821,1604,0,1599
neg,0.9577031890003127,1604,0,1599
neg,0.9582773390011425,1604,0,1599
neg,0.9588490639998781,1604,0,1599
neg,0.9594547420001618,1604,0,1599
neg,0.960030354999617,1604,0,1599
neg,0.960652404000939,1604,0,1599
neg,0.9612240690003091,1604,0,1599
neg,0.961832934000995,1604,0,1599
neg,0.9624060109999846,1604,0,1599
neg,0.9629738000003272,1604,0,1599
neg,0.963585568999406,1604,0,1599
neg,0.964181309000196,1604,0,1599
neg,0.964777581000817,1604,0,1599
neg,0.9653805540001485,1604,0,1599
neg,0.9659826560000511,1604,0,1599
neg,0.9665797880006721,1604,0,1599
neg,0.9671794959995168,1604,0,1599
neg,0.9677308730006189,1604,0,1599
neg,0.9683496960005868,1604,0,1599
neg,0.9689488830008486,1604,0,1599
neg,0.9695302359996276,1604,0,1599
neg,0.9700985950003087,1604,0,1599
neg,0.9707150640006148,1604,0,1599
neg,0.9713493649996963,1604,0,1599
neg,0.9719495440003811,1604,0,1599
neg,0.9725258580001537,1604,0,1599
neg,0.9731014099997992,1604,0,1599
neg,0.9737192510001478,1604,0,1599
neg,0.9743608170010702,1604,0,1599
neg,0.974954773000718,1604,0,1599
neg,0.975531186999433,1604,0,1599
neg,0.9760991260009177,1604,0,1599
neg,0.9767090019995521,1604,0,1599
neg,0.9772790639999585,1604,0,1599
neg,0.9778488659994764,1604,0,1599
neg,0.9784552660003101,1604,0,1599
neg,0.9790561150002759,1604,0,1599
neg,0.9796510539999872,1604,0,1599
neg,0.9802267659997597,1604,0,1599
neg,0.9808322150001914,1604,0,1599
neg,0.9814085289999639,1604,0,1599
neg,0.9820047089997388,1604,0,1599
neg,0.98265875800098,1604,0,1599
neg,0.9832231899999897,1604,0,1599
neg,0.9838317339999776,1604,0,1599
neg,0.9844010739998339,1604,0,1599
neg,0.9850089869996737,1604,0,1599
neg,0.9856514740004059,1604,0,1599
neg,0.9862246120010241,1604,0,1599
neg,0.9868328450011177,1604,0,1599
neg,0.9874047610010166,1604,0,1599
neg,0.9879730800003017,1604,0,1599
neg,0.9885790190000989,1604,0,1599
neg,0.9891533190002519,1604,0,1599
neg,0.9897267579999607,1604,0,1599
neg,0.9903517120001197,1604,0,1599
neg,0.9909488749999582,1604,0,1599
neg,0.9915289460004715,1604,0,1599
neg,0.9920987370005605,1604,0,1599
neg,0.9927078119999351,1604,0,1599
neg,0.9932815810007014,1604,0,1599
neg,0.9938496600007056,1604,0,1599
neg,0.9944541860004392,1604,0,1599
neg,0.9950527720011451,1604,0,1599
neg,0.9956524589997571,1604,0,1599
neg,0.9962525070004631,1604,0,1599
neg,0.9968764200002624,1604,0,1599
neg,0.9974533040003735,1604,0,1599
neg,0.9980561880001915,1604,0,1599
neg,0.9986531200011086,1604,0,1599
neg,0.9992238830000133,1604,0,1599
neg,0.9998334490010166,1604,0,1599
neg,1.0004054950004502,1604,0,1599
neg,1.0009725420004543,1604,0,1599
neg,1.0015786309995747,1604,0,1599
neg,1.0021512780003832,1604,0,1599
neg,1.002722471999732,1604,0,1599
neg,1.0033528370004205,1604,0,1599
neg,1.0039536660005979,1604,0,1599
neg,1.0045833599997422,1604,0,1599
neg,1.0051244179994683,1604,0,1599
neg,1.005703397000616,1604,0,1599
neg,1.006279049001023,1604,0,1599
neg,1.0068476680007734,1604,0,1599
neg,1.0074263970000175,1604,0,1599
neg,1.00797333599985,1604,0,1599
neg,1.0085788739997952,1604,0,1599
neg,1.0091499579993979,1604,0,1599
neg,1.0097559870009718,1604,0,1599
neg,1.01034737900045,1604,0,1599
neg,1.0109437110004365,1604,0,1599
neg,1.0115297430002101,1604,0,1599
neg,1.012097230001018,1604,0,1599
neg,1.0127036100002442,1604,0,1599
neg,1.0132755760005239,1604,0,1599
neg,1.0138996580008097,1604,0,1599
neg,1.0144801099995675,1604,0,1599
neg,1.01508221199947,1604,0,1599
neg,1.0156779019998794,1604,0,1599
neg,1.016229258999374,1604,0,1599
neg,1.016834015999848,1604,0,1599
neg,1.0174306570006593,1604,0,1599
neg,1.0179722970005969,1604,0,1599
neg,1.0185842869996122,1604,0,1599
neg,1.0191554209995957,1604,0,1599
neg,1.019724612000573,1604,0,1599
neg,1.0203583130005427,1604,0,1599
neg,1.0209580000009737,1604,0,1599
neg,1.0215771940002014,1604,0,1599
neg,1.022150472001158,1604,0,1599
neg,1.0227509910000663,1604,0,1599
neg,1.0233467310008564,1604,0,1599
neg,1.023931850999361,1604,0,1599
neg,1.0245267800000875,1604,0,1599
neg,1.025124493000476,1604,0,1599
neg,1.025703090999741,1604,0,1599
neg,1.0262769100008882,1604,0,1599
neg,1.026904069000011,1604,0,1599
neg,1.0274798419995932,1604,0,1599
neg,1.0280821039996226,1604,0,1599
neg,1.0286766720000742,1604,0,1599
neg,1.0292217480000545,1604,0,1599
neg,1.0298306919994502,1604,0,1599
neg,1.0304002230004699,1604,0,1599
neg,1.030972570000813,1604,0,1599
neg,1.031576925999616,1604,0,1599
neg,1.0321537910003826,1604,0,1599
neg,1.0327305659993726,1604,0,1599
neg,1.0333464129998902,1604,0,1599
neg,1.0339446580001095,1604,0,1599
neg,1.0345267220000096,1604,0,1599
neg,1.0350975760011352,1604,0,1599
neg,1.035708274001081,1604,0,1599
neg,1.0362763020002603,1604,0,1599
neg,1.0369069469998067,1604,0,1599
neg,1.0374767190005514,1604,0,1599
neg,1.0380811850009195,1604,0,1599
neg,1.0386769350006944,1604,0,1599
neg,1.039222351000717,1604,0,1599
neg,1.039801160000934,1604,0,1599
neg,1.040405276000456,1604,0,1599
neg,1.040998872000273,1604,0,1599
neg,1.0416505859993777,1604,0,1599
neg,1.0422222609995515,1604,0,1599
neg,1.0428331900002377,1604,0,1599
neg,1.0433999260003475,1604,0,1599
neg,1.0439990419999958,1604,0,1599
neg,1.044650977000856,1604,0,1599
neg,1.0452221209998243,1604,0,1599
neg,1.0458307349999814,1604,0,1599
neg,1.046399074000874,1604,0,1599
neg,1.0469737740004348,1604,0,1599
neg,1.0475789520005492,1604,0,1599
neg,1.04814951499975,1604,0,1599
neg,1.0487021049993928,1604,0,1599
neg,1.0492772159996093,1604,0,1599
neg,1.0498458860001847,1604,0,1599
neg,1.0504584570007864,1604,0,1599
neg,1.0510534360000747,1604,0,1599
neg,1.0516574920002313,1604,0,1599
neg,1.0522281249996013,1604,0,1599
neg,1.0528306779997365,1604,0,1599
neg,1.053399538001031,1604,0,1599
neg,1.0539785559994925,1604,0,1599
neg,1.0545780829997966,1604,0,1599
neg,1.055156161000923,1604,0,1599
neg,1.0557285369995952,1604,0,1599
neg,1.0563467390002188,1604,0,1599
neg,1.0569534790010948,1604,0,1599
neg,1.0575774120006827,1604,0,1599
neg,1.0581507900005818,1604,0,1599
neg,1.058721733999846,1604,0,1599
neg,1.0593505560009362,1604,0,1599
neg,1.0599260479993973,1604,0,1599
neg,1.0604767740005627,1604,0,1599
neg,1.061079958000846,1604,0,1599
neg,1.0616749569999229,1604,0,1599
neg,1.0622210639994591,1604,0,1599
neg,1.0628304300007585,1604,0,1599
neg,1.0634269610000047,1604,0,1599
neg,1.063970844999858,1604,0,1599
neg,1.0645768640006281,1604,0,1599
neg,1.0651780139996845,1604,0,1599
neg,1.0657761479997134,1604,0,1599
neg,1.0663520310008607,1604,0,1599
neg,1.0669427920001908,1604,0,1599
neg,1.06752418600081,1604,0,1599
neg,1.0680966220006667,1604,0,1599
neg,1.0687024110011407,1604,0,1599
neg,1.0692785949995596,1604,0,1599
neg,1.0698738139999477,1604,0,1599
neg,1.0704520609997417,1604,0,1599
neg,1.0710306290002336,1604,0,1599
neg,1.0716504240008362,1604,0,1599
neg,1.0722238319995085,1604,0,1599
neg,1.072830242001146,1604,0,1599
neg,1.073402788999374,1604,0,1599
neg,1.073978492000606,1604,0,1599
neg,1.0745768569995562,1604,0,1599
neg,1.0751487920006184,1604,0,1599
neg,1.0757203470002423,1604,0,1599
neg,1.0763501310011634,1604,0,1599
neg,1.076941983999859,1604,0,1599
neg,1.0775228860002244,1604,0,1599
neg,1.078096524999637,1604,0,1599
neg,1.0787062910003442,1604,0,1599
neg,1.079277966000518,1604,0,1599
neg,1.0798454640007549,1604,0,1599
neg,1.0804509520003194,1604,0,1599
neg,1.081023078000726,1604,0,1599
neg,1.0816508070001873,1604,0,1599
neg,1.0822274820002349,1604,0,1599
neg,1.0828290330009622,1604,0,1599
neg,1.0834007779994863,1604,0,1599
neg,1.083970670000781,1604,0,1599
neg,1.0845870789999026,1604,0,1599
neg,1.085182889000862,1604,0,1599
neg,1.085782256001039,1604,0,1599
neg,1.0863731459994597,1604,0,1599
neg,1.0869426669996756,1604,0,1599
neg,1.0875232390008023,1604,0,1599
neg,1.0881038410007022,1604,0,1599
neg,1.08870649399978,1604,0,1599
neg,1.0892778289999114,1604,0,1599
neg,1.0899047269995208,1604,0,1599
neg,1.0904711319999478,1604,0,1599
neg,1.091080026999407,1604,0,1599
neg,1.091656309999962,1604,0,1599
neg,1.0922208720003255,1604,0,1599
neg,1.092803086999993,1604,0,1599
neg,1.0934015519997047,1604,0,1599
neg,1.093969821000428,1604,0,1599
neg,1.0945761910006695,1604,0,1599
neg,1.0951484070010338,1604,0,1599
neg,1.0957516910002596,1604,0,1599
neg,1.0963447560006898,1604,0,1599
neg,1.0969507250010793,1604,0,1599
neg,1.0975763610003924,1604,0,1599
neg,1.098129350999443,1604,0,1599
neg,1.0987257529995986,1604,0,1599
neg,1.0993487640007515,1604,0,1599
neg,1.0999411970005895,1604,0,1599
neg,1.1005415760009782,1604,0,1599
neg,1.1010966909998388,1604,0,1599
neg,1.101706417000969,1604,0,1599
neg,1.1022737240000424,1604,0,1599
neg,1.1028539449998789,1604,0,1599
neg,1.1034520989996963,1604,0,1599
neg,1.1040229230002296,1604,0,1599
neg,1.1046485290007695,1604,0,1599
neg,1.105220774999907,1604,0,1599
neg,1.1058281860005081,1604,0,1599
neg,1.106402577001063,1604,0,1599
neg,1.1069984069999919,1604,0,1599
neg,1.1076562329999433,1604,0,1599
neg,1.108219863001068,1604,0,1599
neg,1.1088289079998503,1604,0,1599
neg,1.1093976779993682,1604,0,1599
neg,1.1099715969994577,1604,0,1599
neg,1.1105748909994873,1604,0,1599
neg,1.1111529280005925,1604,0,1599
neg,1.1117264269996667,1604,0,1599
neg,1.1123527439995087,1604,0,1599
neg,1.11294464599996,1604,0,1599
neg,1.113522854000621,1604,0,1599
neg,1.114094878999822,1604,0,1599
neg,1.114704294999683,1604,0,1599
neg,1.1152755599996453,1604,0,1599
neg,1.1158444699995016,1604,0,1599
neg,1.1164546069994685,1604,0,1599
neg,1.117022705000636,1604,0,1599
neg,1.1176498139993782,1604,0,1599
neg,1.1182271590005257,1604,0,1599
neg,1.118828349000978,1604,0,1599
neg,1.1194038220000948,1604,0,1599
neg,1.1199694959996123,1604,0,1599
neg,1.1206020139998145,1604,0,1599
neg,1.1211924039998848,1604,0,1599
neg,1.12177184400025,1604,0,1599
neg,1.1223764400001528,1604,0,1599
neg,1.1229406820002623,1604,0,1599
neg,1.123611842000173,1604,0,1599
neg,1.1242149160007102,1604,0,1599
neg,1.1248036030010553,1604,0,1599
neg,1.1254005350001535,1604,0,1599
neg,1.1259695650005597,1604,0,1599
neg,1.1266027350011427,1604,0,1599
neg,1.127193005000663,1604,0,1599
neg,1.1277766229995905,1604,0,1599
neg,1.1283731740004441,1604,0,1599
neg,1.1289710380006,1604,0,1599
neg,1.1295804729998054,1604,0,1599
neg,1.1301507560001482,1604,0,1599
neg,1.130750022999564,1604,0,1599
neg,1.131348117000016,1604,0,1599
neg,1.131940190000023,1604,0,1599
neg,1.132522035000875,1604,0,1599
neg,1.1330939600011334,1604,0,1599
neg,1.1336992380001902,1604,0,1599
neg,1.1342712540008506,1604,0,1599
neg,1.134843580000961,1604,0,1599
neg,1.1354506509997009,1604,0,1599
neg,1.1360239799996634,1604,0,1599
neg,1.1366458180000336,1604,0,1599
neg,1.1372510660003172,1604,0,1599
neg,1.1378433290010435,1604,0,1599
neg,1.138448736999635,1604,0,1599
neg,1.1390274759996828,1604,0,1599
neg,1.1396482529999048,1604,0,1599
neg,1.1402250070004811,1604,0,1599
neg,1.1408303450007224,1604,0,1599
neg,1.141396420000092,1604,0,1599
neg,1.1419697880010062,1604,0,1599
neg,1.1425741240000207,1604,0,1599
neg,1.1431488350008294,1604,0,1599
neg,1.143718927000009,1604,0,1599
neg,1.1443512860005285,1604,0,1599
neg,1.1449404930008313,1604,0,1599
neg,1.1455216060003295,1604,0,1599
neg,1.1460935819995939,1604,0,1599
neg,1.1466985389997717,1604,0,1599
neg,1.1472736110008555,1604,0,1599
neg,1.14784303200031,1604,0,1599
neg,1.1484488910009532,1604,0,1599
neg,1.1490292319995206,1604,0,1599
neg,1.1496520020009484,1604,0,1599
neg,1.1502268429994729,1604,0,1599
neg,1.1508300670011522,1604,0,1599
neg,1.1514018230009242,1604,0,1599
neg,1.1519963709997683,1604,0,1599
neg,1.1526492270004383,1604,0,1599
neg,1.1532227560001047,1604,0,1599
neg,1.1538267510004516,1604,0,1599
neg,1.1543976350003504,1604,0,1599
neg,1.1549697009995725,1604,0,1599
neg,1.1555778439997084,1604,0,1599
neg,1.156146143001024,1604,0,1599
neg,1.1567223359998025,1604,0,1599
neg,1.1573479420003423,1604,0,1599
neg,1.157941027000561,1604,0,1599
neg,1.1585240330005036,1604,0,1599
neg,1.15911952299939,1604,0,1599
neg,1.1597036510011094,1604,0,1599
neg,1.1602788729996973,1604,0,1599
neg,1.1608428140007163,1604,0,1599
neg,1.1614489530002174,1604,0,1599
neg,1.1620217500003491,1604,0,1599
neg,1.1626474260010582,1604,0,1599
neg,1.163222768000196,1604,0,1599
neg,1.1638279359995067,1604,0,1599
neg,1.1644276940005511,1604,0,1599
neg,1.1650253469997551,1604,0,1599
neg,1.1656450419995963,1604,0,1599
neg,1.166223299000194,1604,0,1599
neg,1.166826853999737,1604,0,1599
neg,1.1673957439998048,1604,0,1599
neg,1.1679679499993654,1604,0,1599
neg,1.1685931749998417,1604,0,1599
neg,1.1691938740004844,1604,0,1599
neg,1.1697712099994533,1604,0,1599
neg,1.170369154000582,1604,0,1599
neg,1.1709396969999943,1604,0,1599
neg,1.1715283339999587,1604,0,1599
neg,1.1720929260009143,1604,0,1599
neg,1.1727038040007756,1604,0,1599
neg,1.1732703899997432,1604,0,1599
neg,1.1738423759998113,1604,0,1599
neg,1.174448054000095,1604,0,1599
neg,1.1750201800005016,1604,0,1599
neg,1.17564982300064,1604,0,1599
neg,1.1762226810005814,1604,0,1599
neg,1.1768261150009494,1604,0,1599
neg,1.1773968689994945,1604,0,1599
neg,1.177967441999499,1604,0,1599
neg,1.1785771979994024,1604,0,1599
neg,1.1791749719996005,1604,0,1599
neg,1.179770181001004,1604,0,1599
neg,1.1803753980002512,1604,0,1599
neg,1.1809672819999832,1604,0,1599
neg,1.18157310999959,1604,0,1599
neg,1.1821732680000423,1604,0,1599
neg,1.1827193360004458,1604,0,1599
neg,1.1833422769996105,1604,0,1599
neg,1.1839389579999988,1604,0,1599
neg,1.1845221250005125,1604,0,1599
neg,1.185123385001134,1604,0,1599
neg,1.1856989780008007,1604,0,1599
neg,1.1862789179995161,1604,0,1599
neg,1.1868514249999862,1604,0,1599
neg,1.1874479070011148,1604,0,1599
neg,1.1880202730008023,1604,0,1599
neg,1.1886473720005597,1604,0,1599
neg,1.18922377600029,1604,0,1599
neg,1.1898267489996215,1604,0,1599
neg,1.19039927599988,1604,0,1599
neg,1.1909676650011534,1604,0,1599
neg,1.1915822099999787,1604,0,1599
neg,1.1921797129998595,1604,0,1599
neg,1.1927750419999938,1604,0,1599
neg,1.193370983000932,1604,0,1599
neg,1.193967643999713,1604,0,1599
neg,1.1945718999995734,1604,0,1599
neg,1.195150397999896,1604,0,1599
neg,1.1957175749994349,1604,0,1599
neg,1.196341979000863,1604,0,1599
neg,1.1969387310000457,1604,0,1599
neg,1.1975255939996714,1604,0,1599
neg,1.1980992230000993,1604,0,1599
neg,1.1987016450002557,1604,0,1599
neg,1.1992694929995196,1604,0,1599
neg,1.1998420899999473,1604,0,1599
