step,t_obs,t_cmd,dt,pos_shoulder_pan,pos_shoulder_lift,pos_elbow_flex,pos_wrist_flex,pos_wrist_roll,pos_gripper,cmd_shoulder_pan,cmd_shoulder_lift,cmd_elbow_flex,cmd_wrist_flex,cmd_wrist_roll,cmd_gripper,sent_shoulder_pan,sent_shoulder_lift,sent_elbow_flex,sent_wrist_flex,sent_wrist_roll,sent_gripper,velraw_shoulder_pan,velraw_shoulder_lift,velraw_elbow_flex,velraw_wrist_flex,velraw_wrist_roll,velraw_gripper,chunk_start
0,1786013956.4187,1786013956.705,1.69445,-4.0440,-104.0440,96.5275,82.1099,-91.5604,1.6534,-5.2398,-100.0882,93.8500,80.5301,-91.2727,1.4683,-5.2398,-100.0882,93.8500,80.5301,-91.2727,1.4683,0,0,0,0,0,0,1
1,1786013956.7062,1786013956.7123,0.2875,-4.0440,-104.0440,96.5275,82.1099,-91.5604,1.6534,-5.0658,-100.1209,92.2437,80.4629,-89.2636,1.5680,-5.0658,-100.1209,92.2437,80.4629,-89.2636,1.5680,0,0,0,0,0,0,1
2,1786013956.7395,1786013956.745,0.03333,-4.0440,-104.0440,96.5275,82.1099,-91.5604,1.6534,-5.3681,-99.5505,92.5843,81.2251,-88.6727,1.6546,-5.3681,-99.5505,92.5843,81.2251,-88.6727,1.6546,0,0,0,0,0,0,0
3,1786013956.7729,1786013956.7771,0.03338,-4.2198,-103.7802,96.0000,81.5824,-91.0330,1.6534,-5.2912,-96.6732,92.1822,78.0101,-89.8141,2.0290,-5.2912,-96.6732,92.1822,78.0101,-89.8141,2.0290,-100,100,-150,-50,300,0,0
4,1786013956.8063,1786013956.811,0.03342,-4.9231,-102.1978,95.0330,81.3187,-89.9780,1.6534,-5.7913,-99.0798,94.7078,79.7457,-87.9776,1.5478,-5.7913,-99.0798,94.7078,79.7457,-87.9776,1.5478,-200,550,-300,-150,350,0,0
5,1786013956.8397,1786013956.8444,0.03337,-5.0989,-100.5275,94.5934,80.8791,-89.9780,1.6534,-5.6172,-100.0861,93.6137,79.1980,-89.3751,1.9401,-5.6172,-100.0861,93.6137,79.1980,-89.3751,1.9401,-50,600,-150,-100,-50,0,0
6,1786013956.873,1786013956.8777,0.03337,-5.0110,-99.2967,94.7692,80.1758,-89.7143,1.6534,-4.9557,-98.7383,94.5992,78.7575,-87.7526,1.6569,-4.9557,-98.7383,94.5992,78.7575,-87.7526,1.6569,50,400,0,-250,200,0,0
7,1786013956.9065,1786013956.9113,0.03347,-5.3626,-99.1209,95.2088,79.9121,-89.1868,1.7196,-5.5687,-98.3770,92.7852,78.5981,-88.6732,1.4652,-5.5687,-98.3770,92.7852,78.5981,-88.6732,1.4652,-100,50,100,-100,250,0,0
8,1786013956.9398,1786013956.9449,0.03333,-5.3626,-99.6484,95.2088,79.6484,-88.8352,1.7196,-4.6381,-98.5589,92.6406,80.0583,-88.8716,1.4736,-4.6381,-98.5589,92.6406,80.0583,-88.8716,1.4736,0,-200,0,-100,100,0,0
9,1786013956.9732,1786013956.978,0.03342,-5.0989,-99.5604,94.9451,79.3846,-88.8352,1.7196,-4.8060,-100.2150,92.9363,78.5752,-89.6996,1.6620,-4.8060,-100.2150,92.9363,78.5752,-89.6996,1.6620,50,50,-100,-50,-50,0,0
10,1786013957.0067,1786013957.0116,0.03341,-5.0989,-99.0330,94.6813,79.5604,-88.8352,1.7196,-4.8814,-92.8288,87.8725,77.7422,-87.3274,1.6215,-4.8814,-92.8288,87.8725,77.7422,-87.3274,1.6215,0,200,-100,0,0,0,0
11,1786013957.04,1786013957.045,0.03334,-5.1868,-99.2967,94.6813,79.7363,-89.0110,1.7196,-3.2217,-79.4019,75.7580,77.1872,-84.5929,1.6328,-3.2217,-89.3846,84.6813,77.1872,-84.5929,1.6328,-50,-50,0,50,0,0,0
12,1786013957.0734,1786013957.0784,0.03337,-5.1868,-99.8242,94.4176,79.0330,-88.9231,1.7196,-1.6202,-77.6625,74.9423,78.8004,-83.8854,1.8153,-1.6202,-89.8242,84.3297,78.8004,-83.8854,1.8153,0,-150,0,-250,100,0,0
13,1786013957.1068,1786013957.1123,0.03346,-4.7473,-98.7692,92.5714,78.4176,-87.2527,1.7196,-1.9297,-69.8010,69.7824,76.1931,-79.9099,1.7879,-1.9297,-88.5055,82.1319,76.1931,-79.9099,1.7879,50,500,-750,-250,500,0,0
14,1786013957.1402,1786013957.1452,0.03333,-3.3407,-96.3077,89.7582,78.5934,-85.7582,1.7196,0.0562,-65.5445,66.7117,76.2044,-77.5945,1.5705,0.0562,-85.9560,79.4066,76.2044,-77.5945,1.5705,400,650,-950,50,500,0,0
15,1786013957.1735,1786013957.1786,0.03337,-2.5495,-93.4066,87.6484,78.7692,-84.6154,1.7196,3.0255,-49.1986,51.6541,77.3576,-72.2089,2.0393,3.0255,-82.9670,77.2967,77.3576,-74.3516,2.0393,250,1000,-750,50,400,0,0
16,1786013957.2069,1786013957.212,0.03342,-2.4615,-90.4176,85.4505,77.8901,-82.2418,1.7196,5.2028,-45.1420,47.8752,77.8593,-69.6936,2.0743,5.2028,-80.0659,75.0989,77.8593,-71.8022,2.0743,0,1050,-750,-200,700,0,0
17,1786013957.2403,1786013957.245,0.03339,-0.5275,-88.3077,83.0769,77.4505,-79.5165,1.7857,8.5824,-42.8622,46.4881,78.8230,-64.2726,2.1737,8.5824,-77.8681,72.7253,78.8230,-69.1648,2.1737,600,700,-800,-150,950,0,0
18,1786013957.2737,1786013957.2787,0.03341,2.1099,-85.4066,80.7033,77.8022,-76.7912,1.9180,7.9664,-35.9921,37.8772,82.1788,-65.6839,2.0762,7.9664,-74.9670,70.3516,82.1788,-66.4396,2.0762,950,950,-850,150,950,50,0
19,1786013957.3071,1786013957.3123,0.0334,3.8681,-82.3297,78.4176,78.3297,-74.0659,1.9841,7.5277,-38.0128,39.2037,82.1730,-65.0313,2.0019,7.5277,-71.9780,68.1538,82.1730,-65.0313,2.0019,550,1050,-700,150,1000,0,0
20,1786013957.3405,1786013957.3455,0.0334,5.7143,-79.9560,76.1319,79.3846,-71.1648,1.9841,7.1961,-47.5040,50.5407,80.0188,-68.0059,2.1267,7.1961,-69.6044,65.7802,80.0188,-68.0059,2.1267,600,800,-800,350,1000,0,0
21,1786013957.374,1786013957.3787,0.03343,6.5055,-77.3187,73.7582,80.7912,-68.9670,1.9841,7.7289,-44.2051,51.9183,77.8676,-67.6698,2.0477,7.7289,-66.9670,63.4945,77.8676,-67.6698,2.0477,200,800,-800,500,800,0,0
22,1786013957.4073,1786013957.4124,0.03337,6.0659,-74.2418,71.5604,80.6154,-67.8242,1.9841,4.6472,-55.0192,61.4187,76.3390,-72.5233,1.8734,4.6472,-63.8901,61.4187,76.3390,-72.5233,1.8734,-150,1050,-800,50,500,0,0
23,1786013957.4407,1786013957.4458,0.03337,6.5934,-71.6923,69.2747,79.5604,-68.1758,1.9841,3.6869,-52.4509,59.7957,74.6567,-74.1480,2.1074,3.6869,-61.3407,59.7957,74.6567,-74.1480,2.1074,100,900,-750,-350,-100,0,0
24,1786013957.4741,1786013957.4791,0.0334,6.7692,-69.0549,66.9890,78.2418,-69.2308,1.9841,2.3161,-52.9500,62.9448,73.7785,-75.1173,2.0116,2.3161,-58.7033,62.9448,73.7785,-75.1173,2.0116,150,800,-750,-400,-400,0,0
25,1786013957.5076,1786013957.5127,0.03344,5.1868,-66.1538,64.7912,76.9231,-70.8132,1.9841,3.1774,-46.6281,58.9883,69.9939,-73.1500,1.8898,3.1774,-55.7143,58.9883,69.9939,-73.1500,1.8898,-600,1000,-750,-500,-600,0,0
26,1786013957.5409,1786013957.546,0.03335,3.6923,-63.5165,63.7363,75.6923,-72.5714,1.9841,3.9300,-45.3753,56.7188,68.1017,-72.4193,2.0226,3.9300,-53.2527,56.7188,68.1017,-72.4193,2.0226,-650,800,-250,-450,-650,0,0
27,1786013957.5743,1786013957.579,0.03344,3.6044,-60.9670,63.6484,74.4615,-73.0110,1.9841,3.3562,-47.9521,59.1073,70.5311,-74.6951,1.8837,3.3562,-50.5275,59.1073,70.5311,-74.6951,1.8837,-50,800,-50,-400,-150,0,0
28,1786013957.6077,1786013957.6123,0.03339,4.2198,-57.6264,62.5934,72.2637,-72.7473,1.9841,2.2227,-49.8105,61.2197,68.7006,-76.5891,1.9513,2.2227,-49.8105,61.2197,68.7006,-76.5891,1.9513,250,1200,-350,-800,100,0,0
29,1786013957.6412,1786013957.6456,0.03342,4.0440,-54.9890,60.9231,70.6813,-73.0110,1.9841,3.1348,-40.9569,53.2619,70.2413,-72.7627,2.2256,3.1348,-44.7253,53.2619,70.2413,-72.7627,2.2256,50,850,-600,-600,0,0,0
30,1786013957.6745,1786013957.679,0.03336,3.0769,-53.2308,60.1319,69.9780,-74.1538,1.9841,2.8559,-38.8284,48.3069,71.7972,-71.1917,2.0381,2.8559,-43.0549,50.1319,71.7972,-71.1917,2.0381,-300,500,-350,-300,-350,0,0
31,1786013957.7079,1786013957.7126,0.03343,2.7253,-51.2088,60.1319,70.5934,-75.1209,1.9841,4.3445,-31.0004,40.7171,72.4523,-66.3196,2.0630,4.3445,-40.8571,50.1319,72.4523,-66.3196,2.0630,-50,650,0,350,-150,0,0
32,1786013957.7413,1786013957.7458,0.03334,3.0769,-48.1319,59.3407,71.2967,-74.8571,1.9841,7.1874,-27.5639,37.9686,73.3271,-60.4734,1.9062,7.1874,-37.7802,49.1648,73.3271,-64.6813,1.9062,50,1050,-400,200,0,0,0
33,1786013957.7747,1786013957.7792,0.0334,3.6923,-45.1429,57.0549,71.9121,-72.6593,1.9841,7.4667,-23.2864,33.2977,73.8480,-59.9413,1.8919,7.4667,-34.7912,46.7033,73.8480,-62.3077,1.8919,150,950,-700,250,750,0,0
34,1786013957.8081,1786013957.8126,0.03338,4.3956,-42.5934,54.5055,72.3516,-69.4945,1.9841,7.7380,-21.5063,31.1415,75.6026,-60.1571,1.8699,7.7380,-32.1538,44.0659,75.6026,-60.1571,1.8699,200,900,-900,100,1150,0,0
35,1786013957.8415,1786013957.8461,0.03343,5.6264,-39.6923,52.1319,73.1429,-66.9451,1.9841,8.9228,-20.4397,28.8874,76.9881,-54.2446,1.9292,8.9228,-29.1648,41.9560,76.9881,-56.6813,1.9292,350,1000,-750,300,900,0,0
36,1786013957.8749,1786013957.8794,0.03342,6.7692,-36.4396,49.9341,73.9341,-64.4835,1.9841,11.2801,-18.7920,25.3902,79.5129,-46.7979,1.9239,11.2801,-26.0000,39.5824,79.5129,-54.1319,1.9239,500,1050,-750,200,800,0,0
37,1786013957.9083,1786013957.9132,0.03341,7.3846,-33.7143,47.5604,75.3407,-61.9341,1.9841,14.0533,-12.0794,22.7587,79.8345,-37.9524,2.4201,14.0533,-23.2747,37.2088,79.8345,-51.4945,2.4201,250,950,-750,500,900,0,0
38,1786013957.9417,1786013957.9467,0.03334,8.3516,-30.8132,45.0110,76.6593,-58.8571,1.9841,12.7492,-15.7405,23.2392,79.8793,-39.0798,2.0440,12.7492,-20.3736,34.7473,79.8793,-48.4176,2.0440,450,950,-850,450,950,0,0
39,1786013957.9751,1786013957.9802,0.03341,10.1978,-27.7363,42.7253,77.9780,-56.3077,1.9841,15.1794,-9.8584,18.3829,80.5652,-38.2403,1.9848,15.1794,-17.2967,32.4615,80.5652,-45.9560,1.9848,600,1050,-800,500,850,0,0
40,1786013958.0085,1786013958.0135,0.03342,12.3077,-24.8352,40.4396,78.5934,-53.5824,1.9841,15.4615,-11.7773,18.3794,83.0991,-37.7417,2.0660,15.4615,-14.3077,30.1758,83.0991,-43.1429,2.0660,750,1000,-800,200,950,0,0
41,1786013958.0419,1786013958.0468,0.03335,13.0989,-21.7582,38.0659,79.2967,-50.7692,1.9841,16.7221,-10.8019,18.4671,82.0244,-36.2011,2.1772,16.7221,-11.3187,27.7143,82.0244,-40.3297,2.1772,250,1000,-850,200,1000,0,0
42,1786013958.0752,1786013958.0802,0.0334,13.5385,-18.8571,35.6923,80.3516,-47.9560,1.9841,15.5746,-12.2361,20.2655,81.8589,-32.7619,2.1032,15.5746,-12.2361,25.2527,81.8589,-37.4286,2.1032,100,1000,-850,300,900,0,0
43,1786013958.1086,1786013958.1137,0.0334,14.4176,-15.8681,33.3187,81.5824,-45.2308,1.9841,17.4990,-9.2839,17.5931,80.1031,-29.3577,2.0187,17.4990,-9.2839,22.9670,80.1031,-34.8791,2.0187,300,1050,-800,400,850,0,0
44,1786013958.142,1786013958.1471,0.03335,15.5604,-13.4945,31.0330,81.4945,-42.5055,1.9841,17.3766,-8.7731,17.5258,79.7323,-24.4603,2.3409,17.3766,-8.7731,20.7692,79.7323,-32.0659,2.3409,350,800,-750,50,900,0,0
45,1786013958.1754,1786013958.1803,0.03338,15.8242,-11.8242,28.7473,80.9670,-39.7802,1.9841,17.8658,-12.9645,19.5804,81.6395,-24.6100,2.3791,17.8658,-12.9645,19.5804,81.6395,-29.3407,2.3791,100,550,-750,-300,900,0,0
46,1786013958.2088,1786013958.2143,0.03343,15.8242,-10.5055,26.3736,80.4396,-36.9670,1.9841,19.0269,-9.5199,18.6644,80.4082,-25.4163,2.1418,19.0269,-9.5199,18.6644,80.4082,-26.5275,2.1418,0,400,-850,-200,950,0,0
47,1786013958.2422,1786013958.2467,0.0334,16.4396,-10.0659,24.2637,80.2637,-34.2418,1.9841,19.7180,-7.4644,19.0029,79.3648,-25.1754,2.2422,19.7180,-7.4644,19.0029,79.3648,-25.1754,2.2422,200,200,-650,50,1050,0,0
48,1786013958.2756,1786013958.28,0.03338,17.7582,-10.1538,22.9451,81.2308,-31.4286,1.9841,19.5448,-5.8196,17.9460,77.7266,-26.1239,2.2520,19.5448,-5.8196,17.9460,77.7266,-26.1239,2.2520,350,0,-550,300,950,0,0
49,1786013958.3089,1786013958.3133,0.03337,18.7253,-9.9780,22.1538,80.5275,-29.0549,1.9841,18.1997,-9.0585,21.3260,76.7098,-24.1327,2.5175,18.1997,-9.0585,21.3260,76.7098,-24.1327,2.5175,350,100,-250,-250,800,0,0
50,1786013958.3424,1786013958.4574,0.03341,18.9011,-8.2198,21.0989,79.1209,-28.0000,1.9841,22.7906,-9.0762,11.2192,81.0607,-18.9953,1.8844,22.7906,-9.0762,11.9780,81.0607,-18.9953,1.8844,50,500,-400,-500,500,0,1
51,1786013958.4584,1786013958.4641,0.11605,18.1978,-6.8132,21.9780,77.1868,-25.2747,2.2487,26.0776,-1.1065,5.8473,84.0080,-18.9309,1.8387,26.0776,-1.1065,11.9780,84.0080,-18.9309,1.8387,0,-50,-50,-50,150,0,1
52,1786013958.4918,1786013958.4969,0.03339,18.2857,-6.8132,21.9780,77.1868,-25.0110,2.2487,28.1710,-2.1235,5.0554,84.2981,-16.8394,1.8026,28.1710,-2.1235,11.9780,84.2981,-16.8394,1.8026,50,0,0,-50,100,0,0
53,1786013958.5252,1786013958.5302,0.03338,18.8132,-6.5495,21.6264,78.1538,-23.7802,2.1164,27.4971,1.8117,3.7094,85.2072,-16.8589,1.8277,27.4971,1.8117,11.4505,85.2072,-16.8589,1.8277,100,150,-50,300,450,-50,0
54,1786013958.5586,1786013958.5636,0.0334,20.9231,-4.9670,19.4286,80.2637,-21.3187,2.1164,29.7172,5.5305,2.1219,85.0024,-13.2039,1.7028,29.7172,5.2967,9.0769,85.0024,-13.2039,1.7028,750,400,-850,800,900,0,0
55,1786013958.592,1786013958.5971,0.03338,23.5604,-2.4176,16.6154,82.2857,-19.6484,2.0503,31.9448,7.0188,1.1683,84.4033,-14.7772,1.8402,31.9448,7.0188,6.2637,84.4033,-14.7772,1.8402,850,850,-1000,750,550,-50,0
56,1786013958.6254,1786013958.6303,0.03343,26.4615,0.7473,14.2418,83.0769,-18.1538,1.9841,31.1833,5.5723,3.3260,84.1408,-12.8276,1.6995,31.1833,5.5723,3.9780,84.1408,-12.8276,1.6995,1050,1100,-800,250,600,0,0
57,1786013958.6588,1786013958.6639,0.03344,28.5714,3.9121,12.0440,83.3407,-16.5714,1.9841,31.4090,7.5646,0.1463,83.0714,-11.6982,1.5142,31.4090,7.5646,1.6923,83.0714,-11.6982,1.5142,700,1100,-750,50,550,0,0
58,1786013958.6922,1786013958.6973,0.03335,29.7143,5.6703,9.9341,83.3407,-15.2527,1.9841,29.2763,11.5209,-5.2880,85.4371,-9.1757,1.6550,29.2763,11.5209,-0.3297,85.4371,-9.1757,1.6550,500,650,-750,0,450,0,0
59,1786013958.7256,1786013958.731,0.03344,30.2418,6.4615,7.5604,83.3407,-13.8462,1.9841,30.9335,12.6849,-4.9518,84.2886,-9.1768,1.8122,30.9335,12.6849,-2.7912,84.2886,-9.1768,1.8122,200,250,-800,0,450,0,0
60,1786013958.759,1786013958.7638,0.03338,30.2418,7.9560,4.9231,83.3407,-12.4396,1.9841,30.2008,13.2509,-2.3857,81.9539,-9.3965,1.7981,30.2008,13.2509,-2.3857,81.9539,-9.3965,1.7981,0,400,-900,0,450,0,0
61,1786013958.7924,1786013958.7966,0.03337,29.7143,10.3297,2.3736,83.6044,-11.1209,1.9841,31.5065,12.5812,-3.1315,80.8791,-10.3268,1.7314,31.5065,12.5812,-3.1315,80.8791,-10.3268,1.7314,-200,800,-900,100,500,0,0
62,1786013958.8258,1786013958.83,0.0334,29.5385,12.0879,1.1429,83.1648,-10.6813,1.9841,31.5947,13.6641,-1.2316,75.7207,-11.1049,1.8131,31.5947,13.6641,-1.2316,75.7207,-11.1049,1.8131,-100,650,-500,-100,150,0,0
63,1786013958.8592,1786013958.8636,0.03342,29.8901,12.5275,0.7033,82.2857,-10.7692,1.9841,32.3998,11.8292,-1.5026,76.5188,-10.8834,1.6413,32.3998,11.8292,-1.5026,76.5188,-10.8834,1.6413,150,100,-100,-200,0,0,0
64,1786013958.8926,1786013958.8977,0.03338,30.9451,12.9670,0.5275,80.8791,-10.9451,1.9841,32.6927,21.1859,-12.6254,76.1600,-6.1684,1.8755,32.6927,21.1859,-9.5604,76.1600,-6.1684,1.8755,400,100,-100,-400,-100,0,0
65,1786013958.926,1786013958.9309,0.03341,31.5604,13.1429,0.2637,78.6813,-10.9451,1.9841,32.2528,19.0273,-6.7605,77.4645,-8.5365,1.9102,32.2528,19.0273,-6.7605,77.4645,-8.5365,1.9102,250,50,0,-800,0,0,0
66,1786013958.9593,1786013958.9642,0.03333,31.9121,13.4945,-0.5275,78.0659,-10.3297,1.9841,32.8823,21.7481,-13.0562,76.6306,-5.9640,1.6026,32.8823,21.7481,-10.7033,76.6306,-5.9640,1.6026,150,150,-300,-150,100,0,0
67,1786013958.9927,1786013958.9976,0.0334,32.0000,14.2857,-2.2857,77.9780,-9.3626,1.9841,30.5288,22.9220,-10.4435,76.5361,-6.6638,1.6784,30.5288,22.9220,-10.4435,76.5361,-6.6638,1.6784,50,200,-500,-50,350,0,0
68,1786013959.0261,1786013959.0308,0.03341,32.0879,16.2198,-4.8352,77.7143,-8.3077,1.9841,30.6801,23.7835,-12.9259,76.8617,-6.1511,1.6592,30.6801,23.7835,-12.9259,76.8617,-6.1511,1.6592,50,650,-800,-50,350,0,0
69,1786013959.0595,1786013959.0643,0.0334,31.7363,19.1209,-7.1209,77.0110,-7.5165,1.9841,29.5914,22.0413,-9.2697,76.3842,-7.2611,1.7368,29.5914,22.0413,-9.2697,76.3842,-7.2611,1.7368,-100,1050,-800,-250,350,0,0
70,1786013959.0929,1786013959.0977,0.03339,31.3846,21.8462,-8.6154,77.0989,-7.1648,1.9841,30.0865,25.3790,-11.2318,75.3843,-3.6256,1.8300,30.0865,25.3790,-11.2318,75.3843,-3.6256,1.8300,-50,950,-450,-50,100,0,0
71,1786013959.1263,1786013959.131,0.03336,30.9451,22.9890,-9.0549,76.8352,-7.2527,1.9841,29.8730,25.0433,-11.7713,75.8928,-4.9724,1.6465,29.8730,25.0433,-11.7713,75.8928,-4.9724,1.6465,-200,500,-250,-50,-150,0,0
72,1786013959.1597,1786013959.1645,0.03342,30.6813,22.9890,-9.0549,76.3956,-6.9011,1.9841,30.0982,24.7494,-11.1329,75.2698,-4.9437,1.7791,30.0982,24.7494,-11.1329,75.2698,-4.9437,1.7791,-50,0,0,-50,0,0,0
73,1786013959.1931,1786013959.1978,0.03337,30.4176,23.3407,-9.7582,76.2198,-6.1099,1.9841,30.2164,24.2752,-14.4708,76.9110,-3.1122,1.7038,30.2164,24.2752,-14.4708,76.9110,-3.1122,1.7038,-100,-50,-250,-100,250,0,0
74,1786013959.2264,1786013959.2311,0.03338,30.1538,24.3077,-10.1978,75.6044,-5.6703,1.9841,30.1441,24.9017,-10.8268,75.3779,-3.8851,1.8837,30.1441,24.9017,-10.8268,75.3779,-3.8851,1.8837,-100,350,-250,-200,100,0,0
75,1786013959.2599,1786013959.2647,0.03346,30.0659,24.8352,-10.0220,76.1319,-4.8791,1.9841,30.2925,24.8880,-9.4962,75.9987,-6.2149,1.6785,30.2925,24.8880,-9.4962,75.9987,-6.2149,1.6785,-50,200,50,150,350,0,0
76,1786013959.2932,1786013959.298,0.03331,30.3297,25.5385,-9.9341,76.5714,-4.1758,1.9841,30.9655,25.9399,-12.4315,76.8338,-7.1704,1.7959,30.9655,25.9399,-12.4315,76.8338,-7.1704,1.7959,100,250,50,0,400,0,0
77,1786013959.3267,1786013959.3315,0.03345,30.6813,25.6264,-9.6703,75.9560,-5.0549,1.9841,30.4007,25.4268,-11.5207,75.6678,-7.2144,1.7781,30.4007,25.4268,-11.5207,75.6678,-7.2144,1.7781,150,50,0,-350,-400,0,0
78,1786013959.36,1786013959.3649,0.03338,30.7692,25.8022,-9.3187,76.6593,-5.9341,1.9841,31.3803,27.3650,-11.6852,75.2552,-6.3540,1.6205,31.3803,27.3650,-11.6852,75.2552,-6.3540,1.6205,50,0,150,300,-250,0,0
79,1786013959.3934,1786013959.3982,0.03336,30.5934,26.2418,-9.6703,75.9560,-6.4615,1.9841,30.6782,26.7211,-11.3780,75.1581,-6.3165,1.8368,30.6782,26.7211,-11.3780,75.1581,-6.3165,1.8368,-100,150,-150,-350,-200,0,0
80,1786013959.4268,1786013959.4316,0.03337,30.5055,26.7692,-9.7582,75.6923,-6.4615,1.9841,31.2980,26.2360,-9.3245,73.7799,-6.9257,1.9873,31.2980,26.2360,-9.3245,73.7799,-6.9257,1.9873,0,150,-50,-200,0,0,0
81,1786013959.4602,1786013959.465,0.03342,30.5934,27.2967,-9.8462,75.6923,-6.2857,1.9841,31.6021,26.7296,-9.2270,71.8734,-6.5699,1.6782,31.6021,26.7296,-9.2270,71.8734,-6.5699,1.6782,50,200,-50,0,50,0,0
82,1786013959.4935,1786013959.4983,0.03333,30.8571,27.4725,-9.4945,74.6374,-6.7253,1.9841,30.3903,27.2674,-7.9660,72.4109,-6.3494,2.2117,30.3903,27.2674,-7.9660,72.4109,-6.3494,2.2117,100,50,150,-350,-200,0,0
83,1786013959.5269,1786013959.5319,0.03342,31.1209,27.5604,-8.8791,73.7582,-6.7253,1.9841,30.4473,26.6390,-8.8940,72.1973,-5.7855,2.0943,30.4473,26.6390,-8.8940,72.1973,-5.7855,2.0943,100,50,250,-300,0,0,0
84,1786013959.5603,1786013959.5651,0.03341,31.2088,27.5604,-8.3516,72.8791,-6.6374,1.9841,29.6246,25.1987,-8.3867,72.7653,-6.2602,2.0065,29.6246,25.1987,-8.3867,72.7653,-6.2602,2.0065,50,0,150,-300,0,0,0
85,1786013959.5937,1786013959.5985,0.03339,31.0330,27.5604,-8.0879,73.1429,-6.4615,1.9841,29.7181,26.4962,-7.5432,71.0505,-5.7890,2.0501,29.7181,26.4962,-7.5432,71.0505,-5.7890,2.0501,-50,0,50,150,0,0,0
86,1786013959.6271,1786013959.6316,0.03337,30.5934,27.6484,-8.0000,73.1429,-6.5495,1.9841,28.9288,24.2396,-5.7279,71.3021,-6.6890,2.1871,28.9288,24.2396,-5.7279,71.3021,-6.6890,2.1871,-200,50,0,0,0,0,0
87,1786013959.6605,1786013959.6651,0.0334,30.0659,27.6484,-7.4725,72.5275,-6.3736,1.9841,30.1672,24.7556,-6.0431,71.3366,-5.2281,2.2701,30.1672,24.7556,-6.0431,71.3366,-5.2281,2.2701,-150,0,200,-200,50,0,0
88,1786013959.6939,1786013959.6985,0.03338,29.7143,27.6484,-6.6813,71.6484,-6.4615,1.9841,29.3603,23.9743,-5.9251,72.0182,-6.9657,3.1996,29.3603,23.9743,-5.9251,72.0182,-6.9657,3.1996,-150,0,250,-300,50,0,0
89,1786013959.7273,1786013959.7318,0.03337,29.5385,27.6484,-6.0659,72.0000,-6.2857,1.9841,30.8040,25.5999,-5.9511,73.7618,-5.0423,7.5560,30.8040,25.5999,-5.9511,73.7618,-5.0423,7.5560,0,0,250,0,100,0,0
90,1786013959.7607,1786013959.7654,0.03341,29.5385,27.6484,-5.8901,72.0879,-5.7582,2.3810,29.8075,24.4775,-7.0957,73.5964,-5.9866,7.7491,29.8075,24.4775,-7.0957,73.5964,-5.9866,7.7491,0,0,50,0,0,200,0
91,1786013959.7941,1786013959.7987,0.03339,29.8022,27.6484,-5.7143,72.1758,-5.9341,3.3730,28.5044,27.2680,-6.8352,73.0580,-6.2934,13.0146,28.5044,27.2680,-6.8352,73.0580,-6.2934,13.0146,100,0,50,100,-150,500,0
92,1786013959.8274,1786013959.8319,0.03338,29.8901,27.6484,-5.8022,73.1429,-5.6703,5.0926,29.1831,26.3525,-5.4822,72.2617,-7.0970,16.1662,29.1831,26.3525,-5.4822,72.2617,-7.0970,15.2910,0,0,0,350,100,800,0
93,1786013959.8608,1786013959.8654,0.03338,29.7143,27.6484,-5.8022,72.6154,-6.1099,7.0767,28.3349,26.6846,-6.4023,72.1859,-6.4529,20.5442,28.3349,26.6846,-6.4023,72.1859,-6.4529,17.5397,0,0,0,-150,-250,800,0
94,1786013959.8942,1786013959.8989,0.0334,29.2747,27.6484,-5.4505,72.5275,-6.4615,9.7222,28.4739,26.0051,-5.5156,72.1570,-6.1498,21.6158,28.4739,26.0051,-5.5156,72.1570,-6.1498,20.1852,-150,0,150,0,-100,1050,0
95,1786013959.9276,1786013959.9321,0.03339,28.9231,27.6484,-5.2747,72.7912,-6.2857,12.5000,28.8366,25.8851,-4.4257,73.2833,-6.4830,23.5423,28.8366,25.8851,-4.4257,73.2833,-6.4830,22.8307,-100,0,150,50,50,1200,0
96,1786013959.961,1786013959.9655,0.03339,28.7473,27.6484,-5.2747,72.2637,-6.5495,15.2116,29.1949,26.8183,-4.7701,72.7113,-7.8334,24.8815,29.1949,26.8183,-4.7701,72.7113,-7.8334,24.8815,0,0,0,-150,-100,1200,0
97,1786013959.9944,1786013959.999,0.03343,28.7473,27.6484,-4.7473,72.6154,-6.5495,17.9233,29.7049,26.7454,-2.7488,72.6855,-6.3166,24.1389,29.7049,26.7454,-2.7488,72.6855,-6.3166,24.1389,0,0,200,150,-50,1250,0
98,1786013960.0278,1786013960.0327,0.03336,28.9231,27.6484,-4.4835,72.9670,-6.7253,20.3042,28.6493,25.9828,-1.5218,72.4158,-9.0444,23.8601,28.6493,25.9828,-1.5218,72.4158,-9.0444,23.8601,100,0,50,-50,0,1050,0
99,1786013960.0612,1786013960.066,0.0334,29.0989,27.6484,-3.8681,72.5275,-7.2527,21.9577,28.6290,26.7480,-2.8463,73.9317,-8.9088,22.5558,28.6290,26.7480,-2.8463,73.9317,-8.9088,22.5558,50,0,150,-200,-100,850,0
100,1786013960.0946,1786013960.2099,0.03337,29.2747,27.4725,-2.7253,72.5275,-7.0769,22.2884,26.8820,27.5965,-3.6926,71.5018,-8.3618,22.7533,26.8820,27.5965,-3.6926,71.5018,-8.3618,22.7533,100,-50,400,0,100,100,1
101,1786013960.2111,1786013960.2163,0.1165,29.1868,27.4725,-2.7253,73.2308,-8.3077,22.3545,27.0637,27.2094,-4.2977,73.7173,-8.6967,22.3449,27.0637,27.2094,-4.2977,73.7173,-8.6967,22.3449,0,0,0,0,0,0,1
102,1786013960.2443,1786013960.2492,0.03328,29.0989,27.4725,-2.7253,73.3187,-8.5714,22.3545,27.4289,28.3539,-3.9145,73.4839,-7.5677,22.5960,27.4289,28.3539,-3.9145,73.4839,-7.5677,22.5960,0,0,0,0,-50,0,0
103,1786013960.2777,1786013960.2825,0.03338,28.5714,27.4725,-2.9890,73.3187,-8.5714,22.3545,28.0200,29.1375,-3.0960,73.0730,-8.4852,22.8743,28.0200,29.1375,-3.0960,73.0730,-8.4852,22.8743,-150,0,-100,0,0,0,0
104,1786013960.3111,1786013960.3156,0.03339,28.3956,27.9121,-3.1648,73.3187,-8.3956,22.4206,26.8426,27.5093,0.0719,72.6857,-10.1163,22.8279,26.8426,27.5093,0.0719,72.6857,-10.1163,22.8279,-100,150,0,0,0,50,0
105,1786013960.3445,1786013960.349,0.03342,28.1319,28.4396,-3.1648,73.3187,-8.3956,22.4868,28.2053,27.9102,-1.7363,74.0639,-8.6300,23.5066,28.2053,27.9102,-1.7363,74.0639,-8.6300,23.5066,-50,200,0,0,50,50,0
106,1786013960.3779,1786013960.3827,0.03339,27.9560,28.3516,-2.6374,73.2308,-9.0110,22.5529,26.9648,30.4672,-4.9422,74.6157,-8.0941,23.4913,26.9648,30.4672,-4.9422,74.6157,-8.0941,23.4913,-100,-100,200,0,-200,50,0
107,1786013960.4113,1786013960.4161,0.0334,27.8681,28.1758,-1.8462,73.3187,-9.4505,22.8836,28.4086,31.4473,-5.8513,74.6924,-7.7271,20.8948,28.4086,31.4473,-5.8513,74.6924,-7.7271,20.8948,-50,-50,300,50,-250,200,0
108,1786013960.4447,1786013960.4495,0.03337,27.9560,28.6154,-1.8462,73.8462,-8.7473,23.1481,27.7507,29.4335,-4.8432,75.6579,-8.0995,19.9010,27.7507,29.4335,-4.8432,75.6579,-8.0995,19.9010,50,150,150,150,250,250,0
109,1786013960.4781,1786013960.4828,0.03339,28.1319,29.7582,-3.2527,74.3736,-8.4835,22.7513,27.6125,28.9555,-3.3689,74.4535,-9.4028,18.5985,27.6125,28.9555,-3.3689,74.4535,-9.4028,18.5985,50,350,-450,150,50,-150,0
110,1786013960.5115,1786013960.5163,0.03338,28.1319,30.1099,-4.4835,74.4615,-8.4835,21.4947,27.0723,28.4743,-3.1047,73.9988,-9.3521,21.6042,27.0723,28.4743,-3.1047,73.9988,-9.3521,21.6042,0,150,-450,0,0,-550,0
111,1786013960.5449,1786013960.5493,0.03342,28.0440,29.9341,-4.4835,74.3736,-8.7473,20.3704,27.6851,30.7655,-2.8874,73.6013,-8.9043,20.4951,27.6851,30.7655,-2.8874,73.6013,-8.9043,20.4951,0,-50,100,-100,-50,-500,0
112,1786013960.5783,1786013960.5826,0.03339,27.8681,29.8462,-3.8681,73.9341,-8.9231,19.9074,25.7458,30.5613,-4.0999,75.4234,-8.5443,20.2797,25.7458,30.5613,-4.0999,75.4234,-8.5443,20.2797,-50,0,250,-150,-50,-250,0
113,1786013960.6117,1786013960.6161,0.03346,27.8681,29.7582,-3.6044,73.8462,-8.9231,20.3704,25.6509,29.5448,-4.7156,75.3863,-7.2856,17.7475,25.6509,29.5448,-4.7156,75.3863,-7.2856,17.7475,0,-50,100,-50,0,200,0
114,1786013960.6451,1786013960.6493,0.03334,27.5165,30.1099,-3.9560,74.2857,-8.9231,20.4365,25.8262,29.5538,-4.2343,75.3753,-7.5407,15.0148,25.8262,29.5538,-4.2343,75.3753,-7.5407,15.0148,-100,150,-150,200,0,100,0
115,1786013960.6784,1786013960.6826,0.03334,27.1648,30.1978,-4.4835,74.5495,-8.4835,19.5767,26.9968,29.9578,-3.9567,75.2080,-7.4681,11.6009,26.9968,29.9578,-3.9567,75.2080,-7.4681,11.6009,-100,50,-200,150,200,-300,0
116,1786013960.7119,1786013960.7166,0.03349,26.9011,30.1978,-4.3956,74.5495,-8.1319,17.9233,26.3165,29.3270,-5.4779,74.7602,-9.4015,8.0029,26.3165,29.3270,-5.4779,74.7602,-9.4015,8.0029,-50,0,50,0,200,-800,0
117,1786013960.7452,1786013960.7498,0.03329,26.7253,30.1978,-4.3956,74.5495,-8.1319,15.8730,26.7951,29.1422,-7.0585,74.5317,-7.2038,7.5601,26.7951,29.1422,-7.0585,74.5317,-7.2038,7.5601,-50,0,0,0,0,-850,0
118,1786013960.7786,1786013960.7833,0.03341,26.8132,30.1978,-4.8352,74.4615,-8.3077,13.2937,26.5956,30.4029,-7.7494,74.3915,-8.1194,10.2955,26.5956,30.4029,-7.7494,74.3915,-8.1194,10.2955,50,0,-100,-50,-100,-1100,0
119,1786013960.812,1786013960.8168,0.03337,26.9011,30.1978,-5.6264,74.4615,-8.8352,11.1772,26.2344,30.4551,-7.3645,73.9741,-7.1993,10.4424,26.2344,30.4551,-7.3645,73.9741,-7.1993,10.4424,50,0,-250,0,-150,-900,0
120,1786013960.8454,1786013960.8502,0.03338,26.9011,30.3736,-6.2418,74.4615,-8.4835,9.9868,25.9673,29.3539,-5.8878,73.7435,-9.4380,7.8378,25.9673,29.3539,-5.8878,73.7435,-9.4380,7.8378,0,0,-200,0,100,-750,0
121,1786013960.8788,1786013960.8833,0.0334,26.9011,30.4615,-6.4176,74.1978,-7.9560,9.7884,28.0149,28.8438,-6.5507,73.0195,-6.5725,4.6871,28.0149,28.8438,-6.5507,73.0195,-6.5725,4.6871,0,0,-100,-100,200,-250,0
122,1786013960.9122,1786013960.917,0.03343,26.8132,30.3736,-6.2418,74.1099,-8.3077,10.1852,26.1598,29.2720,-7.3935,73.3210,-6.6856,2.9862,26.1598,29.2720,-7.3935,73.3210,-6.6856,2.9862,-50,-50,50,0,-200,150,0
123,1786013960.9455,1786013960.9503,0.03335,26.9011,30.2857,-6.1538,73.6703,-8.8352,9.7222,26.7846,30.3977,-9.6042,74.1720,-5.7661,3.4778,26.7846,30.3977,-9.6042,74.1720,-5.7661,3.4778,0,-50,0,-150,-250,-50,0
124,1786013960.979,1786013960.9837,0.03342,27.1648,30.2857,-6.5055,73.4066,-8.2198,8.3333,26.3898,29.6736,-7.6055,71.9372,-6.8775,5.4529,26.3898,29.6736,-7.6055,71.9372,-6.8775,5.4529,100,0,-100,0,200,-550,0
125,1786013961.0124,1786013961.0168,0.0334,27.3407,30.7253,-7.2088,73.6703,-7.1648,6.0847,27.4737,29.2764,-10.1438,74.5699,-8.0133,5.2906,27.4737,29.2764,-10.1438,74.5699,-8.0133,5.2906,0,150,-200,0,350,-1050,0
126,1786013961.0457,1786013961.0501,0.03336,27.1648,30.8132,-7.8242,73.4945,-7.0769,4.8942,26.7992,29.5440,-10.3814,74.4395,-7.4961,4.8366,26.7992,29.5440,-10.3814,74.4395,-7.4961,4.8366,-50,50,-150,-50,50,-500,0
127,1786013961.0791,1786013961.0839,0.0334,26.9011,30.9011,-8.1758,72.7033,-7.6923,4.7619,27.2613,27.1262,-9.3745,74.7725,-9.8961,3.6853,27.2613,27.1262,-9.3745,74.7725,-9.8961,3.6853,-150,0,-100,-250,-250,-100,0
128,1786013961.1125,1786013961.1174,0.03344,26.7253,30.9011,-8.4396,73.0549,-7.6044,5.1587,25.8081,27.6806,-10.8677,75.2027,-12.0450,5.1035,25.8081,27.6806,-10.8677,75.2027,-12.0450,5.1035,-50,0,-150,-50,50,150,0
129,1786013961.146,1786013961.1508,0.03342,26.8132,30.9011,-8.4396,74.1099,-8.0440,4.7619,24.8694,26.7666,-11.5575,77.3804,-13.2666,5.3217,24.8694,26.7666,-11.5575,77.3804,-13.2666,5.3217,0,0,0,350,-100,-300,0
130,1786013961.1793,1786013961.1841,0.03337,26.9011,30.7253,-8.5275,74.5495,-9.8022,4.2328,25.0023,28.6561,-15.8780,78.8123,-11.1526,4.8021,25.0023,28.6561,-15.8780,78.8123,-11.1526,4.8021,50,-50,0,100,-600,-300,0
131,1786013961.2127,1786013961.2175,0.03336,26.3736,30.7253,-9.1429,75.1648,-11.3846,4.6296,24.8489,28.3509,-17.7791,79.4058,-10.5133,4.5830,24.8489,28.3509,-17.7791,79.4058,-10.5133,4.5830,-150,0,-250,200,-450,150,0
132,1786013961.2461,1786013961.251,0.03341,25.9341,30.7253,-10.1099,77.0110,-11.5604,4.9603,23.9345,29.2127,-21.0578,81.7512,-12.8025,4.6768,23.9345,29.2127,-20.2857,81.7512,-12.8025,4.6768,-150,0,-300,550,-200,50,0
133,1786013961.2795,1786013961.2843,0.03336,25.2308,30.7253,-11.9560,77.9780,-10.7692,4.6296,23.0687,26.6777,-20.6523,80.8252,-12.1783,4.4079,23.0687,26.6777,-20.6523,80.8252,-12.1783,4.4079,-250,0,-500,300,300,-250,0
134,1786013961.3129,1786013961.3177,0.03342,24.7912,30.7253,-14.4176,78.7692,-11.4725,4.8280,22.2794,27.8029,-22.9047,81.1509,-11.7808,3.9237,22.2794,27.8029,-22.9047,81.1509,-11.7808,3.9237,-150,0,-800,150,-350,150,0
135,1786013961.3463,1786013961.351,0.03338,24.4396,30.6374,-16.2637,80.1758,-12.0879,4.6296,21.8076,27.1471,-21.7002,82.5819,-10.1714,4.3007,21.8076,27.1471,-21.7002,82.5819,-10.1714,4.3007,-50,-50,-600,500,-300,-150,0
136,1786013961.3797,1786013961.3841,0.03345,23.9121,30.4615,-17.8462,80.4396,-11.9121,4.2989,22.1261,25.3730,-23.2743,84.6492,-14.7594,4.3040,22.1261,25.3730,-23.2743,84.6492,-14.7594,4.3040,-150,-100,-500,0,0,-200,0
137,1786013961.4131,1786013961.4176,0.03336,23.2088,30.5495,-19.3407,80.7033,-11.2088,4.3651,20.0982,24.3470,-25.6692,86.2025,-19.9326,4.0455,20.0982,24.3470,-25.6692,86.2025,-19.9326,4.0455,-200,50,-500,-50,300,50,0
138,1786013961.4465,1786013961.4516,0.0334,22.5055,30.3736,-20.0440,82.7253,-11.2088,4.4312,17.8686,22.6704,-24.0226,87.7286,-21.8048,4.1726,17.8686,22.6704,-24.0226,87.7286,-21.2088,4.1726,-250,-100,-200,700,50,0,0
139,1786013961.4799,1786013961.4851,0.0334,21.9780,29.6703,-20.9231,84.1319,-12.5275,4.1667,16.9114,20.0877,-27.5599,89.2612,-23.5854,4.0284,16.9114,20.0877,-27.5599,89.2612,-22.8791,4.0284,-200,-250,-400,500,-400,-150,0
140,1786013961.5133,1786013961.5177,0.0334,20.8352,28.7912,-22.0659,85.2747,-15.6923,4.2989,15.2544,22.3366,-27.3633,88.9582,-22.3568,4.2054,15.2544,22.3366,-27.3633,88.9582,-22.3568,4.2054,-450,-300,-450,350,-1100,100,0
141,1786013961.5467,1786013961.5511,0.03342,19.6923,27.2088,-23.0330,87.2088,-18.3297,4.1667,13.5433,22.1527,-28.8019,90.2135,-22.8389,4.0134,13.5433,22.1527,-28.8019,90.2135,-22.8389,4.0134,-400,-500,-300,600,-950,-50,0
142,1786013961.5801,1786013961.5843,0.03336,18.1099,26.0659,-24.1758,87.6484,-20.1758,4.1005,11.3498,20.5994,-31.6318,88.8278,-23.4484,3.7063,11.3498,20.5994,-31.6318,88.8278,-23.4484,3.7063,-500,-500,-400,150,-600,-100,0
143,1786013961.6135,1786013961.6178,0.03344,16.4396,25.6264,-25.4945,88.2637,-21.0549,4.1005,9.1475,20.0267,-31.8087,88.9018,-27.5463,3.6412,9.1475,20.0267,-31.8087,88.9018,-27.5463,3.6412,-600,-200,-400,400,-350,0,0
144,1786013961.6468,1786013961.651,0.03335,14.5934,25.4505,-27.0769,89.1429,-21.7582,3.9021,7.9562,17.1265,-31.7581,87.9573,-28.9403,3.2824,7.9562,17.1265,-31.7581,87.9573,-28.9403,3.2824,-600,-50,-550,450,-250,-150,0
145,1786013961.6802,1786013961.6844,0.03337,12.7473,25.0110,-28.0440,88.5275,-23.1648,3.9683,5.3657,15.1796,-31.6702,86.1630,-28.1096,3.4209,5.3657,15.1796,-31.6702,86.1630,-28.1096,3.4209,-650,-200,-250,-300,-450,0,0
146,1786013961.7136,1786013961.7179,0.03343,10.9011,23.9560,-28.3956,88.7033,-25.0989,3.5714,3.7192,15.8826,-32.4427,85.2625,-25.3514,3.2782,3.7192,15.8826,-32.4427,85.2625,-25.3514,3.2782,-600,-250,-150,150,-700,-150,0
147,1786013961.747,1786013961.7512,0.03335,9.1429,22.1099,-28.6593,87.6484,-26.7692,3.5714,1.1146,14.7978,-32.8872,84.4334,-25.1855,3.4437,1.1146,14.7978,-32.8872,84.4334,-25.1855,3.4437,-600,-650,-100,-300,-600,0,0
148,1786013961.7805,1786013961.7867,0.03354,7.2088,20.8791,-29.3626,86.6813,-26.7692,3.5714,-0.3107,17.2475,-33.2462,83.5994,-24.3136,3.4654,-0.3107,17.2475,-33.2462,83.5994,-24.3136,3.4654,-650,-400,-300,-350,0,50,0
149,1786013961.8139,1786013961.8211,0.0334,5.2747,19.8242,-30.2418,85.8022,-25.9780,3.6376,-1.4302,15.2222,-34.5827,83.0639,-23.8039,3.4838,-1.4302,15.2222,-34.5827,83.0639,-23.8039,3.4838,-650,-350,-350,-300,300,50,0
150,1786013961.8472,1786013961.9605,0.0333,3.1648,19.3846,-30.7692,85.0110,-25.0989,3.6376,8.2759,24.4397,-42.8728,87.7308,-16.6575,2.4849,8.2759,24.4397,-42.0000,87.7308,-16.6575,2.4849,-700,-200,-150,-250,300,0,1
151,1786013961.9616,1786013961.9671,0.11439,-0.6154,19.1209,-32.0000,83.7802,-24.2198,3.6376,7.4860,22.3465,-39.0393,88.0906,-19.2280,2.6108,7.4860,22.3465,-39.0393,88.0906,-19.2280,2.6108,-200,-50,0,0,0,0,1
152,1786013961.9949,1786013962.0002,0.03329,-0.5275,19.0330,-32.1758,83.7802,-24.2198,3.6376,7.2564,21.8110,-37.0356,86.5793,-18.8332,2.5082,7.2564,21.8110,-37.0356,86.5793,-18.8332,2.5082,0,-50,0,0,0,0,0
153,1786013962.0283,1786013962.0333,0.03342,0.0000,19.2967,-33.1429,84.3956,-23.4286,3.2407,7.3593,21.2001,-35.8945,88.1258,-19.0219,2.3805,7.3593,21.2001,-35.8945,88.1258,-19.0219,2.3805,200,0,-300,50,350,-250,0
154,1786013962.0617,1786013962.0667,0.03336,1.4066,20.5275,-34.8132,85.5385,-21.3187,2.9101,8.3755,21.5315,-34.9548,87.9282,-17.3418,2.3275,8.3755,21.5315,-34.9548,87.9282,-17.3418,2.3275,650,450,-550,400,700,-100,0
155,1786013962.0951,1786013962.1,0.0334,3.3407,21.4945,-35.2527,86.5055,-20.4396,2.7778,9.1838,20.5221,-33.9378,87.0856,-15.7653,2.2985,9.1838,20.5221,-33.9378,87.0856,-15.7653,2.2985,650,250,-300,300,300,-50,0
156,1786013962.1286,1786013962.133,0.03345,5.5385,21.8462,-34.2857,87.0330,-19.8242,2.6455,8.8783,21.2012,-36.1079,88.3884,-15.7021,2.1617,8.8783,21.2012,-36.1079,88.3884,-15.7021,2.1617,750,100,300,300,300,-50,0
157,1786013962.1619,1786013962.1667,0.03335,7.2088,22.0220,-33.5824,87.0330,-18.2418,2.5794,10.2892,21.4284,-36.9499,87.9769,-14.9278,2.1408,10.2892,21.4284,-36.9499,87.9769,-14.9278,2.1408,550,100,250,0,550,0,0
158,1786013962.1953,1786013962.1998,0.03338,8.0879,22.1978,-33.5824,87.4725,-17.2747,2.5132,10.9241,23.6128,-37.2789,88.6189,-19.6327,2.4328,10.9241,23.6128,-37.2789,88.6189,-19.6327,2.4328,300,50,50,100,300,-50,0
159,1786013962.2287,1786013962.2335,0.03346,8.6154,22.1978,-34.4615,87.7363,-16.5714,2.4471,11.6368,25.2037,-40.2859,87.7836,-16.1648,2.3567,11.6368,25.2037,-40.2859,87.7836,-16.1648,2.3567,200,0,-300,0,200,0,0
160,1786013962.2621,1786013962.2668,0.03333,9.1429,22.7253,-35.1648,87.9121,-16.4835,2.4471,11.3317,24.1864,-39.8770,87.2412,-18.2837,2.1630,11.3317,24.1864,-39.8770,87.2412,-18.2837,2.1630,300,150,-250,0,100,0,0
161,1786013962.2955,1786013962.3002,0.03342,9.6703,24.0440,-36.2198,88.0879,-16.9231,2.4471,11.4555,25.2799,-39.1933,87.2000,-17.7698,1.9168,11.4555,25.2799,-39.1933,87.2000,-17.7698,1.9168,150,550,-400,50,-150,0,0
162,1786013962.3289,1786013962.3337,0.03338,10.3736,24.9231,-37.0110,87.6484,-17.7143,2.4471,10.8322,25.6396,-38.8881,86.2782,-15.4837,2.1050,10.8322,25.6396,-38.8881,86.2782,-15.4837,2.1050,200,400,-350,-150,-350,0,0
163,1786013962.3622,1786013962.3671,0.03339,10.9890,25.2747,-36.9231,87.6484,-17.6264,2.3148,11.1609,24.7264,-40.0539,85.7453,-15.6040,2.1808,11.1609,24.7264,-40.0539,85.7453,-15.6040,2.1808,200,50,50,0,-50,-100,0
164,1786013962.3956,1786013962.4004,0.03336,11.0769,25.8022,-37.0989,87.2088,-17.0110,2.3148,9.6462,25.4151,-39.7148,86.9908,-15.5132,2.2355,9.6462,25.4151,-39.7148,86.9908,-15.5132,2.2355,50,200,-50,-200,200,0,0
165,1786013962.429,1786013962.4337,0.0334,10.9011,25.8901,-37.5385,86.6813,-16.3956,2.3148,9.3317,26.4758,-39.7293,86.8314,-15.6750,2.2108,9.3317,26.4758,-39.7293,86.8314,-15.6750,2.2108,-50,50,-150,-200,200,0,0
166,1786013962.4624,1786013962.4672,0.03341,10.1099,26.1538,-37.7143,86.9451,-16.2198,2.3148,9.6044,26.7749,-39.7551,86.4639,-15.4112,2.2384,9.6044,26.7749,-39.7551,86.4639,-15.4112,2.2384,-250,50,-50,0,100,0,0
167,1786013962.4958,1786013962.5007,0.0334,9.7582,26.8571,-37.7143,86.8571,-15.9560,2.3148,10.7266,25.1907,-36.4071,87.5080,-14.4133,2.2323,10.7266,25.1907,-36.4071,87.5080,-14.4133,2.2323,-150,200,0,0,150,0,0
168,1786013962.5292,1786013962.5338,0.03338,9.6703,27.2088,-37.7143,86.8571,-15.7802,2.3148,10.7429,25.9644,-38.4098,86.5184,-14.6932,2.1745,10.7429,25.9644,-38.4098,86.5184,-14.6932,2.1745,-50,100,0,0,150,0,0
169,1786013962.5626,1786013962.5673,0.03341,9.7582,27.2967,-37.4505,87.1209,-15.4286,2.3148,10.1096,22.7146,-32.8900,86.3949,-13.3042,2.0814,10.1096,22.7146,-32.8900,86.3949,-13.3042,2.0814,50,50,100,50,100,0,0
170,1786013962.596,1786013962.6007,0.03337,10.2857,27.2088,-36.7473,87.1209,-14.9011,2.3148,9.9694,24.4682,-35.3967,87.0376,-15.0673,2.2776,9.9694,24.4682,-35.3967,87.0376,-15.0673,2.2776,150,0,200,50,200,0,0
171,1786013962.6294,1786013962.6341,0.03338,10.5495,27.2088,-36.2198,86.6813,-14.7253,2.3148,11.3361,24.9187,-35.4445,86.1699,-14.6235,2.2806,11.3361,24.9187,-35.4445,86.1699,-14.6235,2.2806,150,0,100,-150,50,0,0
172,1786013962.6627,1786013962.6674,0.03337,10.5495,27.1209,-35.1648,87.1209,-14.2857,2.3148,12.5294,23.4915,-34.9465,86.0528,-14.8237,2.2802,12.5294,23.4915,-34.9465,86.0528,-14.8237,2.2802,0,-50,400,150,250,0,0
173,1786013962.6961,1786013962.7007,0.0334,10.3736,27.2088,-35.0769,86.8571,-14.6374,2.3148,12.7532,22.7549,-32.3822,85.1540,-14.3672,2.2401,12.7532,22.7549,-32.3822,85.1540,-14.3672,2.2401,-100,50,0,-50,0,0,0
174,1786013962.7296,1786013962.7342,0.03344,10.9011,27.2088,-34.8132,86.5055,-14.4615,2.3148,11.2365,25.0304,-35.5533,85.1250,-13.9714,2.0954,11.2365,25.0304,-35.5533,85.1250,-13.9714,2.0954,150,-50,50,-100,50,0,0
175,1786013962.7629,1786013962.7675,0.03338,11.4286,26.6813,-34.0220,86.0659,-14.4615,2.3148,11.7547,26.0704,-37.1816,86.2467,-12.7049,2.2515,11.7547,26.0704,-37.1816,86.2467,-12.7049,2.2515,150,-150,250,-100,100,0,0
176,1786013962.7963,1786013962.8008,0.03337,11.7802,26.5934,-33.0549,85.8022,-14.5495,2.3148,11.6960,25.5797,-35.8817,86.4810,-13.4853,2.3225,11.6960,25.5797,-35.8817,86.4810,-13.4853,2.3225,50,-50,250,-150,-50,0,0
177,1786013962.8297,1786013962.8344,0.03341,11.9560,27.1209,-33.0549,86.1538,-13.8462,2.3148,11.2383,27.8173,-36.7602,84.7234,-13.7576,2.9365,11.2383,27.8173,-36.7602,84.7234,-13.7576,2.9365,50,250,50,100,200,0,0
178,1786013962.8631,1786013962.8679,0.0334,11.8681,27.3846,-33.4066,86.3297,-13.5824,2.3148,10.8843,26.7702,-33.7797,83.4281,-13.3199,2.5078,10.8843,26.7702,-33.7797,83.4281,-13.3199,2.5078,0,100,-100,0,50,0,0
179,1786013962.8965,1786013962.9012,0.03336,11.5165,27.6484,-33.7582,85.8022,-13.6703,2.4471,11.7972,26.8637,-35.2136,83.4532,-12.5532,2.3707,11.7972,26.8637,-35.2136,83.4532,-12.5532,2.3707,-100,50,-100,-150,-50,100,0
180,1786013962.9299,1786013962.9344,0.03338,11.2527,27.9121,-33.9341,84.6593,-13.6703,2.4471,11.0355,27.3837,-34.3624,83.2678,-13.2266,2.4711,11.0355,27.3837,-34.3624,83.2678,-13.2266,2.4711,-50,100,-150,-400,0,0,0
181,1786013962.9633,1786013962.9681,0.03343,11.1648,28.0879,-33.5824,84.3077,-13.4066,2.4471,10.9560,27.7517,-34.0688,82.6351,-14.1933,2.5491,10.9560,27.7517,-34.0688,82.6351,-14.1933,2.5491,-50,100,200,50,150,0,0
182,1786013962.9967,1786013963.0014,0.03341,11.1648,28.4396,-33.3187,84.3077,-13.0549,2.4471,10.8578,24.6027,-32.5254,84.2675,-11.0190,2.5120,10.8578,24.6027,-32.5254,84.2675,-11.0190,2.5120,0,100,100,50,200,0,0
183,1786013963.0301,1786013963.0348,0.03338,11.3407,28.5275,-33.3187,83.6923,-13.7582,2.4471,10.3692,27.6659,-33.9062,83.6275,-13.9749,2.4610,10.3692,27.6659,-33.9062,83.6275,-13.9749,2.4610,50,50,0,-250,-300,0,0
184,1786013963.0635,1786013963.0682,0.03339,11.5165,28.1758,-32.9670,83.6923,-13.4945,2.4471,10.5357,28.5337,-34.0976,84.2804,-13.0076,2.3472,10.5357,28.5337,-34.0976,84.2804,-13.0076,2.3472,0,-200,50,50,200,0,0
185,1786013963.0968,1786013963.1015,0.0333,11.3407,27.9121,-32.6154,84.1319,-12.7912,2.4471,9.4782,28.7202,-35.0668,82.9158,-13.6570,4.0418,9.4782,28.7202,-35.0668,82.9158,-13.6570,4.0418,-50,-150,100,200,250,0,0
186,1786013963.1302,1786013963.1349,0.03341,11.1648,28.3516,-32.7912,84.0440,-13.1429,2.4471,10.2775,28.8856,-34.3052,81.5311,-10.7934,2.6395,10.2775,28.8856,-34.3052,81.5311,-10.7934,2.6395,-50,100,0,-100,-250,0,0
187,1786013963.1636,1786013963.1684,0.0334,10.6374,29.2308,-32.8791,83.8681,-13.0549,2.7116,9.4876,27.3018,-32.5949,80.8189,-12.5480,2.7547,9.4876,27.3018,-32.5949,80.8189,-12.5480,2.7547,-150,300,-50,-100,150,50,0
188,1786013963.1969,1786013963.2017,0.03338,10.2857,29.6703,-32.8791,82.8132,-12.9670,3.2407,10.5631,27.8817,-32.0492,81.7907,-14.3381,2.4024,10.5631,27.8817,-32.0492,81.7907,-14.3381,2.4024,-50,250,0,-350,-100,100,0
189,1786013963.2304,1786013963.235,0.03342,10.1978,29.6703,-32.3516,82.0220,-12.0000,3.1746,10.4963,29.2695,-34.3605,81.2953,-13.1707,2.5320,10.4963,29.2695,-34.3605,81.2953,-13.1707,2.5320,0,0,200,-350,300,0,0
190,1786013963.2638,1786013963.2681,0.0334,10.1978,29.4945,-31.9121,82.1099,-12.0000,2.7778,9.7303,28.8040,-33.9104,82.2083,-14.2170,2.6798,9.7303,28.8040,-33.9104,82.2083,-14.2170,2.6798,0,-50,200,50,-50,-200,0
191,1786013963.2972,1786013963.3019,0.0334,10.3736,29.9341,-32.0879,81.8462,-13.0549,2.7778,9.3178,29.8076,-33.4020,81.3848,-15.6767,6.2083,9.3178,29.8076,-33.4020,81.3848,-15.6767,6.2083,50,50,-50,-50,-350,0,0
192,1786013963.3306,1786013963.3354,0.03341,10.3736,30.2857,-32.4396,81.9341,-13.6703,2.7778,9.3576,31.4518,-34.7622,81.9678,-15.7759,10.9028,9.3576,31.4518,-34.7622,81.9678,-15.7759,10.9028,0,150,-50,50,-200,0,0
193,1786013963.3639,1786013963.3689,0.03334,10.1978,30.5495,-32.4396,81.9341,-14.0220,2.9101,10.0979,31.8463,-35.1606,80.4234,-17.0439,15.3646,10.0979,31.8463,-35.1606,80.4234,-17.0439,13.1085,-50,100,0,0,-100,0,0
194,1786013963.3973,1786013963.4022,0.03339,10.0220,31.3407,-32.8791,81.8462,-14.9890,4.6958,10.9315,31.2834,-34.9971,81.5526,-17.1004,17.8534,10.9315,31.2834,-34.9971,81.5526,-17.1004,15.0926,-50,250,-150,-100,-450,950,0
195,1786013963.4307,1786013963.4357,0.03339,9.7582,31.9560,-33.1429,81.5824,-15.6044,7.4074,11.5464,31.6736,-33.8134,80.1859,-15.2441,18.4673,11.5464,31.6736,-33.8134,80.1859,-15.2441,17.8042,-50,250,-50,0,-100,1150,0
196,1786013963.4641,1786013963.469,0.03342,10.0220,32.2198,-33.1429,81.1429,-16.1319,10.1190,11.2611,30.0070,-32.5525,82.9592,-13.5262,17.5791,11.2611,30.0070,-32.5525,82.9592,-13.5262,17.5791,0,100,0,-150,-100,1200,0
197,1786013963.4975,1786013963.5023,0.03336,10.5495,32.3956,-32.8791,81.0549,-15.8681,12.6323,11.4885,31.0580,-34.1557,82.0079,-13.7259,18.6054,11.4885,31.0580,-34.1557,82.0079,-13.7259,18.6054,200,50,50,-100,100,1150,0
198,1786013963.5309,1786013963.5358,0.03343,11.0769,32.3077,-32.4396,81.1429,-14.9890,14.7487,12.0174,30.9840,-35.0877,83.5087,-13.7833,17.8793,12.0174,30.9840,-35.0877,83.5087,-13.7833,17.8793,150,0,150,0,300,1050,0
199,1786013963.5643,1786013963.5691,0.03338,11.2527,32.3077,-32.5275,81.8462,-14.5495,16.0714,11.8137,32.3687,-35.9483,84.2064,-15.2103,17.1524,11.8137,32.3687,-35.9483,84.2064,-15.2103,17.1524,50,0,0,200,100,600,0
200,1786013963.5976,1786013963.7087,0.03334,11.3407,32.4835,-32.8791,82.3736,-14.5495,16.4683,11.5236,34.5236,-38.6136,86.0502,-11.4629,20.0002,11.5236,34.5236,-38.6136,86.0502,-11.4629,20.0002,50,50,-200,250,0,150,1
201,1786013963.7098,1786013963.7148,0.11218,11.4286,33.0989,-33.5824,83.7802,-14.9890,16.7989,11.1616,37.9611,-38.0853,84.6972,-10.8367,20.9824,11.1616,37.9611,-38.0853,84.6972,-10.8367,20.9824,100,50,0,50,0,50,1
202,1786013963.7431,1786013963.7478,0.03329,11.6044,33.1868,-33.5824,83.9560,-14.9890,16.7989,10.8411,35.9798,-38.1668,85.6262,-12.1962,19.4972,10.8411,35.9798,-38.1668,85.6262,-12.1962,19.4972,100,0,0,50,0,0,0
203,1786013963.7765,1786013963.781,0.03338,11.6923,33.9780,-34.4615,84.3956,-14.3736,17.5926,12.2571,34.7995,-37.1840,83.1678,-13.5848,19.4049,12.2571,34.7995,-37.1840,83.1678,-13.5848,19.4049,50,350,-300,150,50,400,0
204,1786013963.8099,1786013963.8145,0.03339,11.6923,35.3846,-35.5165,84.4835,-13.1429,18.7169,11.2371,38.0274,-40.9151,82.3055,-11.4598,19.8220,11.2371,38.0274,-40.9151,82.3055,-11.4598,19.8220,0,500,-300,0,450,550,0
205,1786013963.8433,1786013963.8481,0.0334,11.4286,35.7363,-35.5165,84.6593,-13.1429,18.7169,10.1034,39.5722,-43.2666,84.9050,-11.4595,19.4676,10.1034,39.5722,-43.2666,84.9050,-11.4595,19.4676,-100,150,-50,100,-50,100,0
206,1786013963.8767,1786013963.8815,0.03344,11.5165,36.1758,-35.5165,83.6044,-13.4066,18.9815,11.8307,40.5423,-44.8106,83.6190,-10.5456,19.0660,11.8307,40.5423,-44.8106,83.6190,-10.5456,19.0660,50,100,0,-450,0,200,0
207,1786013963.91,1786013963.9147,0.03333,11.3407,37.4945,-37.3626,83.4286,-12.9670,19.0476,12.9545,41.3912,-46.2938,83.4209,-11.0347,19.4565,12.9545,41.3912,-46.2938,83.4209,-11.0347,19.4565,-50,550,-700,-150,100,100,0
208,1786013963.9434,1786013963.9481,0.0334,11.2527,39.4286,-40.0000,83.6044,-11.9121,19.0476,11.8898,42.1230,-44.0250,82.1552,-10.1405,19.3735,11.8898,42.1230,-44.0250,82.1552,-10.1405,19.3735,0,650,-900,50,350,0,0
209,1786013963.9768,1786013963.9815,0.03338,11.4286,41.0110,-41.9341,83.6044,-11.8242,19.1138,11.7398,44.8866,-48.2825,85.0488,-11.0060,19.8307,11.7398,44.8866,-48.2825,85.0488,-11.0060,19.8307,0,500,-600,0,50,0,0
210,1786013964.0102,1786013964.015,0.03342,11.5165,42.1538,-42.3736,83.1648,-11.0330,19.1138,10.7528,43.1642,-47.7519,86.1115,-10.3111,19.9743,10.7528,43.1642,-47.7519,86.1115,-10.3111,19.9743,0,400,-100,-50,300,50,0
211,1786013964.0436,1786013964.0484,0.03338,11.8681,43.2967,-42.7253,83.0769,-11.2967,19.3783,11.2851,43.7126,-47.0770,86.1111,-10.2858,19.8685,11.2851,43.7126,-47.0770,86.1111,-10.2858,19.8685,100,350,-50,-50,-150,100,0
212,1786013964.077,1786013964.0818,0.03337,11.8681,44.5275,-44.0440,83.7802,-11.1209,19.5106,11.6854,42.4573,-45.0094,85.5537,-11.1727,20.0359,11.6854,42.4573,-45.0094,85.5537,-11.1727,20.0359,0,400,-450,250,0,50,0
213,1786013964.1104,1786013964.1152,0.03338,11.7802,44.6154,-44.7473,84.7473,-10.9451,19.5106,12.2896,41.7652,-45.0251,85.5432,-10.2201,19.6501,12.2896,41.7652,-45.0251,85.5432,-10.2201,19.6501,-50,0,-150,300,100,0,0
214,1786013964.1438,1786013964.1485,0.0334,11.6044,44.3516,-44.5714,85.0989,-11.0330,19.5767,11.6214,41.0591,-45.1630,83.3819,-10.3660,19.7602,11.6214,41.0591,-45.1630,83.3819,-10.3660,19.7602,-100,-50,0,150,-50,50,0
215,1786013964.1772,1786013964.1819,0.0334,11.4286,44.3516,-44.3077,84.9231,-10.9451,19.6429,12.3318,40.5482,-45.7372,85.0176,-9.6710,19.6980,12.3318,40.5482,-45.7372,85.0176,-9.6710,19.6980,-100,0,100,0,50,0,0
216,1786013964.2106,1786013964.2151,0.03344,11.5165,44.4396,-44.3077,84.3956,-10.7692,19.6429,11.2396,40.1481,-42.7213,82.9044,-9.8064,19.4673,11.2396,40.1481,-42.7213,82.9044,-9.8064,19.4673,0,0,0,-250,50,0,0
217,1786013964.244,1786013964.2484,0.0334,11.7802,44.2637,-44.3077,84.2198,-10.5055,19.6429,11.1339,40.4653,-42.4791,84.5631,-10.7138,19.8062,11.1339,40.4653,-42.4791,84.5631,-10.7138,19.8062,100,-50,0,-50,100,0,0
218,1786013964.2774,1786013964.2818,0.03336,11.8681,44.0879,-43.9560,83.6923,-10.4176,19.6429,10.8284,38.0141,-42.8630,86.2981,-9.1547,15.6425,10.8284,38.0141,-42.8630,86.2981,-9.1547,15.6425,50,-50,50,-150,0,0,0
219,1786013964.3108,1786013964.3152,0.03343,11.8681,44.0879,-43.0769,83.6923,-10.5934,19.6429,12.5051,37.5171,-42.2302,86.8064,-10.3779,13.8338,12.5051,37.5171,-42.2302,86.8064,-10.3779,13.8338,0,0,350,100,-50,0,0
220,1786013964.3442,1786013964.3485,0.0334,11.7802,43.4725,-42.9011,84.7473,-10.4176,19.1799,12.4852,35.8829,-39.5618,85.4588,-11.7102,15.0163,12.4852,35.8829,-39.5618,85.4588,-11.7102,15.0163,0,-300,50,350,50,-100,0
221,1786013964.3776,1786013964.3819,0.03339,11.8681,42.2418,-42.4615,85.8901,-9.9780,17.5265,11.6767,36.7120,-37.6259,82.4707,-11.5686,18.1346,11.6767,36.7120,-37.6259,82.4707,-11.5686,18.1346,0,-400,150,450,100,-700,0
222,1786013964.411,1786013964.4154,0.03344,11.9560,41.1868,-41.4945,85.3626,-10.6813,16.0053,12.7974,36.2289,-37.1540,83.2869,-11.5627,18.7820,12.7974,36.2289,-37.1540,83.2869,-11.5627,18.7820,0,-350,300,-300,-100,-600,0
223,1786013964.4444,1786013964.4488,0.03336,12.0440,40.4835,-39.6484,84.6593,-11.1209,15.4762,12.8718,36.4026,-37.0524,84.6820,-10.7370,18.3072,12.8718,36.4026,-37.0524,84.6820,-10.7370,18.3072,50,-200,600,-300,-150,-350,0
224,1786013964.4778,1786013964.4821,0.03337,12.2198,40.3077,-38.3297,83.6923,-11.0330,15.8069,12.2528,38.7620,-40.3134,85.0895,-12.1232,18.5636,12.2528,38.7620,-40.3134,85.0895,-12.1232,18.5636,100,-50,550,-350,50,200,0
225,1786013964.5112,1786013964.5155,0.03343,12.3077,40.3956,-37.6264,83.8681,-11.0330,16.9974,13.3944,39.1432,-38.6232,84.7707,-13.3376,18.3429,13.3944,39.1432,-38.6232,84.7707,-13.3376,18.3429,0,50,250,250,0,500,0
226,1786013964.5446,1786013964.549,0.03341,12.3077,40.4835,-37.6264,84.7473,-11.2088,17.5926,12.5879,38.3173,-44.1261,89.2645,-13.1653,18.6127,12.5879,38.3173,-44.1261,89.2645,-13.1653,18.6127,0,0,0,450,-50,300,0
227,1786013964.578,1786013964.5823,0.03336,12.3956,40.4835,-37.9780,84.5714,-12.3516,17.7249,12.2499,36.7428,-39.9202,88.4671,-14.5565,18.7508,12.2499,36.7428,-39.9202,88.4671,-14.5565,18.7508,50,0,-100,-50,-500,100,0
228,1786013964.6114,1786013964.6157,0.03345,12.4835,40.4835,-38.6813,85.2747,-12.5275,18.0556,12.8398,35.5802,-43.9680,89.6639,-14.7004,17.1180,12.8398,35.5802,-43.9680,89.6639,-14.7004,17.1180,50,0,-250,350,-100,150,0
229,1786013964.6447,1786013964.649,0.03334,12.6593,40.5714,-39.4725,86.8571,-13.0549,18.2540,13.2761,35.9774,-42.4942,87.5552,-14.8844,16.4585,13.2761,35.9774,-42.4942,87.5552,-14.8844,16.4585,100,0,-250,600,-200,100,0
230,1786013964.6781,1786013964.6823,0.03338,12.8352,40.3077,-40.1758,87.9121,-13.9341,17.8571,13.4147,35.8013,-40.9137,86.9211,-14.1179,10.8951,13.4147,35.8013,-40.9137,86.9211,-14.1179,10.8951,50,-50,-200,400,-300,-150,0
231,1786013964.7116,1786013964.7159,0.03348,12.9231,40.1319,-40.7033,87.8242,-14.1978,17.1296,13.0116,37.4000,-42.5202,88.1703,-13.7095,11.6086,13.0116,37.4000,-42.5202,88.1703,-13.7095,11.6086,50,-50,-200,-100,-150,-350,0
232,1786013964.745,1786013964.7497,0.0334,12.9231,39.7802,-40.4396,87.2088,-14.1978,16.4683,11.6122,36.7398,-42.3612,87.5028,-13.2467,9.7904,11.6122,36.7398,-42.3612,87.5028,-13.2467,9.7904,0,-150,150,-300,0,-150,0
233,1786013964.7783,1786013964.783,0.03335,12.9231,39.7802,-40.2637,87.7363,-14.0220,14.7487,12.4008,37.4870,-41.0971,86.9521,-13.1963,6.9302,12.4008,37.4870,-41.0971,86.9521,-13.1963,6.9302,0,50,100,150,50,-750,0
234,1786013964.8117,1786013964.8166,0.0334,12.8352,39.8681,-40.2637,87.7363,-13.5824,12.6323,12.6601,38.3927,-42.0011,86.0184,-13.9783,2.0235,12.6601,38.3927,-42.0011,86.0184,-13.9783,2.4339,0,50,0,-50,150,-900,0
235,1786013964.8451,1786013964.8502,0.03338,12.7473,39.8681,-40.2637,87.3846,-13.5824,10.7804,13.8525,35.8524,-42.2730,83.6285,-14.9267,2.7146,13.8525,35.8524,-42.2730,83.6285,-14.9267,2.7146,-50,0,0,-200,0,-700,0
236,1786013964.8785,1786013964.8833,0.03338,12.4835,39.8681,-40.2637,86.8571,-13.6703,8.3333,14.3269,35.1422,-40.7887,84.8696,-14.3575,2.5238,14.3269,35.1422,-40.7887,84.8696,-14.3575,2.5238,-100,0,0,-200,0,-1200,0
237,1786013964.9119,1786013964.9168,0.03339,12.6593,39.6923,-40.4396,85.8022,-14.0220,5.7540,13.5458,36.7847,-39.2583,83.9629,-15.0921,3.4947,13.5458,36.7847,-39.2583,83.9629,-15.0921,3.4947,0,0,-50,-350,-150,-1200,0
238,1786013964.9453,1786013964.9501,0.0334,13.0110,39.4286,-40.2637,84.9231,-14.2857,4.6958,14.8238,36.4131,-43.2323,85.2729,-13.9637,4.0189,14.8238,36.4131,-43.2323,85.2729,-13.9637,4.0189,150,-150,100,-400,-150,-550,0
239,1786013964.9787,1786013964.9835,0.03336,13.5385,39.2527,-39.4725,84.9231,-14.5495,4.5635,14.8838,36.6597,-42.9456,84.2435,-13.6236,4.1206,14.8838,36.6597,-42.9456,84.2435,-13.6236,4.1206,100,-50,200,0,-50,-50,0
240,1786013965.0121,1786013965.0169,0.03345,13.9780,39.3407,-39.2967,85.0989,-14.3736,4.5635,14.8675,36.8876,-43.0096,84.9318,-11.9723,4.0332,14.8675,36.8876,-43.0096,84.9318,-11.9723,4.0332,150,0,50,50,-50,0,0
241,1786013965.0455,1786013965.0503,0.03336,14.1538,39.5165,-39.8242,85.0110,-13.7582,4.3651,14.4250,35.9674,-41.5117,84.4126,-13.4744,3.7810,14.4250,35.9674,-41.5117,84.4126,-13.4744,3.7810,50,50,-200,-100,200,-50,0
242,1786013965.0789,1786013965.0837,0.03338,14.3297,39.5165,-40.2637,84.7473,-13.4945,4.3651,14.8259,36.5600,-42.6898,84.2667,-13.8100,3.8035,14.8259,36.5600,-42.6898,84.2667,-13.8100,3.8035,0,0,-200,-150,50,50,0
243,1786013965.1123,1786013965.1168,0.03344,14.4176,39.1648,-40.2637,84.7473,-12.8791,4.1005,13.9307,35.5454,-41.6231,83.5209,-16.3674,3.5925,13.9307,35.5454,-41.6231,83.5209,-16.3674,3.5925,0,-100,0,0,250,-100,0
244,1786013965.1456,1786013965.15,0.03335,14.5055,39.1648,-40.3516,84.5714,-13.5824,4.0344,13.8552,36.0260,-41.0600,81.4604,-19.4043,3.8728,13.8552,36.0260,-41.0600,81.4604,-19.4043,3.8728,50,0,0,-50,-250,-50,0
245,1786013965.1791,1786013965.1838,0.03342,14.4176,39.1648,-40.4396,84.1319,-14.4615,3.9021,14.3224,37.4134,-42.3308,84.5362,-17.7375,4.0617,14.3224,37.4134,-42.3308,84.5362,-17.7375,4.0617,-50,0,-50,-150,-300,-100,0
246,1786013965.2124,1786013965.2172,0.03337,14.3297,39.2527,-40.1758,83.3407,-16.1319,3.8360,13.3427,36.7471,-41.6911,83.9221,-16.8554,3.7222,13.3427,36.7471,-41.6911,83.9221,-16.8554,3.7222,0,0,150,-250,-500,0,0
247,1786013965.2458,1786013965.2502,0.03336,14.1538,39.2527,-40.3516,82.6374,-17.7143,3.9683,13.8766,36.3768,-41.1821,83.3869,-15.1668,3.4120,13.8766,36.3768,-41.1821,83.3869,-15.1668,3.4120,-50,0,-50,-200,-650,100,0
248,1786013965.2793,1786013965.2841,0.03347,14.0659,39.1648,-40.4396,83.1648,-17.4505,3.9683,13.5043,37.8436,-40.5944,85.4563,-15.8610,3.2826,13.5043,37.8436,-40.5944,85.4563,-15.8610,3.2826,0,-50,0,100,100,0,0
249,1786013965.3127,1786013965.3172,0.03342,13.9780,39.1648,-40.3516,83.6044,-16.3077,3.6376,11.9447,33.7055,-39.5425,84.0934,-17.1966,3.3268,11.9447,33.7055,-39.5425,84.0934,-17.1966,3.3268,0,0,0,150,400,-150,0
250,1786013965.346,1786013965.4628,0.03338,13.8901,39.2527,-40.0879,83.6923,-16.2198,3.5714,15.4366,37.2961,-46.5229,87.5893,-11.3880,3.2509,15.4366,37.2961,-46.5229,87.5893,-11.3880,3.2509,-50,0,100,100,100,-50,1
251,1786013965.464,1786013965.4691,0.11793,12.3956,38.5495,-39.2088,84.0440,-16.8352,3.5714,14.2320,40.1697,-47.7684,85.8865,-12.2746,3.7090,14.2320,40.1697,-47.7684,85.8865,-12.2746,3.7090,-200,-50,0,0,0,0,1
252,1786013965.4973,1786013965.5021,0.0333,12.2198,38.3736,-39.2088,84.0440,-16.9231,3.5714,14.2565,38.9216,-46.2494,85.7249,-12.1147,3.5863,14.2565,38.9216,-46.2494,85.7249,-12.1147,3.5863,-50,-100,0,0,0,0,0
253,1786013965.5307,1786013965.5355,0.03339,12.4835,38.4615,-39.6484,84.7473,-16.3077,3.5714,13.7539,37.7136,-47.0544,87.1029,-13.2711,3.2390,13.7539,37.7136,-47.0544,87.1029,-13.2711,3.2390,150,0,-50,200,50,0,0
254,1786013965.5641,1786013965.5688,0.03339,13.0989,39.5165,-41.3187,85.1868,-14.4615,3.5714,14.4342,37.5497,-49.7962,89.4308,-13.2522,3.2833,14.4342,37.5497,-49.7962,89.4308,-13.2522,3.2833,200,350,-600,100,750,0,0
255,1786013965.5974,1786013965.6025,0.03339,13.5385,40.0440,-42.9890,85.7143,-13.8462,3.4392,14.2408,40.6343,-49.8032,87.3421,-13.6639,3.3690,14.2408,40.6343,-49.8032,87.3421,-13.6639,3.3690,150,150,-500,50,200,-50,0
256,1786013965.6308,1786013965.6357,0.03336,13.8901,40.0440,-44.3956,87.3846,-13.8462,3.4392,12.6870,37.9198,-48.1500,86.4015,-12.8559,3.5420,12.6870,37.9198,-48.1500,86.4015,-12.8559,3.5420,150,0,-450,650,0,0,0
257,1786013965.6642,1786013965.6688,0.03336,13.8901,40.0440,-45.8022,88.0000,-13.8462,3.4392,13.9240,37.8135,-48.7798,87.3022,-13.9165,3.5078,13.9240,37.8135,-48.7798,87.3022,-13.9165,3.5078,0,0,-500,200,0,0,0
258,1786013965.6976,1786013965.7022,0.03343,13.6264,40.3077,-46.2418,87.3846,-13.4945,3.4392,13.6372,37.6000,-47.2002,87.5460,-11.7434,3.3656,13.6372,37.6000,-47.2002,87.5460,-11.7434,3.3656,-100,150,-100,-50,150,0,0
259,1786013965.7309,1786013965.7355,0.03332,13.0989,40.3956,-46.3297,86.9451,-13.5824,3.4392,13.7538,36.3784,-45.0724,86.2292,-12.8697,3.3121,13.7538,36.3784,-45.0724,86.2292,-12.8697,3.3121,-150,0,-50,-250,-50,0,0
260,1786013965.7644,1786013965.769,0.03345,13.0110,40.6593,-46.1538,87.3846,-13.2308,3.4392,14.1038,35.1115,-45.7225,87.5491,-12.7717,3.2857,14.1038,35.1115,-45.7225,87.5491,-12.7717,3.2857,-50,100,50,200,-50,0,0
261,1786013965.7977,1786013965.8023,0.03338,13.1868,40.4835,-45.3626,86.9451,-13.1429,3.4392,13.1286,36.7531,-45.3064,87.9339,-12.7334,3.1879,13.1286,36.7531,-45.3064,87.9339,-12.7334,3.1879,50,0,300,-100,50,0,0
262,1786013965.8311,1786013965.8358,0.03336,13.7143,39.8681,-44.9231,86.7692,-13.2308,3.4392,14.7321,35.2659,-47.3457,89.3224,-10.1874,3.0499,14.7321,35.2659,-47.3457,89.3224,-10.1874,3.0499,150,-250,250,-100,0,0,0
263,1786013965.8645,1786013965.8693,0.03342,13.7143,39.7802,-44.9231,87.4725,-13.0549,3.4392,15.9468,38.9650,-47.1750,88.4859,-13.0642,3.1055,15.9468,38.9650,-47.1750,88.4859,-13.0642,3.1055,0,0,0,250,0,0,0
264,1786013965.8979,1786013965.9027,0.0334,13.8022,39.7802,-45.0989,88.1758,-12.3516,3.3730,14.2447,38.2407,-46.9491,86.9953,-13.0254,3.4118,14.2447,38.2407,-46.9491,86.9953,-13.0254,3.4118,0,0,-100,250,250,0,0
265,1786013965.9313,1786013965.936,0.03335,14.1538,39.8681,-45.2747,88.4396,-11.2088,3.3069,15.2882,38.5436,-46.2141,88.1550,-10.9959,3.3845,15.2882,38.5436,-46.2141,88.1550,-10.9959,3.3845,150,0,-100,200,400,-50,0
266,1786013965.9646,1786013965.9694,0.03338,14.2418,39.8681,-45.3626,87.8242,-11.6484,3.3069,14.5108,37.6354,-45.4971,88.6561,-11.0582,3.4384,14.5108,37.6354,-45.4971,88.6561,-11.0582,3.4384,0,0,0,-250,-50,0,0
267,1786013965.998,1786013966.0028,0.0334,14.5934,39.8681,-45.3626,87.5604,-12.6154,3.3069,15.3048,37.1492,-48.0683,88.1471,-9.6946,3.3657,15.3048,37.1492,-48.0683,88.1471,-9.6946,3.3657,150,0,0,0,-400,0,0
268,1786013966.0315,1786013966.0362,0.03343,14.5934,39.8681,-45.1868,88.2637,-12.0879,3.3069,14.1714,38.6643,-48.0129,87.8458,-9.6034,3.5252,14.1714,38.6643,-48.0129,87.8458,-9.6034,3.5252,0,0,50,300,200,0,0
269,1786013966.0649,1786013966.0702,0.03341,14.5934,39.9560,-45.3626,88.2637,-11.0330,3.3069,14.8334,39.1686,-47.0437,88.9567,-10.4665,3.5737,14.8334,39.1686,-47.0437,88.9567,-10.4665,3.5737,0,50,-50,0,400,0,0
270,1786013966.0983,1786013966.1032,0.03343,14.3297,40.0440,-45.6264,88.1758,-10.5934,3.3069,13.0339,38.8805,-47.1154,86.7030,-11.6986,3.5755,13.0339,38.8805,-47.1154,86.7030,-11.6986,3.5755,-100,0,-50,-50,150,0,0
271,1786013966.1317,1786013966.1365,0.03337,14.2418,40.1319,-45.6264,88.3516,-10.6813,3.3069,13.9258,40.5609,-51.2746,90.1194,-9.3886,3.4767,13.9258,40.5609,-51.2746,90.1194,-9.3886,3.4767,-50,50,-50,0,-50,0,0
272,1786013966.165,1786013966.1698,0.03335,14.1538,40.2198,-45.7143,88.2637,-11.0330,3.3069,12.5038,37.8365,-49.0329,89.2911,-9.4316,3.1984,12.5038,37.8365,-49.0329,89.2911,-9.4316,3.1984,-50,50,-50,0,-100,0,0
273,1786013966.1984,1786013966.2032,0.03341,14.1538,40.8352,-46.0659,87.9121,-11.1209,3.3069,14.3643,40.8740,-47.5323,88.2347,-9.5762,3.4983,14.3643,40.8740,-47.5323,88.2347,-9.5762,3.4983,0,50,-150,-100,-150,0,0
274,1786013966.2319,1786013966.2367,0.03343,13.8901,41.3626,-46.7692,88.5275,-10.3297,3.3069,13.9139,41.2589,-50.3152,89.5632,-7.6541,3.3747,13.9139,41.2589,-50.3152,89.5632,-7.6541,3.3747,-50,200,-300,150,250,0,0
275,1786013966.2652,1786013966.2697,0.03335,13.7143,41.4505,-46.6813,88.7033,-10.1538,3.3069,12.6095,38.4983,-46.7653,86.6543,-6.6113,3.3157,12.6095,38.4983,-46.7653,86.6543,-6.6113,3.3157,-50,0,0,100,100,0,0
276,1786013966.2986,1786013966.3034,0.03344,13.4505,41.7143,-46.5934,88.6154,-9.3626,3.3069,12.9235,41.7583,-49.3043,88.5281,-8.0721,3.2204,12.9235,41.7583,-49.3043,88.5281,-8.0721,3.2204,-50,50,50,0,200,0,0
277,1786013966.332,1786013966.3368,0.03334,13.1868,41.7143,-46.3297,88.7033,-8.1319,3.3069,13.6530,37.9327,-43.3956,89.9259,-7.7024,3.1729,13.6530,37.9327,-43.3956,89.9259,-7.7024,3.1729,-100,0,50,50,450,0,0
278,1786013966.3654,1786013966.3702,0.03343,13.0989,41.8022,-46.3297,88.5275,-8.2198,3.3069,13.2395,38.5455,-48.7948,90.1672,-5.4905,3.1941,13.2395,38.5455,-48.7948,90.1672,-5.4905,3.1941,0,0,0,-50,150,0,0
279,1786013966.3988,1786013966.4035,0.03334,13.2747,41.8022,-46.6813,89.2308,-8.2198,3.3069,12.8147,39.2994,-47.7835,90.5249,-4.6241,3.3726,12.8147,39.2994,-47.7835,90.5249,-4.6241,3.3726,50,-50,-100,250,-50,0,0
280,1786013966.4322,1786013966.437,0.03342,13.5385,41.7143,-46.8571,89.5824,-7.2527,3.3069,13.4562,42.2941,-51.5867,91.7246,-4.9280,3.4467,13.4562,42.2941,-51.5867,91.7246,-4.9280,3.4467,100,-50,-50,150,350,0,0
281,1786013966.4656,1786013966.4701,0.03345,13.5385,41.7143,-46.8571,89.9341,-6.1099,3.3069,13.2281,42.5512,-51.2768,92.0205,-5.5603,3.1921,13.2281,42.5512,-51.2768,92.0205,-5.5603,3.1921,0,0,0,100,450,0,0
282,1786013966.499,1786013966.5035,0.03336,13.4505,42.1538,-46.9451,90.6374,-5.8462,3.3069,12.9789,40.4849,-50.4553,90.0929,-6.8155,3.6525,12.9789,40.4849,-50.4553,90.0929,-6.8155,3.6525,-50,200,0,300,100,0,0
283,1786013966.5324,1786013966.5372,0.03341,13.2747,43.2967,-48.0000,91.1648,-5.7582,3.3069,13.3003,42.3205,-47.5034,89.4467,-6.2499,3.4114,13.3003,42.3205,-47.5034,89.4467,-6.2499,3.4114,-50,400,-350,50,50,0,0
284,1786013966.5658,1786013966.5705,0.03337,13.1868,43.3846,-48.2637,90.8132,-6.0220,3.3730,12.4513,41.9404,-46.1278,88.6199,-7.6552,3.4683,12.4513,41.9404,-46.1278,88.6199,-7.6552,3.4683,-50,50,-150,-50,-100,50,0
285,1786013966.5991,1786013966.6038,0.03336,13.1868,43.2967,-47.7363,89.9341,-6.2857,3.3069,12.6695,41.8704,-49.6517,88.8717,-8.9052,3.3458,12.6695,41.8704,-49.6517,88.8717,-8.9052,3.3458,0,-50,200,-300,-100,0,0
286,1786013966.6325,1786013966.6371,0.03341,13.2747,43.0330,-46.7692,89.6703,-6.4615,3.3069,12.9132,41.8720,-46.9817,89.2632,-7.6384,3.3470,12.9132,41.8720,-46.9817,89.2632,-7.6384,3.3470,50,-100,350,-50,-50,0,0
287,1786013966.6659,1786013966.6705,0.03337,13.1868,43.2088,-46.4176,89.4945,-7.6044,3.3069,13.3475,41.0865,-46.6512,88.2580,-8.2320,3.5494,13.3475,41.0865,-46.6512,88.2580,-8.2320,3.5494,0,50,150,-100,-500,0,0
288,1786013966.6993,1786013966.704,0.0334,13.0110,43.4725,-46.2418,89.4945,-7.8681,3.3069,12.3318,43.8177,-48.0060,88.3597,-8.6002,3.5815,12.3318,43.8177,-48.0060,88.3597,-8.6002,3.5815,-50,100,50,0,-150,0,0
289,1786013966.7327,1786013966.7373,0.03337,12.9231,43.3846,-46.1538,89.1429,-7.6044,3.3069,11.3664,39.3856,-47.8528,87.5288,-7.8910,3.2600,11.3664,39.3856,-47.8528,87.5288,-7.8910,3.2600,-50,-50,0,-200,100,0,0
290,1786013966.7661,1786013966.7703,0.0334,12.9231,43.3846,-46.5055,88.8791,-8.1319,3.3069,10.9902,40.9347,-49.4855,88.0398,-10.6822,3.4208,10.9902,40.9347,-49.4855,88.0398,-10.6822,3.4208,0,-50,-100,-100,-50,0,0
291,1786013966.7995,1786013966.8038,0.03345,12.4835,43.8242,-46.7692,88.2637,-8.1319,3.3069,12.9529,37.7476,-45.1998,88.9055,-7.9172,3.4620,12.9529,37.7476,-45.1998,88.9055,-7.9172,3.4620,-100,200,-50,-200,0,0,0
292,1786013966.8329,1786013966.8374,0.03342,12.1319,44.0879,-46.9451,88.3516,-8.5714,3.3069,11.2212,40.5998,-47.7763,88.5079,-8.5395,3.9963,11.2212,40.5998,-47.7763,88.5079,-8.5395,3.9963,-150,50,-100,150,-150,0,0
293,1786013966.8663,1786013966.8711,0.03336,11.7802,44.0000,-47.0330,88.7033,-9.4505,3.3069,11.6356,43.5935,-50.1901,88.4958,-8.7286,3.5568,11.6356,43.5935,-50.1901,88.4958,-8.7286,3.5568,-150,50,-50,150,-350,0,0
294,1786013966.8997,1786013966.9045,0.03339,11.8681,43.3846,-46.9451,88.7033,-9.2747,3.3069,10.7745,43.4714,-50.5704,87.7707,-9.3424,3.6490,10.7745,43.4714,-50.5704,87.7707,-9.3424,3.6490,50,-250,50,0,-50,0,0
295,1786013966.933,1786013966.9378,0.03335,12.2198,43.0330,-47.4725,88.7033,-9.1868,3.3069,9.7381,42.7826,-49.2245,88.4254,-8.5090,3.6985,9.7381,42.7826,-49.2245,88.4254,-8.5090,3.6985,100,-100,-250,0,50,0,0
296,1786013966.9664,1786013966.9712,0.03341,12.0440,43.4725,-48.5275,88.3516,-9.1868,3.5053,10.5842,43.6890,-50.5067,88.9695,-8.2725,3.6639,10.5842,43.6890,-50.5067,88.9695,-8.2725,3.6639,-50,50,-350,-50,0,50,0
297,1786013966.9998,1786013967.0046,0.03335,11.6923,44.1758,-48.4396,88.2637,-9.0110,3.6376,10.6037,43.8304,-50.9709,88.8594,-9.1782,3.1809,10.6037,43.8304,-50.9709,88.8594,-9.1782,3.1809,-150,250,0,-100,0,50,0
298,1786013967.0332,1786013967.0377,0.0334,10.9890,44.6154,-48.2637,88.9670,-8.5714,3.5053,10.7930,39.9129,-49.2517,87.7729,-9.8913,4.7168,10.7930,39.9129,-49.2517,87.7729,-9.8913,4.7168,-250,150,50,200,150,0,0
299,1786013967.0666,1786013967.0714,0.03344,10.8132,44.9670,-48.2637,88.7912,-9.0989,3.5714,10.8485,42.1381,-46.6889,87.8835,-9.8194,3.6369,10.8485,42.1381,-46.6889,87.8835,-9.8194,3.6369,-100,150,0,0,-250,50,0
300,1786013967.1,1786013967.2158,0.03338,10.8132,44.7033,-48.3516,88.5275,-9.2747,3.7037,6.8030,44.5533,-56.6286,88.3286,-11.7595,0.7273,6.8030,44.5533,-56.6286,88.3286,-11.7595,0.7273,0,-50,-50,-50,-50,50,1
301,1786013967.217,1786013967.2222,0.117,11.4286,44.7033,-46.6813,88.2637,-9.7143,3.8360,7.6080,44.8830,-61.9152,92.2466,-7.0306,0.2785,7.6080,44.8830,-56.6813,92.2466,-7.0306,0.2785,0,50,50,0,-50,100,1
302,1786013967.2503,1786013967.2553,0.03328,11.2527,44.7033,-46.5934,88.2637,-9.5385,3.7037,9.2163,46.3598,-60.9030,92.8069,-9.3977,0.5571,9.2163,46.3598,-56.5934,92.8069,-9.3977,0.5571,-50,0,0,0,50,-100,0
303,1786013967.2837,1786013967.2888,0.03342,10.5495,44.7912,-47.2088,89.0549,-9.5385,2.9101,9.6761,44.5544,-63.9800,94.5835,-10.8485,0.1470,9.6761,44.5544,-57.4725,94.5835,-10.8485,0.1470,-200,-50,-100,100,100,-350,0
304,1786013967.3171,1786013967.3221,0.03338,9.6703,46.1099,-49.4945,90.7253,-8.9231,1.9180,10.4463,42.1962,-63.1326,96.1692,-11.1778,0.2308,10.4463,42.1962,-59.8462,96.1692,-11.1778,0.2308,-300,400,-800,550,250,-450,0
305,1786013967.3505,1786013967.3554,0.03338,9.1429,46.8132,-51.7802,92.2198,-9.2747,1.4550,9.2832,40.3067,-62.2189,95.5788,-12.9785,0.4977,9.2832,40.3067,-62.0440,95.5788,-12.9785,0.4977,-150,250,-750,500,-150,-250,0
306,1786013967.3839,1786013967.3886,0.03344,9.1429,46.9011,-53.6264,93.8022,-10.0659,1.3889,9.5772,44.1664,-66.3772,97.0181,-14.0597,0.7170,9.5772,44.1664,-63.8901,97.0181,-14.0597,0.7170,0,0,-650,600,-300,-50,0
307,1786013967.4173,1786013967.4223,0.03341,9.4066,46.1978,-55.9121,94.4176,-11.0330,1.3889,10.8810,42.5461,-67.1117,98.7749,-11.8329,0.3451,10.8810,42.5461,-66.2637,98.7749,-11.8329,0.3451,100,-200,-750,250,-300,0,0
308,1786013967.4507,1786013967.4557,0.03334,9.7582,45.4066,-58.4615,94.8571,-12.5275,1.3889,10.9884,43.0386,-62.8721,98.4741,-11.8418,0.4316,10.9884,43.0386,-62.8721,98.4741,-11.8418,0.4316,100,-250,-850,150,-600,0,0
309,1786013967.4841,1786013967.489,0.03344,10.1099,45.3187,-60.9231,96.7033,-12.4396,1.2566,7.3510,45.4284,-66.2580,95.9853,-11.7604,0.4497,7.3510,45.4284,-66.2580,95.9853,-11.7604,0.4497,100,0,-850,500,50,-50,0
310,1786013967.5174,1786013967.522,0.03335,10.2857,45.3187,-62.4176,97.3187,-11.8242,1.2566,8.9503,41.8495,-66.2388,95.4246,-10.3411,0.4660,8.9503,41.8495,-66.2388,95.4246,-10.3411,0.4660,50,0,-500,250,350,0,0
311,1786013967.5508,1786013967.5557,0.03338,10.1978,45.6703,-63.1209,96.9670,-12.0879,1.2566,8.4027,45.1001,-66.2529,96.2597,-12.6813,0.6621,8.4027,45.1001,-66.2529,96.2597,-12.6813,0.6621,-50,100,-200,-100,-150,0,0
312,1786013967.5842,1786013967.5887,0.0334,9.7582,46.2857,-63.4725,96.1758,-11.5604,1.2566,8.0147,44.8766,-66.0808,95.8758,-11.1084,0.7703,8.0147,44.8766,-66.0808,95.8758,-11.1084,0.7703,-200,200,-150,-250,250,0,0
313,1786013967.6176,1786013967.6224,0.03342,9.2308,46.4615,-63.6484,96.2637,-11.2088,1.2566,9.5459,46.4219,-65.0143,93.7769,-11.0738,0.3691,9.5459,46.4219,-65.0143,93.7769,-11.0738,0.3691,-150,50,-50,50,150,0,0
314,1786013967.651,1786013967.6556,0.03336,8.7033,46.4615,-63.6484,96.3516,-11.2088,1.2566,7.9110,45.4779,-64.9053,97.0819,-11.4397,0.5593,7.9110,45.4779,-64.9053,97.0819,-11.4397,0.5593,-200,0,0,0,0,0,0
315,1786013967.6844,1786013967.6891,0.03344,8.6154,46.6374,-63.8242,95.5604,-11.1209,1.2566,7.3130,40.2159,-62.1337,95.3444,-10.7142,0.8900,7.3130,40.2159,-62.1337,95.3444,-10.7142,0.8900,-50,50,-50,-300,50,0,0
316,1786013967.7178,1786013967.7224,0.03331,8.7912,46.9011,-63.8242,94.8571,-11.4725,1.2566,7.8308,44.1827,-64.5575,95.9390,-12.5137,1.0430,7.8308,44.1827,-64.5575,95.9390,-12.5137,1.0430,50,150,0,-300,-50,0,0
317,1786013967.7512,1786013967.7558,0.0334,8.7033,46.8132,-63.2967,95.3846,-11.2088,1.2566,8.0296,46.4604,-63.5496,95.1103,-11.9874,0.7668,8.0296,46.4604,-63.5496,95.1103,-11.9874,0.7668,-50,0,250,200,100,0,0
318,1786013967.7847,1786013967.7893,0.0335,8.6154,46.4615,-62.2418,95.6484,-11.6484,1.2566,7.4806,46.6356,-69.0937,96.2990,-10.2706,0.6146,7.4806,46.6356,-69.0937,96.2990,-10.2706,0.6146,-50,-100,350,50,-200,0,0
319,1786013967.818,1786013967.8228,0.03332,8.3516,46.2857,-62.3297,95.5604,-11.8242,1.2566,6.3869,47.0873,-65.7986,96.7723,-10.3419,1.1760,6.3869,47.0873,-65.7986,96.7723,-10.3419,1.1760,-100,-50,0,0,-100,0,0
320,1786013967.8514,1786013967.8565,0.03341,8.0000,46.3736,-63.3846,95.7363,-11.2967,1.2566,6.9432,45.0157,-66.7155,94.9002,-10.4696,1.0519,6.9432,45.0157,-66.7155,94.9002,-10.4696,1.0519,-100,-50,-400,50,150,0,0
321,1786013967.8848,1786013967.8901,0.03339,7.5604,47.4286,-65.0549,96.2637,-10.9451,1.2566,7.8756,47.0986,-64.3425,95.1130,-12.1812,0.9907,7.8756,47.0986,-64.3425,95.1130,-12.1812,0.9907,-100,400,-550,200,50,0,0
322,1786013967.9182,1786013967.9231,0.0334,7.3846,47.7802,-65.4945,95.8242,-10.9451,1.2566,6.1645,48.4590,-62.9347,94.7411,-11.6773,3.1874,6.1645,48.4590,-62.9347,94.7411,-11.6773,3.1874,-50,50,-200,-100,0,0,0
323,1786013967.9517,1786013967.9567,0.03348,7.2967,47.9560,-64.6154,95.4725,-11.1209,1.2566,7.4228,45.8322,-65.4708,94.4783,-10.6889,1.5389,7.4228,45.8322,-65.4708,94.4783,-10.6889,1.5389,-50,50,350,-150,-50,0,0
324,1786013967.985,1786013967.9899,0.0333,7.2967,48.4835,-63.5604,95.2967,-11.4725,1.5212,7.4392,46.4250,-65.3037,95.6399,-11.0435,4.1561,7.4392,46.4250,-65.3037,95.6399,-11.0435,4.1561,0,150,400,-100,-100,100,0
325,1786013968.0184,1786013968.0233,0.03339,7.2088,48.8352,-63.2088,95.1209,-11.2088,2.1825,8.5751,46.9658,-65.9893,96.4212,-9.5356,3.0612,8.5751,46.9658,-65.9893,96.4212,-9.5356,3.0612,-50,150,150,-50,0,300,0
326,1786013968.0518,1786013968.0567,0.03343,7.2088,49.0989,-63.2088,95.2088,-11.2088,2.7116,6.4129,46.7851,-64.3600,96.2525,-9.7913,2.0443,6.4129,46.7851,-64.3600,96.2525,-9.7913,2.0443,0,100,0,0,0,200,0
327,1786013968.0852,1786013968.0899,0.03337,7.3846,49.0110,-63.2967,95.7363,-10.7692,3.0423,8.5411,45.2258,-65.3669,96.3192,-8.6576,1.4882,8.5411,45.2258,-65.3669,96.3192,-8.6576,1.4882,100,0,-50,200,150,250,0
328,1786013968.1186,1786013968.1235,0.03339,7.6484,48.6593,-63.4725,95.7363,-10.3297,2.7778,7.5667,47.9345,-65.0343,95.8147,-9.4149,1.8875,7.5667,47.9345,-65.0343,95.8147,-9.4149,1.8875,50,-100,-50,0,350,-150,0
329,1786013968.1519,1786013968.1567,0.03338,7.8242,48.3956,-63.4725,96.0000,-9.9780,2.1825,6.9538,46.5453,-64.2247,95.4211,-10.0592,3.5097,6.9538,46.5453,-64.2247,95.4211,-10.0592,3.5097,50,-100,0,100,100,-150,0
330,1786013968.1853,1786013968.1901,0.03338,7.8242,48.4835,-63.4725,96.0000,-9.7143,2.1825,8.7448,47.0177,-68.6336,98.5389,-10.4456,6.0574,8.7448,47.0177,-68.6336,98.5389,-10.4456,6.0574,0,0,0,0,50,0,0
331,1786013968.2187,1786013968.2235,0.03339,7.7363,48.5714,-63.4725,96.0000,-9.9780,2.5794,7.7738,45.6831,-65.9646,97.8877,-10.1439,2.7290,7.7738,45.6831,-65.9646,97.8877,-10.1439,2.7290,0,50,0,0,-100,150,0
332,1786013968.2522,1786013968.2571,0.03345,7.5604,48.5714,-63.7363,96.4396,-10.1538,3.5714,7.8065,45.5665,-64.0344,97.3358,-10.2067,2.7140,7.8065,45.5665,-64.0344,97.3358,-10.2067,2.7140,-50,0,-50,100,-50,500,0
333,1786013968.2856,1786013968.2901,0.0334,7.7363,48.4835,-64.2637,97.1429,-10.0659,4.6296,7.5373,44.2587,-62.8591,96.8713,-8.8099,2.7101,7.5373,44.2587,-62.8591,96.8713,-8.8099,2.7101,50,0,-200,300,0,600,0
334,1786013968.3189,1786013968.3238,0.03339,8.0000,48.3956,-64.1758,97.0549,-10.2418,4.6296,7.1793,43.9310,-63.2713,98.4708,-10.1253,2.4819,7.1793,43.9310,-63.2713,98.4708,-10.1253,2.4819,50,-50,0,-50,-150,50,0
335,1786013968.3523,1786013968.357,0.03336,8.0879,48.0440,-63.2088,97.0549,-9.8022,3.6376,7.6966,40.3090,-62.5942,98.4475,-7.7610,2.3857,7.6966,40.3090,-62.5942,98.4475,-7.7610,2.3857,50,-150,350,0,100,-500,0
336,1786013968.3857,1786013968.3907,0.03343,8.0879,48.0440,-62.8571,97.4945,-9.5385,3.1746,6.9184,40.7430,-67.0394,97.5768,-10.5926,2.8831,6.9184,40.7430,-67.0394,97.5768,-10.5926,2.8831,0,0,50,150,100,-300,0
337,1786013968.4191,1786013968.4239,0.03337,8.0000,47.8681,-62.5934,97.8462,-9.5385,2.9101,6.9368,42.4142,-65.2552,96.2471,-11.5117,2.1240,6.9368,42.4142,-65.2552,96.2471,-11.5117,2.1240,-50,-50,50,50,0,-100,0
338,1786013968.4525,1786013968.4573,0.0334,7.6484,47.0769,-62.5934,97.6703,-9.4505,2.9762,5.9784,41.6296,-64.8355,98.0009,-11.4436,2.7999,5.9784,41.6296,-64.8355,98.0009,-11.4436,2.7999,-50,-250,0,-50,50,50,0
339,1786013968.486,1786013968.4908,0.03344,7.5604,46.8132,-63.2088,97.0549,-10.3297,2.6455,6.0984,42.4111,-65.1984,95.0815,-12.0935,2.1899,6.0984,42.4111,-65.1984,95.0815,-12.0935,2.1899,-50,-150,-200,-200,-300,-100,0
340,1786013968.5193,1786013968.5242,0.03335,7.2088,46.4615,-63.2967,97.0549,-10.9451,2.6455,6.7716,40.7154,-59.4546,95.9737,-9.4647,2.2911,6.7716,40.7154,-59.4546,95.9737,-9.4647,2.2911,-150,-100,-50,0,-150,0,0
341,1786013968.5527,1786013968.5575,0.03337,7.0330,46.1978,-63.2967,97.4066,-10.9451,2.5794,6.2574,42.3110,-60.5303,97.2610,-10.4594,2.2309,6.2574,42.3110,-60.5303,97.2610,-10.4594,2.2309,-100,-50,0,250,0,-50,0
342,1786013968.5861,1786013968.5908,0.03339,6.7692,46.1978,-63.0330,96.9670,-11.0330,2.4471,6.4733,40.8513,-62.5674,98.3931,-12.9751,2.0802,6.4733,40.8513,-62.5674,98.3931,-12.9751,2.0802,-100,0,50,-150,-50,-50,0
343,1786013968.6195,1786013968.6243,0.03339,6.7692,45.7582,-61.7143,96.7033,-10.3297,2.4471,5.6827,40.3315,-63.7368,96.2316,-12.2074,1.9647,5.6827,40.3315,-63.7368,96.2316,-12.2074,1.9647,0,-150,450,-50,250,0,0
344,1786013968.6529,1786013968.6576,0.03341,6.7692,45.4066,-61.0110,97.5824,-10.3297,2.4471,5.4888,40.1619,-61.5259,96.8351,-12.7832,1.9840,5.4888,40.1619,-61.5259,96.8351,-12.7832,1.9840,0,-150,300,300,50,0,0
345,1786013968.6863,1786013968.6907,0.03339,6.7692,45.4066,-61.2747,97.7582,-11.3846,2.3810,5.1608,37.8743,-58.2569,98.0647,-12.4798,1.9726,5.1608,37.8743,-58.2569,98.0647,-12.4798,1.9726,0,0,-100,150,-450,0,0
346,1786013968.7197,1786013968.7241,0.03342,6.5934,45.4066,-61.6264,97.3187,-12.0000,2.3148,4.9402,36.3824,-56.6121,97.9387,-11.7037,1.7680,4.9402,36.3824,-56.6121,97.9387,-11.7037,1.7680,-50,0,-200,-200,-250,-50,0
347,1786013968.7531,1786013968.7576,0.0334,6.2418,44.5275,-61.3626,97.5824,-12.0000,2.2487,7.2508,39.2405,-57.9333,95.8980,-12.0751,1.7710,7.2508,39.2405,-57.9333,95.8980,-12.0751,1.7710,-100,-300,0,0,-50,-50,0
348,1786013968.7865,1786013968.7909,0.03338,5.8901,42.8571,-59.5165,97.6703,-11.9121,2.1825,5.3529,32.8154,-54.5520,98.1718,-11.7155,1.7818,5.3529,32.8154,-54.5520,98.1718,-11.7155,1.7818,-100,-550,700,50,0,-50,0
349,1786013968.8199,1786013968.8247,0.03345,5.7143,41.8901,-57.7582,97.3187,-11.8242,2.1164,6.6378,36.9697,-55.7228,96.7098,-11.2123,1.7574,6.6378,36.9697,-55.7228,96.7098,-11.2123,1.7574,-50,-400,650,-150,50,0,0
350,1786013968.8533,1786013968.9659,0.03336,6.1538,41.3626,-56.3516,96.6154,-11.7363,2.1164,7.8940,43.7593,-64.1465,94.1084,-4.9332,1.1616,7.8940,43.7593,-64.1465,94.1084,-4.9332,1.1616,150,-150,450,-150,50,0,1
351,1786013968.9671,1786013968.9748,0.1138,6.7692,41.0989,-55.4725,96.8791,-11.6484,2.1164,8.0365,41.4484,-65.5201,95.6274,-4.1733,1.5429,8.0365,41.4484,-65.5201,95.6274,-4.1733,1.5429,0,-50,0,50,100,0,1
352,1786013969.0005,1786013969.0098,0.03342,6.4176,41.0110,-55.5604,96.8791,-11.7363,2.1164,6.8408,37.0822,-65.8426,96.3779,-9.2043,1.4163,6.8408,37.0822,-65.5604,96.3779,-9.2043,1.4163,-150,-100,0,0,0,0,0
353,1786013969.0339,1786013969.0428,0.03338,6.5934,41.2747,-55.9121,96.5275,-10.6813,1.9841,8.0948,40.1601,-66.0397,94.8309,-9.6308,1.6312,8.0948,40.1601,-66.0397,94.8309,-9.6308,1.6312,-100,50,0,-150,150,-50,0
354,1786013969.0673,1786013969.0758,0.03341,6.8571,42.1538,-57.8462,96.5275,-9.1868,1.8519,8.6735,39.7462,-63.6981,94.0184,-8.3536,1.4060,8.6735,39.7462,-63.6981,94.0184,-8.3536,1.4060,50,350,-650,-50,600,-50,0
355,1786013969.1007,1786013969.1068,0.03342,7.2967,42.3297,-60.0440,96.1758,-9.1868,1.8519,9.1896,38.9160,-62.2935,93.6682,-7.8401,1.6381,9.1896,38.9160,-62.2935,93.6682,-7.8401,1.6381,150,0,-750,-100,0,0,0
356,1786013969.1341,1786013969.1399,0.03337,7.9121,42.1538,-61.5385,95.2088,-9.3626,1.8519,9.5605,41.3585,-63.8258,93.4181,-7.0894,1.5741,9.5605,41.3585,-63.8258,93.4181,-7.0894,1.5741,250,0,-550,-300,-200,0,0
357,1786013969.1675,1786013969.1758,0.03342,8.1758,41.6264,-61.8901,94.5934,-8.7473,1.8519,8.8067,44.0988,-65.3042,94.1168,-7.3823,1.7872,8.8067,44.0988,-65.3042,94.1168,-7.3823,1.7872,100,-200,-150,-200,150,0,0
358,1786013969.2009,1786013969.2088,0.03338,8.5275,41.6264,-61.8022,94.2418,-8.1319,1.8519,9.2020,43.2711,-63.9827,94.2362,-7.7850,1.5836,9.2020,43.2711,-63.9827,94.2362,-7.7850,1.5836,100,50,50,-100,200,0,0
359,1786013969.2343,1786013969.2401,0.03341,8.7912,42.9451,-62.0659,94.4176,-8.0440,1.8519,10.4376,42.0923,-63.3696,94.0728,-7.6215,1.6116,10.4376,42.0923,-63.3696,94.0728,-7.6215,1.6116,100,400,0,100,0,0,0
360,1786013969.2677,1786013969.2738,0.03343,9.0549,44.2637,-62.3297,94.4176,-8.1319,1.8519,10.2103,42.4740,-63.5706,94.0219,-7.7695,1.6371,10.2103,42.4740,-63.5706,94.0219,-7.7695,1.6371,100,500,-100,0,-50,0,0
361,1786013969.3011,1786013969.3066,0.03341,9.4066,44.5275,-62.0659,94.4176,-7.8681,1.8519,9.8244,43.2187,-64.4031,92.8998,-5.4101,1.7359,9.8244,43.2187,-64.4031,92.8998,-5.4101,1.7359,150,50,100,0,100,0,0
362,1786013969.3344,1786013969.3399,0.03333,9.6703,44.3516,-62.1538,94.4176,-8.0440,1.8519,9.3133,42.1997,-63.9809,94.4620,-4.4233,1.6560,9.3133,42.1997,-63.9809,94.4620,-4.4233,1.6560,100,0,0,0,-100,0,0
363,1786013969.3679,1786013969.3742,0.03349,9.7582,44.0879,-62.5055,93.9780,-7.4286,1.8519,8.9823,45.5316,-64.5270,94.3179,-5.2174,1.8446,8.9823,45.5316,-64.5270,94.3179,-5.2174,1.8446,50,-100,-100,-50,100,0,0
364,1786013969.4013,1786013969.4078,0.03336,9.7582,44.0000,-62.6813,93.6264,-6.1099,1.8519,8.6327,45.3079,-63.2094,94.1658,-4.4118,1.7065,8.6327,45.3079,-63.2094,94.1658,-4.4118,1.7065,0,-50,-50,-200,450,0,0
365,1786013969.4347,1786013969.4398,0.03339,9.6703,44.4396,-62.6813,94.2418,-5.7582,1.8519,9.3545,44.6693,-64.2607,96.4181,-2.9736,1.8083,9.3545,44.6693,-64.2607,96.4181,-2.9736,1.8083,-50,0,0,250,150,0,0
366,1786013969.468,1786013969.4729,0.03332,9.4066,45.5824,-62.6813,94.2418,-5.6703,1.8519,8.7686,43.4886,-63.9551,94.1576,-4.5188,1.5924,8.7686,43.4886,-63.9551,94.1576,-4.5188,1.5924,-100,400,0,0,-50,0,0
367,1786013969.5014,1786013969.5061,0.03338,9.2308,46.0220,-62.5934,94.7692,-4.6154,1.8519,7.5508,41.7514,-63.1691,94.5463,-5.4441,1.9672,7.5508,41.7514,-63.1691,94.5463,-5.4441,1.9672,-100,100,0,150,350,0,0
368,1786013969.5348,1786013969.5398,0.03341,9.1429,46.0220,-62.5055,95.5604,-4.0879,1.8519,8.3547,41.1335,-61.3291,93.5415,-2.9611,2.0319,8.3547,41.1335,-61.3291,93.5415,-2.9611,2.0319,-50,0,50,250,150,0,0
369,1786013969.5682,1786013969.5729,0.03338,8.7912,45.8462,-62.4176,95.2088,-4.9670,1.8519,9.2104,42.7794,-61.3813,93.5230,-3.1829,1.9368,9.2104,42.7794,-61.3813,93.5230,-3.1829,1.9368,-50,-50,0,-150,-250,0,0
370,1786013969.6015,1786013969.6062,0.03335,8.6154,45.2308,-62.1538,94.3297,-4.9670,1.8519,7.6664,42.4686,-59.7394,92.7893,-3.3107,1.9989,7.6664,42.4686,-59.7394,92.7893,-3.3107,1.9989,-50,-200,100,-350,-50,0,0
371,1786013969.6349,1786013969.6394,0.03337,8.5275,45.1429,-61.5385,94.1538,-3.9121,1.8519,7.1691,44.5379,-64.3808,92.5880,-2.4120,1.8770,7.1691,44.5379,-64.3808,92.5880,-2.4120,1.8770,-50,-50,250,0,350,0,0
372,1786013969.6683,1786013969.6729,0.03343,8.3516,45.2308,-60.7473,93.6264,-4.0000,1.8519,9.0290,43.2585,-60.4908,91.8692,-3.3524,1.7438,9.0290,43.2585,-60.4908,91.8692,-3.3524,1.7438,-50,0,250,-150,150,0,0
373,1786013969.7017,1786013969.7062,0.03336,8.1758,45.4066,-59.9560,93.3626,-3.4725,1.8519,8.2153,44.0701,-60.7128,93.0242,-3.8011,1.5548,8.2153,44.0701,-60.7128,93.0242,-3.8011,1.5548,-50,50,250,-150,150,0,0
374,1786013969.7351,1786013969.7396,0.03337,8.2637,45.4945,-59.9560,92.8352,-3.4725,1.8519,7.3862,45.1492,-60.1636,91.1002,-3.6791,2.5627,7.3862,45.1492,-60.1636,91.1002,-3.6791,2.5627,50,0,50,-200,-100,0,0
375,1786013969.7685,1786013969.773,0.03341,8.2637,45.4066,-59.9560,93.0989,-3.7363,1.8519,7.8619,44.9729,-61.4689,90.2410,-3.7189,2.1871,7.8619,44.9729,-61.4689,90.2410,-3.7189,2.1871,0,0,0,150,-100,0,0
376,1786013969.8018,1786013969.8064,0.03337,8.2637,45.5824,-60.1319,92.7473,-3.6484,1.9841,9.5283,46.8143,-61.0953,92.9771,-2.9785,1.7069,9.5283,46.8143,-61.0953,92.9771,-2.9785,1.7069,50,50,0,0,50,0,0
377,1786013969.8352,1786013969.8399,0.03341,8.1758,45.8462,-60.2198,91.6044,-3.6484,2.1164,10.5985,45.8734,-59.8150,91.1533,-3.3678,1.6255,10.5985,45.8734,-59.8150,91.1533,-3.3678,1.6255,0,100,-50,-450,0,50,0
378,1786013969.8687,1786013969.8734,0.03342,8.1758,46.6374,-60.1319,91.4286,-3.6484,1.9841,11.7778,45.6601,-61.1436,91.3410,-3.2852,1.3438,11.7778,45.6601,-61.1436,91.3410,-3.2852,1.3438,0,200,0,50,0,-100,0
379,1786013969.902,1786013969.9069,0.03336,8.7912,47.2527,-59.6923,91.5165,-3.3846,1.9180,11.8033,46.4254,-58.8530,90.6495,-0.6709,1.7544,11.8033,46.4254,-58.8530,90.6495,-0.6709,1.7544,200,250,150,50,50,-50,0
380,1786013969.9354,1786013969.94,0.03337,9.5824,47.4286,-59.6044,91.5165,-3.3846,1.8519,12.4969,44.9066,-59.8932,89.0888,-1.0968,1.4423,12.4969,44.9066,-59.8932,89.0888,-1.0968,1.4423,250,50,0,0,-50,-50,0
381,1786013969.9688,1786013969.9733,0.03341,10.7253,47.4286,-59.6044,91.2527,-2.9451,1.8519,12.2486,45.1299,-57.6311,87.4422,-0.0917,1.6930,12.2486,45.1299,-57.6311,87.4422,-0.0917,1.6930,400,0,0,-100,-50,0,0
382,1786013970.0022,1786013970.0069,0.03342,11.5165,47.2527,-59.4286,90.4615,-1.8901,1.8519,12.5788,44.3011,-57.1603,87.5812,2.3172,1.5433,12.5788,44.3011,-57.1603,87.5812,2.3172,1.5433,300,-50,50,-200,400,0,0
383,1786013970.0357,1786013970.04,0.03342,11.7802,47.1648,-58.8132,89.1429,-1.2747,1.8519,13.0735,45.4984,-55.8200,87.1285,2.5024,1.9058,13.0735,45.4984,-55.8200,87.1285,2.5024,1.9058,100,0,300,-500,200,0,0
384,1786013970.069,1786013970.0739,0.03336,12.0440,47.1648,-57.6703,88.7033,-0.3077,1.8519,13.1000,46.3423,-56.8602,86.9950,1.6273,1.6615,13.1000,46.3423,-56.8602,86.9950,1.6273,1.6615,100,0,400,-100,250,0,0
385,1786013970.1024,1786013970.1072,0.03338,11.9560,47.3407,-56.7033,88.1758,0.7473,1.8519,12.8293,45.5983,-57.0021,87.5490,0.3202,1.9661,12.8293,45.5983,-57.0021,87.5490,0.3202,1.9661,-50,50,300,-150,350,0,0
386,1786013970.1358,1786013970.1405,0.03343,12.1319,47.5165,-56.1758,87.8242,1.0989,1.8519,13.8156,47.2913,-56.7853,86.4052,-0.4212,4.9490,13.8156,47.2913,-56.7853,86.4052,-0.4212,4.9490,100,50,100,-100,100,0,0
387,1786013970.1692,1786013970.1739,0.03335,12.4835,47.6044,-56.1758,87.8242,0.5714,1.8519,14.4758,45.4480,-56.2500,87.7595,0.5598,1.8784,14.4758,45.4480,-56.2500,87.7595,0.5598,1.8784,100,0,0,0,-150,0,0
388,1786013970.2026,1786013970.2074,0.03342,13.0110,47.6044,-56.1758,87.2967,0.0440,2.2487,15.3562,47.4863,-58.2424,87.6383,1.7808,2.1682,15.3562,47.4863,-58.2424,87.6383,1.7808,2.1682,200,0,0,-200,-150,250,0
389,1786013970.236,1786013970.2408,0.03338,13.5385,47.8681,-56.1758,87.1209,0.3077,2.9101,14.1972,44.2442,-57.2420,88.5800,0.9424,2.0428,14.1972,44.2442,-57.2420,88.5800,0.9424,2.0428,150,100,0,-150,100,400,0
390,1786013970.2693,1786013970.274,0.03335,13.9780,48.2198,-56.0879,87.7363,1.0989,2.7116,15.1628,46.1423,-56.5966,88.3253,1.9942,2.4437,15.1628,46.1423,-56.5966,88.3253,1.9942,2.4437,200,100,0,250,300,-100,0
391,1786013970.3027,1786013970.3074,0.0334,14.3297,48.3956,-56.0879,87.7363,0.8352,2.3810,15.4948,45.2170,-56.5024,87.0082,2.7006,2.1271,15.4948,45.2170,-56.5024,87.0082,2.7006,2.1271,100,150,0,50,-50,-100,0
392,1786013970.3361,1786013970.3409,0.03338,14.5055,48.3956,-55.7363,88.0000,1.0110,2.3810,13.8919,44.3136,-55.1499,87.2134,1.4264,2.2395,13.8919,44.3136,-55.1499,87.2134,1.4264,2.2395,50,0,150,150,50,0,0
393,1786013970.3695,1786013970.3742,0.03341,14.6813,48.2198,-55.7363,87.6484,1.7143,2.3148,13.8406,45.7696,-58.3127,88.9133,1.4558,2.1615,13.8406,45.7696,-58.3127,88.9133,1.4558,2.1615,50,-50,0,-150,200,-50,0
394,1786013970.4029,1786013970.4076,0.03337,14.6813,47.9560,-55.3846,87.3846,1.6264,2.3148,14.9783,46.2989,-56.8111,88.3554,1.7542,2.7556,14.9783,46.2989,-56.8111,88.3554,1.7542,2.7556,0,-50,100,-50,50,0,0
395,1786013970.4363,1786013970.441,0.03341,14.4176,47.9560,-55.2088,88.0000,1.4505,2.3148,13.7194,44.8896,-56.3929,88.8323,0.9169,2.2567,13.7194,44.8896,-56.3929,88.8323,0.9169,2.2567,-100,0,0,200,-50,0,0
396,1786013970.4697,1786013970.4744,0.03337,14.3297,48.0440,-55.2088,88.3516,1.5385,2.3810,14.4742,44.8826,-57.5784,89.0362,0.3572,2.0354,14.4742,44.8826,-57.5784,89.0362,0.3572,2.0354,-50,50,0,150,50,0,0
397,1786013970.5031,1786013970.5078,0.03343,14.1538,48.0440,-55.2088,88.3516,1.1868,2.3148,14.8384,43.0983,-58.4660,90.8982,1.1850,2.6740,14.8384,43.0983,-58.4660,90.8982,1.1850,2.6740,-50,0,0,0,-100,-50,0
398,1786013970.5365,1786013970.5411,0.03338,14.1538,48.0440,-55.3846,88.6154,1.0989,2.1825,15.0026,45.6523,-56.5267,88.6692,0.5360,7.1098,15.0026,45.6523,-56.5267,88.6692,0.5360,7.1098,0,0,-100,100,-50,-50,0
399,1786013970.5699,1786013970.5748,0.0334,14.2418,47.8681,-55.9121,89.3187,0.9231,2.3810,15.6960,45.9670,-57.7497,88.9131,0.7505,7.4391,15.6960,45.9670,-57.7497,88.9131,0.7505,7.4391,0,0,-200,200,0,100,0
400,1786013970.6032,1786013970.7139,0.03339,14.4176,47.7802,-55.8242,89.8462,0.9231,2.9762,13.3958,48.2055,-59.0383,93.1164,1.2585,1.2601,13.3958,48.2055,-59.0383,93.1164,1.2585,1.2601,100,0,0,150,0,250,1
401,1786013970.7151,1786013970.7201,0.11183,15.5604,47.8681,-55.8242,89.2308,0.9231,6.4153,13.3571,48.9632,-59.9441,92.9843,0.1063,1.9015,13.3571,48.9632,-59.9441,92.9843,0.1063,1.9015,100,0,0,0,0,200,1
402,1786013970.7484,1786013970.7532,0.03334,15.5604,47.7802,-55.9121,89.2308,0.9231,6.6138,12.2059,48.0332,-61.6393,93.5303,1.0428,1.9283,12.2059,48.0332,-61.6393,93.5303,1.0428,1.9283,0,-50,0,0,0,150,0
403,1786013970.7818,1786013970.7864,0.0334,15.2088,48.3077,-56.7033,89.9341,0.7473,6.2831,12.8863,49.0808,-64.0139,96.0435,0.8536,1.6578,12.8863,49.0808,-64.0139,96.0435,0.8536,1.6578,-150,250,-250,250,-50,-100,0
404,1786013970.8152,1786013970.8198,0.0334,14.3297,49.3626,-58.1099,91.6923,0.5714,4.6958,12.9036,49.2154,-64.8478,94.7258,0.9957,2.0673,12.9036,49.2154,-64.8478,94.7258,0.9957,2.0673,-300,350,-450,550,-50,-700,0
405,1786013970.8485,1786013970.8534,0.03335,13.4505,49.9780,-59.5165,93.2747,0.7473,3.3730,12.4208,49.4702,-62.3711,94.2097,0.8852,1.9574,12.4208,49.4702,-62.3711,94.2097,0.8852,1.9574,-350,200,-500,550,0,-650,0
406,1786013970.882,1786013970.8868,0.03342,13.1868,50.1538,-60.6593,94.2418,1.0110,2.9762,13.8019,50.6628,-63.4895,92.8933,0.0920,1.9982,13.8019,50.6628,-63.4895,92.8933,0.0920,1.9982,-50,50,-400,300,50,-150,0
407,1786013970.9153,1786013970.9202,0.03338,13.0110,50.0659,-60.8352,93.9780,0.7473,2.7116,13.4382,49.7665,-59.6403,91.5104,-0.8242,2.1359,13.4382,49.7665,-59.6403,91.5104,-0.8242,2.1359,-150,0,-50,0,-50,-100,0
408,1786013970.9487,1786013970.9535,0.0334,13.2747,50.2418,-60.9231,93.3626,0.5714,2.5132,13.8988,50.2100,-60.3489,93.4240,-0.4342,2.1442,13.8988,50.2100,-60.3489,93.4240,-0.4342,2.1442,100,0,-50,-200,-100,-100,0
409,1786013970.9821,1786013970.9869,0.03337,13.5385,50.6813,-60.4835,92.7473,0.0440,2.5132,13.3354,48.9380,-58.8801,92.9282,-0.3397,2.1057,13.3354,48.9380,-58.8801,92.9282,-0.3397,2.1057,100,100,50,-250,-200,0,0
410,1786013971.0155,1786013971.0203,0.03338,13.8022,50.9451,-59.7802,92.3956,-0.0440,2.4471,12.7278,48.9735,-57.9816,93.4068,-0.5434,2.1250,12.7278,48.9735,-57.9816,93.4068,-0.5434,2.1250,50,50,250,50,-50,-50,0
411,1786013971.0489,1786013971.0538,0.03344,13.8022,51.0330,-59.2527,92.7473,-0.1319,2.4471,13.1868,49.9889,-62.0082,93.4615,-0.9756,2.3544,13.1868,49.9889,-62.0082,93.4615,-0.9756,2.3544,0,50,200,100,0,0,0
412,1786013971.0823,1786013971.0869,0.03338,13.6264,50.8571,-58.4615,93.0989,-0.2198,2.4471,12.8176,50.0648,-58.9622,91.6068,-1.7879,5.5311,12.8176,50.0648,-58.9622,91.6068,-1.7879,5.5311,-100,-50,300,150,-50,0,0
413,1786013971.1157,1786013971.1205,0.03337,13.1868,50.8571,-58.4615,93.0989,-0.4835,2.4471,13.8250,48.8245,-60.2120,92.5277,-0.0861,5.8905,13.8250,48.8245,-60.2120,92.5277,-0.0861,5.8905,-150,0,0,0,0,0,0
414,1786013971.1491,1786013971.1539,0.03342,13.0989,51.0330,-58.6374,92.7473,-1.0989,2.8439,14.9903,51.5626,-62.7504,92.1355,-1.2475,10.4571,14.9903,51.5626,-62.7504,92.1355,-1.2475,10.4571,-50,100,-50,-100,-200,100,0
415,1786013971.1825,1786013971.1873,0.03336,13.1868,51.0330,-58.6374,92.3077,-0.7473,4.0344,14.1843,50.1542,-61.4543,91.4092,-2.2080,11.1046,14.1843,50.1542,-61.4543,91.4092,-2.2080,11.1046,0,0,0,-150,0,550,0
416,1786013971.2158,1786013971.2208,0.03338,13.6264,50.9451,-59.0769,92.4835,-0.3956,5.7540,13.9852,52.1079,-64.7875,91.7722,-2.0561,14.2467,13.9852,52.1079,-64.7875,91.7722,-2.0561,14.2467,150,0,-150,50,200,700,0
417,1786013971.2492,1786013971.254,0.0334,14.1538,51.2967,-60.1319,92.0440,-1.3626,7.8042,15.2803,49.2083,-62.2525,92.0005,-2.5340,14.9575,15.2803,49.2083,-62.2525,92.0005,-2.5340,14.9575,200,100,-300,-200,-400,1050,0
418,1786013971.2827,1786013971.2875,0.03345,14.3297,51.8242,-60.9231,92.0440,-1.6264,9.9206,15.5467,51.1700,-61.5395,90.3135,-0.5569,14.8658,15.5467,51.1700,-61.5395,90.3135,-0.5569,14.8658,50,100,-200,50,-150,950,0
419,1786013971.316,1786013971.3208,0.03333,14.5055,52.5275,-61.8022,91.9560,-1.8022,11.8386,15.5353,51.0892,-63.0618,92.5031,-1.0912,15.0320,15.5353,51.0892,-63.0618,92.5031,-1.0912,15.0320,50,250,-350,0,-50,950,0
420,1786013971.3494,1786013971.3543,0.03338,14.5934,52.5275,-61.4505,91.4286,-1.6264,12.8968,15.1968,52.2541,-64.9198,92.6106,-0.3200,14.9340,15.1968,52.2541,-64.9198,92.6106,-0.3200,14.9340,0,0,150,-150,50,500,0
421,1786013971.3827,1786013971.3876,0.03335,14.6813,52.5275,-61.0110,91.0769,-1.1868,13.5582,15.1188,52.4630,-64.2972,92.4601,-0.3706,14.1220,15.1188,52.4630,-64.2972,92.4601,-0.3706,14.1220,50,0,250,-150,250,350,0
422,1786013971.4161,1786013971.4209,0.0334,14.9451,52.7912,-61.3626,91.8681,-1.0110,13.8889,15.0019,52.2885,-63.3388,92.1984,-0.3246,14.6052,15.0019,52.2885,-63.3388,92.1984,-0.3246,14.6052,100,100,-100,300,50,100,0
423,1786013971.4495,1786013971.4543,0.03337,15.1209,53.2308,-62.0659,92.0440,-0.8352,13.8228,15.3291,52.2632,-63.0090,91.6865,0.0599,14.1505,15.3291,52.2632,-63.0090,91.6865,0.0599,14.1505,50,100,-250,150,50,0,0
424,1786013971.4829,1786013971.4878,0.03342,15.1209,53.3187,-62.0659,91.8681,-0.8352,14.0212,15.7600,53.4770,-65.1273,92.4546,0.0024,15.6757,15.7600,53.4770,-65.1273,92.4546,0.0024,15.6757,0,50,0,-50,0,100,0
425,1786013971.5163,1786013971.5208,0.0334,15.1209,53.3187,-61.9780,91.8681,-0.6593,14.0212,16.2922,53.6157,-66.2380,92.8949,0.7949,15.1079,16.2922,53.6157,-66.2380,92.8949,0.7949,15.1079,0,0,50,0,50,0,0
426,1786013971.5497,1786013971.5546,0.0334,15.1209,53.7582,-62.5055,92.0440,-0.4835,14.4841,16.2864,52.9255,-65.7195,92.5391,-0.5126,15.5977,16.2864,52.9255,-65.7195,92.5391,-0.5126,15.5977,0,200,-200,0,50,150,0
427,1786013971.5831,1786013971.5879,0.03335,15.3846,54.2857,-63.4725,92.3956,-0.1319,15.0132,15.2804,53.1645,-66.9730,92.8259,1.4890,15.7270,15.2804,53.1645,-66.9730,92.8259,1.4890,15.7270,100,250,-350,100,100,250,0
428,1786013971.6165,1786013971.6212,0.03337,15.5604,54.3736,-63.6484,92.3077,-0.2198,15.1455,15.8543,51.4812,-62.5660,91.7766,0.7953,15.9918,15.8543,51.4812,-62.5660,91.7766,0.7953,15.9918,50,50,0,-50,0,100,0
429,1786013971.6498,1786013971.6545,0.03337,15.8242,54.3736,-64.0000,92.4835,-0.3077,15.2778,14.8639,51.4248,-65.3261,93.7710,0.9932,15.8324,14.8639,51.4248,-65.3261,93.7710,0.9932,15.8324,50,0,-150,100,0,50,0
430,1786013971.6832,1786013971.6875,0.0334,16.0000,54.2857,-64.2637,92.3077,0.2198,15.5423,14.6951,52.3954,-63.1924,92.9183,0.0745,15.7365,14.6951,52.3954,-63.1924,92.9183,0.0745,15.7365,50,0,-150,0,150,100,0
431,1786013971.7167,1786013971.7213,0.03344,15.8242,54.2857,-64.2637,92.3956,0.3956,15.5423,13.8791,50.6224,-63.9075,94.4060,0.9814,14.9732,13.8791,50.6224,-63.9075,94.4060,0.9814,14.9732,-50,0,0,0,100,0,0
432,1786013971.75,1786013971.7543,0.03334,15.4725,54.2857,-63.9121,92.8352,0.3077,15.5423,13.6271,52.0041,-63.3583,93.2069,1.1080,15.8501,13.6271,52.0041,-63.3583,93.2069,1.1080,15.8501,-100,0,150,100,-50,0,0
433,1786013971.7835,1786013971.7878,0.03344,14.8571,54.2857,-63.2088,93.2747,0.3077,15.3439,14.9561,52.1448,-63.8924,94.0297,1.1711,15.9907,14.9561,52.1448,-63.8924,94.0297,1.1711,15.9907,-200,0,300,100,0,-100,0
434,1786013971.8168,1786013971.8215,0.03337,14.4176,54.2857,-63.1209,93.5385,0.6593,15.4101,16.4814,52.6161,-64.2329,94.3285,1.7500,15.9018,16.4814,52.6161,-64.2329,94.3285,1.7500,15.9018,-150,0,50,100,150,50,0
435,1786013971.8502,1786013971.855,0.0334,14.3297,54.3736,-63.1209,93.6264,0.7473,15.6746,15.5120,51.7290,-68.3434,96.0338,0.3778,16.2127,15.5120,51.7290,-68.3434,96.0338,0.3778,16.2127,0,0,0,50,50,200,0
436,1786013971.8837,1786013971.8885,0.03346,14.8571,54.2857,-63.2088,93.8022,0.9231,15.6746,14.4011,51.4064,-65.4659,97.3119,0.5915,15.6148,14.4011,51.4064,-65.4659,97.3119,0.5915,15.6148,150,-50,-50,100,100,0,0
437,1786013971.917,1786013971.9219,0.03332,15.3846,54.2857,-63.5604,94.6813,0.7473,15.7407,14.4931,51.5631,-64.9494,95.4123,0.4451,15.6071,14.4931,51.5631,-64.9494,95.4123,0.4451,15.6071,100,0,-100,300,0,50,0
438,1786013971.9504,1786013971.9553,0.0334,15.3846,54.3736,-64.0879,95.7363,0.5714,15.6746,14.0907,52.7399,-66.4736,96.9513,0.7846,15.4674,14.0907,52.7399,-66.4736,96.9513,0.7846,15.4674,0,0,-200,350,-50,0,0
439,1786013971.9839,1786013971.9886,0.03345,15.2967,54.3736,-64.0879,95.9121,0.5714,15.6085,14.1515,51.8772,-67.3708,96.6097,0.8087,15.5365,14.1515,51.8772,-67.3708,96.6097,0.8087,15.5365,0,0,0,150,0,-50,0
440,1786013972.0172,1786013972.0221,0.03338,14.7692,54.2857,-64.2637,95.6484,0.5714,15.6085,15.3310,53.5417,-65.8875,94.7442,0.1251,15.9088,15.3310,53.5417,-65.8875,94.7442,0.1251,15.9088,-150,-50,-50,-100,0,0,0
441,1786013972.0506,1786013972.0552,0.03337,14.3297,54.2857,-64.7912,96.0000,0.5714,15.5423,14.3887,50.8304,-66.5011,96.2686,-0.0598,15.7586,14.3887,50.8304,-66.5011,96.2686,-0.0598,15.7586,-100,0,-200,150,0,0,0
442,1786013972.0841,1786013972.0889,0.03345,14.3297,54.2857,-65.0549,95.7363,0.3956,15.5423,15.3324,52.1564,-66.3367,95.9930,1.0048,15.6485,15.3324,52.1564,-66.3367,95.9930,1.0048,15.6485,0,0,-50,50,-100,0,0
443,1786013972.1174,1786013972.1224,0.03333,14.5055,54.2857,-65.0549,95.2088,0.2198,15.6085,14.7333,50.6192,-70.9066,99.3173,-1.0213,15.6427,14.7333,50.6192,-70.9066,99.3173,-1.0213,15.6427,0,0,0,-200,-50,50,0
444,1786013972.1508,1786013972.1558,0.03345,14.7692,54.2857,-65.0549,95.7363,0.3956,15.6085,14.8906,49.9676,-66.8763,98.3323,-0.3061,15.6326,14.8906,49.9676,-66.8763,98.3323,-0.3061,15.6326,50,0,0,250,50,0,0
445,1786013972.1842,1786013972.1891,0.03334,14.7692,54.2857,-65.4066,96.4396,0.3077,15.6085,13.6579,52.2077,-68.8532,100.4801,-0.0237,15.8594,13.6579,52.2077,-68.8532,100.4801,-0.0237,15.8594,0,0,-150,250,-50,0,0
446,1786013972.2176,1786013972.2222,0.03344,14.7692,54.2857,-66.1099,97.5824,-0.0440,15.6085,14.5839,50.6118,-69.6994,100.5997,-0.9551,15.8954,14.5839,50.6118,-69.6994,100.5997,-0.9551,15.8954,0,0,-250,400,-200,0,0
447,1786013972.251,1786013972.2558,0.03339,14.4176,54.2857,-66.4615,98.1099,-0.0440,15.6085,14.1960,51.8164,-68.7098,99.4442,-1.0479,16.0514,14.1960,51.8164,-68.7098,99.4442,-1.0479,16.0514,-100,0,-100,150,0,0,0
448,1786013972.2844,1786013972.2893,0.03338,14.2418,54.2857,-67.0769,99.2527,-0.3956,15.6085,15.4125,50.4534,-66.9789,97.6527,0.0336,16.1839,15.4125,50.4534,-66.9789,97.6527,0.0336,16.1839,-50,0,-250,400,-150,0,0
449,1786013972.3178,1786013972.3226,0.03338,14.0659,54.2857,-67.1648,99.1648,-0.5714,15.6085,14.6690,50.7377,-67.6118,98.9913,0.1262,15.9233,14.6690,50.7377,-67.6118,98.9913,0.1262,15.9233,-50,0,-50,0,-100,0,0
450,1786013972.3512,1786013972.4641,0.03339,14.1538,54.2857,-66.7253,98.7253,-0.3956,15.6746,13.4653,55.9555,-72.7139,99.1853,-3.6717,16.1391,13.4653,55.9555,-72.7139,99.1853,-3.6717,16.1391,0,0,150,-200,0,0,1
451,1786013972.4652,1786013972.4704,0.11407,14.8571,54.2857,-66.5495,98.8132,-0.2198,15.7407,13.8694,56.0765,-70.2665,98.7843,-5.1993,16.1782,13.8694,56.0765,-70.2665,98.7843,-5.1993,16.1782,0,0,0,0,0,0,1
452,1786013972.4985,1786013972.5033,0.03329,14.7692,54.2857,-66.5495,98.8132,-0.2198,15.7407,13.3574,55.7738,-69.6635,99.6908,-4.8346,16.2551,13.3574,55.7738,-69.6635,99.6908,-4.8346,16.2551,0,0,0,0,0,0,0
453,1786013972.5319,1786013972.5366,0.03342,14.4176,54.5495,-67.0769,98.9011,-1.0110,15.8730,13.2782,55.9189,-71.2540,100.9027,-7.1486,15.7301,13.2782,55.9189,-71.2540,100.9027,-7.1486,15.7301,-100,0,-100,50,-150,100,0
454,1786013972.5653,1786013972.57,0.03338,14.0659,55.6923,-67.9560,98.9011,-2.6813,15.9392,15.5213,59.4174,-72.0629,101.2741,-5.3373,16.2291,15.5213,59.4174,-72.0629,101.2741,-5.3373,16.2291,-150,400,-350,0,-600,50,0
455,1786013972.5987,1786013972.6034,0.03337,13.8022,56.4835,-68.6593,99.6923,-4.3516,15.8730,15.7613,55.8061,-68.1156,100.4234,-4.7432,15.9260,15.7613,55.8061,-68.1156,100.4234,-4.7432,15.9260,-50,250,-200,250,-550,0,0
456,1786013972.6321,1786013972.6367,0.03338,13.8901,57.3626,-69.2747,100.1319,-5.4066,15.8730,16.4644,59.4878,-70.9822,99.6624,-4.9981,16.4854,16.4644,59.4878,-70.9822,99.6624,-4.9981,16.4854,-50,250,-250,200,-400,0,0
457,1786013972.6654,1786013972.67,0.03337,14.5934,58.2418,-69.3626,100.1319,-5.0549,15.8730,15.3217,58.4370,-70.2115,98.1436,-3.9549,16.5861,15.3217,58.4370,-70.2115,98.1436,-3.9549,16.5861,200,350,0,0,150,0,0
458,1786013972.6988,1786013972.7034,0.0334,15.2967,59.1209,-69.0110,99.8681,-5.0549,16.0714,16.1713,59.2256,-69.5692,99.6489,-2.9349,17.1339,16.1713,59.2256,-69.5692,99.6489,-2.9349,17.1339,250,300,100,-100,-50,150,0
459,1786013972.7322,1786013972.7368,0.0334,15.7363,59.5604,-69.0110,98.9011,-4.8791,16.2698,14.8387,57.2146,-70.0653,99.2506,-2.2111,16.7656,14.8387,57.2146,-70.0653,99.2506,-2.2111,16.7656,200,100,0,-400,50,100,0
460,1786013972.7656,1786013972.7701,0.03337,15.8242,59.5604,-69.0110,98.8132,-4.0879,16.5344,14.7894,59.7487,-69.9919,98.7304,-3.2970,16.6315,14.7894,59.7487,-69.9919,98.7304,-3.2970,16.6315,50,0,0,50,250,100,0
461,1786013972.799,1786013972.8035,0.03337,15.4725,59.5604,-69.0989,98.9890,-3.4725,16.5344,15.1416,60.3955,-70.6434,97.6954,-3.2393,17.0783,15.1416,60.3955,-70.6434,97.6954,-3.2393,17.0783,-200,0,-50,100,150,0,0
462,1786013972.8324,1786013972.8368,0.03341,15.2088,59.8242,-69.1868,98.7253,-3.6484,16.5344,12.0662,60.0889,-70.6993,97.3355,-3.7360,17.0514,12.0662,60.0889,-70.6993,97.3355,-3.7360,17.0514,-150,100,-50,-100,0,0,0
463,1786013972.8659,1786013972.8705,0.03348,15.2967,60.4396,-69.2747,98.1978,-3.7363,16.7328,13.5643,57.0065,-73.0760,98.8573,-3.7103,16.6445,13.5643,57.0065,-73.0760,98.8573,-3.7103,16.6445,50,250,-50,-200,-50,50,0
464,1786013972.8992,1786013972.9036,0.0333,15.1209,60.5275,-69.5385,97.8462,-3.7363,16.7989,13.3239,60.3496,-72.6477,98.6411,-2.2131,17.2374,13.3239,60.3496,-72.6477,98.6411,-2.2131,17.2374,-150,0,-100,-200,0,0,0
465,1786013972.9326,1786013972.9373,0.03344,14.5934,60.5275,-70.2418,98.1099,-3.7363,16.7328,12.2703,58.2469,-70.4103,98.3213,-3.9244,16.9375,12.2703,58.2469,-70.4103,98.3213,-3.9244,16.9375,-200,0,-150,50,0,-50,0
466,1786013972.966,1786013972.9709,0.0334,14.2418,60.4396,-70.9451,98.1978,-3.2967,16.8651,12.1579,57.6005,-72.2132,99.0955,-2.1091,17.4555,12.1579,57.6005,-72.2132,99.0955,-2.1091,17.4555,-100,0,-250,0,150,50,0
467,1786013972.9994,1786013973.0042,0.03336,13.8022,60.3516,-70.7692,98.1978,-3.1209,16.9312,11.9340,57.8635,-73.0313,99.0716,-2.1713,16.9521,11.9340,57.8635,-73.0313,99.0716,-2.1713,16.9521,-150,-50,100,0,50,50,0
468,1786013973.0328,1786013973.0375,0.0334,13.6264,60.3516,-70.3297,98.3736,-3.2088,17.0635,12.5800,58.8658,-75.3213,99.6696,-2.2202,17.1681,12.5800,58.8658,-75.3213,99.6696,-2.2202,17.1681,-100,0,200,50,-50,100,0
469,1786013973.0661,1786013973.071,0.03337,13.6264,60.3516,-70.6813,98.4615,-2.8571,17.0635,12.9244,58.7234,-74.2281,98.6026,-1.3798,17.1831,12.9244,58.7234,-74.2281,98.6026,-1.3798,17.1831,0,0,-100,0,100,0,0
470,1786013973.0995,1786013973.1043,0.03339,13.6264,60.4396,-72.0879,98.8132,-2.7692,17.0635,12.2871,58.8238,-75.5786,98.3745,-1.1511,16.2000,12.2871,58.8238,-75.5786,98.3745,-1.1511,16.2000,0,0,-500,100,0,0,0
471,1786013973.1329,1786013973.1378,0.03341,13.5385,60.5275,-72.7912,98.6374,-2.3297,17.0635,12.7726,59.9082,-73.2161,98.3964,-0.4265,16.7732,12.7726,59.9082,-73.2161,98.3964,-0.4265,16.7732,-50,50,-300,0,100,0,0
472,1786013973.1663,1786013973.1712,0.03342,13.3626,60.5275,-73.0549,98.5495,-1.8901,16.7328,11.6142,57.4033,-71.9624,97.4324,-0.0440,17.1041,11.6142,57.4033,-71.9624,97.4324,-0.0440,17.1041,-100,0,-100,-50,150,-50,0
473,1786013973.1997,1786013973.2041,0.0334,13.2747,60.6154,-72.9670,98.3736,-1.4505,16.6005,12.8479,58.0518,-71.8602,98.1168,-1.5807,16.9229,12.8479,58.0518,-71.8602,98.1168,-1.5807,16.9229,0,0,0,-100,200,-100,0
474,1786013973.2331,1786013973.2379,0.0334,13.1868,60.6154,-72.2637,97.9341,-1.0989,16.7989,13.7729,56.6907,-71.2937,98.8533,0.2529,16.9417,13.7729,56.6907,-71.2937,98.8533,0.2529,16.9417,0,0,250,-100,150,100,0
475,1786013973.2665,1786013973.2712,0.03334,13.1868,60.5275,-72.0000,97.9341,-1.2747,16.7328,14.1327,58.0868,-72.7080,99.9623,0.6652,16.9598,14.1327,58.0868,-72.7080,99.9623,0.6652,16.9598,0,0,100,0,-50,0,0
476,1786013973.2999,1786013973.3046,0.03342,13.6264,60.3516,-71.7363,98.2857,-1.3626,16.7989,12.6435,58.5964,-72.6367,98.7772,-0.0603,16.7012,12.6435,58.5964,-72.6367,98.7772,-0.0603,16.7012,150,-50,100,150,0,50,0
477,1786013973.3333,1786013973.3381,0.03341,13.8901,60.2637,-71.7363,98.8132,-0.5714,16.7989,13.2017,57.4328,-71.5866,98.5515,0.6599,16.7778,13.2017,57.4328,-71.5866,98.5515,0.6599,16.7778,100,0,0,200,200,0,0
478,1786013973.3667,1786013973.3715,0.03339,13.9780,60.2637,-71.7363,98.9011,-0.3956,16.7989,13.6266,59.4855,-73.0880,98.9744,-0.2616,17.0548,13.6266,59.4855,-73.0880,98.9744,-0.2616,17.0548,50,0,0,50,100,0,0
479,1786013973.4001,1786013973.4049,0.03338,13.8022,60.2637,-71.5604,98.5495,-0.4835,16.7989,14.1881,58.5656,-73.2150,100.2332,-1.4805,17.0757,14.1881,58.5656,-73.2150,100.2332,-1.4805,17.0757,-50,0,100,-100,0,0,0
480,1786013973.4334,1786013973.4382,0.03337,13.8901,60.2637,-71.5604,98.6374,-0.3077,16.7989,13.5524,58.2973,-70.5802,98.5497,-1.3113,17.1761,13.5524,58.2973,-70.5802,98.5497,-1.3113,17.1761,50,0,0,0,100,0,0
481,1786013973.4668,1786013973.4718,0.0334,14.0659,60.2637,-71.7363,99.1648,-0.9231,16.7989,13.1219,59.4919,-70.2261,100.7234,-0.1400,17.3768,13.1219,59.4919,-70.2261,100.7234,-0.1400,17.3768,50,0,-100,150,-200,0,0
482,1786013973.5002,1786013973.5051,0.0334,14.0659,60.2637,-71.3846,99.2527,-1.0989,16.7989,13.7459,58.8035,-70.8945,99.1703,-1.6989,16.7899,13.7459,58.8035,-70.8945,99.1703,-1.6989,16.7899,0,0,100,0,0,0,0
483,1786013973.5336,1786013973.5384,0.03338,14.0659,60.2637,-70.6813,99.1648,-0.8352,16.8651,13.6024,59.3428,-70.2237,98.7477,-0.6038,16.9667,13.6024,59.3428,-70.2237,98.7477,-0.6038,16.9667,0,0,300,-100,50,50,0
484,1786013973.567,1786013973.5718,0.03337,14.0659,60.2637,-70.6813,99.0769,-1.0110,16.8651,12.4712,60.9999,-70.4954,98.2658,-1.8926,17.0373,12.4712,60.9999,-70.4954,98.2658,-1.8926,17.0373,0,0,0,0,0,0,0
485,1786013973.6004,1786013973.6052,0.0334,14.0659,60.2637,-70.5055,98.8132,-1.1868,16.8651,12.8550,60.0864,-69.2467,99.0176,-2.4300,16.9479,12.8550,60.0864,-69.2467,99.0176,-2.4300,16.9479,0,0,50,-100,-50,0,0
486,1786013973.6338,1786013973.6382,0.03338,14.0659,60.7912,-70.5055,98.5495,-1.4505,16.7989,12.9007,60.6069,-70.2580,97.6877,-2.3756,16.9128,12.9007,60.6069,-70.2580,97.6877,-2.3756,16.9128,0,200,0,-50,-100,0,0
487,1786013973.6672,1786013973.6719,0.03339,14.0659,60.8791,-70.1538,98.5495,-1.9780,16.7989,12.5274,61.0933,-71.4510,98.0874,-1.7248,17.2028,12.5274,61.0933,-71.4510,98.0874,-1.7248,17.2028,0,0,100,0,-200,0,0
488,1786013973.7006,1786013973.7052,0.03341,14.0659,60.8791,-70.0659,98.1978,-1.9780,16.7989,12.9439,60.2895,-69.9016,96.6807,-1.8837,17.3602,12.9439,60.2895,-69.9016,96.6807,-1.8837,17.3602,0,0,50,-150,0,0,0
489,1786013973.734,1786013973.7384,0.03339,14.0659,61.1429,-70.6813,98.0220,-1.9780,16.8651,13.8436,61.0529,-69.6933,95.9032,-3.5275,16.8898,13.8436,61.0529,-69.6933,95.9032,-3.5275,16.8898,0,100,-200,0,0,50,0
490,1786013973.7674,1786013973.7717,0.03342,13.9780,61.1429,-70.5055,97.5824,-1.9780,17.0635,13.4713,60.7491,-69.3101,98.2551,-3.1670,17.5692,13.4713,60.7491,-69.3101,98.2551,-3.1670,17.5692,-50,0,50,-100,0,50,0
491,1786013973.8007,1786013973.805,0.03335,14.0659,61.2308,-69.9780,96.7033,-2.4176,16.9974,13.6217,62.6138,-72.1446,98.6897,-2.7161,17.6917,13.6217,62.6138,-72.1446,98.6897,-2.7161,17.6917,0,0,150,-350,-150,-50,0
492,1786013973.8342,1786013973.8388,0.03341,14.1538,61.3187,-69.8022,96.9670,-2.9451,17.1296,13.1822,59.2218,-69.4063,98.3238,-3.1507,17.0472,13.1822,59.2218,-69.4063,98.3238,-3.1507,17.0472,50,50,50,150,-100,50,0
493,1786013973.8676,1786013973.8723,0.03342,14.1538,61.6703,-70.2418,97.6703,-2.8571,17.2619,15.2009,58.3306,-69.8053,97.7698,-1.7892,16.8418,15.2009,58.3306,-69.8053,97.7698,-1.7892,16.8418,0,100,-50,300,50,50,0
494,1786013973.9009,1786013973.9055,0.03333,14.1538,62.1099,-71.0330,97.6703,-3.0330,17.1958,13.9088,58.0487,-68.8963,99.3518,-1.7545,14.6427,13.9088,58.0487,-68.8963,99.3518,-1.7545,14.6427,0,150,-300,0,-50,-50,0
495,1786013973.9344,1786013973.9389,0.03346,14.3297,61.7582,-70.5934,97.5824,-2.8571,16.9312,15.6257,59.0784,-69.8521,98.0567,-1.9112,16.3646,15.6257,59.0784,-69.8521,98.0567,-1.9112,16.3646,50,0,250,-50,50,-150,0
496,1786013973.9678,1786013973.9721,0.03341,14.7692,60.8791,-69.7143,98.1099,-2.5055,16.4683,15.2942,59.0550,-70.3404,98.3811,-2.6632,16.1565,15.2942,59.0550,-70.3404,98.3811,-2.6632,16.1565,100,-300,300,50,200,-300,0
497,1786013974.0012,1786013974.0059,0.03339,15.0330,60.7912,-69.7143,98.3736,-2.5055,15.5423,15.0151,59.0496,-69.7298,97.4425,-1.2918,16.4204,15.0151,59.0496,-69.7298,97.4425,-1.2918,16.4204,100,0,0,100,0,-550,0
498,1786013974.0345,1786013974.0392,0.03334,15.0330,60.7912,-69.7143,98.1099,-2.5055,15.7407,15.3129,59.2976,-70.5641,99.1435,-2.4408,16.5957,15.3129,59.2976,-70.5641,99.1435,-2.4408,16.5957,0,0,0,-50,0,50,0
499,1786013974.0679,1786013974.0727,0.03343,14.9451,60.7912,-69.7143,97.7582,-2.2418,16.1376,14.5229,58.7477,-68.1411,98.7858,-1.7636,16.6648,14.5229,58.7477,-68.1411,98.7858,-1.7636,16.6648,-50,0,0,-50,50,200,0
500,1786013974.1013,1786013974.2162,0.03335,14.9451,60.7912,-69.8022,98.0220,-2.1538,16.2698,13.7915,57.7779,-68.5134,95.4343,-3.8216,17.9134,13.7915,57.7779,-68.5134,95.4343,-3.8216,17.9134,0,0,0,50,50,50,1
501,1786013974.2174,1786013974.2228,0.11609,14.9451,60.7912,-68.6593,98.2857,-2.3297,16.2698,13.9320,59.6773,-68.7300,96.2820,-4.7283,17.8222,13.9320,59.6773,-68.7300,96.2820,-4.7283,17.8222,0,0,0,0,0,0,1
502,1786013974.2507,1786013974.2556,0.03336,14.9451,60.7912,-68.6593,98.2857,-2.3297,16.3360,13.7121,59.1512,-70.0233,96.7291,-5.0170,17.1774,13.7121,59.1512,-70.0233,96.7291,-5.0170,17.1774,0,0,0,0,0,0,0
503,1786013974.2841,1786013974.2889,0.03333,14.7692,60.7912,-68.6593,97.6703,-3.0330,16.8651,13.8731,59.8161,-70.9461,97.4741,-4.2579,18.2145,13.8731,59.8161,-70.9461,97.4741,-4.2579,18.2145,-50,0,0,-100,-150,300,0
504,1786013974.3175,1786013974.3223,0.03345,14.6813,60.7912,-68.9231,96.9670,-4.0000,17.0635,12.6034,59.4375,-69.2531,97.6137,-3.7743,17.6688,12.6034,59.4375,-69.2531,97.6137,-3.7743,17.6688,-50,0,-100,-250,-350,150,0
505,1786013974.3509,1786013974.3558,0.03336,14.5055,60.8791,-69.5385,97.2308,-4.0879,16.9974,14.3338,59.6317,-72.1001,98.4781,-1.7965,16.7125,14.3338,59.6317,-72.1001,98.4781,-1.7965,16.7125,-50,50,-150,150,0,-50,0
506,1786013974.3843,1786013974.3888,0.03341,14.3297,60.8791,-69.3626,97.3187,-4.0879,17.1958,14.3821,58.8970,-68.5470,99.0479,-1.9378,17.4266,14.3821,58.8970,-68.5470,99.0479,-1.9378,17.4266,-100,0,0,50,0,50,0
507,1786013974.4177,1786013974.4222,0.03348,14.2418,60.8791,-69.1868,97.5824,-3.6484,17.0635,14.3504,60.5587,-72.4612,96.0778,-1.5454,17.1095,14.3504,60.5587,-72.4612,96.0778,-1.5454,17.1095,-50,0,50,50,150,0,0
508,1786013974.4511,1786013974.4559,0.03332,14.5055,60.7912,-69.0989,97.9341,-2.9451,16.9312,14.5441,60.3427,-71.5968,96.1132,-2.1497,17.1116,14.5441,60.3427,-71.5968,96.1132,-2.1497,17.1116,100,0,50,150,200,-50,0
509,1786013974.4845,1786013974.4893,0.03339,14.5934,60.8791,-69.0110,97.5824,-2.6813,17.0635,14.3423,59.0768,-69.3604,96.8626,-0.9179,16.3879,14.3423,59.0768,-69.3604,96.8626,-0.9179,16.3879,50,0,50,0,100,50,0
510,1786013974.5179,1786013974.5227,0.0334,14.5934,61.1429,-69.8022,96.7033,-2.6813,17.0635,14.6194,59.6180,-70.1248,95.2597,-0.9919,16.6556,14.6194,59.6180,-70.1248,95.2597,-0.9919,16.6556,0,100,-250,-350,0,0,0
511,1786013974.5513,1786013974.5559,0.0334,14.5934,61.1429,-70.2418,96.7912,-2.2418,16.7328,14.3590,56.5338,-69.0441,96.6132,0.5741,16.8975,14.3590,56.5338,-69.0441,96.6132,0.5741,16.8975,0,0,-100,50,200,-150,0
512,1786013974.5847,1786013974.5892,0.03346,14.5934,61.1429,-69.8901,96.2637,-1.8022,16.7328,15.3033,58.8313,-68.4327,95.0950,-0.1709,15.6334,15.3033,58.8313,-68.4327,95.0950,-0.1709,15.6334,0,0,50,-100,200,0,0
513,1786013974.6181,1786013974.623,0.03334,14.5934,60.7912,-69.3626,95.8242,-1.2747,16.7989,15.9133,57.6057,-68.2462,96.6348,0.5637,16.5845,15.9133,57.6057,-68.2462,96.6348,0.5637,16.5845,0,-100,150,-200,250,50,0
514,1786013974.6514,1786013974.6561,0.03336,14.7692,60.1758,-68.8352,95.8242,-0.8352,16.4021,16.0579,58.0893,-70.1292,95.8008,0.2894,15.9142,16.0579,58.0893,-70.1292,95.8008,0.2894,15.9142,50,-200,150,0,50,-150,0
515,1786013974.6849,1786013974.6893,0.03344,14.8571,60.0879,-68.5714,95.6484,-0.5714,16.2037,17.1850,60.4187,-75.4158,97.0860,0.1338,16.6475,17.1850,60.4187,-75.4158,97.0860,0.1338,16.6475,50,0,100,-100,100,-50,0
516,1786013974.7182,1786013974.7229,0.03339,15.1209,60.1758,-68.7473,95.6484,-0.3956,16.0053,16.7496,58.1935,-73.6854,98.4983,-0.0842,16.6573,16.7496,58.1935,-73.6854,98.4983,-0.0842,16.6573,100,0,-50,0,50,-100,0
517,1786013974.7516,1786013974.7562,0.03336,15.5604,60.6154,-70.1538,96.1758,-0.3956,16.2037,15.2621,59.6531,-74.5258,99.7943,0.0335,17.0078,15.2621,59.6531,-74.5258,99.7943,0.0335,17.0078,100,100,-550,150,0,50,0
518,1786013974.785,1786013974.7894,0.03337,15.8242,61.0549,-72.0000,97.4066,-0.3956,16.4021,16.5057,58.3392,-72.8369,98.7499,1.2152,16.5777,16.5057,58.3392,-72.8369,98.7499,1.2152,16.5777,100,100,-650,400,0,100,0
519,1786013974.8184,1786013974.8231,0.03342,16.0879,61.1429,-72.5275,98.1099,-0.3956,16.5344,15.1293,57.1432,-72.3991,100.0197,-2.2406,16.8509,15.1293,57.1432,-72.3991,100.0197,-2.2406,16.8509,50,50,-200,300,0,50,0
520,1786013974.8518,1786013974.8563,0.03338,16.0879,61.1429,-72.2637,98.2857,0.0440,16.4683,16.0645,60.2507,-72.2394,97.9551,-0.8447,16.6271,16.0645,60.2507,-72.2394,97.9551,-0.8447,16.6271,0,0,150,50,200,0,0
521,1786013974.8852,1786013974.8901,0.03344,16.0879,60.8791,-71.9121,98.3736,0.1319,16.6005,14.5824,56.7277,-72.4509,96.8737,-1.0201,17.0274,14.5824,56.7277,-72.4509,96.8737,-1.0201,17.0274,0,-50,150,50,100,50,0
522,1786013974.9185,1786013974.9234,0.03335,16.0879,60.8791,-71.9121,98.6374,-0.4835,16.6005,14.8091,58.1830,-71.9967,96.1505,-1.4570,16.8202,14.8091,58.1830,-71.9967,96.1505,-1.4570,16.8202,0,-50,0,150,-200,0,0
523,1786013974.9519,1786013974.9568,0.03341,15.9121,61.1429,-71.9121,97.9341,-0.7473,16.7328,15.6431,61.3071,-71.6555,97.2927,-0.5740,17.8187,15.6431,61.3071,-71.6555,97.2927,-0.5740,17.8187,-50,100,0,-250,-100,50,0
524,1786013974.9854,1786013974.9902,0.03341,15.6484,61.1429,-71.8242,96.7912,-1.0110,16.7328,14.4341,58.4633,-70.0272,95.6941,-2.5549,17.1469,14.4341,58.4633,-70.0272,95.6941,-2.5549,17.1469,-100,0,0,-350,-100,0,0
525,1786013975.0187,1786013975.0238,0.03338,15.5604,61.1429,-71.7363,97.0549,-1.0110,17.0635,13.1095,56.2960,-68.1999,96.9991,-3.9399,16.7805,13.1095,56.2960,-68.1999,96.9991,-3.9399,16.7805,0,0,50,50,0,200,0
526,1786013975.0521,1786013975.0569,0.0334,15.4725,61.0549,-71.0330,96.9670,-1.3626,17.1958,14.4132,60.0647,-73.2136,96.0128,-1.6837,17.5760,14.4132,60.0647,-73.2136,96.0128,-1.6837,17.5760,0,-50,250,50,-150,100,0
527,1786013975.0855,1786013975.0903,0.03338,15.0330,60.6154,-69.7143,96.1758,-2.5934,16.9974,11.8724,60.5850,-72.6944,96.7860,-2.4964,17.4856,11.8724,60.5850,-72.6944,96.7860,-2.4964,17.4856,-150,-100,450,-300,-400,-100,0
528,1786013975.1189,1786013975.1238,0.03337,14.9451,60.1758,-69.0989,96.2637,-2.8571,17.1958,14.1444,59.5127,-71.2449,97.4928,-2.7600,17.0126,14.1444,59.5127,-71.2449,97.4928,-2.7600,17.0126,0,-100,300,0,-150,150,0
529,1786013975.1523,1786013975.1571,0.03338,14.8571,60.1758,-69.8901,96.6154,-2.5934,17.2619,12.8006,60.5592,-71.4218,96.5797,-2.5850,17.0972,12.8006,60.5592,-71.4218,96.5797,-2.5850,17.0972,0,-50,-300,100,100,50,0
530,1786013975.1857,1786013975.1906,0.03347,14.7692,60.7912,-70.8571,96.7033,-2.5934,17.1296,13.0706,60.8807,-71.8736,96.5263,-3.4588,17.2845,13.0706,60.8807,-71.8736,96.5263,-3.4588,17.2845,-50,250,-250,0,0,-50,0
531,1786013975.2191,1786013975.2239,0.03334,14.4176,61.1429,-70.7692,96.6154,-2.6813,17.1296,12.7547,60.1520,-71.3633,97.2007,-2.2194,17.4389,12.7547,60.1520,-71.3633,97.2007,-2.2194,17.4389,-150,50,-50,-50,0,0,0
532,1786013975.2525,1786013975.2572,0.03341,14.3297,61.2308,-70.7692,96.5275,-3.0330,17.1296,11.7480,61.1439,-72.7791,97.2878,-4.3324,17.3579,11.7480,61.1439,-72.7791,97.2878,-4.3324,17.3579,0,50,-50,-50,-150,0,0
533,1786013975.2859,1786013975.2908,0.03338,14.2418,61.2308,-70.7692,96.7912,-2.8571,17.1296,11.9181,60.8548,-70.6872,94.1813,-6.8082,17.5163,11.9181,60.8548,-70.6872,94.1813,-6.8082,17.5163,0,0,0,50,-50,0,0
534,1786013975.3193,1786013975.3241,0.03344,13.9780,61.4066,-71.1209,96.7912,-2.8571,17.1296,11.4461,60.3029,-72.7992,95.3458,-4.3675,17.2389,11.4461,60.3029,-72.7992,95.3458,-4.3675,17.2389,-100,100,-50,50,50,0,0
535,1786013975.3526,1786013975.3575,0.03335,13.8022,61.5824,-71.3846,96.3516,-4.0879,17.1296,13.4296,61.7520,-70.5450,96.4442,-4.4471,17.6228,13.4296,61.7520,-70.5450,96.4442,-4.4471,17.6228,-50,50,-100,-100,-400,0,0
536,1786013975.386,1786013975.3907,0.0334,13.5385,61.5824,-71.4725,95.4725,-5.4066,17.1296,12.6240,61.3259,-67.6785,94.6746,-4.9397,17.3447,12.6240,61.3259,-67.6785,94.6746,-4.9397,17.3447,-100,0,0,-300,-400,0,0
537,1786013975.4195,1786013975.4241,0.03343,13.4505,61.9341,-71.2088,95.6484,-5.5824,17.2619,13.1335,61.1302,-67.8213,94.3096,-4.9484,17.1461,13.1335,61.1302,-67.8213,94.3096,-4.9484,17.1461,-50,100,0,150,-100,100,0
538,1786013975.4528,1786013975.4578,0.03333,13.7143,61.9341,-69.9780,95.9121,-5.3187,17.2619,12.0335,62.5877,-68.8278,95.8986,-4.6546,17.2983,12.0335,62.5877,-68.8278,95.8986,-4.6546,17.2983,50,50,450,150,100,0,0
539,1786013975.4862,1786013975.4911,0.03337,13.8901,61.9341,-69.0110,95.1209,-5.3187,17.2619,12.3843,62.0801,-68.3658,94.6984,-4.1110,17.3572,12.3843,62.0801,-68.3658,94.6984,-4.1110,17.3572,50,0,250,-250,0,0,0
540,1786013975.5196,1786013975.5246,0.03346,13.8901,62.1978,-69.0989,94.7692,-5.3187,17.2619,12.3156,63.6947,-70.5940,95.3207,-3.3073,17.6592,12.3156,63.6947,-70.5940,95.3207,-3.3073,17.6592,0,100,0,-50,0,0,0
541,1786013975.553,1786013975.5578,0.03336,13.8022,62.2857,-69.3626,94.7692,-5.2308,17.2619,12.8774,61.8825,-68.8785,95.5664,-3.4932,17.5811,12.8774,61.8825,-68.8785,95.5664,-3.4932,17.5811,0,0,-100,0,0,0,0
542,1786013975.5864,1786013975.5909,0.03339,13.8022,62.4615,-69.4505,94.7692,-4.7912,17.3942,12.6909,60.8792,-69.0598,94.5271,-3.2724,17.2395,12.6909,60.8792,-69.0598,94.5271,-3.2724,17.2395,0,50,-50,0,100,50,0
543,1786013975.6198,1786013975.6242,0.03344,13.8022,62.8132,-70.0659,94.8571,-4.6154,17.3942,13.0851,61.3360,-69.2823,94.3641,-2.8828,17.6763,13.0851,61.3360,-69.2823,94.3641,-2.8828,17.6763,0,150,-250,0,100,0,0
544,1786013975.6532,1786013975.658,0.03336,13.8022,62.5495,-69.5385,94.5055,-4.3516,17.3942,11.7570,61.4359,-67.6760,94.0867,-2.8910,17.6391,11.7570,61.4359,-67.6760,94.0867,-2.8910,17.6391,0,-150,200,-100,100,0,0
545,1786013975.6866,1786013975.691,0.03337,13.8022,62.3736,-69.4505,94.4176,-4.0879,17.3942,11.4860,62.2844,-71.2472,94.2874,-3.6965,17.7989,11.4860,62.2844,-71.2472,94.2874,-3.6965,17.7989,0,-100,0,-50,100,0,0
546,1786013975.72,1786013975.7247,0.03345,13.7143,62.3736,-69.2747,94.2418,-3.9121,17.3942,12.5448,61.4356,-70.0305,93.9648,-5.3306,17.1417,12.5448,61.4356,-70.0305,93.9648,-5.3306,17.1417,-50,0,0,-100,100,0,0
547,1786013975.7534,1786013975.7578,0.03339,13.6264,62.3736,-68.9231,94.2418,-4.1758,17.4603,12.4817,62.5480,-70.1336,95.9202,-3.2452,16.5257,12.4817,62.5480,-70.1336,95.9202,-3.2452,16.5257,0,0,150,0,-100,0,0
548,1786013975.7868,1786013975.791,0.03337,13.6264,62.3736,-69.0110,94.1538,-4.6154,17.2619,12.5296,63.0435,-68.0283,98.0703,-3.4292,12.1405,12.5296,63.0435,-68.0283,98.0703,-3.4292,12.1405,0,0,-50,0,-200,-100,0
549,1786013975.8202,1786013975.8246,0.03341,13.6264,62.5495,-69.4505,94.4176,-4.9670,16.8651,12.5305,61.5564,-66.7094,96.3446,-4.1689,10.6235,12.5305,61.5564,-66.7094,96.3446,-4.1689,10.6235,0,100,-150,150,-150,-150,0
550,1786013975.8536,1786013975.9662,0.03337,13.6264,62.8132,-69.4505,95.7363,-4.6154,16.2698,13.6052,61.8473,-72.7732,97.6795,-7.5355,17.5120,13.6052,61.8473,-72.7732,97.6795,-7.5355,17.5120,0,50,-50,400,150,-150,1
551,1786013975.9673,1786013975.9721,0.11374,13.6264,62.1099,-67.6923,95.8242,-4.6154,11.8386,14.8632,62.1722,-72.3618,96.2787,-7.5290,17.8837,14.8632,62.1722,-72.3618,96.2787,-7.5290,17.8837,0,0,50,50,0,-350,1
552,1786013976.0007,1786013976.0052,0.03339,13.6264,62.1099,-67.6923,95.8242,-4.7033,11.5741,14.0718,60.7276,-71.5259,96.5664,-7.4220,17.8662,14.0718,60.7276,-71.5259,96.5664,-7.4220,17.8662,0,0,50,0,0,-100,0
553,1786013976.034,1786013976.0384,0.03335,13.9780,62.1978,-68.2198,95.8242,-5.4945,11.7063,14.4869,61.0688,-70.3914,94.4738,-8.8779,18.1238,14.4869,61.0688,-70.3914,94.4738,-8.8779,18.1238,150,50,-100,0,-250,150,0
554,1786013976.0674,1786013976.0718,0.03337,14.3297,62.2857,-69.1868,95.8242,-6.5495,13.4259,13.5262,59.4390,-72.0844,95.7988,-6.2140,17.7123,13.5262,59.4390,-72.0844,95.7988,-6.2140,17.7123,50,0,-350,0,-400,650,0
555,1786013976.1008,1786013976.1053,0.03343,14.4176,62.2857,-69.8022,95.5604,-7.5165,15.3439,13.3164,62.0393,-70.3962,93.6802,-8.6318,18.1123,13.3164,62.0393,-70.3962,93.6802,-8.6318,18.1123,50,0,-350,-150,-300,900,0
556,1786013976.1342,1786013976.1386,0.03335,14.1538,62.2857,-70.0659,94.9451,-7.6923,16.4021,12.7463,59.8334,-67.2977,94.0815,-6.0876,18.1861,12.7463,59.8334,-67.2977,94.0815,-6.0876,18.1861,-100,0,-50,-150,-50,400,0
557,1786013976.1676,1786013976.1719,0.03338,13.8901,62.2857,-70.3297,94.5934,-7.5165,16.8651,12.5938,60.1270,-68.0561,93.1200,-9.0993,17.8957,12.5938,60.1270,-68.0561,93.1200,-9.0993,17.8957,-100,0,-50,-100,50,250,0
558,1786013976.201,1786013976.2053,0.03339,13.7143,62.2857,-69.6264,94.2418,-7.2527,17.1958,13.0011,62.7266,-72.4290,92.7452,-7.6268,18.2785,13.0011,62.7266,-72.4290,92.7452,-7.6268,18.2785,-100,0,300,-150,0,150,0
559,1786013976.2343,1786013976.2388,0.0334,13.7143,62.1978,-68.4835,93.8901,-7.0769,17.3942,11.8275,62.3566,-70.5578,90.8888,-7.5897,18.3897,11.8275,62.3566,-70.5578,90.8888,-7.5897,18.3897,0,-50,400,-200,100,100,0
560,1786013976.2677,1786013976.2721,0.03339,13.7143,62.3736,-68.4835,93.0989,-7.5165,17.7249,12.1706,63.3087,-70.7080,91.5171,-7.4213,18.5039,12.1706,63.3087,-70.7080,91.5171,-7.4213,18.5039,0,50,0,-250,-150,150,0
561,1786013976.3011,1786013976.3054,0.03338,13.6264,62.9890,-69.4505,92.3077,-7.6044,17.9894,12.1690,61.3227,-68.1861,91.1630,-7.0304,18.4493,12.1690,61.3227,-68.1861,91.1630,-7.0304,18.4493,0,200,-350,-300,-50,100,0
562,1786013976.3345,1786013976.3389,0.03339,13.4505,63.2527,-69.8022,91.6044,-7.6044,18.0556,12.7252,61.5313,-71.8811,92.3662,-6.6488,18.1170,12.7252,61.5313,-71.8811,92.3662,-6.6488,18.1170,0,150,-200,-200,0,50,0
563,1786013976.3679,1786013976.3722,0.0334,13.4505,63.1648,-69.5385,91.6044,-7.6044,18.0556,13.7816,62.0368,-69.2539,94.0250,-5.6450,18.4985,13.7816,62.0368,-69.2539,94.0250,-5.6450,18.4985,0,0,100,-50,0,0,0
564,1786013976.4013,1786013976.4056,0.03338,13.4505,62.9890,-68.9231,91.7802,-7.6044,18.0556,12.6981,62.1487,-69.3551,93.5811,-7.0429,18.3562,12.6981,62.1487,-69.3551,93.5811,-7.0429,18.3562,0,-100,150,50,0,0,0
565,1786013976.4347,1786013976.439,0.03338,13.7143,62.9890,-69.0110,92.4835,-7.1648,18.1878,11.9489,61.3200,-67.4829,93.4342,-7.8402,18.1703,11.9489,61.3200,-67.4829,93.4342,-7.8402,18.1703,50,0,0,250,100,100,0
566,1786013976.468,1786013976.4726,0.03337,13.7143,62.9890,-69.1868,92.6593,-7.1648,18.1878,12.2821,61.0557,-70.1587,94.8632,-7.4158,17.9240,12.2821,61.0557,-70.1587,94.8632,-7.4158,17.9240,0,0,-50,150,0,0,0
567,1786013976.5014,1786013976.5058,0.03338,13.6264,62.9890,-68.8352,92.6593,-7.6923,18.1878,12.3546,61.3234,-69.1553,94.6762,-7.3005,18.2056,12.3546,61.3234,-69.1553,94.6762,-7.3005,18.2056,0,0,200,0,-150,0,0
568,1786013976.5348,1786013976.5391,0.03337,13.5385,62.9890,-68.7473,93.1868,-7.6923,18.1878,12.4273,63.0408,-70.7078,95.6109,-7.2098,18.4736,12.4273,63.0408,-70.7078,95.6109,-7.2098,18.4736,-50,0,0,250,0,0,0
569,1786013976.5682,1786013976.5725,0.03337,13.5385,62.9890,-68.7473,93.5385,-7.6923,18.1878,12.2838,62.7206,-68.6926,95.7958,-6.8771,18.1823,12.2838,62.7206,-68.6926,95.7958,-6.8771,18.1823,0,0,0,200,0,0,0
570,1786013976.6016,1786013976.6059,0.0334,13.5385,63.1648,-69.5385,93.9780,-7.6923,18.1878,10.4237,62.0669,-68.8210,95.5025,-6.9993,18.0700,10.4237,62.0669,-68.8210,95.5025,-6.9993,18.0700,0,100,-350,150,0,0,0
571,1786013976.6349,1786013976.6392,0.03335,13.5385,63.3407,-69.8022,94.4176,-7.6923,18.1878,11.7166,63.2547,-68.2219,94.1891,-7.6464,18.0303,11.7166,63.2547,-68.2219,94.1891,-7.6464,18.0303,0,100,-150,150,0,0,0
572,1786013976.6683,1786013976.673,0.03343,13.3626,63.2527,-69.5385,94.4176,-7.6923,18.1878,10.8682,61.6912,-69.4161,93.8945,-8.7957,18.1064,10.8682,61.6912,-69.4161,93.8945,-8.7957,18.1064,-50,-50,100,0,0,0,0
573,1786013976.7018,1786013976.7065,0.03342,13.0989,63.3407,-69.1868,94.1538,-7.7802,18.1878,11.6883,65.1225,-71.5655,95.7249,-8.0037,17.9319,11.6883,65.1225,-71.5655,95.7249,-8.0037,17.9319,-50,50,100,-50,-50,0,0
574,1786013976.7351,1786013976.7399,0.03339,13.0989,63.4286,-69.3626,93.8901,-8.2198,18.1878,10.8367,63.8285,-70.1179,94.6065,-6.8582,18.4442,10.8367,63.8285,-70.1179,94.6065,-6.8582,18.4442,0,50,-50,-100,-150,0,0
575,1786013976.7685,1786013976.7731,0.03339,13.0989,63.4286,-69.8901,94.3297,-8.3956,18.1878,11.8808,64.5996,-70.9132,93.8273,-7.7194,18.0668,11.8808,64.5996,-70.9132,93.8273,-7.7194,18.0668,0,0,-100,200,-50,0,0
576,1786013976.8019,1786013976.8065,0.03339,13.0989,63.7802,-70.5934,94.5934,-7.9560,18.1878,10.8339,61.6761,-70.8871,93.2415,-9.9578,19.3766,10.8339,61.6761,-70.8871,93.2415,-9.9578,19.3766,0,150,-200,150,150,0,0
577,1786013976.8353,1786013976.8401,0.03339,13.0989,64.3077,-70.9451,93.9780,-8.1319,18.1878,11.9588,62.7628,-71.4311,93.7144,-9.1578,18.7409,11.9588,62.7628,-71.4311,93.7144,-9.1578,18.7409,0,200,-150,-200,0,0,0
578,1786013976.8687,1786013976.8736,0.03343,13.0989,64.1319,-70.5055,93.5385,-8.8352,18.4524,10.6136,62.3950,-68.8094,93.4493,-8.3784,18.9483,10.6136,62.3950,-68.8094,93.4493,-8.3784,18.9483,0,0,150,-100,-200,50,0
579,1786013976.9021,1786013976.907,0.0334,13.0989,63.8681,-70.6813,93.5385,-9.2747,18.7169,11.0148,62.7460,-71.5702,93.8036,-8.9121,18.7077,11.0148,62.7460,-71.5702,93.8036,-8.9121,18.7077,0,-100,-100,0,-100,150,0
580,1786013976.9356,1786013976.9404,0.03343,13.0110,63.7802,-70.4176,93.5385,-9.1868,18.6508,10.8910,62.7808,-69.3512,93.2861,-8.2360,18.7565,10.8910,62.7808,-69.3512,93.2861,-8.2360,18.7565,0,-50,0,0,0,0,0
581,1786013976.9689,1786013976.9733,0.03331,12.9231,63.7802,-69.9780,93.5385,-9.1868,18.6508,10.3724,63.6254,-70.9224,91.2758,-9.9792,18.5458,10.3724,63.6254,-70.9224,91.2758,-9.9792,18.5458,0,0,150,0,0,0,0
582,1786013977.0023,1786013977.0067,0.03341,12.9231,63.7802,-69.8022,93.3626,-9.1868,18.6508,10.9277,62.6101,-69.6011,93.0415,-9.0642,18.5871,10.9277,62.6101,-69.6011,93.0415,-9.0642,18.5871,0,0,50,0,0,0,0
583,1786013977.0357,1786013977.0402,0.03345,12.9231,63.8681,-69.9780,92.6593,-9.4505,18.6508,11.4506,63.1696,-69.2061,91.6418,-9.3907,18.6431,11.4506,63.1696,-69.2061,91.6418,-9.3907,18.6431,0,0,100,-300,0,0,0
584,1786013977.0691,1786013977.0736,0.03334,12.9231,63.8681,-70.1538,91.8681,-9.8022,18.6508,11.2356,65.2519,-69.3616,92.1023,-8.3791,18.6922,11.2356,65.2519,-69.3616,92.1023,-8.3791,18.6922,0,50,-150,-250,-150,0,0
585,1786013977.1024,1786013977.1072,0.03337,12.9231,63.8681,-69.7143,91.8681,-9.7143,18.6508,11.7853,64.6479,-70.8388,91.7272,-9.0917,18.5758,11.7853,64.6479,-70.8388,91.7272,-9.0917,18.5758,0,0,200,0,50,0,0
586,1786013977.136,1786013977.1409,0.03351,12.9231,64.4835,-70.0659,91.8681,-9.5385,18.6508,12.2453,65.8290,-70.1333,91.5134,-8.9363,18.6424,12.2453,65.8290,-70.1333,91.5134,-8.9363,18.6424,0,250,-100,0,0,0,0
587,1786013977.1693,1786013977.174,0.0333,12.9231,64.7473,-70.3297,91.7802,-9.5385,18.6508,11.7344,65.8940,-70.0918,90.3792,-10.6921,18.9989,11.7344,65.8940,-70.0918,90.3792,-10.6921,18.9989,0,200,-100,0,0,0,0
588,1786013977.2026,1786013977.2075,0.03337,12.9231,64.8352,-70.4176,91.6044,-9.5385,18.6508,10.4888,64.5641,-70.2469,92.1870,-9.8999,19.0118,10.4888,64.5641,-70.2469,92.1870,-9.8999,19.0118,0,0,0,-50,0,0,0
589,1786013977.2361,1786013977.2409,0.03344,12.9231,65.2747,-70.5055,90.9890,-9.8901,18.7169,10.6592,63.9282,-68.8527,91.0598,-10.2167,18.9312,10.6592,63.9282,-68.8527,91.0598,-10.2167,18.9312,0,150,0,-200,-50,50,0
590,1786013977.2694,1786013977.2741,0.03335,12.9231,65.3626,-70.5055,90.9890,-10.3297,18.7169,10.5270,65.4466,-69.7997,92.0952,-11.2349,18.8913,10.5270,65.4466,-69.7997,92.0952,-11.2349,18.8913,0,50,0,50,-200,0,0
591,1786013977.3028,1786013977.3077,0.03337,12.8352,65.0110,-70.1538,91.2527,-10.3297,18.7169,9.6199,63.9232,-71.4943,92.9617,-10.6718,18.6284,9.6199,63.9232,-71.4943,92.9617,-10.6718,18.6284,-50,-100,150,150,0,0,0
592,1786013977.3362,1786013977.3409,0.03343,12.7473,65.0110,-69.9780,91.2527,-10.6813,18.7169,9.7667,64.9287,-71.4691,92.3297,-11.0742,18.4587,9.7667,64.9287,-71.4691,92.3297,-11.0742,18.4587,-50,0,0,0,-50,0,0
593,1786013977.3696,1786013977.3744,0.03339,12.6593,65.1868,-70.6813,91.5165,-10.8571,18.7169,8.4468,63.3812,-73.3760,94.6876,-11.4777,19.0864,8.4468,63.3812,-73.3760,94.6876,-11.4777,19.0864,0,0,-250,100,-100,0,0
594,1786013977.403,1786013977.4077,0.03337,12.4835,65.1868,-70.9451,91.6044,-10.9451,18.6508,10.6156,67.4265,-75.1594,92.5158,-14.5917,19.1903,10.6156,67.4265,-75.1594,92.5158,-14.5917,19.1903,-50,0,-100,0,0,-50,0
595,1786013977.4364,1786013977.4412,0.03343,12.1319,65.1868,-71.5604,92.2198,-11.2967,18.7831,11.2703,67.2312,-71.8568,92.8726,-10.7294,18.8515,11.2703,67.2312,-71.8568,92.8726,-10.7294,18.8515,-200,0,-250,150,-100,50,0
596,1786013977.4698,1786013977.4747,0.0334,11.9560,65.0989,-72.9670,93.0989,-12.0879,18.9153,8.9191,64.5487,-74.6396,94.1892,-10.9312,19.0014,8.9191,64.5487,-74.6396,94.1892,-10.9312,19.0014,-100,0,-450,300,-200,50,0
597,1786013977.5032,1786013977.508,0.03338,11.9560,65.7143,-73.4945,92.7473,-13.2308,18.9153,8.9421,62.5655,-73.1442,95.2131,-9.8850,16.1707,8.9421,62.5655,-73.1442,95.2131,-9.8850,16.1707,0,100,-200,-250,-400,0,0
598,1786013977.5366,1786013977.5415,0.03339,12.0440,66.6813,-73.8462,92.5714,-13.0549,18.9153,10.1520,62.7085,-72.2212,95.8699,-12.3841,18.2469,10.1520,62.7085,-72.2212,95.8699,-12.3841,18.2469,50,400,-200,-100,150,0,0
599,1786013977.57,1786013977.5747,0.03339,12.0440,66.5934,-73.4945,93.3626,-12.0000,18.5185,9.2860,62.2231,-71.9509,94.3031,-13.1689,17.9497,9.2860,62.2231,-71.9509,94.3031,-13.1689,17.9497,0,-100,50,300,350,-200,0
600,1786013977.6033,1786013977.7135,0.03336,12.0440,65.4505,-72.7033,94.0659,-11.5604,17.7910,10.3942,65.0033,-77.9935,94.5365,-12.2663,19.2523,10.3942,65.0033,-77.9935,94.5365,-12.2663,19.2523,0,-300,300,200,150,-450,1
601,1786013977.7147,1786013977.72,0.11134,11.4286,64.4835,-72.3516,93.8901,-12.8791,17.9233,10.5935,62.3944,-75.0522,97.7299,-12.7715,18.8209,10.5935,62.3944,-75.0522,97.7299,-12.7715,18.8209,0,0,0,0,0,0,1
602,1786013977.748,1786013977.7526,0.03334,11.4286,64.4835,-72.3516,93.8901,-12.8791,17.9233,11.0219,62.1605,-73.9237,95.1785,-12.4629,18.9805,11.0219,62.1605,-73.9237,95.1785,-12.4629,18.9805,0,0,0,0,0,0,0
603,1786013977.7814,1786013977.7859,0.03336,11.4286,64.4835,-72.7912,94.6813,-12.8791,18.2540,9.0209,64.0368,-74.0364,95.4509,-12.4265,18.9890,9.0209,64.0368,-74.0364,95.4509,-12.4265,18.9890,0,0,-150,350,0,100,0
604,1786013977.8148,1786013977.8191,0.0334,11.6044,64.4835,-73.5824,95.9121,-12.8791,18.5185,10.0968,63.7213,-73.4176,94.6127,-12.2142,18.8925,10.0968,63.7213,-73.4176,94.6127,-12.2142,18.8925,50,0,-200,500,0,100,0
605,1786013977.8482,1786013977.8526,0.03345,11.5165,64.5714,-73.5824,95.9121,-12.8791,18.5847,10.4934,62.2614,-73.8540,93.9012,-11.1285,18.6540,10.4934,62.2614,-73.8540,93.9012,-11.1285,18.6540,0,0,-50,50,0,0,0
606,1786013977.8816,1786013977.8864,0.03335,11.3407,64.6593,-73.4066,95.0330,-12.8791,18.5847,11.9722,67.3759,-75.3095,94.0215,-10.9093,18.4459,11.9722,67.3759,-75.3095,94.0215,-10.9093,18.4459,-100,0,50,-350,0,0,0
607,1786013977.915,1786013977.9197,0.0334,11.5165,64.5714,-73.4066,94.4176,-12.5275,18.5185,11.7097,64.8222,-74.8689,94.9979,-12.4002,18.7218,11.7097,64.8222,-74.8689,94.9979,-12.4002,18.7218,50,-50,0,-250,250,-50,0
608,1786013977.9484,1786013977.9534,0.03342,11.8681,64.6593,-73.6703,94.4176,-12.0879,18.5185,12.6552,67.1992,-76.9223,95.5604,-10.6341,19.1147,12.6552,67.1992,-76.9223,95.5604,-10.6341,19.1147,150,0,0,0,150,0,0
609,1786013977.9818,1786013977.9866,0.0334,11.9560,65.2747,-74.0220,94.4176,-12.2637,18.5847,11.8533,65.9280,-76.6914,94.2583,-10.1995,18.3829,11.8533,65.9280,-76.6914,94.2583,-10.1995,18.3829,50,250,-100,0,-100,0,0
610,1786013978.0151,1786013978.02,0.03338,12.3077,66.1538,-74.3736,94.5934,-12.3516,18.7169,13.4690,64.4718,-74.7668,94.8486,-9.8587,18.6570,13.4690,64.4718,-74.7668,94.8486,-9.8587,18.6570,100,250,-150,100,50,50,0
611,1786013978.0485,1786013978.0534,0.0334,12.3956,66.7692,-75.2527,94.3297,-11.6484,18.5185,12.8907,65.3357,-75.3017,94.3495,-10.0471,18.3275,12.8907,65.3357,-75.3017,94.3495,-10.0471,18.3275,0,200,-350,-50,250,-150,0
612,1786013978.0819,1786013978.0871,0.03337,12.6593,66.5055,-75.0769,94.2418,-11.2088,18.5185,13.0138,64.7261,-72.8128,93.9518,-10.4163,18.2462,13.0138,64.7261,-72.8128,93.9518,-10.4163,18.2462,50,-100,0,0,100,0,0
613,1786013978.1153,1786013978.1202,0.03341,12.9231,66.2418,-74.8132,94.2418,-11.1209,18.4524,11.9967,65.2195,-73.2633,93.8504,-10.3040,18.2317,11.9967,65.2195,-73.2633,93.8504,-10.3040,18.2317,100,-150,50,50,0,-50,0
614,1786013978.1487,1786013978.1536,0.03338,13.0110,66.2418,-74.5495,93.9780,-11.1209,18.3862,13.8127,66.0650,-74.2572,94.2035,-10.5024,18.3891,13.8127,66.0650,-74.2572,94.2035,-10.5024,18.3891,0,0,50,-100,0,-50,0
615,1786013978.1821,1786013978.1869,0.03335,13.0110,66.2418,-74.0220,93.8901,-11.1209,18.3862,12.6980,65.1246,-75.4382,94.0167,-10.4287,18.0654,12.6980,65.1246,-75.4382,94.0167,-10.4287,18.0654,0,0,200,0,0,0,0
616,1786013978.2154,1786013978.2203,0.03338,13.0989,66.2418,-74.1099,93.8901,-11.1209,18.4524,13.7054,65.6358,-73.9677,93.8334,-11.0081,18.3880,13.7054,65.6358,-73.9677,93.8334,-11.0081,18.3880,50,0,-50,0,0,50,0
617,1786013978.2489,1786013978.2533,0.03342,13.2747,66.2418,-74.5495,93.8901,-11.1209,18.3201,14.6504,66.5913,-75.4940,94.6188,-10.2641,18.6860,14.6504,66.5913,-75.4940,94.6188,-10.2641,18.6860,50,0,-150,0,0,-100,0
618,1786013978.2823,1786013978.2871,0.03345,13.3626,66.2418,-74.3736,93.8901,-11.1209,18.3201,13.9818,65.7165,-75.2609,94.8531,-10.7132,18.5722,13.9818,65.7165,-75.2609,94.8531,-10.7132,18.5722,0,0,0,0,0,0,0
619,1786013978.3157,1786013978.3205,0.03336,13.5385,66.4176,-74.1978,93.9780,-11.1209,18.3201,14.8773,65.3479,-74.3929,94.4401,-9.8710,18.9462,14.8773,65.3479,-74.3929,94.4401,-9.8710,18.9462,50,50,50,50,0,0,0
620,1786013978.349,1786013978.3539,0.03337,13.6264,66.5055,-74.5495,94.0659,-11.1209,18.3201,13.9547,63.2891,-71.2501,94.8794,-9.9407,18.7396,13.9547,63.2891,-71.2501,94.8794,-9.9407,18.7396,50,50,-150,50,0,0,0
621,1786013978.3824,1786013978.3872,0.03341,13.8022,66.5055,-74.3736,94.0659,-10.9451,18.4524,13.7829,66.6001,-70.7260,92.6671,-10.0111,18.6179,13.7829,66.6001,-70.7260,92.6671,-10.0111,18.6179,0,0,50,0,50,100,0
622,1786013978.4158,1786013978.4206,0.0334,13.8022,66.0659,-73.5824,94.0659,-10.7692,18.4524,13.6443,62.7968,-71.0403,93.9869,-11.5961,18.6861,13.6443,62.7968,-71.0403,93.9869,-11.5961,18.6861,0,-250,300,0,50,0,0
623,1786013978.4492,1786013978.454,0.03338,13.8901,65.4505,-72.3516,93.7143,-10.7692,18.4524,12.5545,65.4140,-72.5149,92.9853,-11.8502,18.7086,12.5545,65.4140,-72.5149,92.9853,-11.8502,18.7086,50,-250,350,-50,0,0,0
624,1786013978.4827,1786013978.4876,0.03343,13.8022,65.1868,-72.0000,93.0989,-11.0330,18.4524,12.6958,64.9685,-71.9265,92.5652,-11.0103,19.0879,12.6958,64.9685,-71.9265,92.5652,-11.0103,19.0879,0,-100,200,-250,-100,0,0
625,1786013978.5161,1786013978.5205,0.0334,13.7143,65.1868,-72.0000,93.0989,-11.4725,18.4524,12.7153,66.4136,-71.3568,91.6205,-11.3729,19.1603,12.7153,66.4136,-71.3568,91.6205,-11.3729,19.1603,-50,0,0,0,-100,0,0
626,1786013978.5495,1786013978.5542,0.03339,13.5385,65.6264,-72.0879,92.7473,-11.4725,18.6508,12.5797,65.5727,-71.5382,93.2308,-10.5073,18.9559,12.5797,65.5727,-71.5382,93.2308,-10.5073,18.9559,-50,150,0,-150,0,100,0
627,1786013978.5828,1786013978.5876,0.03335,13.4505,65.8901,-72.0000,92.1319,-11.4725,18.7831,12.4845,63.8490,-69.6936,93.4311,-11.2113,18.8358,12.4845,63.8490,-69.6936,93.4311,-11.2113,18.8358,0,100,50,-250,0,50,0
628,1786013978.6162,1786013978.621,0.03341,13.4505,66.0659,-72.0000,92.2198,-11.4725,18.7831,14.1753,64.2801,-71.6212,93.9554,-10.4967,18.8196,14.1753,64.2801,-71.6212,93.9554,-10.4967,18.8196,0,0,0,50,0,0,0
629,1786013978.6496,1786013978.654,0.03341,13.4505,65.6264,-71.3846,92.6593,-11.5604,18.7831,12.8705,64.0260,-70.1409,93.6417,-11.2582,19.0852,12.8705,64.0260,-70.1409,93.6417,-11.2582,19.0852,0,-50,300,200,-50,0,0
630,1786013978.6831,1786013978.6874,0.03343,13.6264,65.3626,-70.8571,92.8352,-11.3846,18.7831,15.5375,63.9116,-71.3385,96.5140,-10.2812,19.0574,15.5375,63.9116,-71.3385,96.5140,-10.2812,19.0574,100,-100,250,100,50,0,0
631,1786013978.7165,1786013978.7209,0.0334,13.8022,65.3626,-70.7692,92.8352,-11.4725,18.8492,13.8599,63.9720,-71.0118,93.7729,-11.6450,18.7259,13.8599,63.9720,-71.0118,93.7729,-11.6450,18.7259,50,0,50,0,-50,0,0
632,1786013978.7499,1786013978.7545,0.03341,13.8901,65.3626,-70.8571,93.4505,-11.3846,18.8492,14.6644,63.6260,-71.1844,93.6729,-12.2167,18.9538,14.6644,63.6260,-71.1844,93.6729,-12.2167,18.9538,0,0,-50,100,0,0,0
633,1786013978.7832,1786013978.7875,0.03331,13.8901,65.2747,-71.1209,94.4176,-11.3846,18.8492,14.3948,64.4977,-72.7299,93.8922,-11.4070,18.9867,14.3948,64.4977,-72.7299,93.8922,-11.4070,18.9867,0,-50,-150,350,50,0,0
634,1786013978.8166,1786013978.8213,0.03344,13.8901,65.2747,-71.0330,94.3297,-11.9121,18.8492,14.3068,64.6275,-69.1967,94.0112,-10.1652,18.4835,14.3068,64.6275,-69.1967,94.0112,-10.1652,18.4835,0,0,50,-50,-200,0,0
635,1786013978.85,1786013978.8549,0.03335,13.9780,65.2747,-71.3846,93.7143,-11.9121,18.8492,14.9338,62.3091,-70.0616,92.6379,-10.7075,18.9789,14.9338,62.3091,-70.0616,92.6379,-10.7075,18.9789,50,0,-200,-250,0,0,0
636,1786013978.8834,1786013978.8879,0.03345,13.9780,65.2747,-71.7363,93.7143,-11.4725,18.7169,14.6929,62.3653,-70.1579,94.2421,-9.4956,18.7475,14.6929,62.3653,-70.1579,94.2421,-9.4956,18.7475,0,0,-200,0,150,-50,0
637,1786013978.9168,1786013978.9216,0.0334,14.0659,64.9231,-71.0330,93.3626,-11.2967,18.7169,14.6913,63.2642,-70.2007,93.6136,-9.9656,18.5536,14.6913,63.2642,-70.2007,93.6136,-9.9656,18.5536,0,-100,250,-150,50,0,0
638,1786013978.9502,1786013978.955,0.03337,14.1538,64.5714,-70.5055,93.0989,-11.0330,18.6508,14.3778,64.6208,-70.6850,93.7910,-9.0003,18.7662,14.3778,64.6208,-70.6850,93.7910,-9.0003,18.7662,0,-100,150,0,150,-50,0
639,1786013978.9836,1786013978.9883,0.03337,14.1538,64.4835,-70.5055,93.0989,-10.5934,18.6508,14.8668,63.2619,-70.8843,92.6348,-9.8022,18.1197,14.8668,63.2619,-70.8843,92.6348,-9.8022,18.1197,0,-50,0,0,200,0,0
640,1786013979.0169,1786013979.0215,0.03338,14.1538,64.7473,-70.5934,93.0989,-10.4176,18.6508,14.9861,63.0637,-70.3526,93.8784,-10.5986,18.3553,14.9861,63.0637,-70.3526,93.8784,-10.5986,18.3553,0,100,-50,0,50,0,0
641,1786013979.0504,1786013979.0549,0.03343,14.2418,64.7473,-70.5934,92.7473,-10.3297,18.5185,14.0039,64.2124,-72.0450,92.7177,-10.7753,18.6577,14.0039,64.2124,-72.0450,92.7177,-10.7753,18.6577,0,0,0,-150,-50,-50,0
642,1786013979.0838,1786013979.0883,0.03345,14.2418,64.5714,-70.5055,92.7473,-10.6813,18.4524,15.1050,66.7282,-72.4918,94.1495,-10.0850,18.7368,15.1050,66.7282,-72.4918,94.1495,-10.0850,18.7368,0,-100,50,0,-100,0,0
643,1786013979.1172,1786013979.1217,0.03338,14.2418,64.6593,-70.9451,93.0110,-10.7692,18.5847,14.0181,65.6983,-72.2469,93.9767,-11.3046,17.8399,14.0181,65.6983,-72.2469,93.9767,-11.3046,17.8399,0,0,-100,100,-50,0,0
644,1786013979.1506,1786013979.1556,0.03339,14.1538,65.4505,-71.5604,93.0989,-10.7692,18.5185,13.6739,65.3862,-71.2734,94.8465,-11.3467,18.7587,13.6739,65.3862,-71.2734,94.8465,-11.3467,18.7587,-50,300,-250,50,0,0,0
645,1786013979.184,1786013979.1889,0.03337,14.2418,66.0659,-72.0000,93.1868,-11.0330,18.3201,13.6098,64.9017,-72.1991,95.2241,-11.2229,18.5821,13.6098,64.9017,-72.1991,95.2241,-11.2229,18.5821,0,100,-200,50,-50,-100,0
646,1786013979.2174,1786013979.2221,0.03339,14.2418,66.0659,-71.8242,93.5385,-11.1209,18.1878,14.7373,64.9084,-73.3776,95.2891,-11.2573,18.6305,14.7373,64.9084,-73.3776,95.2891,-11.2573,18.6305,0,0,100,100,-50,-150,0
647,1786013979.2508,1786013979.2556,0.03342,14.1538,65.9780,-71.9121,93.9780,-11.1209,18.3862,14.3679,65.2611,-74.2166,94.9922,-11.9482,12.2697,14.3679,65.2611,-74.2166,94.9922,-11.9482,12.2697,0,-50,0,150,0,100,0
648,1786013979.2842,1786013979.289,0.03342,14.0659,65.9780,-72.3516,94.0659,-11.2088,18.3862,14.1073,65.8884,-72.1457,93.7863,-12.8793,16.7035,14.1073,65.8884,-72.1457,93.7863,-12.8793,16.7035,-50,0,-150,50,-50,0,0
649,1786013979.3176,1786013979.3224,0.03338,14.0659,65.9780,-72.9670,94.0659,-11.6484,18.0556,13.2723,66.9173,-72.8563,94.3472,-12.2851,17.9425,13.2723,66.9173,-72.8563,94.3472,-12.2851,17.9425,0,0,-250,0,-150,-250,0
650,1786013979.351,1786013979.4636,0.03339,14.0659,66.1538,-72.8791,93.8901,-12.2637,17.3942,13.4864,66.9411,-77.8041,95.4276,-14.1813,18.8130,13.4864,66.9411,-77.8041,95.4276,-14.1813,18.8130,0,50,0,-100,-200,-400,1
651,1786013979.4648,1786013979.4701,0.11381,13.8022,66.6813,-72.9670,93.8901,-12.3516,17.7249,12.6032,64.7679,-78.7490,96.7404,-14.2310,18.3899,12.6032,64.7679,-78.7490,96.7404,-14.2310,18.3899,0,0,0,0,0,0,1
652,1786013979.4981,1786013979.503,0.03336,13.8022,66.6813,-72.9670,93.8901,-12.3516,17.7910,11.9760,65.6966,-79.0184,96.2063,-14.0525,18.5186,11.9760,65.6966,-79.0184,96.2063,-14.0525,18.5186,0,0,0,0,0,50,0
653,1786013979.5316,1786013979.5364,0.03342,13.7143,66.5055,-73.3187,94.5934,-13.1429,17.9894,14.3499,65.5419,-80.6086,96.2039,-14.3849,18.6827,14.3499,65.5419,-80.6086,96.2039,-14.3849,18.6827,0,-50,-50,300,-300,100,0
654,1786013979.5649,1786013979.5697,0.03338,13.3626,66.5055,-75.3407,95.2967,-13.7582,18.1878,13.8536,62.8196,-77.0623,96.2865,-14.5471,18.7270,13.8536,62.8196,-77.0623,96.2865,-14.5471,18.7270,-100,0,-700,150,-300,50,0
655,1786013979.5983,1786013979.603,0.03334,13.1868,66.5934,-77.0110,95.3846,-13.9341,18.3201,11.8664,64.0261,-77.8567,97.4076,-13.1268,18.7401,11.8664,64.0261,-77.8567,97.4076,-13.1268,18.7401,-50,50,-650,50,-50,50,0
656,1786013979.6317,1786013979.6364,0.03344,13.4505,66.5934,-77.6264,95.9121,-14.1099,18.4524,13.9649,65.4334,-80.4583,95.9749,-14.4189,18.2327,13.9649,65.4334,-80.4583,95.9749,-14.4189,18.2327,0,0,-250,200,-50,50,0
657,1786013979.6651,1786013979.6696,0.03335,13.5385,66.4176,-77.1868,96.3516,-13.8462,18.4524,12.8906,63.4128,-78.8357,96.6421,-13.4661,18.5991,12.8906,63.4128,-78.8357,96.6421,-13.4661,18.5991,50,-100,200,150,0,0,0
658,1786013979.6984,1786013979.7032,0.03338,13.1868,66.4176,-77.0110,96.4396,-13.7582,18.3862,13.8198,64.6315,-78.4237,95.8583,-12.3820,18.6244,13.8198,64.6315,-78.4237,95.8583,-12.3820,18.6244,-150,0,150,150,50,-50,0
659,1786013979.7319,1786013979.7365,0.0334,13.0989,66.5934,-77.2747,95.8242,-13.8462,18.4524,14.5201,61.9727,-75.9824,95.7866,-12.3061,18.8431,14.5201,61.9727,-75.9824,95.7866,-12.3061,18.8431,0,100,-150,-200,0,0,0
660,1786013979.7652,1786013979.7698,0.03335,13.1868,66.5934,-77.2747,95.9121,-13.2308,18.4524,14.7948,63.0798,-75.3944,95.9406,-13.7084,18.3381,14.7948,63.0798,-75.3944,95.9406,-13.7084,18.3381,0,0,0,0,150,0,0
661,1786013979.7987,1786013979.8033,0.03346,13.6264,66.3297,-76.9231,96.0000,-12.9670,18.5847,14.7562,63.0202,-75.1370,93.6498,-13.8242,17.8867,14.7562,63.0202,-75.1370,93.6498,-13.8242,17.8867,200,-150,0,0,150,50,0
662,1786013979.8321,1786013979.8367,0.0334,13.9780,65.8901,-75.8681,96.0000,-13.3187,18.4524,14.5124,63.4590,-75.4920,96.3525,-12.3595,16.0604,14.5124,63.4590,-75.4920,96.3525,-12.3595,16.0604,100,-150,350,0,-150,-50,0
663,1786013979.8654,1786013979.8702,0.03335,14.1538,65.8901,-75.5165,95.6484,-13.5824,18.1217,15.3909,66.5061,-77.5889,94.8673,-12.7048,16.5939,15.3909,66.5061,-77.5889,94.8673,-12.7048,16.5939,100,0,100,-200,-150,-150,0
664,1786013979.8988,1786013979.9036,0.03342,14.1538,65.8901,-75.4286,94.4176,-13.2308,17.6587,15.7118,63.3978,-75.5032,95.5870,-15.0483,17.8365,15.7118,63.3978,-75.5032,95.5870,-15.0483,17.8365,0,0,50,-450,100,-200,0
665,1786013979.9322,1786013979.937,0.0334,14.2418,66.1538,-75.6044,94.7692,-13.0549,16.7328,15.7720,64.2397,-76.4004,95.8044,-14.1056,18.2108,15.7720,64.2397,-76.4004,95.8044,-14.1056,18.2108,50,0,0,100,50,-400,0
666,1786013979.9656,1786013979.9704,0.03338,14.5055,66.5934,-76.0440,95.1209,-13.8462,17.0635,14.0683,64.0042,-75.8276,96.5289,-14.1486,17.7554,14.0683,64.0042,-75.8276,96.5289,-14.1486,17.7554,100,150,-100,150,-350,100,0
667,1786013979.999,1786013980.0039,0.03336,14.6813,66.5934,-75.7802,95.2088,-14.3736,17.5926,15.5468,63.5249,-74.3890,95.3587,-15.3255,17.8641,15.5468,63.5249,-74.3890,95.3587,-15.3255,17.8641,100,0,50,50,-250,250,0
668,1786013980.0324,1786013980.0369,0.03342,14.6813,66.5055,-75.6044,95.5604,-14.2857,17.5926,14.6001,64.1530,-73.6135,95.1405,-14.7507,17.5179,14.6001,64.1530,-73.6135,95.1405,-14.7507,17.5179,0,0,100,100,50,0,0
669,1786013980.0658,1786013980.0706,0.03338,14.4176,66.3297,-75.0769,95.3846,-14.6374,17.6587,14.6430,64.0787,-72.5086,95.5007,-14.9037,18.2892,14.6430,64.0787,-72.5086,95.5007,-14.9037,18.2892,-50,-50,200,-100,-150,50,0
670,1786013980.0992,1786013980.104,0.03339,14.3297,66.3297,-74.2857,95.2088,-14.9011,17.5926,15.3220,64.4155,-75.0372,96.2404,-13.7626,17.3382,15.3220,64.4155,-75.0372,96.2404,-13.7626,17.3382,-50,0,250,-150,-100,-50,0
671,1786013980.1326,1786013980.1373,0.03345,14.4176,66.2418,-73.6703,95.2088,-14.9011,17.8571,14.4125,65.3348,-75.7496,96.4943,-12.7921,17.5422,14.4125,65.3348,-75.7496,96.4943,-12.7921,17.5422,50,-50,150,0,0,50,0
672,1786013980.166,1786013980.1707,0.03336,14.5055,66.2418,-73.5824,95.3846,-14.7253,17.7249,16.1942,66.5618,-74.0104,96.5867,-13.1179,17.8194,16.1942,66.5618,-74.0104,96.5867,-13.1179,17.8194,50,0,0,50,100,0,0
673,1786013980.1994,1786013980.2042,0.03339,14.5055,66.3297,-74.3736,95.6484,-14.1978,17.5926,15.2762,65.9099,-74.9644,95.1597,-12.3657,17.4523,15.2762,65.9099,-74.9644,95.1597,-12.3657,17.4523,0,0,-300,100,200,-50,0
674,1786013980.2328,1786013980.2381,0.03347,14.5055,66.5055,-74.7253,95.7363,-13.9341,17.5926,14.2340,66.4973,-75.1349,96.0567,-11.7188,17.7836,14.2340,66.4973,-75.1349,96.0567,-11.7188,17.7836,0,100,-150,50,100,0,0
675,1786013980.2661,1786013980.2709,0.03331,14.8571,66.5934,-74.5495,95.2967,-13.6703,17.5926,15.8624,66.0200,-72.5893,97.1190,-12.7127,17.7692,15.8624,66.0200,-72.5893,97.1190,-12.7127,17.7692,150,50,100,-150,100,0,0
676,1786013980.2996,1786013980.3045,0.03343,14.9451,66.5934,-74.5495,95.2088,-13.0549,17.6587,15.7245,69.1267,-76.5877,97.0392,-12.5061,17.7891,15.7245,69.1267,-76.5877,97.0392,-12.5061,17.7891,50,0,0,0,200,50,0
677,1786013980.333,1786013980.338,0.03339,14.8571,66.5934,-74.1978,95.9121,-13.2308,17.6587,15.3329,69.4791,-78.9698,97.5633,-12.4426,18.0439,15.3329,69.4791,-78.9698,97.5633,-12.4426,18.0439,-50,0,50,250,-50,0,0
678,1786013980.3663,1786013980.3716,0.03337,14.6813,66.9451,-73.8462,96.0879,-13.2308,17.6587,15.1182,68.5415,-76.9010,96.5719,-13.9844,17.2709,15.1182,68.5415,-76.9010,96.5719,-13.9844,17.2709,0,0,50,50,0,0,0
679,1786013980.3998,1786013980.4044,0.03346,14.7692,67.7363,-74.2857,96.3516,-13.2308,17.7249,14.0607,65.1521,-75.0065,95.2935,-13.3812,17.6158,14.0607,65.1521,-75.0065,95.2935,-13.3812,17.6158,0,250,-250,100,0,50,0
680,1786013980.4332,1786013980.438,0.03335,14.9451,68.4396,-75.6044,96.0879,-13.5824,17.6587,14.9509,67.2166,-76.5751,95.8492,-12.8327,17.0953,14.9509,67.2166,-76.5751,95.8492,-12.8327,17.0953,100,250,-500,-50,-100,-50,0
681,1786013980.4666,1786013980.4714,0.0334,14.9451,67.8242,-75.6923,95.5604,-13.7582,17.5926,13.6047,66.2456,-76.4282,97.2868,-11.7040,14.4307,13.6047,66.2456,-76.4282,97.2868,-11.7040,14.4307,0,-50,0,-150,-50,-50,0
682,1786013980.5,1786013980.5048,0.0334,14.6813,67.2088,-75.6044,95.5604,-13.4066,17.3280,13.3434,66.8706,-75.1852,96.2097,-14.5910,16.5281,13.3434,66.8706,-75.1852,96.2097,-14.5910,16.5281,-100,-250,0,0,50,-150,0
683,1786013980.5333,1786013980.5379,0.03339,14.5055,67.2967,-75.6044,96.0879,-12.9670,16.7989,13.0382,67.9887,-75.0665,94.7912,-14.8172,15.5752,13.0382,67.9887,-75.0665,94.7912,-14.8172,15.5752,-50,0,0,150,150,-400,0
684,1786013980.5667,1786013980.5715,0.03337,14.4176,67.3846,-75.4286,96.0000,-13.0549,15.9392,12.9238,66.8546,-76.8980,95.5274,-13.7089,15.9756,12.9238,66.8546,-76.8980,95.5274,-13.7089,15.9756,-50,0,50,0,-50,-500,0
685,1786013980.6001,1786013980.6049,0.03338,14.2418,67.6484,-75.3407,95.2967,-14.0220,15.9392,12.5418,64.4795,-77.5567,97.1941,-11.2825,11.9905,12.5418,64.4795,-77.5567,97.1941,-11.2825,11.9905,-50,100,0,-300,-300,0,0
686,1786013980.6335,1786013980.6382,0.0334,14.0659,67.7363,-75.7802,95.1209,-14.2857,15.9392,12.8785,65.3472,-78.3730,96.4401,-12.1524,4.4990,12.8785,65.3472,-78.3730,96.4401,-12.1524,5.9392,-100,0,-50,-100,-100,0,0
687,1786013980.6669,1786013980.6717,0.03338,13.8022,67.2967,-76.4835,95.8242,-13.4066,15.6085,11.3362,64.1859,-81.1946,96.7209,-12.5536,1.3039,11.3362,64.1859,-81.1946,96.7209,-12.5536,5.4101,-100,-200,-250,250,350,-50,0
688,1786013980.7002,1786013980.7048,0.03338,13.8022,67.0330,-76.9231,96.0879,-12.5275,13.7566,12.8475,65.2064,-79.8691,96.5636,-14.9456,1.1377,12.8475,65.2064,-79.8691,96.5636,-14.9456,3.4259,0,-100,-200,50,400,-900,0
689,1786013980.7337,1786013980.7381,0.03346,13.4505,67.1209,-77.8022,96.1758,-12.7912,11.1111,12.4748,63.1403,-78.3484,96.7303,-13.5487,1.4877,12.4748,63.1403,-78.3484,96.7303,-13.5487,1.4877,-100,0,-200,0,0,-1200,0
690,1786013980.7671,1786013980.7713,0.03335,13.1868,67.2088,-78.6813,96.2637,-13.6703,8.3333,12.5009,63.5992,-75.7264,96.4847,-14.1677,2.5223,12.5009,63.5992,-75.7264,96.4847,-14.1677,2.5223,-50,50,-350,0,-350,-1250,0
691,1786013980.8005,1786013980.8049,0.03343,13.0110,67.1209,-78.5055,96.4396,-14.1978,5.6217,11.3849,63.4169,-75.3912,95.7142,-14.2686,3.1763,11.3849,63.4169,-75.3912,95.7142,-14.2686,3.1763,-50,0,100,100,-300,-1200,0
692,1786013980.8339,1786013980.8389,0.03342,12.9231,66.6813,-77.1868,96.2637,-14.1978,4.0344,11.7586,63.5595,-76.2045,95.3253,-16.3698,3.1457,11.7586,63.5595,-76.2045,95.3253,-16.3698,3.1457,-50,-150,350,-50,0,-700,0
693,1786013980.8672,1786013980.8718,0.03333,12.9231,66.5934,-76.3077,95.9121,-14.1978,3.6376,12.0711,61.5476,-73.1982,94.5703,-15.0387,3.1789,12.0711,61.5476,-73.1982,94.5703,-15.0387,3.1789,0,0,400,-100,0,-350,0
694,1786013980.9006,1786013980.9055,0.0334,12.9231,66.5934,-76.2198,95.5604,-14.8132,3.7037,10.9100,62.7750,-76.5993,95.3072,-14.6140,3.0773,10.9100,62.7750,-76.5993,95.3072,-14.6140,3.0773,0,0,0,-100,-100,50,0
695,1786013980.9341,1786013980.9386,0.03342,12.7473,66.1538,-75.5165,95.1209,-15.5165,3.6376,11.4520,61.2267,-76.7865,93.9781,-14.0007,2.7456,11.4520,61.2267,-76.7865,93.9781,-14.0007,2.7456,-50,-100,100,-150,-300,-50,0
696,1786013980.9674,1786013980.9718,0.03336,12.5714,65.5385,-74.6374,95.1209,-15.2527,3.4392,12.2246,61.1182,-75.9195,94.0157,-13.3101,2.8994,12.2246,61.1182,-75.9195,94.0157,-13.3101,2.8994,-50,-200,350,0,100,-100,0
697,1786013981.0009,1786013981.0057,0.03346,12.4835,65.2747,-74.7253,94.8571,-14.7253,3.1746,12.4379,61.9160,-74.4062,94.2616,-12.8860,3.1971,12.4379,61.9160,-74.4062,94.2616,-12.8860,3.1971,0,-50,-50,-100,150,-100,0
698,1786013981.0343,1786013981.0391,0.03336,12.4835,65.2747,-75.1648,94.5055,-14.2857,3.1746,11.9494,63.1639,-74.0137,93.7002,-15.1256,3.5424,11.9494,63.1639,-74.0137,93.7002,-15.1256,3.5424,0,0,-150,-50,150,0,0
699,1786013981.0676,1786013981.0724,0.03338,12.4835,65.1868,-74.9890,94.5055,-13.8462,3.1746,10.8528,62.7954,-74.6827,93.4137,-14.2967,3.8783,10.8528,62.7954,-74.6827,93.4137,-14.2967,3.8783,0,0,0,0,100,0,0
700,1786013981.101,1786013981.2167,0.03337,12.5714,65.1868,-74.2857,94.0659,-14.2857,3.1746,11.4699,60.9706,-76.9979,92.8113,-13.9842,2.6596,11.4699,60.9706,-76.9979,92.8113,-13.9842,2.6596,50,0,200,-150,-250,0,1
701,1786013981.2178,1786013981.2233,0.11684,12.3077,65.1868,-74.2857,93.5385,-14.6374,3.5714,13.1342,60.9528,-78.2672,94.7754,-11.2051,2.4645,13.1342,60.9528,-78.2672,94.7754,-11.2051,2.4645,0,0,0,-50,0,0,1
702,1786013981.2511,1786013981.256,0.03331,12.3077,65.1868,-74.2857,93.5385,-14.6374,3.5714,13.0212,60.7409,-79.4775,94.5189,-10.8224,2.8153,13.0212,60.7409,-79.4775,94.5189,-10.8224,2.8153,0,0,0,0,0,0,0
703,1786013981.2846,1786013981.2894,0.03342,12.5714,65.1868,-74.7253,93.8022,-13.8462,3.2407,11.9919,56.1366,-77.0526,92.5978,-9.9122,2.4095,11.9919,56.1366,-77.0526,92.5978,-9.9122,2.4095,50,0,-50,0,350,-50,0
704,1786013981.3179,1786013981.3227,0.03337,12.7473,65.0110,-76.0440,94.3297,-12.4396,3.0423,12.0639,57.3190,-77.4884,92.7229,-9.3283,2.4306,12.0639,57.3190,-77.4884,92.7229,-9.3283,2.4306,50,0,-450,250,500,-100,0
705,1786013981.3513,1786013981.3561,0.0334,12.7473,64.4835,-76.5714,93.6264,-11.5604,2.9762,13.7638,58.2551,-76.2735,91.3301,-8.1436,2.6057,13.7638,58.2551,-76.2735,91.3301,-8.1436,2.6057,0,-100,-300,-350,300,-50,0
706,1786013981.3847,1786013981.3895,0.03338,12.6593,63.4286,-76.3077,93.2747,-10.7692,2.7778,13.1357,60.5425,-76.8360,91.8761,-6.3350,2.7002,13.1357,60.5425,-76.8360,91.8761,-6.3350,2.7002,-50,-400,100,-200,250,-100,0
707,1786013981.4181,1786013981.423,0.03341,12.4835,63.0769,-75.9560,92.6593,-9.8022,2.8439,12.8827,59.8950,-77.0425,93.3634,-7.6978,2.3524,12.8827,59.8950,-77.0425,93.3634,-7.6978,2.3524,-100,-100,100,-200,300,0,0
708,1786013981.4515,1786013981.4564,0.03333,12.6593,63.0769,-75.9560,92.1319,-8.5714,2.8439,12.7632,59.4720,-77.8666,92.6873,-7.3408,2.4278,12.7632,59.4720,-77.8666,92.6873,-7.3408,2.4278,50,0,0,-100,450,0,0
709,1786013981.4849,1786013981.4899,0.03341,12.7473,63.2527,-75.9560,93.0989,-8.0440,2.7116,11.8978,58.8499,-78.1183,91.2057,-5.7101,2.3206,11.8978,58.8499,-78.1183,91.2057,-5.7101,2.3206,50,50,0,200,150,-50,0
710,1786013981.5183,1786013981.5231,0.03341,13.0110,63.2527,-75.8681,92.8352,-7.9560,2.5794,12.7882,58.8818,-77.5716,92.4117,-5.9944,2.4238,12.7882,58.8818,-77.5716,92.4117,-5.9944,2.4238,50,0,0,-50,50,0,0
711,1786013981.5517,1786013981.5564,0.03339,13.0989,63.2527,-75.8681,92.1319,-7.3407,2.5794,12.8984,59.8710,-76.0696,91.2683,-6.4816,2.2575,12.8984,59.8710,-76.0696,91.2683,-6.4816,2.2575,50,0,0,-250,200,0,0
712,1786013981.5851,1786013981.5898,0.03338,13.0110,63.1648,-75.8681,92.0440,-6.9011,2.5794,12.6245,57.0856,-72.6694,90.5417,-6.1800,2.1974,12.6245,57.0856,-72.6694,90.5417,-6.1800,2.1974,-50,0,0,-250,100,0,0
713,1786013981.6184,1786013981.6232,0.03338,12.7473,63.1648,-75.7802,92.3077,-6.8132,2.5794,11.7477,58.9171,-74.1244,89.7438,-7.3889,2.4618,11.7477,58.9171,-74.1244,89.7438,-7.3889,2.4618,-100,0,0,100,0,0,0
714,1786013981.6518,1786013981.6563,0.0334,12.5714,62.9890,-74.5495,91.3407,-6.8132,2.5794,11.7667,57.3192,-74.3617,90.9833,-6.7186,2.4459,11.7667,57.3192,-74.3617,90.9833,-6.7186,2.4459,-100,-100,500,-350,0,0,0
715,1786013981.6853,1786013981.6899,0.03341,12.6593,62.6374,-73.4066,90.3736,-6.9890,2.5794,11.5343,55.6005,-72.1198,91.9458,-6.1023,2.3389,11.5343,55.6005,-72.1198,91.9458,-6.1023,2.3389,0,-150,450,-450,-50,0,0
716,1786013981.7186,1786013981.7229,0.03337,12.6593,62.3736,-73.2308,91.0769,-7.0769,2.5794,10.9012,55.0759,-71.8476,90.5061,-8.5213,2.2831,10.9012,55.0759,-71.8476,90.5061,-8.5213,2.2831,0,-100,50,250,0,0,0
717,1786013981.752,1786013981.7567,0.0334,12.5714,61.6703,-73.2308,91.4286,-6.7253,2.5794,12.3840,58.5512,-74.5974,91.0948,-7.5330,2.2557,12.3840,58.5512,-74.5974,91.0948,-7.5330,2.2557,-50,-300,0,150,150,0,0
718,1786013981.7854,1786013981.79,0.03334,12.2198,60.7912,-72.4396,91.1648,-6.9890,2.5794,11.7053,57.3025,-72.1148,89.0233,-7.8213,2.5725,11.7053,57.3025,-72.1148,89.0233,-7.8213,2.5725,-100,-300,200,-150,-50,0,0
719,1786013981.8188,1786013981.8235,0.03344,11.9560,60.4396,-72.0879,90.9890,-7.7802,2.5794,12.0402,58.2429,-70.4036,89.5135,-8.9011,2.8190,12.0402,58.2429,-70.4036,89.5135,-8.9011,2.8190,-100,-150,150,-100,-200,0,0
720,1786013981.8521,1786013981.8569,0.03334,11.8681,60.5275,-72.0000,90.8132,-7.5165,2.5794,11.2459,56.4725,-70.9735,91.1692,-9.2515,2.7226,11.2459,56.4725,-70.9735,91.1692,-9.2515,2.7226,0,0,50,-50,0,0,0
721,1786013981.8856,1786013981.89,0.03342,11.7802,60.6154,-71.2088,90.1978,-8.2198,2.5794,9.8696,56.8109,-70.5183,88.8911,-11.8701,6.3073,9.8696,56.8109,-70.5183,88.8911,-11.8701,6.3073,-50,100,200,-200,-250,0,0
722,1786013981.919,1786013981.9237,0.03343,11.9560,60.6154,-70.5055,90.6374,-8.7473,2.5794,12.8179,60.5025,-71.9987,88.1018,-10.7354,3.4499,12.8179,60.5025,-71.9987,88.1018,-10.7354,3.4499,100,0,250,100,-150,0,0
723,1786013981.9523,1786013981.957,0.03332,11.6044,60.6154,-70.5055,90.8132,-9.4505,2.9101,11.9974,58.9275,-71.2833,89.3473,-11.1176,7.4207,11.9974,58.9275,-71.2833,89.3473,-11.1176,7.4207,-150,0,0,50,-200,200,0
724,1786013981.9857,1786013981.9905,0.03341,11.2527,60.7912,-70.6813,89.8462,-10.5934,3.7037,12.3771,59.1736,-72.2809,89.6209,-8.6933,5.9899,12.3771,59.1736,-72.2809,89.6209,-8.6933,5.9899,-150,0,0,-400,-500,350,0
725,1786013982.0191,1786013982.0236,0.03337,11.0769,61.4066,-70.6813,89.1429,-10.6813,4.4974,11.8460,57.6831,-70.5015,91.1792,-10.9816,6.6630,11.8460,57.6831,-70.5015,91.1792,-10.9816,6.6630,-50,250,0,-350,0,350,0
726,1786013982.0525,1786013982.0573,0.03339,11.2527,61.5824,-70.5934,89.4945,-10.1538,5.3571,11.5791,58.8570,-74.5154,91.1607,-10.6993,7.1502,11.5791,58.8570,-74.5154,91.1607,-10.6993,7.1502,50,50,0,150,50,400,0
727,1786013982.0859,1786013982.0909,0.03339,11.6923,61.6703,-70.5934,90.2857,-9.4505,5.8201,11.5507,60.7508,-72.3808,89.2399,-12.2550,10.6061,11.5507,60.7508,-72.3808,89.2399,-12.2550,10.6061,100,0,0,250,300,150,0
728,1786013982.1193,1786013982.1241,0.03337,11.6923,61.5824,-70.5055,90.5495,-9.9780,6.2169,9.4089,58.4409,-72.1242,89.2709,-14.2441,13.1598,9.4089,58.4409,-72.1242,89.2709,-14.2441,13.1598,0,0,0,200,-300,200,0
729,1786013982.1526,1786013982.1575,0.03339,11.6923,61.7582,-70.8571,90.2857,-11.2967,7.1429,9.7509,57.8393,-74.5677,92.0238,-12.8028,12.9826,9.7509,57.8393,-74.5677,92.0238,-12.8028,12.9826,0,100,-100,-50,-450,350,0
730,1786013982.186,1786013982.1907,0.03339,11.3407,61.9341,-70.8571,89.8462,-12.5275,8.8624,11.1886,58.5213,-73.4725,92.7098,-12.9569,13.5158,11.1886,58.5213,-73.4725,92.7098,-12.9569,13.5158,-50,50,-50,-100,-350,850,0
731,1786013982.2195,1786013982.2243,0.03343,10.9011,61.9341,-70.9451,90.2857,-13.0549,10.6481,10.6492,56.8842,-73.1382,92.1215,-12.4655,13.4466,10.6492,56.8842,-73.1382,92.1215,-12.4655,13.4466,-200,0,0,50,-100,850,0
732,1786013982.2529,1786013982.2578,0.03339,10.6374,61.9341,-71.5604,91.4286,-12.5275,11.6402,10.0854,57.4151,-71.7646,91.7224,-14.2698,15.1705,10.0854,57.4151,-71.7646,91.7224,-14.2698,15.1705,-100,0,-200,400,100,450,0
733,1786013982.2862,1786013982.2909,0.03338,10.4615,61.7582,-71.6484,91.6044,-12.6154,12.2354,8.5615,56.7895,-71.4908,92.3015,-12.0740,14.1181,8.5615,56.7895,-71.4908,92.3015,-12.0740,14.1181,0,-100,-50,0,0,250,0
734,1786013982.3197,1786013982.3245,0.03343,10.5495,61.4066,-71.2088,91.5165,-13.3187,13.0291,8.9753,56.5133,-71.9617,92.4436,-12.6596,13.8469,8.9753,56.5133,-71.9617,92.4436,-12.6596,13.8469,50,-150,100,-100,-300,300,0
735,1786013982.353,1786013982.3579,0.03336,10.2857,61.2308,-71.0330,91.7802,-13.7582,13.8889,10.0591,57.2045,-71.0908,92.6701,-13.1493,14.4320,10.0591,57.2045,-71.0908,92.6701,-13.1493,14.4320,-100,-100,50,100,-200,400,0
736,1786013982.3864,1786013982.3914,0.03336,10.1099,61.2308,-71.0330,92.0440,-13.2308,13.8228,9.4808,59.4343,-73.1700,92.4390,-12.9764,14.9632,9.4808,59.4343,-73.1700,92.4390,-12.9764,14.9632,-50,0,0,100,200,-100,0
737,1786013982.4198,1786013982.4245,0.03345,9.7582,61.1429,-70.7692,92.2198,-13.0549,13.7566,9.6963,58.2587,-71.9834,92.4107,-14.5321,15.6293,9.6963,58.2587,-71.9834,92.4107,-14.5321,15.6293,-150,0,100,50,50,-100,0
738,1786013982.4533,1786013982.4582,0.03344,9.5824,61.1429,-70.9451,92.2198,-13.0549,14.3519,8.6613,57.4768,-71.0654,91.7543,-13.3460,15.6308,8.6613,57.4768,-71.0654,91.7543,-13.3460,15.6308,-50,0,-100,0,0,250,0
739,1786013982.4866,1786013982.4914,0.03334,9.5824,61.1429,-71.2967,92.2198,-13.4945,14.8810,10.3266,58.6765,-70.5043,90.2109,-15.5949,16.5331,10.3266,58.6765,-70.5043,90.2109,-15.5949,16.5331,0,0,-150,0,0,250,0
740,1786013982.52,1786013982.5249,0.03341,9.6703,61.1429,-70.8571,92.1319,-14.0220,15.1455,9.7580,58.1646,-70.4954,90.1301,-15.1406,15.4282,9.7580,58.1646,-70.4954,90.1301,-15.1406,15.4282,50,0,100,-100,-150,150,0
741,1786013982.5534,1786013982.5579,0.03337,9.7582,61.1429,-70.3297,91.4286,-13.8462,15.6085,9.3717,57.6765,-70.2625,90.7551,-14.9425,15.7064,9.3717,57.6765,-70.2625,90.7551,-14.9425,15.7064,0,0,200,-150,50,200,0
742,1786013982.5869,1786013982.5917,0.03347,9.8462,61.2308,-70.2418,90.9890,-14.3736,15.6085,10.8595,58.6504,-72.3013,92.0073,-16.1763,16.0137,10.8595,58.6504,-72.3013,92.0073,-16.1763,16.0137,0,0,50,-150,-200,0,0
743,1786013982.6202,1786013982.6245,0.0333,9.8462,61.2308,-70.1538,90.9890,-14.5495,15.5423,9.4138,58.5357,-71.0802,91.1185,-16.2982,16.1641,9.4138,58.5357,-71.0802,91.1185,-16.2982,16.1641,0,0,50,0,-50,-100,0
744,1786013982.6536,1786013982.6582,0.03341,9.8462,61.2308,-70.2418,91.4286,-14.8132,15.6746,10.0070,59.0724,-72.9063,93.7460,-16.0181,16.1152,10.0070,59.0724,-72.9063,93.7460,-16.0181,16.1152,0,0,0,100,-200,100,0
745,1786013982.687,1786013982.6917,0.03337,9.8462,61.2308,-70.5055,91.4286,-15.5165,15.8069,10.5942,59.7097,-71.0531,92.0636,-14.2717,17.1579,10.5942,59.7097,-71.0531,92.0636,-14.2717,17.1579,0,0,-50,50,-250,50,0
746,1786013982.7204,1786013982.725,0.03341,10.0220,61.2308,-70.6813,91.3407,-15.6044,15.8730,11.0003,57.7542,-71.4980,92.0749,-15.6695,16.4000,11.0003,57.7542,-71.4980,92.0749,-15.6695,16.4000,50,0,-50,0,50,50,0
747,1786013982.7537,1786013982.7584,0.03337,10.2857,61.2308,-70.5934,91.6923,-15.4286,16.2698,10.5984,57.6889,-69.0374,91.3056,-15.8566,16.5548,10.5984,57.6889,-69.0374,91.3056,-15.8566,16.5548,100,0,0,100,100,150,0
748,1786013982.7872,1786013982.7918,0.03342,10.5495,61.2308,-70.5055,91.7802,-14.9011,16.5344,11.3488,59.4843,-72.1609,93.4464,-13.6738,16.6969,11.3488,59.4843,-72.1609,93.4464,-13.6738,16.6969,100,0,0,50,250,100,0
749,1786013982.8205,1786013982.8252,0.03335,10.6374,61.2308,-70.2418,91.7802,-15.5165,16.4021,10.4569,58.3504,-71.2096,93.0865,-14.7632,16.3857,10.4569,58.3504,-71.2096,93.0865,-14.7632,16.3857,50,0,50,0,-200,-50,0
750,1786013982.8539,1786013982.9667,0.03339,10.8132,61.2308,-69.8022,92.1319,-15.3407,16.4021,12.2281,61.3186,-76.9139,96.3585,-12.7814,15.3687,12.2281,61.3186,-76.9139,96.3585,-12.7814,15.3687,50,0,150,50,150,0,1
751,1786013982.9679,1786013982.9734,0.11397,10.3736,61.2308,-69.8901,92.7473,-14.9011,16.4021,10.7155,61.5418,-76.0035,95.0866,-14.1224,11.1797,10.7155,61.5418,-76.0035,95.0866,-14.1224,11.1797,-50,0,0,0,0,0,1
752,1786013983.0012,1786013983.0057,0.0333,10.3736,61.2308,-69.8901,92.7473,-14.9011,16.4021,11.0947,63.3916,-77.4549,94.5957,-13.6683,14.0655,11.0947,63.3916,-77.4549,94.5957,-13.6683,14.0655,0,0,0,0,0,0,0
753,1786013983.0346,1786013983.0394,0.03339,10.3736,61.5824,-70.6813,93.5385,-14.5495,15.7407,11.8065,64.8028,-78.2820,95.8354,-14.2976,11.4528,11.8065,64.8028,-78.2820,95.8354,-14.2976,11.4528,0,150,-200,100,100,-200,0
754,1786013983.068,1786013983.0726,0.03342,10.5495,63.0769,-72.7033,94.0659,-14.2857,14.6825,11.6468,61.0331,-76.9651,95.3175,-13.7994,4.9052,11.6468,61.0331,-76.9651,95.3175,-13.7994,4.9052,50,500,-750,250,150,-450,0
755,1786013983.1013,1786013983.1064,0.03335,10.8132,64.4835,-74.3736,94.0659,-14.3736,13.8228,10.9041,63.3531,-80.1363,95.4632,-15.3195,12.2769,10.9041,63.3531,-80.1363,95.4632,-15.3195,12.2769,100,500,-650,0,-50,-500,0
756,1786013983.1347,1786013983.1395,0.03341,10.9890,64.9231,-74.6374,94.4176,-14.3736,11.6402,9.9891,61.4247,-77.0872,94.7445,-13.4198,10.1358,9.9891,61.4247,-77.0872,94.7445,-13.4198,10.1358,50,50,-100,50,0,-900,0
757,1786013983.1681,1786013983.1728,0.03337,11.0769,64.8352,-74.9011,95.1209,-14.3736,9.5238,10.0253,60.1309,-76.9133,94.8946,-15.5977,7.3752,10.0253,60.1309,-76.9133,94.8946,-15.5977,7.3752,0,0,-100,200,0,-1000,0
758,1786013983.2015,1786013983.2065,0.03343,10.9011,64.7473,-75.3407,94.6813,-14.5495,8.2011,10.2606,59.9180,-77.5841,95.5029,-14.9718,3.4884,10.2606,59.9180,-77.5841,95.5029,-14.9718,3.4884,-100,0,-250,-150,-100,-350,0
759,1786013983.235,1786013983.2398,0.03343,10.5495,64.5714,-75.3407,95.1209,-14.8132,7.9365,9.6659,60.1183,-79.7650,96.4185,-14.4294,3.4116,9.6659,60.1183,-79.7650,96.4185,-14.4294,3.4116,-150,-100,0,300,-50,-150,0
760,1786013983.2683,1786013983.273,0.03335,10.2857,64.5714,-75.3407,95.2088,-14.9011,7.7381,9.9776,58.2550,-76.5172,94.9375,-13.5941,7.7239,9.9776,58.2550,-76.5172,94.9375,-13.5941,7.7239,-100,0,0,50,50,0,0
761,1786013983.3018,1786013983.3066,0.03345,10.1099,64.5714,-75.9560,95.6484,-14.5495,6.8783,12.5611,58.5740,-79.1156,96.0614,-14.7641,6.0143,12.5611,58.5740,-79.1156,96.0614,-14.7641,6.0143,-50,0,-100,200,150,-550,0
762,1786013983.3351,1786013983.3399,0.03335,10.1099,64.3956,-76.7473,95.4725,-14.3736,5.4894,11.5254,58.0414,-75.9040,94.5739,-15.9772,4.3840,11.5254,58.0414,-75.9040,94.5739,-15.9772,4.3840,0,-50,-350,-50,100,-750,0
763,1786013983.3685,1786013983.3733,0.03337,10.2857,63.9560,-76.8352,95.2967,-14.6374,5.3571,11.2396,57.8341,-74.1421,95.1252,-15.8158,3.8223,11.2396,57.8341,-74.1421,95.1252,-15.8158,3.8223,50,-150,0,-150,0,-100,0
764,1786013983.4019,1786013983.4067,0.03343,10.9890,63.4286,-76.6593,95.2088,-15.0769,5.2249,11.7711,58.8299,-79.1243,98.4314,-15.8134,4.8392,11.7711,58.8299,-79.1243,98.4314,-15.8134,4.8392,200,-150,0,0,-100,-100,0
765,1786013983.4353,1786013983.4402,0.0334,11.4286,62.8132,-75.4286,95.0330,-15.5165,4.6296,10.8657,55.7472,-80.0629,97.9360,-15.7905,4.6622,10.8657,55.7472,-80.0629,97.9360,-15.7905,4.6622,200,-250,400,-50,-100,-150,0
766,1786013983.4687,1786013983.4734,0.03338,11.6044,62.6374,-74.7253,96.0000,-15.6044,4.4974,10.7402,55.3495,-81.0952,100.2099,-18.0963,4.6228,10.7402,55.3495,-81.0952,100.2099,-18.0963,4.6228,100,0,200,200,0,-50,0
767,1786013983.5021,1786013983.5066,0.03344,11.5165,62.7253,-74.9890,97.1429,-15.6044,4.6296,11.0387,55.5392,-78.3942,97.5149,-17.2313,5.1214,11.0387,55.5392,-78.3942,97.5149,-17.2313,5.1214,0,50,-150,400,0,100,0
768,1786013983.5355,1786013983.5399,0.03336,10.9890,62.1978,-76.3077,98.1099,-15.9560,4.6296,10.5182,54.6692,-77.5059,96.7975,-16.9535,5.9066,10.5182,54.6692,-77.5059,96.7975,-16.9535,5.9066,-200,-150,-400,350,-100,0,0
769,1786013983.5689,1786013983.5736,0.03339,10.8132,61.6703,-77.4505,98.8132,-16.9231,4.6958,8.6562,56.0197,-77.8681,97.2838,-15.8287,5.6784,8.6562,56.0197,-77.8681,97.2838,-15.8287,5.6784,-50,-200,-400,300,-400,0,0
770,1786013983.6022,1786013983.6066,0.03335,10.7253,60.4396,-77.6264,98.1978,-16.9231,5.1587,10.1090,55.9727,-81.6166,98.2251,-14.1471,5.5105,10.1090,55.9727,-81.6166,98.2251,-14.1471,5.5105,-50,-350,50,-150,0,200,0
771,1786013983.6357,1786013983.64,0.03346,10.6374,59.8242,-77.1868,97.4945,-16.5714,5.2910,7.4467,53.3822,-80.8439,98.2960,-14.0207,5.9111,7.4467,53.3822,-80.8439,98.2960,-14.0207,5.9111,-50,-250,200,-200,150,150,0
772,1786013983.6691,1786013983.6736,0.03337,10.2857,59.8242,-77.5385,97.8462,-15.6923,5.2910,5.0176,54.7631,-83.7773,101.1438,-17.5403,5.8554,5.0176,54.7631,-83.7773,101.1438,-17.5403,5.8554,-150,0,-150,0,300,0,0
773,1786013983.7024,1786013983.7069,0.03335,9.7582,59.9121,-78.1538,98.1099,-15.0769,5.4894,5.5261,51.3223,-82.5449,100.2678,-16.5360,4.6949,5.5261,51.3223,-82.5449,100.2678,-16.5360,4.6949,-150,50,-150,100,250,150,0
774,1786013983.7358,1786013983.7404,0.03342,8.6154,59.7363,-78.8571,98.8132,-15.4286,5.4894,3.8855,53.1010,-84.2536,101.4423,-18.5545,3.2227,3.8855,53.1010,-84.2536,101.4423,-18.5545,3.2227,-400,-50,-150,250,-100,0,0
775,1786013983.7693,1786013983.7739,0.03344,7.3846,58.7692,-79.8242,99.6923,-16.1319,5.1587,5.7676,51.7089,-78.3259,98.5955,-16.5810,1.9796,5.7676,51.7089,-78.3259,98.5955,-16.5810,1.9796,-400,-350,-350,250,-250,-50,0
776,1786013983.8026,1786013983.8072,0.03334,5.9780,57.7143,-80.7033,100.2198,-16.6593,4.3651,6.5983,50.5061,-79.5822,98.1486,-14.9818,1.7188,6.5983,50.5061,-79.5822,98.1486,-14.9818,1.7188,-500,-300,-300,200,-50,-350,0
777,1786013983.836,1786013983.8408,0.03338,5.2747,56.8352,-81.0549,100.0440,-17.3626,3.3730,6.9961,50.9568,-78.6269,97.8402,-14.5580,1.8109,6.9961,50.9568,-78.6269,97.8402,-14.5580,1.8109,-150,-300,-200,-100,-250,-400,0
778,1786013983.8694,1786013983.8741,0.03341,5.2747,55.6044,-80.1758,99.0769,-16.6593,2.7778,7.8297,51.4941,-80.0385,99.8638,-17.8747,3.4636,7.8297,51.4941,-80.0385,99.8638,-17.8747,3.4636,-50,-400,350,-300,350,-350,0
779,1786013983.9028,1786013983.9077,0.03344,5.7143,55.2527,-79.2088,98.6374,-15.6923,2.5794,7.4409,46.8306,-79.0465,99.7186,-20.0396,2.4535,7.4409,46.8306,-79.0465,99.7186,-20.0396,2.4535,100,-50,300,-200,400,-100,0
780,1786013983.9362,1786013983.9406,0.03339,6.6813,55.3407,-79.1209,98.9890,-16.0440,2.7778,7.8237,45.7953,-80.3595,99.1043,-21.0626,2.4454,7.8237,45.7953,-80.3595,99.1043,-21.0626,2.4454,350,0,50,100,-150,150,0
781,1786013983.9696,1786013983.9743,0.03336,7.1209,55.3407,-79.0330,99.4286,-17.6264,3.0423,8.6594,46.2015,-77.9755,98.1263,-19.8352,2.6911,8.6594,46.2015,-77.9755,98.1263,-19.8352,2.6911,150,0,50,100,-550,200,0
782,1786013984.003,1786013984.0085,0.03339,7.3846,54.1978,-78.8571,99.2527,-19.2967,2.7778,7.5115,42.2320,-78.1146,98.0463,-23.0625,2.5419,7.5115,44.0220,-78.1146,98.0463,-23.0625,2.5419,100,-400,50,-50,-700,-150,0
783,1786013984.0364,1786013984.0419,0.03343,7.5604,52.9670,-78.9451,98.9011,-19.5604,2.7116,6.9388,37.8166,-79.6137,99.1522,-24.4464,2.6776,6.9388,42.7912,-79.6137,99.1522,-24.4464,2.6776,50,-450,0,-100,-50,0,0
784,1786013984.0698,1786013984.0747,0.03344,7.5604,51.0330,-78.4176,98.6374,-19.7363,2.7116,6.8111,31.8988,-77.7092,100.8925,-26.7173,2.2458,6.8111,40.7692,-77.7092,100.8925,-26.7173,2.2458,0,-650,200,-100,-100,0,0
785,1786013984.1031,1786013984.108,0.03328,7.4725,49.1868,-78.3297,98.9011,-20.7912,2.7116,4.4458,32.6248,-80.0431,101.6800,-29.3056,2.5659,4.4458,39.0110,-80.0431,101.6800,-29.3056,2.5659,0,-600,0,100,-150,0,0
786,1786013984.1365,1786013984.1415,0.03342,7.4725,47.6923,-78.3297,99.7802,-23.2527,2.5794,5.6083,31.9197,-79.9740,100.6334,-28.8509,2.2932,5.6083,37.4286,-79.9740,100.6334,-28.8509,2.2932,0,-450,0,250,-950,-100,0
787,1786013984.1699,1786013984.1753,0.03335,7.0330,46.0220,-78.4176,100.5714,-25.3626,2.5794,3.2945,32.9485,-85.7389,101.7051,-30.7599,2.2245,3.2945,35.8462,-85.7389,101.7051,-30.7599,2.2245,-200,-550,0,300,-750,0,0
788,1786013984.2034,1786013984.2087,0.03347,6.4176,44.3516,-78.4176,100.5714,-27.1209,2.5132,5.2559,32.3434,-81.9121,103.6029,-33.5680,2.5164,5.2559,34.0879,-81.9121,103.6029,-33.5680,2.5164,-250,-550,0,0,-750,-50,0
789,1786013984.2368,1786013984.2416,0.03338,5.5385,42.5934,-78.9451,100.7473,-28.0000,2.4471,4.9023,28.5522,-77.5396,102.1584,-32.3041,2.4846,4.9023,32.3297,-77.5396,102.1584,-32.3041,2.4846,-300,-550,-50,0,-300,0,0
790,1786013984.2701,1786013984.275,0.03333,4.6593,40.9231,-79.6484,101.9780,-30.0220,2.4471,3.7146,28.5181,-79.5749,102.7840,-37.4882,2.2559,3.7146,30.6593,-79.5749,102.7840,-37.4882,2.2559,-250,-550,-350,450,-700,0,0
791,1786013984.3035,1786013984.3084,0.03345,4.5714,38.9890,-79.5604,102.3297,-31.4286,2.4471,1.7575,23.1424,-73.5931,101.4951,-32.0530,2.1879,1.7575,28.6374,-73.5931,101.4951,-32.0530,2.1879,-50,-650,50,300,-600,0,0
792,1786013984.3369,1786013984.3419,0.0334,4.5714,36.8791,-79.0330,102.3297,-32.4835,2.4471,2.8076,19.3730,-69.2818,101.6137,-37.1962,2.3671,2.8076,26.6154,-69.2818,101.6137,-37.1962,2.3671,-50,-650,200,0,-300,0,0
793,1786013984.3703,1786013984.3751,0.03332,4.0440,35.0330,-78.2418,102.3297,-33.8901,2.4471,1.6815,14.1807,-63.3861,101.5789,-40.0543,2.1995,1.6815,24.6813,-67.9780,101.5789,-40.0543,2.1995,-200,-650,200,0,-500,0,0
794,1786013984.4036,1786013984.4085,0.03338,3.7802,32.8352,-75.9560,102.0659,-34.6813,2.4471,-0.9757,16.2261,-66.1663,102.4552,-42.4656,2.3257,-0.9757,22.6593,-66.1663,102.4552,-42.4656,2.3257,-150,-700,850,-50,-250,0,0
795,1786013984.4371,1786013984.4423,0.03342,2.9890,30.7253,-72.7912,102.0659,-36.6154,2.4471,-3.3448,14.0100,-64.4669,102.6495,-43.2975,2.4365,-3.3448,20.3736,-64.4669,102.6495,-43.2975,2.4365,-200,-700,1050,0,-650,0,0
796,1786013984.4704,1786013984.4756,0.03336,1.9341,28.7912,-69.8901,102.1538,-38.9011,2.4471,-3.5889,8.1337,-56.5844,104.0141,-48.0617,2.2325,-3.5889,18.6154,-59.4505,104.0141,-48.0617,2.2325,-450,-700,1000,0,-800,0,0
797,1786013984.5039,1786013984.5086,0.03344,0.3516,27.1209,-67.4286,102.5055,-40.9231,2.4471,-5.7777,1.5908,-53.9351,105.8630,-43.1174,1.9620,-5.7777,16.8571,-57.0769,105.8630,-43.1174,1.9620,-500,-600,800,100,-750,0,0
798,1786013984.5372,1786013984.5422,0.03339,-0.8791,25.2747,-64.8791,102.7692,-42.1538,2.4471,-7.5156,2.5114,-54.0030,106.3156,-53.3137,1.9194,-7.5156,14.9231,-54.5275,106.3156,-52.4176,1.9194,-450,-650,900,50,-450,0,0
799,1786013984.5706,1786013984.5757,0.03335,-2.4615,23.0769,-61.8022,104.0000,-43.6484,2.3810,-8.6549,4.2026,-53.3364,104.3995,-54.0016,2.1066,-8.6549,12.7253,-53.3364,104.3995,-53.9121,2.1066,-550,-650,1000,450,-450,0,0
800,1786013984.604,1786013984.7154,0.03344,-4.3077,20.9670,-58.7253,104.7912,-45.0549,2.3148,1.5176,18.5941,-59.3933,102.3121,-38.5007,0.9623,1.5176,18.5941,-59.3933,102.3121,-41.8242,0.9623,-550,-750,1050,200,-450,-50,1
801,1786013984.7166,1786013984.7214,0.11256,-7.7363,16.9231,-53.9780,104.6154,-51.8242,2.3148,4.1994,13.4572,-54.3182,102.5865,-35.9636,1.3921,2.1758,13.4572,-54.3182,102.5865,-41.9121,1.3921,-200,-250,200,0,-400,0,1
802,1786013984.7499,1786013984.7546,0.03327,-7.8242,16.3956,-53.8022,104.6154,-52.4396,2.3148,4.8925,10.7927,-54.8581,102.0784,-33.3958,0.9281,2.2637,10.7927,-54.8581,102.0784,-42.4396,0.9281,0,-150,100,0,-200,0,0
803,1786013984.7833,1786013984.7878,0.0334,-7.2088,16.3956,-53.8022,103.9121,-52.0879,1.9841,4.8471,13.9470,-56.3831,103.4508,-31.9624,1.0763,2.8791,13.9470,-56.3831,103.4508,-41.9121,1.0763,200,0,0,-250,-50,-150,0
804,1786013984.8167,1786013984.8212,0.0334,-5.4505,15.9560,-53.8022,103.2088,-49.9780,1.7196,3.6995,16.1849,-56.0705,102.7852,-31.4704,0.7555,3.6995,16.1849,-56.0705,102.7852,-39.6264,0.7555,500,-150,0,-300,550,-100,0
805,1786013984.8501,1786013984.8546,0.03339,-2.9011,15.4286,-53.8022,103.3846,-47.0769,1.6534,6.4336,17.8803,-56.5780,102.6704,-28.5246,0.8400,6.4336,17.8803,-56.5780,102.6704,-36.6374,0.8400,850,-150,0,50,1050,0,0
806,1786013984.8834,1786013984.888,0.03339,0.0879,15.1648,-53.9780,103.3846,-44.2637,1.5212,7.7378,20.1204,-56.1923,100.9289,-29.1932,1.0113,7.7378,20.1204,-56.1923,100.9289,-34.0879,1.0113,1100,-100,-100,0,850,-50,0
807,1786013984.9169,1786013984.9214,0.03343,2.4615,15.9560,-54.5055,103.1209,-41.8022,1.5212,7.8180,19.3678,-54.6349,99.5639,-29.3699,0.9201,7.8180,19.3678,-54.6349,99.5639,-31.3626,0.9201,800,300,-200,-100,850,0,0
808,1786013984.9503,1786013984.955,0.03339,4.6593,17.8022,-54.7692,102.5055,-38.9890,1.5212,9.6449,20.8025,-53.7405,98.8957,-28.9464,0.8999,9.6449,20.8025,-53.7405,98.8957,-28.9464,0.8999,750,600,-100,-200,950,0,0
809,1786013984.9836,1786013984.9881,0.03338,5.8901,19.2967,-54.4176,101.1868,-36.1758,1.5212,10.9684,19.3914,-51.2206,97.9047,-23.4751,1.2384,10.9684,19.3914,-51.2206,97.9047,-25.7363,1.2384,350,650,50,-450,950,0,0
810,1786013985.017,1786013985.0217,0.03338,6.7692,20.6154,-53.5385,100.3956,-33.3626,1.5212,11.0217,20.5809,-52.6652,97.9322,-22.1725,1.2039,11.0217,20.5809,-52.6652,97.9322,-22.9231,1.2039,300,450,250,-350,900,0,0
811,1786013985.0504,1786013985.0551,0.03342,8.0879,21.0549,-52.6593,99.5165,-30.4615,1.5212,14.6089,23.7849,-52.2961,96.6602,-17.5064,1.2603,14.6089,23.7849,-52.2961,96.6602,-20.1978,1.2603,450,100,200,-250,1050,0,0
812,1786013985.0839,1786013985.0885,0.03343,9.2308,20.8791,-51.6923,99.0769,-27.7363,1.5212,14.3039,24.1615,-48.1210,94.3221,-14.3863,1.3379,14.3039,24.1615,-48.1210,94.3221,-17.3846,1.3379,400,-50,400,-150,1000,0,0
813,1786013985.1173,1786013985.122,0.03343,10.6374,21.4066,-51.7802,98.1978,-25.1868,1.5212,14.7860,26.4012,-48.4118,93.5053,-11.3471,1.4433,14.7860,26.4012,-48.4118,93.5053,-14.8352,1.4433,450,100,-50,-350,950,0,0
814,1786013985.1507,1786013985.1553,0.03336,12.0440,22.9011,-51.6044,96.7033,-22.1978,1.5212,13.6963,27.6445,-46.9034,94.7445,-6.0846,1.5379,13.6963,27.6445,-46.9034,94.7445,-11.7582,1.5379,550,500,0,-500,1100,0,0
815,1786013985.184,1786013985.189,0.03337,13.0989,24.5714,-50.0220,95.3846,-19.6484,1.5212,14.9176,28.7145,-48.7747,93.4444,-5.3069,1.5252,14.9176,28.7145,-48.7747,93.4444,-9.2088,1.5252,350,650,500,-450,950,0,0
816,1786013985.2174,1786013985.2225,0.03336,13.4505,26.5934,-48.3516,95.3846,-16.8352,1.5212,16.7337,31.3229,-49.0292,91.7931,-3.5347,1.5711,16.7337,31.3229,-49.0292,91.7931,-6.4835,1.5711,150,650,600,50,950,0,0
817,1786013985.2508,1786013985.2558,0.03338,13.7143,28.4396,-47.6484,95.1209,-13.9341,1.5212,14.9530,33.8212,-50.7145,92.8641,-0.8702,1.5772,14.9530,33.8212,-50.7145,92.8641,-3.5824,1.5772,50,600,400,0,1000,0,0
818,1786013985.2842,1786013985.2897,0.03341,14.2418,30.2857,-47.7363,93.8022,-11.1209,1.5212,15.7512,31.9685,-48.0037,90.9651,-0.5571,1.7796,15.7512,31.9685,-48.0037,90.9651,-0.6813,1.7796,250,600,0,-500,1000,0,0
819,1786013985.3176,1786013985.3225,0.03338,14.7692,31.9560,-48.1758,93.2747,-8.5714,1.5212,15.6676,33.3044,-47.9162,89.2456,-2.2794,1.5891,15.6676,33.3044,-47.9162,89.2456,-2.2794,1.5891,250,550,-150,-50,900,0,0
820,1786013985.351,1786013985.356,0.03344,15.3846,33.0989,-48.5275,93.0989,-5.7582,1.5212,16.0808,31.7993,-48.4351,88.7555,1.6110,1.6455,16.0808,31.7993,-48.4351,88.7555,1.6110,1.6455,300,400,-250,0,1000,0,0
821,1786013985.3844,1786013985.3897,0.03337,15.5604,33.5385,-47.8242,91.7802,-3.7363,1.5212,17.1975,28.6304,-45.5711,89.0025,2.4868,1.5415,17.1975,28.6304,-45.5711,89.0025,2.4868,1.5415,50,100,200,-450,600,0,0
822,1786013985.4177,1786013985.4226,0.03338,15.6484,33.6264,-47.3846,90.5495,-2.1538,1.5212,17.1639,24.6892,-43.0443,89.7074,1.5149,1.6366,17.1639,24.6892,-43.0443,89.7074,1.5149,1.6366,50,100,100,-400,500,0,0
823,1786013985.4512,1786013985.4557,0.03341,15.7363,33.1868,-47.3846,90.1978,-0.3077,1.5212,18.4853,28.2292,-45.4180,89.1237,3.1678,1.9974,18.4853,28.2292,-45.4180,89.1237,3.1678,1.9974,-50,-100,0,-150,650,0,0
824,1786013985.4845,1786013985.4894,0.03338,16.0000,31.6044,-45.8022,90.1099,0.1319,1.5212,21.6487,29.0379,-42.6715,88.9130,1.6190,1.7402,21.6487,29.0379,-42.6715,88.9130,1.6190,1.7402,100,-600,400,-50,50,0,0
825,1786013985.5179,1786013985.5227,0.03337,16.6154,30.0220,-44.1319,89.7582,0.4835,1.5873,22.4975,29.6103,-42.2126,88.3410,2.7184,1.9208,22.4975,29.6103,-42.2126,88.3410,2.7184,1.9208,300,-600,600,-150,50,50,0
826,1786013985.5513,1786013985.5561,0.0334,18.0220,29.6703,-43.3407,89.4945,1.0110,1.6534,24.0704,34.2381,-43.5251,87.4091,4.4590,1.9906,24.0704,34.2381,-43.5251,87.4091,4.4590,1.9906,450,-150,250,-150,200,0,0
827,1786013985.5847,1786013985.5891,0.03338,19.6044,30.1978,-42.9011,89.0549,1.3626,1.7857,23.3917,33.4459,-42.2478,87.7649,3.9306,2.0863,23.3917,33.4459,-42.2478,87.7649,3.9306,2.0863,500,200,150,-150,150,50,0
828,1786013985.6182,1786013985.623,0.03348,21.4505,31.6923,-42.9011,88.4396,2.5934,1.8519,24.5055,31.8024,-39.1863,84.8096,7.0791,1.8348,24.5055,31.8024,-39.1863,84.8096,7.0791,1.8348,600,600,0,-250,400,50,0
829,1786013985.6515,1786013985.6561,0.03333,22.5055,33.5385,-42.6374,88.2637,3.0330,1.8519,24.5169,31.7171,-38.7235,84.5698,7.9454,1.8567,24.5169,31.7171,-38.7235,84.5698,7.9454,1.8567,500,650,150,-150,150,0,0
830,1786013985.6849,1786013985.6895,0.03342,22.8571,34.1538,-41.0549,87.5604,3.3846,1.8519,22.9416,30.3162,-36.6502,84.4649,8.7892,2.0859,22.9416,30.3162,-36.6502,84.4649,8.7892,2.0859,150,200,450,-150,100,0,0
831,1786013985.7183,1786013985.7231,0.03335,23.1209,34.1538,-39.4725,86.2418,4.8791,1.8519,21.7658,30.8778,-33.7166,84.4226,6.9255,1.9995,21.7658,30.8778,-33.7166,84.4226,6.9255,1.9995,50,0,500,-450,450,0,0
832,1786013985.7516,1786013985.7563,0.03338,23.0330,33.8901,-38.3297,85.6264,6.5495,1.8519,20.7875,32.2657,-35.4762,84.8956,7.7478,2.2248,20.7875,32.2657,-35.4762,84.8956,7.7478,2.2248,-50,-50,400,-150,600,0,0
833,1786013985.785,1786013985.7897,0.03337,22.6813,33.6264,-36.4835,85.2747,6.9011,1.8519,20.6569,33.3406,-37.4309,86.0237,6.9755,2.0808,20.6569,33.3406,-37.4309,86.0237,6.9755,2.0808,-50,-150,600,-150,50,0,0
834,1786013985.8184,1786013985.8233,0.03341,22.1538,33.8022,-34.9890,85.2747,6.7253,1.8519,21.3183,32.3610,-36.6799,84.7867,7.1183,2.0769,21.3183,32.3610,-36.6799,84.7867,7.1183,2.0769,-200,50,500,0,-100,0,0
835,1786013985.8518,1786013985.8566,0.03334,21.5385,34.5055,-34.9011,85.4505,6.8132,1.8519,21.1211,32.3136,-34.3675,85.4161,6.7098,2.0953,21.1211,32.3136,-34.3675,85.4161,6.7098,2.0953,-150,250,0,50,100,0,0
836,1786013985.8852,1786013985.89,0.0334,21.2747,34.5934,-34.9011,85.6264,6.9890,1.8519,21.5750,32.3169,-33.3308,85.1199,9.3385,2.3293,21.5750,32.3169,-33.3308,85.1199,9.3385,2.3293,-100,0,0,100,50,0,0
837,1786013985.9185,1786013985.9234,0.03336,21.1868,34.3297,-34.9011,85.0989,6.7253,1.8519,21.9902,32.2081,-36.6928,85.5818,9.7022,2.2062,21.9902,32.2081,-36.6928,85.5818,9.7022,2.2062,-50,-150,0,-250,50,0,0
838,1786013985.952,1786013985.9568,0.03351,21.3626,33.9780,-34.1978,85.0989,7.2527,1.9841,22.3732,30.0827,-31.9295,86.4169,9.7992,2.1397,22.3732,30.0827,-31.9295,86.4169,9.7992,2.1397,0,-100,350,0,100,100,0
839,1786013985.9854,1786013985.9904,0.03336,21.6264,34.1538,-33.6703,85.5385,8.4835,1.9841,23.3786,30.1223,-32.0468,84.3603,11.8583,2.0971,23.3786,30.1223,-32.0468,84.3603,11.8583,2.0971,100,0,250,150,400,0,0
840,1786013986.0188,1786013986.0232,0.03338,21.8022,34.4176,-33.2308,85.6264,8.8352,1.9841,23.0674,28.5498,-31.5461,84.4677,13.5268,1.9812,23.0674,28.5498,-31.5461,84.4677,13.5268,1.9812,100,100,100,50,50,0,0
841,1786013986.0522,1786013986.057,0.0334,22.2418,34.4176,-32.0879,85.7143,9.8022,1.9841,21.1878,28.3649,-29.7243,83.5523,10.5440,1.9663,21.1878,28.3649,-29.7243,83.5523,10.5440,1.9663,150,0,400,0,250,0,0
842,1786013986.0855,1786013986.0903,0.03335,22.5934,33.8901,-31.5604,84.6593,11.2088,1.9841,20.3503,30.2580,-35.0204,86.3736,7.7297,1.8409,20.3503,30.2580,-35.0204,86.3736,7.7297,1.8409,100,-150,200,-300,400,0,0
843,1786013986.1189,1786013986.124,0.03341,22.6813,33.0989,-30.5934,84.5714,11.7363,1.9841,21.3570,31.3723,-35.9660,85.3002,8.0822,1.7820,21.3570,31.3723,-35.9660,85.3002,8.0822,1.7820,50,-250,300,-50,50,0,0
844,1786013986.1523,1786013986.157,0.03339,22.1538,33.0110,-30.1538,84.5714,10.8571,1.9841,20.2871,32.3129,-35.6630,86.2494,8.9933,1.7962,20.2871,32.3129,-35.6630,86.2494,8.9933,1.7962,-150,0,100,0,-200,0,0
845,1786013986.1858,1786013986.1902,0.03343,21.5385,33.1868,-30.5055,85.0110,9.3626,1.9841,19.6594,32.2279,-38.1300,86.0212,7.9560,1.9624,19.6594,32.2279,-38.1300,86.0212,7.9560,1.9624,-100,50,0,50,-550,0,0
846,1786013986.2192,1786013986.2241,0.0334,21.0110,33.4505,-31.7363,85.3626,8.8352,1.9841,20.6093,32.5120,-37.3962,86.7667,8.1853,1.9878,20.6093,32.5120,-37.3962,86.7667,8.1853,1.9878,-150,100,-400,150,-100,0,0
847,1786013986.2525,1786013986.2574,0.03337,20.5714,33.5385,-33.2308,85.6264,9.0110,1.9841,21.7754,33.8788,-36.4109,84.2301,7.8502,2.1964,21.7754,33.8788,-36.4109,84.2301,7.8502,2.1964,-100,0,-550,50,0,0,0
848,1786013986.2859,1786013986.2908,0.03338,20.4835,33.3626,-34.4615,85.6264,8.4835,1.9841,20.7929,34.7557,-36.5568,84.6161,7.5079,2.2304,20.7929,34.7557,-36.5568,84.6161,7.5079,2.2304,-100,-50,-500,0,-250,0,0
849,1786013986.3193,1786013986.3241,0.03337,20.8352,33.4505,-34.6374,85.8022,8.3077,1.9841,20.6032,33.7981,-35.4551,84.7286,8.1879,2.2120,20.6032,33.7981,-35.4551,84.7286,8.1879,2.2120,150,0,-100,100,-50,0,0
850,1786013986.3527,1786013986.465,0.03342,21.0110,34.4176,-34.7253,84.7473,7.9560,1.9841,20.0894,37.3532,-41.1455,88.7204,8.4681,1.9317,20.0894,37.3532,-41.1455,88.7204,8.4681,1.9317,50,350,-50,-350,0,0,1
851,1786013986.4662,1786013986.4681,0.11353,20.9231,34.7692,-34.5495,85.0989,8.1319,1.9841,20.7566,33.8438,-33.6756,85.0790,7.4673,1.9819,20.7566,33.8438,-33.6756,85.0790,7.4673,1.9819,-50,-100,-50,150,0,0,1
