step,t_obs,t_cmd,dt,pos_shoulder_pan,pos_shoulder_lift,pos_elbow_flex,pos_wrist_flex,pos_wrist_roll,pos_gripper,cmd_shoulder_pan,cmd_shoulder_lift,cmd_elbow_flex,cmd_wrist_flex,cmd_wrist_roll,cmd_gripper,sent_shoulder_pan,sent_shoulder_lift,sent_elbow_flex,sent_wrist_flex,sent_wrist_roll,sent_gripper,velraw_shoulder_pan,velraw_shoulder_lift,velraw_elbow_flex,velraw_wrist_flex,velraw_wrist_roll,velraw_gripper,chunk_start
0,1786014290.5183,1786014290.8805,2.49479,-3.6044,-104.2198,95.9121,82.4615,-90.0659,1.9841,-3.4651,-107.1217,92.3175,83.3272,-89.6883,1.7203,-3.4651,-107.1217,92.3175,83.3272,-89.6883,1.7203,0,0,0,0,0,0,1
1,1786014290.8817,1786014290.887,0.36337,-3.6044,-104.2198,95.9121,82.4615,-90.0659,1.9841,-3.5955,-106.7803,91.7425,83.3215,-90.1001,1.7445,-3.5955,-106.7803,91.7425,83.3215,-90.1001,1.7445,0,0,0,0,0,0,1
2,1786014290.9151,1786014290.92,0.03338,-3.6044,-104.2198,95.9121,82.4615,-90.0659,1.9841,-3.6527,-106.0778,90.7214,83.3069,-90.2545,1.6439,-3.6527,-106.0778,90.7214,83.3069,-90.2545,1.6439,0,0,0,0,0,0,0
3,1786014290.9484,1786014290.9531,0.03336,-3.6044,-104.3956,95.4725,82.6374,-90.0659,1.9841,-3.7467,-105.9574,89.9404,83.3483,-90.5460,1.7197,-3.7467,-105.9574,89.9404,83.3483,-90.5460,1.7197,0,-100,0,50,0,0,0
4,1786014290.9819,1786014290.9864,0.03342,-3.6044,-104.3956,94.3297,82.6374,-90.0659,1.9841,-3.6247,-104.9044,88.4542,83.0043,-90.5134,1.6480,-3.6247,-104.9044,88.4542,83.0043,-90.5134,1.6480,0,0,-400,50,0,0,0
5,1786014291.0152,1786014291.02,0.03333,-3.6044,-104.3956,93.2747,82.9890,-90.1538,1.9841,-3.6046,-103.7619,87.0266,82.6141,-90.5868,1.6962,-3.6046,-103.7619,87.0266,82.6141,-90.5868,1.6962,0,0,-400,150,0,0,0
6,1786014291.0486,1786014291.053,0.03339,-3.6044,-104.3956,92.3956,83.0769,-90.1538,1.9841,-3.6147,-101.5946,85.0550,82.1211,-90.4825,1.6681,-3.6147,-101.5946,85.0550,82.1211,-90.4825,1.6681,0,0,-300,0,-50,0,0
7,1786014291.0819,1786014291.0864,0.03334,-3.6044,-104.1319,91.2527,83.1648,-90.3297,1.9841,-3.2462,-98.3947,82.1135,81.4537,-90.3661,1.6262,-3.2462,-98.3947,82.1135,81.4537,-90.3661,1.6262,0,100,-350,50,-50,0,0
8,1786014291.1154,1786014291.1201,0.03343,-3.6044,-103.7802,89.6703,82.8132,-90.3297,1.9841,-2.8597,-94.5304,78.8702,80.8509,-90.1527,1.5823,-2.8597,-94.5304,79.4066,80.8509,-90.1527,1.5823,0,0,-550,-150,0,0,0
9,1786014291.1488,1786014291.1534,0.03344,-3.6044,-102.0220,87.6484,82.2857,-90.3297,1.9841,-2.1811,-90.4719,75.1629,80.3346,-89.8644,1.4997,-2.1811,-91.6703,77.3846,80.3346,-89.8644,1.4997,0,600,-700,-200,0,0,0
10,1786014291.1821,1786014291.1871,0.03331,-3.5165,-99.5604,85.3626,81.8462,-90.3297,1.9841,-1.6790,-85.8091,71.9381,79.8199,-89.3884,1.5100,-1.6790,-89.2088,74.9231,79.8199,-89.3884,1.5100,0,800,-800,-150,0,0,0
11,1786014291.2155,1786014291.2205,0.03337,-3.0769,-96.8352,82.9890,81.2308,-90.3297,1.9841,-0.6400,-81.1641,68.2042,79.6053,-88.8845,1.5036,-0.6400,-86.3956,72.6374,79.6053,-88.8845,1.5036,150,950,-850,-200,0,0,0
12,1786014291.2489,1786014291.254,0.03345,-2.5495,-94.0220,80.7033,80.7912,-90.0659,1.9841,0.4524,-76.1380,63.8705,79.2718,-88.0063,1.5536,0.4524,-83.6703,70.4396,79.2718,-88.0063,1.5536,200,950,-750,-200,0,0,0
13,1786014291.2823,1786014291.2874,0.03339,-1.9341,-91.3846,78.4176,80.5275,-89.7143,1.9841,2.1219,-70.5456,59.0987,79.1953,-86.8782,1.6602,2.1219,-81.0330,68.0659,79.1953,-86.8782,1.6602,200,850,-800,-100,150,0,0
14,1786014291.3157,1786014291.3209,0.03338,-1.0549,-88.7473,76.0440,80.0879,-89.0110,1.9841,3.7199,-65.6525,54.5534,79.0735,-85.2103,1.6927,3.7199,-78.2198,65.6923,79.0735,-85.2103,1.6927,300,900,-800,-150,250,0,0
15,1786014291.3491,1786014291.3539,0.03338,0.0000,-86.0220,73.8462,79.9121,-88.3077,1.9841,5.6163,-60.7511,50.0884,79.2216,-83.5132,1.7436,5.6163,-75.5824,63.4945,79.2216,-83.5132,1.7436,350,900,-750,-50,300,0,0
16,1786014291.3825,1786014291.3872,0.03342,1.4945,-83.2967,71.3846,79.7363,-87.0769,1.9841,7.7055,-55.9764,45.6328,79.5994,-81.3498,1.7324,7.7055,-72.8571,61.1209,79.5994,-81.3498,1.7324,500,900,-750,-100,400,0,0
17,1786014291.4159,1786014291.4206,0.03336,3.0769,-80.5714,69.0989,79.7363,-85.6703,1.9841,9.7601,-51.1425,40.9711,80.3092,-79.0042,1.8196,9.7601,-70.1319,58.7473,80.3092,-79.0042,1.8196,500,850,-850,0,500,0,0
18,1786014291.4492,1786014291.454,0.03337,4.7473,-77.7582,66.7253,79.8242,-84.0879,1.9841,12.0398,-46.6563,36.4606,81.0882,-75.9020,1.8823,12.0398,-67.3187,56.3736,81.0882,-75.9020,1.8823,550,950,-750,0,600,0,0
19,1786014291.4827,1786014291.4875,0.03345,6.6813,-74.9451,64.4396,80.0879,-82.1538,1.9841,14.2460,-43.0933,32.4686,82.0292,-72.1204,1.9954,14.2460,-64.6813,54.0879,82.0292,-72.1204,1.9954,650,950,-800,100,700,0,0
20,1786014291.516,1786014291.5207,0.03337,8.7033,-72.1319,62.1538,80.6154,-80.0440,1.9841,16.5202,-39.2039,28.3860,83.0079,-68.0343,2.0735,16.5202,-61.7802,51.8022,83.0079,-69.6923,2.0735,650,900,-750,150,700,0,0
21,1786014291.5494,1786014291.5541,0.03338,10.7253,-69.4066,59.6923,81.2308,-77.4066,1.9841,18.8324,-36.0869,24.8422,84.0777,-63.7960,2.1421,18.8324,-58.9670,49.4286,84.0777,-66.9670,2.1421,700,950,-750,200,950,0,0
22,1786014291.5828,1786014291.5875,0.03337,12.9231,-66.6813,57.4066,82.0220,-74.5055,1.9841,21.0633,-33.1860,22.0858,84.8786,-59.3233,2.2291,21.0633,-56.2418,47.0549,84.8786,-64.1538,2.2291,700,900,-850,300,1000,0,0
23,1786014291.6162,1786014291.6207,0.03341,15.1209,-63.8681,55.0330,82.8132,-71.7802,1.9841,23.1869,-30.4678,19.2201,85.7894,-55.1180,2.3213,23.1869,-53.4286,44.6813,85.7894,-61.4286,2.3213,750,950,-750,300,950,0,0
24,1786014291.6496,1786014291.6541,0.03337,17.2308,-61.0549,52.7473,83.7802,-69.0549,1.9841,25.0656,-28.3246,17.1246,86.2547,-51.3327,2.4355,25.0656,-50.7912,42.3956,86.2547,-58.7912,2.4355,800,950,-800,300,950,0,0
25,1786014291.6829,1786014291.6875,0.03334,19.5165,-58.2418,50.2857,84.5714,-66.3297,1.9841,26.8385,-26.4760,15.2122,86.5115,-47.9260,2.5089,26.8385,-47.8901,40.0220,86.5115,-56.0659,2.5089,750,950,-800,250,850,0,0
26,1786014291.7163,1786014291.7209,0.03341,21.6264,-55.4286,48.0000,85.2747,-63.6044,1.9841,28.3039,-24.4385,13.8222,86.6543,-45.0786,2.6512,28.3039,-45.0769,37.6484,86.6543,-53.1648,2.6512,750,950,-800,200,1000,0,0
27,1786014291.7497,1786014291.7542,0.03337,23.6484,-52.7033,45.7143,85.7143,-60.8791,1.9841,29.8119,-22.4103,12.7549,86.6428,-42.7133,2.7200,29.8119,-42.3516,35.4505,86.6428,-50.5275,2.7200,700,950,-750,200,950,0,0
28,1786014291.7831,1786014291.7876,0.03341,25.4945,-49.8901,43.3407,86.0659,-58.1538,2.3810,31.0796,-20.8127,11.9744,86.1818,-40.6116,2.8422,31.0796,-39.4505,32.9890,86.1818,-47.7143,2.8422,650,1000,-800,150,900,250,0
29,1786014291.8165,1786014291.8209,0.03337,27.0769,-46.9890,41.0549,86.2418,-55.3407,2.4471,32.1543,-19.1295,11.1828,85.7983,-38.9333,2.9143,32.1543,-36.6374,30.7033,85.7983,-44.9890,2.9143,550,950,-800,50,950,50,0
30,1786014291.8499,1786014291.8544,0.03339,28.4835,-44.0879,38.6813,86.1538,-52.6154,2.4471,33.2416,-17.7622,10.7713,85.3590,-37.1473,2.9141,33.2416,-33.8242,28.4176,85.3590,-42.1758,2.9141,500,950,-800,0,950,0,0
31,1786014291.8833,1786014291.8878,0.0334,29.8901,-41.1868,36.3956,86.1538,-49.8022,2.6455,34.1912,-15.8426,9.7434,84.9495,-35.1294,2.9847,34.1912,-30.9231,25.9560,84.9495,-39.5385,2.9847,450,1000,-800,0,950,100,0
32,1786014291.9167,1786014291.9212,0.03341,31.2967,-38.2857,33.9341,85.8901,-47.0769,2.7116,35.1100,-14.2490,9.2019,84.4929,-33.3554,2.9617,35.1100,-27.9341,23.6703,84.4929,-36.6374,2.9617,500,1000,-850,-100,950,0,0
33,1786014291.9501,1786014291.9547,0.03338,32.3516,-35.5604,31.6484,85.5385,-44.2637,2.7116,35.7975,-13.2843,8.9911,83.8324,-31.9317,2.9913,35.7975,-25.1209,21.3846,83.8324,-34.0000,2.9913,350,1000,-750,-100,900,0,0
34,1786014291.9834,1786014291.988,0.03337,33.3187,-32.5714,29.2747,85.1868,-41.6264,2.7116,36.5207,-11.8781,8.6914,83.1993,-30.0019,2.9801,36.5207,-22.1319,19.0110,83.1993,-31.1868,2.9801,300,1000,-850,-150,900,0,0
35,1786014292.0168,1786014292.0214,0.03341,34.1978,-29.6703,26.9011,84.6593,-38.9011,2.7116,37.3486,-10.2592,8.4356,82.5133,-28.0772,3.0061,37.3486,-19.1429,16.6374,82.5133,-28.5495,3.0061,300,1000,-750,-150,950,0,0
36,1786014292.0502,1786014292.0548,0.03337,34.9890,-26.6813,24.6154,84.1319,-36.0879,2.7116,37.8072,-8.9051,8.2993,81.7171,-26.2344,2.9789,37.8072,-16.1538,14.2637,81.7171,-26.2344,2.9789,250,950,-800,-200,950,0,0
37,1786014292.0836,1786014292.0881,0.03338,35.8681,-23.6044,22.2418,83.5165,-33.3626,2.7116,38.2891,-7.8021,8.3671,80.9164,-24.9399,2.9676,38.2891,-13.2527,11.9780,80.9164,-24.9399,2.9676,350,1000,-800,-200,900,0,0
38,1786014292.117,1786014292.1215,0.03337,36.6593,-20.5275,19.9560,82.8132,-30.6374,2.7116,38.5944,-6.8986,8.4794,80.0695,-23.7042,2.8903,38.5944,-10.1758,9.6044,80.0695,-23.7042,2.8903,200,1050,-800,-250,950,0,0
39,1786014292.1504,1786014292.155,0.0334,37.2747,-17.4505,17.5824,82.0220,-28.4396,2.7116,39.1175,-5.8950,8.5688,79.3524,-22.7971,2.8838,39.1175,-7.0989,8.5688,79.3524,-22.7971,2.8838,200,1000,-800,-250,750,0,0
40,1786014292.1838,1786014292.1883,0.03345,37.8022,-14.5495,15.2967,81.3187,-26.7692,2.7116,39.3649,-4.7277,8.5700,78.5576,-22.0652,2.8945,39.3649,-4.7277,8.5700,78.5576,-22.0652,2.8945,200,1000,-750,-300,550,0,0
41,1786014292.2172,1786014292.2216,0.0334,38.3297,-11.4725,13.1868,80.5275,-25.2747,2.7116,39.4801,-3.9640,8.8032,77.8570,-21.5302,2.9053,39.4801,-3.9640,8.8032,77.8570,-21.5302,2.9053,150,1000,-750,-250,550,0,0
42,1786014292.2506,1786014292.255,0.03338,38.6813,-8.6593,12.2198,79.6484,-24.1319,2.7116,39.7774,-3.2011,9.2357,77.3316,-20.8664,2.9453,39.7774,-3.2011,9.2357,77.3316,-20.8664,2.9453,150,900,-300,-300,350,0,0
43,1786014292.284,1786014292.2884,0.03339,39.0330,-6.2857,11.7802,78.9451,-23.2527,2.7116,39.9909,-2.3387,9.1622,76.9352,-20.5910,2.9643,39.9909,-2.3387,9.1622,76.9352,-20.5910,2.9643,100,850,-150,-300,300,0,0
44,1786014292.3174,1786014292.3219,0.03341,39.2967,-4.5275,11.7802,78.3297,-22.3736,2.7116,39.9078,-2.1937,9.3232,76.6412,-20.4878,3.0847,39.9078,-2.1937,9.3232,76.6412,-20.4878,3.0847,100,600,0,-200,300,0,0
45,1786014292.3508,1786014292.3556,0.03342,39.5604,-3.2967,11.7802,77.8022,-21.7582,2.7116,40.1181,-0.6911,9.2507,76.3248,-19.8485,3.1338,40.1181,-0.6911,9.2507,76.3248,-19.8485,3.1338,100,400,0,-150,250,0,0
46,1786014292.3841,1786014292.3889,0.03332,39.6484,-2.5934,11.6923,77.4505,-21.3187,2.7116,40.4886,0.2444,9.2729,76.0904,-19.4592,3.1591,40.4886,0.2444,9.2729,76.0904,-19.4592,3.1591,50,300,0,-150,100,0,0
47,1786014292.4175,1786014292.4223,0.03339,39.6484,-1.7143,11.6923,77.0110,-20.8791,2.7116,40.5601,0.5967,9.5001,76.0994,-19.2649,3.1861,40.5601,0.5967,9.5001,76.0994,-19.2649,3.1861,0,300,0,-150,200,0,0
48,1786014292.4509,1786014292.456,0.03342,39.6484,-0.3956,11.6923,76.6593,-20.3516,2.7116,40.7195,1.4408,9.4206,75.8235,-19.1153,3.2126,40.7195,1.4408,9.4206,75.8235,-19.1153,3.2126,0,400,0,-100,200,0,0
49,1786014292.4844,1786014292.4894,0.03341,39.8242,0.4835,11.6044,76.5714,-20.0000,2.7116,40.6169,2.4598,9.2307,75.7206,-19.0388,3.2373,40.6169,2.4598,9.2307,75.7206,-19.0388,3.2373,100,350,0,-50,100,0,0
50,1786014292.5177,1786014292.7436,0.03335,40.3516,1.1868,11.6044,76.3077,-19.7363,2.7116,34.1402,5.2932,5.3421,77.4173,-18.0966,2.9646,34.1402,5.2932,5.3421,77.4173,-18.0966,2.9646,200,250,0,-50,100,0,1
51,1786014292.7448,1786014292.7499,0.22708,40.2637,2.5934,11.2527,76.0440,-19.2967,2.7116,34.5334,6.1003,5.2012,77.1369,-18.3386,2.9596,34.5334,6.1003,5.2012,77.1369,-18.3386,2.9596,0,0,0,0,0,0,1
52,1786014292.7781,1786014292.7826,0.03332,40.3516,2.5934,11.2527,76.0440,-19.2967,2.7116,34.7587,5.8658,5.2925,76.9055,-18.5014,3.0287,34.7587,5.8658,5.2925,76.9055,-18.5014,3.0287,50,0,0,0,0,0,0
53,1786014292.8115,1786014292.816,0.03339,40.0000,3.5604,10.2857,76.4835,-19.0330,2.7116,34.7785,6.1016,5.5476,76.4727,-18.8533,2.9319,34.7785,6.1016,5.5476,76.4727,-18.8533,2.9319,-250,300,-250,250,100,0,0
54,1786014292.8449,1786014292.8497,0.03339,38.4176,5.2308,8.7033,76.3956,-18.9451,2.7116,34.7562,6.1313,5.5984,76.2565,-19.1586,2.9729,34.7562,6.1313,5.5984,76.2565,-19.1586,2.9729,-500,550,-550,50,50,0,0
55,1786014292.8783,1786014292.8827,0.0334,36.5714,5.8462,8.3516,76.2198,-19.0330,2.7116,34.8654,6.4645,6.0347,76.0421,-19.5147,3.0799,34.8654,6.4645,6.0347,76.0421,-19.5147,3.0799,-650,350,-50,-50,-50,0,0
56,1786014292.9117,1786014292.9164,0.03342,35.6923,5.9341,8.3516,76.4835,-18.9451,2.7116,34.7739,6.6166,6.1779,75.8228,-19.5865,2.9581,34.7739,6.6166,6.1779,75.8228,-19.5865,2.9581,-250,50,0,50,50,0,0
57,1786014292.9451,1786014292.9497,0.03336,35.3407,6.1978,8.0879,76.3077,-19.2088,2.7116,34.8461,6.9086,6.2121,75.6033,-19.7654,3.0231,34.8461,6.9086,6.2121,75.6033,-19.7654,3.0231,-150,100,-50,0,-100,0,0
58,1786014292.9785,1786014292.9831,0.03344,35.5165,6.7253,8.0879,76.1319,-19.3846,2.7116,34.8024,6.9279,6.2224,75.2099,-19.7950,3.0684,34.8024,6.9279,6.2224,75.2099,-19.7950,3.0684,100,200,0,-100,-100,0,0
59,1786014293.0119,1786014293.0165,0.03338,35.5165,7.2527,8.2637,75.9560,-19.4725,2.7116,34.6279,6.8828,6.4538,74.8086,-19.8478,3.1034,34.6279,6.8828,6.4538,74.8086,-19.8478,3.1034,0,200,100,-50,0,0,0
60,1786014293.0452,1786014293.0499,0.03336,35.5165,7.3407,8.2637,75.6923,-19.5604,2.7116,34.5612,7.2606,6.7273,74.2332,-19.9507,3.1695,34.5612,7.2606,6.7273,74.2332,-19.9507,3.1695,0,0,0,-150,-50,0,0
61,1786014293.0786,1786014293.0832,0.03339,35.1648,7.2527,8.1758,75.2527,-19.5604,2.7116,34.6726,7.6605,6.9027,73.9895,-19.9154,3.2947,34.6726,7.6605,6.9027,73.9895,-19.9154,3.2947,-100,-50,-50,-100,0,0,0
62,1786014293.112,1786014293.1166,0.03341,34.8132,7.3407,8.1758,74.8132,-19.5604,2.7116,34.3012,7.4175,7.2790,73.4721,-19.9508,3.4041,34.3012,7.4175,7.2790,73.4721,-19.9508,3.4041,-100,0,0,-150,0,0,0
63,1786014293.1454,1786014293.1499,0.03337,34.6374,7.8681,8.1758,74.4615,-19.5604,2.7778,34.2460,7.7754,7.6764,73.1405,-19.7331,3.4323,34.2460,7.7754,7.6764,73.1405,-19.7331,3.4323,-50,200,0,-100,0,50,0
64,1786014293.1788,1786014293.1835,0.0334,34.6374,8.0440,8.2637,74.1099,-19.5604,2.9762,34.1868,7.5655,7.7632,73.0287,-20.1479,3.9089,34.1868,7.5655,7.7632,73.0287,-20.1479,3.9089,0,50,0,-150,0,100,0
65,1786014293.2123,1786014293.2169,0.03344,34.8132,7.9560,8.2637,73.7582,-19.5604,3.0423,34.1952,7.3372,8.0586,72.8742,-20.1053,4.5279,34.1952,7.3372,8.0586,72.8742,-20.1053,4.5279,50,0,0,-150,0,50,0
66,1786014293.2456,1786014293.2502,0.03335,34.8132,7.8681,8.2637,73.4945,-19.7363,3.1746,33.6770,7.2380,8.3665,72.9453,-20.2573,6.4340,33.6770,7.2380,8.3665,72.9453,-20.2573,6.4340,0,-50,0,-100,-50,50,0
67,1786014293.279,1786014293.2835,0.03338,34.5495,7.8681,8.2637,73.3187,-19.8242,3.7698,33.5141,6.6854,9.1329,72.9835,-20.5465,10.1443,33.5141,6.6854,9.1329,72.9835,-20.5465,10.1443,-50,0,0,-100,-50,250,0
68,1786014293.3124,1786014293.3169,0.03342,34.2857,7.9560,8.6154,73.2308,-19.9121,4.6296,33.1689,6.3031,9.4137,72.7852,-19.8238,14.1097,33.1689,6.3031,9.4137,72.7852,-19.8238,14.1097,-50,50,100,0,-50,400,0
69,1786014293.3458,1786014293.3506,0.03341,34.0220,7.8681,9.1429,73.2308,-20.0000,6.2831,33.1532,6.2432,9.7209,72.8348,-19.7476,18.2391,33.1532,6.2432,9.7209,72.8348,-19.7476,16.6138,-50,0,200,0,-50,800,0
70,1786014293.3792,1786014293.3838,0.03334,33.8462,7.8681,9.4945,73.2308,-20.0000,8.7963,33.0260,5.9382,9.9180,72.9132,-19.3474,21.6740,33.0260,5.9382,9.9180,72.9132,-19.3474,19.1270,-50,0,100,0,0,1050,0
71,1786014293.4126,1786014293.4173,0.03343,33.4945,7.8681,9.7582,73.1429,-20.0000,11.5079,32.8363,5.8717,10.5342,72.9623,-19.7058,24.2333,32.8363,5.8717,10.5342,72.9623,-19.7058,21.8386,-100,0,50,0,0,1200,0
72,1786014293.446,1786014293.4508,0.03337,33.4066,7.8681,10.0220,73.1429,-19.8242,14.1534,32.7338,5.6569,10.7869,72.7998,-19.7036,25.6477,32.7338,5.6569,10.7869,72.7998,-19.7036,24.4841,-50,0,100,0,100,1200,0
73,1786014293.4793,1786014293.4839,0.03336,33.2308,7.8681,10.3736,72.9670,-19.9121,16.7989,33.0162,5.5871,11.1956,73.1366,-19.3499,26.5648,33.0162,5.5871,11.1956,73.1366,-19.3499,26.5648,-50,0,150,0,0,1200,0
74,1786014293.5128,1786014293.5175,0.03345,33.1429,7.8681,10.9011,73.2308,-19.8242,19.4444,32.9753,5.8184,11.9122,72.9995,-19.6772,27.1245,32.9753,5.8184,11.9122,72.9995,-19.6772,27.1245,0,0,150,100,0,1200,0
75,1786014293.5461,1786014293.5511,0.03336,33.1429,7.8681,11.3407,73.2308,-19.8242,22.0238,33.0253,5.7895,12.3237,73.0034,-19.6544,27.4875,33.0253,5.7895,12.3237,73.0034,-19.6544,27.4875,0,0,100,0,0,1150,0
76,1786014293.5795,1786014293.5843,0.03337,33.1429,7.8681,11.8681,73.2308,-19.9121,23.9418,33.1221,5.4829,12.8126,72.8840,-19.5654,27.7587,33.1221,5.4829,12.8126,72.8840,-19.5654,27.7587,0,0,200,-100,-50,1000,0
77,1786014293.6129,1786014293.6179,0.03343,33.2308,7.8681,12.3077,73.2308,-19.9121,25.1984,33.1870,5.7240,13.0824,73.0760,-19.4502,27.7971,33.1870,5.7240,13.0824,73.0760,-19.4502,27.7971,50,0,200,0,0,550,0
78,1786014293.6463,1786014293.6511,0.03335,33.2308,7.8681,12.8352,73.2308,-19.9121,25.9921,33.2714,5.9315,13.8511,72.8869,-19.8596,28.0349,33.2714,5.9315,13.8511,72.8869,-19.8596,28.0349,0,0,150,0,0,400,0
79,1786014293.6797,1786014293.684,0.0334,33.2308,7.8681,13.1868,73.2308,-19.8242,26.5873,33.1195,5.6843,13.9852,72.8511,-19.5492,28.1213,33.1195,5.6843,13.9852,72.8511,-19.5492,28.1213,0,0,100,0,50,250,0
80,1786014293.7131,1786014293.7176,0.03342,33.2308,7.8681,13.6264,72.9670,-19.9121,27.0503,33.1907,5.6238,14.5585,72.7061,-19.3956,28.2921,33.1907,5.6238,14.5585,72.7061,-19.3956,28.2921,0,0,100,-100,-50,200,0
81,1786014293.7465,1786014293.7509,0.03336,33.2308,7.7802,13.9780,73.2308,-19.8242,27.4471,33.2341,5.5362,15.1856,72.7724,-19.8221,28.3985,33.2341,5.5362,15.1856,72.7724,-19.8221,28.3985,0,-50,150,150,50,150,0
82,1786014293.7799,1786014293.7843,0.03341,33.2308,7.8681,14.5055,72.9670,-19.8242,27.7116,33.1887,5.7376,15.5522,72.6730,-19.5380,28.4944,33.1887,5.7376,15.5522,72.6730,-19.5380,28.4944,0,50,200,-150,0,100,0
83,1786014293.8133,1786014293.8176,0.03339,33.2308,7.8681,15.1209,73.1429,-19.9121,27.9101,33.3475,5.4883,15.7110,72.5302,-19.4771,28.5956,33.3475,5.4883,15.7110,72.5302,-19.4771,28.5956,0,0,200,50,-50,100,0
84,1786014293.8466,1786014293.8512,0.03339,33.2308,7.8681,15.5604,73.1429,-19.8242,28.1085,33.3372,5.6787,16.4731,72.4292,-19.8791,28.6493,33.3372,5.6787,16.4731,72.4292,-19.8791,28.6493,0,0,150,0,50,50,0
85,1786014293.88,1786014293.8846,0.0334,33.2308,7.8681,15.7363,72.8791,-19.8242,28.2407,33.1260,5.5116,16.3835,72.3245,-19.4980,28.6579,33.1260,5.5116,16.3835,72.3245,-19.4980,28.6579,0,0,0,-100,0,50,0
86,1786014293.9135,1786014293.918,0.03344,33.2308,7.8681,16.1758,72.5275,-19.9121,28.3069,33.3605,5.6453,17.6963,72.0224,-20.0753,28.6491,33.3605,5.6453,17.6963,72.0224,-20.0753,28.6491,0,0,150,-150,-50,50,0
87,1786014293.9468,1786014293.9514,0.03336,33.2308,7.7802,16.3516,72.7033,-19.8242,28.3730,33.4542,5.6929,17.7994,71.9065,-19.4023,28.6535,33.4542,5.6929,17.7994,71.9065,-19.4023,28.6535,0,0,50,100,50,0,0
88,1786014293.9802,1786014293.9848,0.03337,33.2308,7.7802,17.0549,72.1758,-19.9121,28.4392,33.5513,5.4043,17.5476,71.5406,-19.6233,28.5721,33.5513,5.4043,17.5476,71.5406,-19.6233,28.5721,0,0,250,-250,0,0,0
89,1786014294.0136,1786014294.0182,0.03344,33.2308,7.7802,17.6703,72.2637,-19.8242,28.4392,33.4740,5.5539,18.1063,71.5018,-19.6178,28.5052,33.4740,5.5539,18.1063,71.5018,-19.6178,28.5052,0,0,150,-50,50,0,0
90,1786014294.047,1786014294.0515,0.03335,33.2308,7.8681,17.7582,72.1758,-19.8242,28.4392,33.9595,5.6778,18.2987,71.2987,-19.1022,28.5800,33.9595,5.6778,18.2987,71.2987,-19.1022,28.5800,0,0,50,-50,0,0,0
91,1786014294.0804,1786014294.0853,0.03341,33.2308,7.8681,17.9341,71.6484,-19.7363,28.4392,33.8686,5.9708,18.3711,70.8767,-19.7551,28.5079,33.8686,5.9708,18.3711,70.8767,-19.7551,28.5079,0,0,50,-150,0,0,0
92,1786014294.1139,1786014294.1184,0.03346,33.2308,7.7802,18.2857,71.8242,-19.7363,28.4392,33.6490,5.7644,19.2147,70.6367,-19.6958,28.4615,33.6490,5.7644,19.2147,70.6367,-19.6958,28.4615,0,0,100,0,0,0,0
93,1786014294.1472,1786014294.1518,0.03335,33.2308,7.8681,18.4615,71.5604,-19.7363,28.4392,33.6402,5.3835,18.8678,70.5419,-19.4054,28.4563,33.6402,5.3835,18.8678,70.5419,-19.4054,28.4563,0,50,50,-100,0,0,0
94,1786014294.1806,1786014294.1851,0.03338,33.2308,7.8681,18.8132,70.8571,-19.7363,28.4392,33.7548,5.9142,19.5466,70.3996,-19.2425,28.3678,33.7548,5.9142,19.5466,70.3996,-19.2425,28.3678,0,0,150,-200,0,0,0
95,1786014294.214,1786014294.2185,0.0334,33.4066,7.7802,18.9011,71.1209,-19.7363,28.4392,33.7969,6.0757,19.7571,70.0842,-19.2748,28.3905,33.7969,6.0757,19.7571,70.0842,-19.2748,28.3905,50,0,0,0,0,0,0
96,1786014294.2474,1786014294.2521,0.03338,33.4066,7.7802,19.4286,70.5055,-19.7363,28.6376,33.7378,6.0314,20.5905,69.8614,-19.4878,28.1749,33.7378,6.0314,20.5905,69.8614,-19.4878,28.1749,0,0,150,-100,0,100,0
97,1786014294.2807,1786014294.2853,0.03337,33.4066,7.7802,19.6923,70.4176,-19.7363,28.6376,33.7896,6.4216,20.1322,69.8523,-19.1551,28.0305,33.7896,6.4216,20.1322,69.8523,-19.1551,28.0305,0,0,50,0,0,0,0
98,1786014294.3142,1786014294.3186,0.03343,33.4066,7.7802,20.0440,70.1538,-19.7363,28.5053,33.9173,6.3553,20.1880,69.6878,-19.0617,27.6583,33.9173,6.3553,20.1880,69.6878,-19.0617,27.6583,0,0,150,-100,0,-50,0
99,1786014294.3476,1786014294.352,0.0334,33.4945,7.6923,20.2198,69.9780,-19.6484,28.3069,33.9708,6.9037,20.4363,69.3980,-18.9604,27.0988,33.9708,6.9037,20.4363,69.3980,-18.9604,27.0988,50,0,100,0,0,-50,0
100,1786014294.381,1786014294.6073,0.0334,33.4945,7.6923,20.2198,69.8022,-19.5604,28.0423,32.7519,6.8076,15.8103,72.1840,-18.4511,25.8428,32.7519,6.8076,15.8103,72.1840,-18.4511,25.8428,0,0,0,0,0,-150,1
101,1786014294.6084,1786014294.6134,0.22742,33.5824,7.6923,20.3077,69.5385,-19.3846,27.4471,32.9171,6.2829,16.5799,72.1313,-18.3247,25.5997,32.9171,6.2829,16.5799,72.1313,-18.3247,25.5997,0,0,0,0,0,0,1
102,1786014294.6417,1786014294.6462,0.03335,33.5824,7.6923,20.3077,69.5385,-19.2967,27.3810,33.1531,7.3435,17.1644,72.2897,-18.2027,25.3483,33.1531,7.3435,17.1644,72.2897,-18.2027,25.3483,0,0,0,0,0,0,0
103,1786014294.6751,1786014294.6797,0.03338,33.4945,7.6923,19.7802,70.0659,-19.0330,26.7857,33.2570,7.1505,17.6994,71.9503,-17.9436,25.1679,33.2570,7.1505,17.6994,71.9503,-17.9436,25.1679,-50,0,-200,300,150,-200,0
104,1786014294.7085,1786014294.7128,0.03336,33.3187,7.8681,18.9890,71.0330,-18.6813,26.0582,33.3037,8.0470,17.9475,71.8057,-18.0684,24.9987,33.3037,8.0470,17.9475,71.8057,-18.0684,24.9987,0,50,-250,350,100,-350,0
105,1786014294.7419,1786014294.7462,0.0334,33.2308,7.9560,18.8132,71.1209,-18.5934,25.7937,33.2966,7.8356,17.8991,71.6401,-18.0689,24.9572,33.2966,7.8356,17.8991,71.6401,-18.0689,24.9572,-50,0,-50,50,50,-150,0
106,1786014294.7753,1786014294.7796,0.03339,33.2308,8.1319,18.8132,71.1209,-18.5055,25.5291,33.1148,7.6421,19.0066,71.2894,-18.2055,24.9350,33.1148,7.6421,19.0066,71.2894,-18.2055,24.9350,0,100,0,0,50,-100,0
107,1786014294.8087,1786014294.813,0.0334,33.2308,8.1319,18.8132,71.1209,-18.5055,25.3307,32.8469,8.1881,19.0674,71.0354,-18.5303,24.8875,32.8469,8.1881,19.0674,71.0354,-18.5303,24.8875,0,0,0,0,0,-100,0
108,1786014294.8421,1786014294.8465,0.0334,33.2308,8.1319,18.9011,71.0330,-18.5055,25.3307,32.6968,7.8086,19.9158,70.7581,-19.1619,25.0638,32.6968,7.8086,19.9158,70.7581,-19.1619,25.0638,0,0,0,-50,0,0,0
109,1786014294.8755,1786014294.88,0.03341,33.2308,8.1319,18.9890,71.0330,-18.5055,25.1984,32.5723,7.9437,19.8010,70.9224,-19.0968,24.9590,32.5723,7.9437,19.8010,70.9224,-19.0968,24.9590,0,0,0,0,0,-50,0
110,1786014294.9089,1786014294.9133,0.03342,33.2308,8.1319,19.3407,70.9451,-18.6813,25.1984,32.5576,7.5514,20.1759,70.6658,-19.1361,24.8817,32.5576,7.5514,20.1759,70.6658,-19.1361,24.8817,0,0,150,-50,0,0,0
111,1786014294.9423,1786014294.947,0.03334,33.0549,8.1319,19.5165,70.8571,-18.8571,25.1984,32.5519,7.8281,20.0910,70.6367,-18.9905,24.6448,32.5519,7.8281,20.0910,70.6367,-18.9905,24.6448,-50,0,50,0,-50,0,0
112,1786014294.9756,1786014294.9805,0.03338,33.0549,8.1319,19.6923,70.8571,-18.8571,25.1984,32.5384,8.1635,20.8115,70.2972,-19.4024,23.8606,32.5384,8.1635,20.8115,70.2972,-19.4024,23.8606,0,0,50,0,0,0,0
113,1786014295.009,1786014295.014,0.03339,33.0549,8.1319,19.6923,70.8571,-18.8571,25.0661,32.4526,8.6338,21.1092,70.7591,-19.4061,22.5827,32.4526,8.6338,21.1092,70.7591,-19.4061,22.5827,0,0,0,0,0,0,0
114,1786014295.0424,1786014295.0471,0.03338,33.0549,8.1319,20.0440,70.5934,-19.0330,24.6032,32.1945,8.5558,21.2104,70.8269,-19.4990,19.8006,32.1945,8.5558,21.2104,70.8269,-19.4990,19.8006,0,0,100,-100,-50,-250,0
115,1786014295.0758,1786014295.0805,0.03343,33.0549,8.1319,20.2198,70.5055,-19.1209,23.7434,32.3532,8.4061,20.8848,71.0644,-19.8174,15.9079,32.3532,8.4061,20.8848,71.0644,-19.8174,15.9079,0,0,50,0,0,-350,0
116,1786014295.1092,1786014295.1141,0.0334,32.9670,8.1319,20.3956,70.5055,-19.2088,22.5529,32.2440,8.4321,21.0481,70.8454,-19.9051,10.8768,32.2440,8.4321,21.0481,70.8454,-19.9051,12.2884,-50,0,50,0,0,-500,0
117,1786014295.1426,1786014295.1472,0.03335,32.8791,8.2198,20.3956,70.5055,-19.4725,20.4365,31.8605,8.6187,21.5475,69.9745,-19.6541,4.3108,31.8605,8.6187,21.5475,69.9745,-19.6541,10.1720,-50,0,0,0,-100,-950,0
118,1786014295.176,1786014295.181,0.03342,32.7912,8.2198,20.4835,70.5055,-19.5604,17.8571,32.1551,8.6114,22.3088,68.9906,-19.4410,0.2367,32.1551,8.6114,22.3088,68.9906,-19.4410,7.4603,-50,0,0,0,-50,-1200,0
119,1786014295.2094,1786014295.2141,0.03338,32.5275,8.2198,21.1868,70.2418,-19.5604,14.8148,32.4116,8.8089,22.8349,68.3076,-19.4996,-1.6799,32.4116,8.8089,22.8349,68.3076,-19.4996,4.4180,-50,0,250,-100,0,-1250,0
120,1786014295.2428,1786014295.2475,0.03338,32.1758,8.8352,22.0659,69.8022,-19.5604,12.3677,32.6721,8.6929,23.7492,68.0623,-19.1853,-1.2355,32.6721,8.6929,23.7492,68.0623,-19.1853,2.0370,-100,150,250,-250,0,-1050,0
121,1786014295.2762,1786014295.2807,0.0334,32.0879,9.0989,22.6813,69.1868,-19.4725,9.5899,32.9041,8.5493,24.3996,67.5872,-19.4823,-0.3917,32.9041,8.5493,24.3996,67.5872,-19.4823,-0.3917,-50,100,250,-300,100,-1100,0
122,1786014295.3095,1786014295.314,0.03337,32.2637,8.7473,23.2088,68.4835,-19.4725,6.7460,33.3119,8.8946,24.9655,67.2690,-19.8034,0.1446,33.3119,8.8946,24.9655,67.2690,-19.8034,0.1446,100,-100,200,-250,0,-1300,0
123,1786014295.343,1786014295.3475,0.03349,32.3516,8.8352,24.0000,68.1319,-19.5604,4.2989,33.3143,8.7546,25.1731,67.0083,-19.5084,0.4730,33.3143,8.7546,25.1731,67.0083,-19.5084,0.4730,0,0,250,-100,0,-1150,0
124,1786014295.3764,1786014295.3808,0.03334,32.6154,9.1868,24.5275,67.8681,-19.4725,2.7778,33.4152,8.5947,25.1204,67.3505,-19.8555,0.7718,33.4152,8.5947,25.1204,67.3505,-19.8555,0.7718,100,150,150,50,50,-550,0
125,1786014295.4098,1786014295.4141,0.03339,32.9670,9.1868,24.8791,67.7802,-19.4725,2.2487,33.5283,8.6305,24.8467,67.5237,-19.9825,0.8421,33.5283,8.6305,24.8467,67.5237,-19.9825,0.8421,100,0,100,0,0,-350,0
126,1786014295.4432,1786014295.4485,0.03339,33.0549,9.1868,24.8791,67.6923,-19.5604,1.9180,33.3698,8.1496,23.8489,68.5705,-20.4343,1.1646,33.3698,8.1496,23.8489,68.5705,-20.4343,1.1646,50,0,0,-50,-50,-150,0
127,1786014295.4765,1786014295.481,0.03336,32.9670,9.1868,24.8791,67.6923,-19.5604,1.7196,33.2610,7.2830,23.3314,69.4608,-20.7693,1.2242,33.2610,7.2830,23.3314,69.4608,-20.7693,1.2242,0,0,0,0,0,-100,0
128,1786014295.5099,1786014295.5144,0.0334,32.9670,9.1868,24.8791,67.6923,-19.8242,1.7196,33.0357,7.2168,21.3263,71.4666,-22.4052,1.2359,33.0357,7.2168,21.3263,71.4666,-22.4052,1.2359,0,0,0,0,-150,0,0
129,1786014295.5433,1786014295.548,0.03337,32.9670,9.1868,24.6154,68.3956,-20.2637,1.7196,32.8202,7.2263,19.0570,74.0304,-23.8067,1.3514,32.8202,7.2263,19.0570,74.0304,-23.8067,1.3514,0,0,-50,150,-150,0,0
130,1786014295.5767,1786014295.5812,0.03345,32.9670,9.1868,24.0879,69.6264,-20.9670,1.7196,32.1057,6.5547,15.7844,76.8375,-25.3093,1.5723,32.1057,6.5547,15.7844,76.8375,-25.3093,1.5723,0,0,-100,350,-200,0,0
131,1786014295.6101,1786014295.6151,0.03335,33.0549,9.1868,22.8571,71.3846,-22.2857,1.7196,31.1546,5.2056,12.3372,80.0063,-27.6734,1.5589,31.1546,5.2056,12.6813,80.0063,-27.6734,1.5589,50,0,-450,550,-450,0,0
132,1786014295.6436,1786014295.6501,0.03352,32.9670,9.1868,20.9231,73.3187,-23.5165,1.7196,29.8646,4.0158,8.6484,83.4340,-29.8217,1.6623,29.8646,4.0158,10.4835,83.4340,-29.8217,1.6623,0,0,-700,700,-450,0,0
133,1786014295.6769,1786014295.6826,0.03329,32.3516,8.9231,18.5495,75.6044,-25.0110,1.7196,28.3925,2.5295,4.4957,85.8648,-31.9189,1.8365,28.3925,2.5295,8.1099,85.8648,-31.9189,1.8365,-200,0,-800,800,-500,0,0
134,1786014295.7103,1786014295.7154,0.03336,31.4725,8.2198,16.0879,78.2418,-26.8571,1.7196,26.8501,1.3603,0.2994,88.6642,-33.6824,1.9067,26.8501,1.3603,5.8242,88.6642,-33.6824,1.9067,-350,-250,-850,900,-700,0,0
135,1786014295.7436,1786014295.7483,0.03338,30.2418,7.1648,13.7143,81.0549,-28.8791,1.7196,24.6867,-0.2718,-2.9881,90.6584,-36.1272,2.1169,24.6867,-0.2718,3.4505,90.6584,-36.1272,2.1169,-400,-350,-800,900,-700,0,0
136,1786014295.777,1786014295.7821,0.03341,28.9231,5.9341,11.4286,83.7802,-30.8132,1.7196,22.5592,-1.8920,-6.9059,91.9797,-37.5845,2.3131,22.5592,-1.8920,1.0769,91.9797,-37.5845,2.3131,-500,-450,-800,950,-650,0,0
137,1786014295.8104,1786014295.815,0.0334,27.3407,4.6154,9.0549,86.4176,-32.7473,1.8519,19.9244,-3.0623,-8.7784,92.7474,-39.8145,2.3237,19.9244,-3.0623,-1.2088,92.7474,-39.8145,2.3237,-550,-450,-800,900,-600,50,0
138,1786014295.8438,1786014295.8485,0.03341,25.5824,3.2088,6.7692,88.7033,-34.7692,1.9841,17.0154,-3.9456,-11.5595,92.7861,-40.3551,2.3375,17.0154,-3.9456,-3.5824,92.7861,-40.3551,2.3375,-600,-500,-800,700,-750,100,0
139,1786014295.8772,1786014295.8818,0.03336,23.6484,1.8022,4.3956,90.2857,-36.6154,1.9841,14.5660,-5.1027,-13.9614,92.7013,-41.0685,2.4967,14.5660,-5.1027,-5.9560,92.7013,-41.0685,2.4967,-650,-500,-800,650,-600,0,0
140,1786014295.9106,1786014295.9153,0.03338,21.2747,0.6593,2.0220,91.0769,-38.1978,1.9841,11.4622,-5.9981,-15.9764,92.2421,-40.8808,2.5023,11.4622,-5.9981,-8.2418,92.2421,-40.8808,2.5023,-750,-450,-800,200,-500,0,0
141,1786014295.944,1786014295.9487,0.03342,18.8132,-0.5714,-0.3516,91.5165,-39.1648,2.0503,9.3090,-6.3086,-17.5760,91.8812,-41.0456,2.4622,9.3090,-6.3086,-10.7033,91.8812,-41.0456,2.4622,-850,-400,-800,100,-400,50,0
142,1786014295.9774,1786014295.9825,0.03341,16.2637,-1.6264,-2.6374,91.6044,-39.6923,2.1825,7.0782,-6.9538,-20.2809,91.1351,-39.5913,2.6327,7.0782,-6.9538,-12.9890,91.1351,-39.5913,2.6327,-900,-350,-750,50,-200,50,0
143,1786014296.0108,1786014296.0155,0.03334,13.6264,-2.5055,-5.0110,91.6044,-40.1319,2.1825,4.8019,-6.4158,-21.5484,89.9642,-38.3873,2.6104,4.8019,-6.4158,-15.3626,89.9642,-38.3873,2.6104,-900,-300,-850,0,-150,0,0
144,1786014296.0442,1786014296.0491,0.0334,11.0769,-3.2088,-7.3846,91.5165,-39.9560,2.1825,3.7478,-6.0543,-22.0775,89.1553,-37.1256,2.7466,3.7478,-6.0543,-17.6484,89.1553,-37.1256,2.7466,-850,-250,-800,-50,-50,0,0
145,1786014296.0775,1786014296.0822,0.03337,8.6154,-3.3846,-9.7582,90.9011,-39.1648,2.3148,1.8895,-5.8444,-23.0724,87.7312,-34.8007,2.6856,1.8895,-5.8444,-20.1099,87.7312,-34.8007,2.6856,-800,-50,-800,-150,350,50,0
146,1786014296.111,1786014296.1156,0.03345,6.5934,-3.3846,-12.1319,90.1978,-38.5495,2.4471,0.9805,-5.5605,-23.2806,86.1376,-32.8506,2.6993,0.9805,-5.5605,-22.4835,86.1376,-32.8506,2.6993,-700,0,-800,-250,150,100,0
147,1786014296.1443,1786014296.1489,0.03336,4.8352,-3.3846,-14.4176,89.4066,-37.1429,2.4471,0.3983,-5.5849,-23.1686,84.5979,-30.6516,2.7330,0.3983,-5.5849,-23.1686,84.5979,-30.6516,2.7330,-550,0,-750,-300,400,0,0
148,1786014296.1777,1786014296.1821,0.03338,3.5165,-3.3846,-16.7033,88.0879,-35.3846,2.4471,-0.0335,-4.6190,-22.8751,82.7074,-28.5164,2.7773,-0.0335,-4.6190,-22.8751,82.7074,-28.5164,2.7773,-500,0,-800,-400,600,0,0
149,1786014296.2111,1786014296.2156,0.03342,2.3736,-3.3846,-18.5495,86.6813,-33.7143,2.4471,0.0863,-3.8451,-23.1280,80.9896,-26.0883,2.8075,0.0863,-3.8451,-23.1280,80.9896,-26.0883,2.8075,-400,0,-650,-500,550,0,0
150,1786014296.2445,1786014296.4762,0.03338,1.6703,-3.5604,-19.4286,85.2747,-31.7802,2.4471,10.4635,2.5704,-35.9886,91.1730,-20.7120,2.3834,10.4635,2.5704,-30.6593,91.1730,-20.7120,2.3834,-300,-100,-300,-500,700,0,1
151,1786014296.4774,1786014296.4824,0.23287,0.5275,-3.1209,-20.6593,81.6703,-26.5055,2.5794,11.8855,3.6547,-38.7957,92.7521,-19.0361,2.3845,10.5275,3.6547,-30.6593,91.6703,-19.0361,2.3845,0,50,0,0,50,0,1
152,1786014296.5107,1786014296.5154,0.03331,0.6154,-3.1209,-20.6593,81.6703,-26.5055,2.5794,13.2690,4.7819,-41.1473,94.2507,-17.1717,2.4938,10.6154,4.7819,-30.6593,91.6703,-17.1717,2.4938,0,0,0,0,0,0,0
153,1786014296.5441,1786014296.5488,0.03336,1.0549,-2.4176,-21.8022,82.4615,-25.6264,2.5794,14.6770,5.4389,-42.5839,95.2799,-14.9885,2.5339,11.1429,5.4389,-32.0659,92.6374,-15.3626,2.5339,200,100,-450,250,500,0,0
154,1786014296.5774,1786014296.582,0.03339,2.8132,-0.2198,-24.4396,84.6593,-22.9011,2.5794,15.8962,6.1928,-43.2212,96.3750,-12.9535,2.6601,13.2527,6.1928,-34.8791,95.0989,-12.9535,2.6601,800,800,-800,850,750,0,0
155,1786014296.6109,1786014296.6155,0.03343,5.4505,2.4176,-27.0769,87.8242,-20.0879,2.5794,17.0759,6.1600,-43.0540,96.9640,-11.3296,2.6917,15.8022,6.1600,-37.4286,96.9640,-11.3296,2.6917,900,950,-900,1050,950,0,0
156,1786014296.6442,1786014296.6487,0.03334,8.5275,4.6154,-29.1868,90.7253,-17.5385,2.5794,18.3815,6.4682,-42.2642,97.3706,-9.9739,2.7276,18.3815,6.4682,-39.4505,97.3706,-9.9739,2.7276,1000,800,-700,950,850,0,0
157,1786014296.6777,1786014296.682,0.03343,11.4286,5.9341,-31.1209,93.1868,-15.1648,2.5794,19.3978,6.7188,-41.2681,97.3523,-8.5307,2.7480,19.3978,6.7188,-41.2681,97.3523,-8.5307,2.7480,950,450,-650,850,850,0,0
158,1786014296.711,1786014296.7156,0.03339,14.2418,6.3736,-33.2308,94.8571,-13.0549,2.5794,20.4788,6.3850,-39.0314,97.1117,-7.3570,2.7126,20.4788,6.3850,-39.0314,97.1117,-7.3570,2.7126,950,100,-700,650,700,0,0
159,1786014296.7444,1786014296.7489,0.03338,16.3516,6.4615,-35.6923,95.5604,-11.2967,2.5794,21.9394,6.1794,-36.7178,96.3763,-5.7876,2.6520,21.9394,6.1794,-36.7178,96.3763,-5.7876,2.6520,750,50,-850,250,600,0,0
160,1786014296.7779,1786014296.7823,0.03343,17.8462,6.1978,-37.1868,95.9121,-9.8901,2.5794,23.0164,5.5245,-33.5044,95.2822,-4.4870,2.5955,23.0164,5.5245,-33.5044,95.2822,-4.4870,2.5955,500,-50,-400,100,500,0,0
161,1786014296.8112,1786014296.8156,0.03339,19.1648,6.1978,-36.9231,96.0000,-8.3956,2.5794,24.2544,4.9458,-29.9937,93.7023,-2.8943,2.4566,24.2544,4.9458,-29.9937,93.7023,-2.8943,2.4566,500,0,0,50,550,0,0
162,1786014296.8446,1786014296.849,0.03336,20.4835,6.2857,-35.3407,95.8242,-6.8132,2.5794,25.1815,4.0308,-25.8255,91.4001,-1.6046,2.3890,25.1815,4.0308,-25.8255,91.4001,-1.6046,2.3890,400,0,550,0,500,0,0
163,1786014296.878,1786014296.8826,0.03339,21.8022,6.4615,-32.9670,94.9451,-5.4945,2.5794,26.0812,3.5090,-22.0651,88.8319,-0.2376,2.2894,26.0812,3.5090,-22.6154,88.8319,-0.2376,2.2894,450,50,850,-350,450,0,0
164,1786014296.9114,1786014296.9162,0.03342,23.2088,6.4615,-30.1538,93.6264,-3.9121,2.5794,27.0559,2.8091,-18.3152,86.3804,0.7942,2.1907,27.0559,2.8091,-19.7143,86.3804,0.7942,2.1907,450,0,900,-400,550,0,0
165,1786014296.9448,1786014296.9494,0.03336,24.5275,6.1978,-26.9890,91.7802,-2.4176,2.5794,27.8364,1.9628,-15.0325,84.1655,1.4468,2.1465,27.8364,1.9628,-16.5495,84.1655,1.4468,2.1465,500,-100,1050,-600,550,0,0
166,1786014296.9782,1786014296.9828,0.0334,25.5824,5.9341,-23.9121,89.6703,-1.2747,2.5794,28.6405,1.5079,-12.0669,82.3297,2.2830,2.1370,28.6405,1.5079,-13.5604,82.3297,2.2830,2.1370,300,-100,1000,-700,400,0,0
167,1786014297.0116,1786014297.0161,0.0334,26.2857,5.5824,-20.9231,87.5604,-0.3077,2.5794,29.3898,1.1097,-9.1783,80.8905,2.8947,2.1164,29.3898,1.1097,-10.4835,80.8905,2.8947,2.1164,300,-100,1000,-750,300,0,0
168,1786014297.045,1786014297.05,0.03342,26.9011,5.3187,-17.7582,85.6264,0.6593,2.5794,30.0475,0.5649,-6.4138,79.4982,3.0797,2.1695,30.0475,0.5649,-7.3187,79.4982,3.0797,2.1695,150,-100,1100,-650,350,0,0
169,1786014297.0783,1786014297.0831,0.03333,27.7802,4.9670,-14.7692,83.7802,1.4505,2.5794,30.7353,0.4257,-4.2049,78.2911,3.8162,2.1402,30.7353,0.4257,-4.4176,78.2911,3.8162,2.1402,300,-150,1050,-650,300,0,0
170,1786014297.1118,1786014297.1166,0.03343,28.5714,4.5275,-11.6923,82.2857,1.9780,2.5794,30.9702,0.0888,-1.8453,76.9345,4.0421,2.0774,30.9702,0.0888,-1.8453,76.9345,4.0421,2.0774,300,-200,1050,-500,200,0,0
171,1786014297.1451,1786014297.15,0.03335,29.6264,4.2637,-8.5275,80.7033,2.5934,2.5794,31.3732,-0.0031,0.2196,75.7102,4.4391,2.0781,31.3732,-0.0031,0.2196,75.7102,4.4391,2.0781,350,-100,1100,-550,200,0,0
172,1786014297.1785,1786014297.183,0.03338,30.2418,3.9121,-5.6264,79.2967,3.1209,2.5132,31.6796,-0.2908,2.4677,74.3771,4.3541,2.1272,31.6796,-0.2908,2.4677,74.3771,4.3541,2.1272,250,-100,1000,-500,250,-50,0
173,1786014297.2119,1786014297.2164,0.03344,30.6813,3.6484,-2.9011,77.8901,3.5604,2.4471,31.9527,-0.3355,4.2059,73.2178,4.3355,2.1212,31.9527,-0.3355,4.2059,73.2178,4.3355,2.1212,150,-100,950,-450,200,-50,0
174,1786014297.2453,1786014297.2498,0.03335,30.8571,3.5604,-0.5275,76.5714,3.7363,2.4471,32.0593,-0.5823,6.4548,71.8643,4.2016,2.0562,32.0593,-0.5823,6.4548,71.8643,4.2016,2.0562,100,-50,850,-400,50,0,0
175,1786014297.2787,1786014297.2832,0.03338,31.0330,3.5604,1.7582,75.2527,3.7363,2.4471,32.3658,-0.7825,8.2350,70.7916,3.8733,2.1014,32.3658,-0.7825,8.2350,70.7916,3.8733,2.1014,50,0,750,-450,0,0,0
176,1786014297.3121,1786014297.3166,0.0334,31.2967,3.3846,3.8681,74.0220,3.7363,2.4471,32.3872,-0.9210,9.9909,69.8086,3.6169,2.1795,32.3872,-0.9210,9.9909,69.8086,3.6169,2.1795,50,-50,700,-450,0,0,0
177,1786014297.3454,1786014297.35,0.03335,31.7363,3.2088,5.9780,72.7033,3.7363,2.4471,32.5184,-1.1428,11.8121,69.0909,3.4036,2.2123,32.5184,-1.1428,11.8121,69.0909,3.4036,2.2123,150,-50,750,-450,0,0,0
178,1786014297.3789,1786014297.3833,0.03347,32.1758,3.0330,7.9121,71.6484,3.7363,2.4471,32.4134,-1.3888,13.3873,68.1521,3.2988,2.1693,32.4134,-1.3888,13.3873,68.1521,3.2988,2.1693,150,-50,650,-350,0,0,0
179,1786014297.4122,1786014297.4167,0.03333,32.2637,2.7692,9.8462,70.6813,3.7363,2.4471,32.5510,-1.2926,14.7573,67.3411,3.0627,2.1465,32.5510,-1.2926,14.7573,67.3411,3.0627,2.1465,50,-100,650,-350,0,0,0
180,1786014297.4456,1786014297.45,0.03337,32.1758,2.5055,11.6923,69.8022,3.7363,2.4471,32.6868,-1.4098,16.4874,66.4241,3.0908,2.0674,32.6868,-1.4098,16.4874,66.4241,3.0908,2.0674,0,-100,600,-250,0,0,0
181,1786014297.479,1786014297.4836,0.03342,31.9121,2.4176,13.1868,68.7473,3.5604,2.4471,32.7508,-1.8723,17.6187,65.6310,2.5642,2.1286,32.7508,-1.8723,17.6187,65.6310,2.5642,2.1286,-150,-50,500,-350,-50,0,0
182,1786014297.5124,1786014297.517,0.03339,31.8242,2.1538,14.7692,67.8681,3.5604,2.4471,32.8687,-1.9835,18.5932,64.8055,2.4579,2.0965,32.8687,-1.9835,18.5932,64.8055,2.4579,2.0965,0,-50,500,-300,0,0,0
183,1786014297.5458,1786014297.5503,0.03339,32.1758,1.8022,16.4396,66.9890,3.1209,2.4471,32.8663,-1.9385,19.7690,63.9256,2.3633,2.1650,32.8663,-1.9385,19.7690,63.9256,2.3633,2.1650,100,-150,550,-350,-200,0,0
184,1786014297.5792,1786014297.5836,0.03337,32.5275,1.4505,17.5824,66.1099,2.8571,2.4471,32.8772,-2.4327,20.1172,63.3607,1.8474,2.3910,32.8772,-2.4327,20.1172,63.3607,1.8474,2.3910,150,-100,400,-300,-100,0,0
185,1786014297.6126,1786014297.617,0.0334,32.6154,1.3626,18.7253,65.3187,2.7692,2.4471,32.8731,-2.5447,20.4190,62.6334,1.6344,2.8363,32.8731,-2.5447,20.4190,62.6334,1.6344,2.8363,0,-50,450,-300,0,0,0
186,1786014297.6459,1786014297.6503,0.03337,32.3516,1.0989,19.6923,64.5275,2.4176,2.4471,33.1832,-2.5428,20.7156,62.0523,1.5641,3.5444,33.1832,-2.5428,20.7156,62.0523,1.5641,3.5444,-150,-50,350,-300,-150,0,0
187,1786014297.6793,1786014297.6837,0.0334,32.1758,1.0110,20.2198,63.8242,2.2418,2.5794,33.0532,-2.2574,20.9345,61.8188,1.7224,4.3149,33.0532,-2.2574,20.9345,61.8188,1.7224,4.3149,-100,-50,200,-200,0,0,0
188,1786014297.7128,1786014297.7171,0.03343,32.2637,0.9231,20.5714,63.1209,1.9780,2.9762,33.0969,-2.2150,20.4594,62.0009,1.7675,5.0467,33.0969,-2.2150,20.4594,62.0009,1.7675,5.0467,50,-50,150,-250,0,200,0
189,1786014297.7461,1786014297.7504,0.03335,32.6154,0.8352,20.8352,62.7692,1.9780,3.3730,33.1730,-2.5939,20.5794,62.1859,1.6298,5.8304,33.1730,-2.5939,20.5794,62.1859,1.6298,5.8304,150,-50,150,-50,0,150,0
190,1786014297.7795,1786014297.7841,0.03342,32.9670,0.9231,20.9231,62.5934,1.9780,4.1005,33.2858,-2.2894,20.5421,62.5375,1.8067,6.4104,33.2858,-2.2894,20.5421,62.5375,1.8067,6.4104,150,0,50,-100,0,300,0
191,1786014297.8129,1786014297.8174,0.0334,33.0549,0.9231,20.9231,62.5934,1.9780,4.6958,33.4083,-2.4670,20.9224,62.6355,2.0347,6.9714,33.4083,-2.4670,20.9224,62.6355,2.0347,6.9714,0,0,0,0,0,300,0
192,1786014297.8463,1786014297.8508,0.0334,32.9670,0.8352,20.9231,62.5934,1.9780,5.4233,33.5047,-2.0045,20.8673,62.8582,2.2225,7.3504,33.5047,-2.0045,20.8673,62.8582,2.2225,7.3504,-50,-50,0,0,0,250,0
193,1786014297.8797,1786014297.8844,0.03339,32.7033,0.8352,21.0989,62.5934,1.9780,5.9524,33.4241,-2.0129,21.2552,62.7184,2.2565,7.5618,33.4241,-2.0129,21.2552,62.7184,2.2565,7.5618,-100,0,50,0,0,300,0
194,1786014297.9131,1786014297.9177,0.03341,32.7033,0.8352,21.1868,62.5934,2.1538,6.4153,33.5208,-2.1811,21.1966,62.7253,2.4248,7.6631,33.5208,-2.1811,21.1966,62.7253,2.4248,7.6631,0,0,0,0,0,250,0
195,1786014297.9465,1786014297.9512,0.03338,33.0549,0.8352,21.2747,62.5934,1.9780,6.8122,33.4807,-2.1875,21.5267,62.6526,2.2771,7.6276,33.4807,-2.1875,21.5267,62.6526,2.2771,7.6276,150,0,0,0,-50,200,0
196,1786014297.9799,1786014297.9845,0.03342,33.4066,0.8352,21.3626,62.5934,1.9780,7.0767,33.4568,-2.3180,22.0258,62.5215,2.3051,7.5425,33.4568,-2.3180,22.0258,62.5215,2.3051,7.5425,150,0,50,0,0,100,0
197,1786014298.0133,1786014298.018,0.03336,33.4066,0.8352,21.5385,62.5934,1.9780,7.2090,33.3469,-2.6856,22.1796,62.2697,1.9686,7.4987,33.3469,-2.6856,22.1796,62.2697,1.9686,7.4987,0,0,50,0,0,50,0
198,1786014298.0467,1786014298.0513,0.03341,33.4066,0.8352,21.9780,62.5934,1.9780,7.2751,33.5370,-2.7246,22.5218,62.0869,1.9655,7.4068,33.5370,-2.7246,22.5218,62.0869,1.9655,7.4068,0,0,100,0,0,0,0
199,1786014298.0801,1786014298.0847,0.03337,33.1429,0.7473,22.2418,62.5934,1.9780,7.2751,33.4214,-3.0022,22.4895,61.9613,1.8656,7.1808,33.4214,-3.0022,22.4895,61.9613,1.8656,7.1808,-100,-50,50,0,0,0,0
200,1786014298.1134,1786014298.3442,0.03338,32.9670,0.6593,22.3297,62.5055,1.9780,7.2090,35.1452,4.0144,21.5186,63.7199,4.2375,8.5653,35.1452,4.0144,21.5186,63.7199,4.2375,8.5653,-50,-50,50,-50,0,-50,1
201,1786014298.3454,1786014298.3506,0.23192,33.2308,0.3077,22.5934,62.3297,1.9780,7.2090,36.1529,4.0745,21.5979,63.6604,4.2952,8.0158,36.1529,4.0745,21.5979,63.6604,4.2952,8.0158,0,0,0,0,0,0,1
202,1786014298.3787,1786014298.3835,0.03336,33.2308,0.3077,22.5934,62.3297,1.9780,7.2090,36.4722,3.9079,21.1097,63.8626,4.3658,7.7282,36.4722,3.9079,21.1097,63.8626,4.3658,7.7282,0,0,0,0,0,0,0
203,1786014298.4121,1786014298.4168,0.0334,33.7582,0.4835,22.5934,62.8571,2.5934,7.4735,37.1928,3.7263,21.5749,63.7741,4.7340,7.6599,37.1928,3.7263,21.5749,63.7741,4.7340,7.6599,100,50,0,150,100,100,0
204,1786014298.4455,1786014298.4502,0.03338,34.7253,1.8022,22.5055,63.3846,3.6484,7.5397,37.4766,3.4951,21.7400,63.7316,4.8423,7.6955,37.4766,3.4951,21.7400,63.7316,4.8423,7.6955,300,500,-50,100,350,0,0
205,1786014298.4789,1786014298.4836,0.03342,35.8681,3.3846,22.5055,63.1209,3.7363,7.5397,37.9263,3.4139,22.0120,63.8482,4.9807,7.8273,37.9263,3.4139,22.0120,63.8482,4.9807,7.8273,400,600,0,0,50,0,0
206,1786014298.5123,1786014298.5171,0.0334,36.6593,3.7363,22.6813,63.4725,4.0879,7.5397,37.9380,3.1108,22.3145,63.6972,5.1672,7.8607,37.9380,3.1108,22.3145,63.6972,5.1672,7.8607,350,100,50,150,150,0,0
207,1786014298.5457,1786014298.5505,0.03337,37.0989,3.5604,22.5055,63.5604,4.4396,7.5397,38.2928,2.8230,22.6738,63.6607,4.9285,8.0450,38.2928,2.8230,22.6738,63.6607,4.9285,8.0450,150,-100,0,0,100,0,0
208,1786014298.579,1786014298.5837,0.03335,37.0989,3.3846,22.4176,63.1209,4.5275,7.6720,38.3856,2.1866,23.1448,63.5650,4.7064,8.2398,38.3856,2.1866,23.1448,63.5650,4.7064,8.2398,-50,-100,-50,-100,50,100,0
209,1786014298.6125,1786014298.6171,0.03341,37.2747,3.5604,22.5934,63.5604,4.5275,7.7381,38.5258,2.1410,23.4968,63.5827,4.8810,8.7020,38.5258,2.1410,23.4968,63.5827,4.8810,8.7020,0,100,100,50,0,50,0
210,1786014298.6459,1786014298.6515,0.03344,37.7143,3.6484,23.2967,63.6484,4.6154,7.7381,38.5040,1.6611,23.8963,63.4684,4.4714,9.6101,38.5040,1.6611,23.8963,63.4684,4.4714,9.6101,150,0,200,0,50,-50,0
211,1786014298.6793,1786014298.6847,0.03343,38.1538,3.6484,23.3846,63.6484,4.6154,8.1349,38.5916,1.6956,24.4648,63.5405,4.7583,11.2895,38.5916,1.6956,24.4648,63.5405,4.7583,11.2895,100,0,50,0,0,200,0
212,1786014298.7126,1786014298.7171,0.03331,38.2418,3.5604,23.8242,63.3846,4.6154,8.7302,38.0690,0.9294,24.6255,63.5925,4.3256,13.3883,38.0690,0.9294,24.6255,63.5925,4.3256,13.3883,50,-50,150,-150,0,200,0
213,1786014298.746,1786014298.751,0.0334,37.8901,3.5604,24.2637,63.3846,4.7033,9.7222,37.6585,0.6832,24.9276,63.6451,4.1383,16.0766,37.6585,0.6832,24.9276,63.6451,4.1383,16.0766,-150,0,150,0,0,450,0
214,1786014298.7794,1786014298.7841,0.03339,37.8022,3.3846,24.4396,63.4725,4.6154,11.0450,37.3674,0.2227,25.3260,63.6483,4.4724,18.1525,37.3674,0.2227,25.3260,63.6483,4.4724,18.1525,-50,-50,50,50,-50,650,0
215,1786014298.8128,1786014298.8172,0.03336,37.8022,3.2088,24.7912,63.2967,4.4396,12.8307,36.9646,-0.1877,25.3753,63.7714,4.4458,19.9026,36.9646,-0.1877,25.3753,63.7714,4.4458,19.9026,0,-50,100,-50,0,700,0
216,1786014298.8462,1786014298.851,0.03342,37.8022,2.9451,25.1429,63.2967,4.4396,14.8148,36.7099,-0.6949,25.5227,63.9993,4.5217,21.1245,36.7099,-0.6949,25.5227,63.9993,4.5217,21.1245,0,-100,100,0,0,950,0
217,1786014298.8796,1786014298.8844,0.03338,37.8022,2.5934,25.2308,63.4725,4.4396,16.7328,36.5711,-0.9203,25.5761,63.9143,4.7577,21.8565,36.5711,-0.9203,25.5761,63.9143,4.7577,21.8565,0,-100,0,50,0,900,0
218,1786014298.913,1786014298.918,0.03344,37.3626,2.3297,25.4945,63.2967,4.4396,18.4524,36.4675,-1.2431,26.0185,64.0039,4.1223,22.3672,36.4675,-1.2431,26.0185,64.0039,4.1223,22.3672,-100,-100,100,-100,0,800,0
219,1786014298.9464,1786014298.9512,0.03333,37.0989,2.0659,25.5824,63.7363,4.4396,19.7751,36.2642,-1.3532,26.2887,64.0862,3.7745,22.7558,36.2642,-1.3532,26.2887,64.0862,3.7745,22.7558,-100,-100,50,250,0,600,0
220,1786014298.9798,1786014298.9846,0.0334,36.8352,1.8022,25.8462,63.4725,4.3516,20.6349,36.4282,-1.5485,26.2789,64.0064,3.9393,22.9978,36.4282,-1.5485,26.2789,64.0064,3.9393,22.9978,-100,-100,50,-100,-50,400,0
221,1786014299.0131,1786014299.018,0.03338,36.6593,1.5385,26.1978,63.7363,4.2637,21.4286,36.2542,-1.6322,26.6694,64.2035,3.3692,23.2284,36.2542,-1.6322,26.6694,64.2035,3.3692,23.2284,-50,-50,100,-100,-50,350,0
222,1786014299.0466,1786014299.0514,0.03344,36.5714,1.4505,26.2857,63.8242,4.2637,21.9577,36.1629,-1.5390,27.1616,64.1594,3.2684,23.2698,36.1629,-1.5390,27.1616,64.1594,3.2684,23.2698,-50,-50,50,50,0,200,0
223,1786014299.0799,1786014299.0847,0.03335,36.5714,1.3626,26.4615,63.5604,3.9121,22.3545,36.0988,-1.3773,27.1984,64.2045,3.2018,23.2840,36.0988,-1.3773,27.1984,64.2045,3.2018,23.2840,0,0,0,-100,-100,200,0
224,1786014299.1133,1786014299.1181,0.0334,36.5714,1.2747,26.9011,63.6484,3.7363,22.6190,35.9676,-1.2443,26.8664,64.1591,3.5826,23.3041,35.9676,-1.2443,26.8664,64.1591,3.5826,23.3041,0,0,150,-50,-50,100,0
225,1786014299.1467,1786014299.1514,0.0334,36.4835,1.2747,27.0769,64.0000,3.5604,22.8175,35.9174,-1.1864,27.4809,64.0768,3.8488,23.2577,35.9174,-1.1864,27.4809,64.0768,3.8488,23.2577,0,0,50,200,-100,100,0
226,1786014299.1801,1786014299.1848,0.03338,36.3956,1.2747,27.0769,63.9121,3.5604,22.9497,35.8512,-1.2024,27.3345,64.0878,3.7258,23.2202,35.8512,-1.2024,27.3345,64.0878,3.7258,23.2202,-50,0,0,0,0,50,0
227,1786014299.2135,1786014299.2185,0.03341,36.3956,1.2747,27.1648,63.9121,3.5604,23.0159,35.8392,-1.0584,27.4781,63.9955,3.5236,23.1213,35.8392,-1.0584,27.4781,63.9955,3.5236,23.1213,0,0,50,-50,0,50,0
228,1786014299.2469,1786014299.2516,0.03341,36.3956,1.1868,27.3407,64.0000,3.5604,23.0159,35.7225,-0.8378,27.6426,63.9257,3.7739,23.0401,35.7225,-0.8378,27.6426,63.9257,3.7739,23.0401,0,-50,0,50,0,0,0
229,1786014299.2803,1786014299.285,0.03333,36.3077,1.0989,27.3407,64.0000,3.5604,23.0159,35.8486,-0.6771,27.9071,63.9757,3.4484,22.9042,35.8486,-0.6771,27.9071,63.9757,3.4484,22.9042,0,-50,50,0,0,0,0
230,1786014299.3137,1786014299.3183,0.03342,36.1319,1.0989,27.5165,64.0000,3.5604,23.0159,35.9464,-0.3972,27.5167,64.0236,4.0108,22.7994,35.9464,-0.3972,27.5167,64.0236,4.0108,22.7994,-50,0,100,0,0,0,0
231,1786014299.3471,1786014299.3517,0.03339,36.1319,1.0989,27.6923,64.0000,3.5604,23.0159,36.0117,-0.1385,27.0404,63.9053,4.5016,22.5919,36.0117,-0.1385,27.0404,63.9053,4.5016,22.5919,-50,0,0,0,0,0,0
232,1786014299.3804,1786014299.3851,0.03335,36.0440,1.0989,27.6923,64.0000,3.7363,23.0159,36.0057,-0.1104,26.9203,63.8793,4.8186,22.3590,36.0057,-0.1104,26.9203,63.8793,4.8186,22.3590,-50,0,0,0,50,0,0
233,1786014299.4139,1786014299.4185,0.03347,36.1319,1.0989,27.6923,64.0000,4.0000,22.8175,35.9963,0.2486,26.5702,63.8932,5.0046,22.3270,35.9963,0.2486,26.5702,63.8932,5.0046,22.3270,50,0,0,0,150,-100,0
234,1786014299.4473,1786014299.452,0.03335,36.1319,1.0989,27.6923,64.0000,4.2637,22.6852,36.0139,0.3858,26.4693,63.8905,5.0393,22.2410,36.0139,0.3858,26.4693,63.8905,5.0393,22.2410,0,0,0,0,100,-100,0
235,1786014299.4807,1786014299.4852,0.0334,36.0440,1.0989,27.6923,64.0000,4.4396,22.5529,36.0571,0.4432,25.8880,63.8556,5.3453,22.2134,36.0571,0.4432,25.8880,63.8556,5.3453,22.2134,-50,0,0,0,50,-50,0
236,1786014299.514,1786014299.5185,0.03338,36.0440,1.0989,27.6923,64.0000,4.6154,22.4868,36.2768,0.8874,25.7151,63.8437,5.5858,22.4008,36.2768,0.8874,25.7151,63.8437,5.5858,22.4008,0,0,0,0,50,0,0
237,1786014299.5475,1786014299.552,0.03342,36.0440,1.0989,27.5165,64.0000,4.8791,22.4206,36.3197,0.9394,25.6203,63.9382,5.8306,22.4453,36.3197,0.9394,25.6203,63.9382,5.8306,22.4453,0,0,-100,0,100,0,0
238,1786014299.5808,1786014299.5853,0.03335,36.1319,1.1868,27.3407,64.0000,5.1429,22.4868,36.3868,1.1635,24.9217,64.2278,5.7673,22.5729,36.3868,1.1635,24.9217,64.2278,5.7673,22.5729,0,0,-50,0,100,50,0
239,1786014299.6142,1786014299.6186,0.0334,36.1319,1.2747,27.1648,64.0000,5.3187,22.4868,36.3656,1.5878,24.7571,64.1607,6.0509,22.7106,36.3656,1.5878,24.7571,64.1607,6.0509,22.7106,0,0,-50,0,100,0,0
240,1786014299.6476,1786014299.652,0.03343,36.1319,1.2747,26.9890,64.0000,5.3187,22.4868,36.4365,2.0940,24.1210,64.3236,6.0830,22.6710,36.4365,2.0940,24.1210,64.3236,6.0830,22.6710,0,0,-100,0,0,0,0
241,1786014299.681,1786014299.6854,0.03339,36.1319,1.5385,26.6374,64.0000,5.5824,22.4868,36.5954,2.3377,23.6205,64.5286,6.1584,22.5139,36.5954,2.3377,23.6205,64.5286,6.1584,22.5139,0,100,-100,0,100,0,0
242,1786014299.7144,1786014299.7187,0.03339,36.1319,1.9780,26.1099,64.0879,5.6703,22.4868,36.5329,3.0454,22.9743,64.9453,6.0633,21.8216,36.5329,3.0454,22.9743,64.9453,6.0633,21.8216,0,150,-150,0,0,0,0
243,1786014299.7478,1786014299.7525,0.03341,36.1319,2.3297,25.6703,64.1758,5.6703,22.4868,36.5576,3.5633,21.7390,65.4758,6.2372,20.4716,36.5576,3.5633,21.7390,65.4758,6.2372,20.4716,0,100,-150,50,0,0,0
244,1786014299.7812,1786014299.786,0.03334,36.2198,2.8571,25.0549,64.5275,5.6703,22.2222,36.7482,4.0492,20.5519,65.9994,6.9078,17.5603,36.7482,4.0492,20.5519,65.9994,6.9078,17.5603,50,150,-200,100,0,-100,0
245,1786014299.8146,1786014299.8192,0.03338,36.2198,3.4725,24.2637,64.9670,5.9341,21.4947,36.9659,4.5964,19.7529,66.3556,6.9061,14.1798,36.9659,4.5964,19.7529,66.3556,6.9061,14.1798,0,200,-250,150,100,-350,0
246,1786014299.848,1786014299.8529,0.03344,36.2198,4.0000,23.2967,65.3187,6.1978,20.2381,36.9878,5.7547,18.9874,66.2401,7.0367,9.8184,36.9878,5.7547,18.9874,66.2401,7.0367,9.9735,0,150,-350,150,50,-550,0
247,1786014299.8813,1786014299.8865,0.03334,36.3077,4.5275,22.5055,65.6703,6.4615,18.1217,37.0275,6.5704,18.4660,65.9706,7.2918,5.7629,37.0275,6.5704,18.4660,65.9706,7.2918,7.7910,0,200,-250,100,100,-900,0
248,1786014299.9147,1786014299.9194,0.03341,36.3077,5.3187,21.7143,65.7582,6.5495,15.5423,37.0074,7.1789,17.5987,65.7708,7.7200,3.2242,37.0074,7.1789,17.5987,65.7708,7.7200,5.1455,0,300,-250,0,50,-1250,0
249,1786014299.9482,1786014299.953,0.03344,36.4835,6.1978,21.0110,65.7582,6.8132,12.8307,36.9376,7.4307,17.0949,65.4700,6.5857,1.8802,36.9376,7.4307,17.0949,65.4700,6.5857,2.3677,50,300,-250,0,100,-1200,0
250,1786014299.9815,1786014300.2085,0.03335,36.4835,6.8132,20.3077,65.7582,7.0769,10.1852,33.8255,10.1617,16.8764,66.3184,7.2595,15.7372,33.8255,10.1617,16.8764,66.3184,7.2595,12.9101,0,200,-300,0,100,-1250,1
251,1786014300.2096,1786014300.2147,0.2281,36.5714,7.3407,19.2527,65.7582,6.7253,2.9101,33.4529,9.7847,17.7005,66.4190,8.4742,12.4898,33.4529,9.7847,17.7005,66.4190,8.4742,12.4898,0,0,0,0,0,-50,1
252,1786014300.243,1786014300.2477,0.03332,36.5714,7.4286,19.2527,65.7582,6.7253,2.7778,33.6340,9.3738,19.3958,65.9704,10.2205,8.5478,33.6340,9.3738,19.3958,65.9704,10.2205,8.5478,0,0,0,0,0,-100,0
253,1786014300.2763,1786014300.281,0.03337,36.3077,8.2198,19.0769,65.9341,7.2527,3.2407,32.5268,7.9084,19.9979,64.0551,10.0503,0.3419,32.5268,7.9084,19.9979,64.0551,10.0503,0.3419,0,250,-50,100,200,200,0
254,1786014300.3097,1786014300.3142,0.03337,35.2527,8.7473,19.3407,65.9341,8.7473,4.8280,32.6102,8.3128,20.0461,64.9494,10.2786,0.7192,32.6102,8.3128,20.0461,64.9494,10.2786,0.7192,-300,250,50,0,550,850,0
255,1786014300.3431,1786014300.3476,0.03344,34.5495,8.5714,19.6923,65.4945,9.2747,6.4153,33.0061,8.5051,20.4706,65.7472,10.7566,3.0179,33.0061,8.5051,20.4706,65.7472,10.7566,3.0179,-250,-50,150,0,300,800,0
256,1786014300.3765,1786014300.381,0.03334,34.0220,8.4835,19.7802,64.9670,9.5385,6.8783,33.0053,8.2871,19.8594,65.8598,10.7096,3.2137,33.0053,8.2871,19.8594,65.8598,10.7096,3.2137,-200,-100,50,-200,50,250,0
257,1786014300.4099,1786014300.4144,0.03343,33.8462,8.5714,19.7802,65.0549,9.9780,6.2169,33.1219,8.5828,19.2524,66.5195,10.5063,4.2834,33.1219,8.5828,19.2524,66.5195,10.5063,4.2834,-50,50,0,50,150,-500,0
258,1786014300.4432,1786014300.4477,0.03334,33.7582,8.5714,19.7802,65.3187,9.9780,4.8280,33.3898,9.1802,18.1252,67.7417,9.8381,5.5004,33.3898,9.1802,18.1252,67.7417,9.8381,5.5004,-50,0,0,100,50,-650,0
259,1786014300.4766,1786014300.4811,0.03338,33.7582,8.5714,19.6044,65.6703,9.9780,4.2328,33.4838,9.2723,16.9923,68.6946,9.6994,5.9850,33.4838,9.2723,16.9923,68.6946,9.6994,5.9850,0,0,0,100,0,-300,0
260,1786014300.51,1786014300.5145,0.03342,33.7582,8.8352,19.0769,66.3736,10.0659,4.4974,33.2281,9.5618,16.1710,69.4570,9.3204,6.4599,33.2281,9.5618,16.1710,69.4570,9.3204,6.4599,0,50,-150,250,0,200,0
261,1786014300.5434,1786014300.548,0.03336,33.7582,9.0989,18.2857,67.2527,9.7143,5.2910,33.1988,9.7207,15.1502,70.5977,9.1368,6.9506,33.1988,9.7207,15.1502,70.5977,9.1368,6.9506,0,150,-250,250,-50,350,0
262,1786014300.5768,1786014300.5812,0.03337,33.5824,9.4505,17.5824,67.9560,9.5385,5.7540,33.0371,10.0419,14.4296,71.1594,8.6265,7.7873,33.0371,10.0419,14.4296,71.1594,8.6265,7.7873,-50,150,-200,250,-50,200,0
263,1786014300.6101,1786014300.6145,0.03337,33.5824,9.7143,16.8791,68.9231,9.5385,6.2169,32.7076,9.8042,13.6349,71.7588,8.0078,8.7815,32.7076,9.8042,13.6349,71.7588,8.0078,8.7815,0,100,-250,350,0,200,0
264,1786014300.6436,1786014300.648,0.03342,33.4945,9.8901,16.3516,69.7143,9.0989,6.8122,32.6438,10.1053,13.0370,72.8273,7.7094,10.1625,32.6438,10.1053,13.0370,72.8273,7.7094,10.1625,0,50,-150,250,-100,250,0
265,1786014300.6769,1786014300.6812,0.03337,33.3187,9.9780,15.7363,70.5055,8.6593,7.6058,32.5291,10.0909,12.2719,73.8551,7.5936,11.4923,32.5291,10.0909,12.2719,73.8551,7.5936,11.4923,-50,50,-200,300,-150,400,0
266,1786014300.7103,1786014300.7146,0.03337,33.1429,10.3297,15.2088,71.2967,8.3077,8.5979,32.2705,10.0174,11.9635,74.5079,7.5407,12.4898,32.2705,10.0174,11.9635,74.5079,7.5407,12.4898,-50,100,-200,300,-150,450,0
267,1786014300.7438,1786014300.7481,0.03344,32.9670,10.4176,14.7692,72.4396,8.0440,9.7884,31.9819,9.9334,11.2579,75.5149,7.1681,13.0671,31.9819,9.9334,11.2579,75.5149,7.1681,13.0671,-50,50,-150,350,-100,550,0
268,1786014300.7771,1786014300.7814,0.03335,32.7033,10.4176,14.4176,73.3187,7.8681,10.8466,31.9100,10.1848,10.5913,76.4381,6.8051,13.2040,31.9100,10.1848,10.5913,76.4381,6.8051,13.2040,-100,0,-100,400,-50,500,0
269,1786014300.8105,1786014300.8148,0.03336,32.4396,10.4176,13.8901,74.1099,7.6044,11.5741,31.4725,9.8534,10.2979,77.2012,6.1453,13.2511,31.4725,9.8534,10.2979,77.2012,6.1453,13.2511,-50,0,-150,300,-100,350,0
270,1786014300.8439,1786014300.8483,0.03346,32.2637,10.5055,13.1868,74.9890,7.1648,12.1693,31.2216,9.7328,9.7754,78.2065,5.6199,13.1358,31.2216,9.7328,9.7754,78.2065,5.6199,13.1358,-100,0,-200,300,-150,250,0
271,1786014300.8773,1786014300.882,0.03335,32.0000,10.5055,12.8352,75.7802,6.8132,12.4339,31.1548,9.7907,8.7789,79.4171,5.2890,12.9055,31.1548,9.7907,8.7789,79.4171,5.2890,12.9055,-100,0,-100,300,-150,150,0
272,1786014300.9107,1786014300.9155,0.03338,31.7363,10.5055,12.3077,76.7473,6.2857,12.5661,30.9309,9.6318,7.9173,81.2634,4.7271,12.5849,30.9309,9.6318,7.9173,81.2634,4.7271,12.5849,-100,0,-150,350,-150,50,0
273,1786014300.9441,1786014300.9492,0.03344,31.5604,10.5055,11.6044,77.8022,5.8462,12.5661,30.6871,10.0455,7.4873,82.3463,4.1238,12.1692,30.6871,10.0455,7.4873,82.3463,4.1238,12.1692,-100,0,-200,350,-150,0,0
274,1786014300.9775,1786014300.9823,0.03336,31.3846,10.5055,10.8132,79.0330,5.4066,12.6323,30.4207,9.7878,5.6666,84.0006,3.7707,11.5805,30.4207,9.7878,5.6666,84.0006,3.7707,11.5805,-100,0,-300,450,-150,0,0
275,1786014301.0108,1786014301.0156,0.03338,31.2088,10.5055,10.1099,80.5275,4.8791,12.5661,30.1549,9.3028,4.1546,85.3440,2.9023,10.6726,30.1549,9.3028,4.1546,85.3440,2.9023,10.6726,-50,0,-250,450,-200,0,0
276,1786014301.0442,1786014301.0491,0.0334,30.9451,10.5055,9.2308,81.9341,4.4396,12.1032,29.5962,8.6800,2.6385,86.1722,1.7934,9.2169,29.5962,8.6800,2.6385,86.1722,1.7934,9.2169,-100,0,-300,450,-150,-200,0
277,1786014301.0776,1786014301.0825,0.03338,30.6813,10.5055,7.8242,83.1648,3.8242,11.5079,28.7344,8.3749,0.9840,87.1016,0.7688,7.8274,28.7344,8.3749,0.9840,87.1016,0.7688,7.8274,-50,0,-450,500,-200,-250,0
278,1786014301.111,1786014301.116,0.03337,30.3297,10.5055,6.4176,84.2198,2.9451,10.5820,28.0008,7.7589,-0.3198,88.0670,0.0265,6.4964,28.0008,7.7589,-0.3198,88.0670,0.0265,6.4964,-150,0,-500,350,-300,-500,0
279,1786014301.1444,1786014301.1495,0.03345,29.7143,10.4176,4.8352,85.3626,1.9780,9.3915,27.0623,6.5906,-1.5388,89.0885,-0.7535,5.2993,27.0623,6.5906,-1.5388,89.0885,-0.7535,5.2993,-200,-50,-500,400,-300,-550,0
280,1786014301.1778,1786014301.1827,0.03337,29.0989,10.4176,3.4286,86.3297,1.1868,8.2011,25.8856,5.8827,-2.4711,90.2125,-1.1093,4.4102,25.8856,5.8827,-2.4711,90.2125,-1.1093,4.4102,-200,0,-450,300,-300,-550,0
281,1786014301.2112,1786014301.216,0.03342,28.3077,10.3297,2.1978,87.3846,0.3956,6.9444,24.9145,4.7913,-4.6513,91.0296,-1.5294,3.8539,24.9145,4.7913,-4.6513,91.0296,-1.5294,3.8539,-300,-50,-450,350,-250,-550,0
282,1786014301.2446,1786014301.2494,0.03337,27.3407,9.7143,1.0549,88.5275,-0.1319,5.8201,23.8339,3.6578,-6.1384,91.5451,-2.0378,3.5573,23.8339,3.6578,-6.1384,91.5451,-2.0378,3.5573,-300,-200,-400,400,-200,-450,0
283,1786014301.278,1786014301.2826,0.03337,26.4615,9.0110,-0.1758,89.6703,-0.6593,5.0926,22.6517,2.7329,-6.8378,92.0982,-2.5345,3.6292,22.6517,2.7329,-6.8378,92.0982,-2.5345,3.6292,-350,-250,-450,450,-200,-350,0
284,1786014301.3113,1786014301.3158,0.03338,25.4066,8.1319,-1.8462,90.3736,-1.1868,4.4974,21.5384,1.5985,-8.8005,92.3928,-2.4779,3.7386,21.5384,1.5985,-8.8005,92.3928,-2.4779,3.7386,-300,-300,-550,300,-200,-250,0
285,1786014301.3447,1786014301.3492,0.03338,24.3516,7.0769,-3.1648,90.7253,-1.7143,4.2328,20.2523,0.9912,-9.9715,92.6575,-3.1350,3.7215,20.2523,0.9912,-9.9715,92.6575,-3.1350,3.7215,-350,-350,-450,150,-200,-100,0
286,1786014301.3781,1786014301.3825,0.03338,23.2967,5.9341,-4.3956,91.6923,-1.8901,4.0344,19.0475,0.1156,-11.5312,92.7273,-3.3316,3.6894,19.0475,0.1156,-11.5312,92.7273,-3.3316,3.6894,-350,-400,-450,350,-50,-50,0
287,1786014301.4115,1786014301.4159,0.03337,22.1538,5.1429,-5.9780,91.8681,-2.5055,4.0344,17.4474,-0.7388,-13.0613,92.7125,-3.9483,3.7424,17.4474,-0.7388,-13.0613,92.7125,-3.9483,3.7424,-400,-250,-500,100,-150,0,0
288,1786014301.4449,1786014301.4496,0.03346,20.8352,4.3516,-7.3846,92.2198,-2.9451,3.9683,16.0450,-1.0892,-14.3745,92.3787,-4.2785,3.8187,16.0450,-1.0892,-14.3745,92.3787,-4.2785,3.8187,-450,-300,-450,100,-100,-50,0
289,1786014301.4783,1786014301.4838,0.0334,19.6044,3.5604,-8.9670,92.3956,-3.1209,3.8360,14.5184,-1.7049,-16.2240,91.8493,-4.5297,3.8778,14.5184,-1.7049,-16.2240,91.8493,-4.5297,3.8778,-450,-300,-550,0,-100,-100,0
290,1786014301.5116,1786014301.5165,0.03333,18.1978,2.8571,-10.4615,92.2198,-3.8242,3.9021,12.9308,-1.8000,-17.7960,91.2181,-4.6871,3.9804,12.9308,-1.8000,-17.7960,91.2181,-4.6871,3.9804,-450,-200,-500,-50,-350,50,0
291,1786014301.5451,1786014301.55,0.03342,16.7912,2.2418,-11.8681,92.3077,-3.9121,3.9021,11.2508,-2.1580,-19.2586,90.2073,-5.2712,4.0418,11.2508,-2.1580,-19.2586,90.2073,-5.2712,4.0418,-500,-200,-500,0,-50,0,0
292,1786014301.5784,1786014301.5828,0.03332,15.2967,1.8022,-13.4505,91.9560,-4.1758,3.9021,9.7080,-1.9896,-20.3631,88.8812,-4.9033,4.0592,9.7080,-1.9896,-20.3631,88.8812,-4.9033,4.0592,-500,-200,-600,-100,-50,0,0
293,1786014301.6118,1786014301.6162,0.03342,13.8901,1.4505,-15.1209,91.2527,-4.6154,3.9021,8.0713,-2.7705,-21.9996,87.4376,-5.8397,3.9921,8.0713,-2.7705,-21.9996,87.4376,-5.8397,3.9921,-500,-150,-550,-250,-100,0,0
294,1786014301.6452,1786014301.6495,0.03337,12.2198,1.1868,-16.5275,90.2857,-4.7033,3.9021,6.4455,-2.8441,-23.3496,85.2302,-5.7522,4.0090,6.4455,-2.8441,-23.3496,85.2302,-5.7522,4.0090,-550,-100,-500,-350,0,0,0
295,1786014301.6786,1786014301.6828,0.03338,10.5495,0.7473,-17.7582,89.2308,-4.8791,3.8360,4.8630,-2.3942,-24.6570,83.4684,-6.1882,4.0172,4.8630,-2.3942,-24.6570,83.4684,-6.1882,4.0172,-550,-150,-400,-400,0,0,0
296,1786014301.7119,1786014301.7163,0.03336,8.9670,0.6593,-19.3407,87.6484,-5.2308,3.7698,3.3696,-2.2901,-25.3161,81.8464,-6.0670,4.0149,3.3696,-2.2901,-25.3161,81.8464,-6.0670,4.0149,-550,-50,-500,-400,-100,0,0
297,1786014301.7453,1786014301.75,0.03343,7.4725,0.4835,-20.6593,85.9780,-5.4945,3.7698,2.2611,-1.1956,-26.0637,80.5121,-6.5382,4.1396,2.2611,-1.1956,-26.0637,80.5121,-6.5382,4.1396,-550,-50,-450,-600,-100,0,0
298,1786014301.7787,1786014301.7833,0.03338,5.9780,0.4835,-21.8022,84.4835,-5.6703,3.7698,0.5142,-1.7507,-26.7245,78.3857,-6.4803,4.0316,0.5142,-1.7507,-26.7245,78.3857,-6.4803,4.0316,-550,0,-400,-550,-50,0,0
299,1786014301.8121,1786014301.8165,0.03338,4.4835,0.4835,-22.6813,82.9011,-6.0220,3.7698,-0.0767,-0.7701,-27.5933,76.8547,-6.0879,3.9573,-0.0767,-0.7701,-27.5933,76.8547,-6.0879,3.9573,-500,0,-300,-500,-150,0,0
300,1786014301.8455,1786014302.077,0.03336,3.0769,0.4835,-23.4725,81.2308,-6.1099,3.7698,10.0436,2.7410,-20.5532,82.9815,10.9718,3.8697,10.0436,2.7410,-20.5532,82.9815,3.9780,3.8697,-450,0,-250,-550,-50,0,1
301,1786014302.0781,1786014302.0832,0.23262,0.6154,0.5714,-25.2308,77.6264,-6.0220,3.7698,10.9588,2.6350,-20.0052,83.9012,11.1200,3.8498,10.6154,2.6350,-20.0052,83.9012,3.9780,3.8498,0,0,0,-50,0,0,1
302,1786014302.1115,1786014302.1162,0.03342,0.4396,0.5714,-25.3187,77.6264,-6.0220,3.7698,12.5692,2.8148,-19.6709,84.8540,11.5236,3.9338,10.4396,2.8148,-19.6709,84.8540,3.9780,3.9338,-50,0,-50,0,0,0,0
303,1786014302.1449,1786014302.1497,0.03342,0.8791,0.9231,-24.9670,78.2418,-5.2308,3.7698,13.6781,2.3379,-19.3858,85.5324,11.4127,4.0299,10.9670,2.3379,-19.3858,85.5324,4.9451,4.0299,200,50,0,100,300,0,0
304,1786014302.1782,1786014302.1828,0.03331,2.9011,1.7143,-23.2967,80.4396,-2.8571,3.9021,15.3021,2.8483,-17.9979,86.9807,11.3858,3.9978,13.2527,2.8483,-17.9979,86.9807,7.5824,3.9978,600,300,550,750,1000,50,0
305,1786014302.2117,1786014302.2168,0.03343,5.4505,2.2418,-21.1868,82.8132,0.4835,3.7698,16.6571,2.8087,-17.6025,87.5448,11.1768,3.9810,15.8022,2.8087,-17.6025,87.5448,10.8352,3.9810,850,200,700,750,1200,0,0
306,1786014302.2451,1786014302.25,0.0334,8.6154,3.0330,-19.2527,84.3956,2.6813,3.7698,18.1128,2.9496,-16.5704,88.6211,11.0164,4.0614,18.1128,2.9496,-16.5704,88.6211,11.0164,4.0614,1200,350,650,550,700,0,0
307,1786014302.2784,1786014302.2829,0.03334,11.5165,3.5604,-18.0220,85.7143,5.6703,3.7698,19.3148,2.5827,-16.5497,88.8548,10.4341,4.0390,19.3148,2.5827,-16.5497,88.8548,10.4341,4.0390,1000,150,450,450,1000,0,0
308,1786014302.3118,1786014302.3166,0.03343,14.1538,3.5604,-17.3187,86.7692,7.6044,3.9021,20.5675,2.9685,-15.2669,89.4381,10.6924,4.0959,20.5675,2.9685,-15.2669,89.4381,10.6924,4.0959,900,0,250,350,750,50,0
309,1786014302.3452,1786014302.3501,0.03335,16.1758,3.2967,-16.7912,87.5604,8.6593,3.7698,21.8276,3.3161,-15.1890,89.8967,10.2180,4.1196,21.8276,3.3161,-15.1890,89.8967,10.2180,4.1196,600,-150,250,400,400,-100,0
310,1786014302.3786,1786014302.3834,0.03338,17.7582,3.2967,-16.0879,88.0879,9.0110,3.9021,22.8343,3.5903,-14.3373,90.1422,10.5339,4.1070,22.8343,3.5903,-14.3373,90.1422,10.5339,4.1070,550,0,200,150,200,100,0
311,1786014302.412,1786014302.4166,0.03344,19.1648,3.8242,-15.2967,89.0549,9.6264,3.7698,23.8799,4.5033,-13.4480,90.1425,10.3256,4.1135,23.8799,4.5033,-13.4480,90.1425,10.3256,4.1135,450,150,250,250,150,-100,0
312,1786014302.4453,1786014302.45,0.03335,20.6593,4.0879,-14.5934,89.2308,9.5385,4.0344,24.5155,4.6939,-13.3876,89.9005,10.2687,4.0870,24.5155,4.6939,-13.3876,89.9005,10.2687,4.0870,500,150,150,100,-50,200,0
313,1786014302.4787,1786014302.4833,0.03338,21.9780,4.3516,-13.8022,89.6703,9.8022,3.8360,25.0196,5.7138,-12.6973,89.1537,10.1498,4.0140,25.0196,5.7138,-12.6973,89.1537,10.1498,4.0140,450,100,300,150,100,-100,0
314,1786014302.5122,1786014302.5171,0.03343,22.9451,4.7912,-13.6264,89.4945,9.8022,3.9683,24.8909,6.5631,-11.3901,88.3609,10.1714,4.1441,24.8909,6.5631,-11.3901,88.3609,10.1714,4.1441,350,150,50,-50,0,0,0
315,1786014302.5455,1786014302.5505,0.03338,23.6484,5.4066,-13.0110,89.4945,9.8022,3.9683,25.2442,6.6233,-11.3513,87.0859,9.7412,4.1337,25.2442,6.6233,-11.3513,87.0859,9.7412,4.1337,200,200,200,-50,0,0,0
316,1786014302.5789,1786014302.5838,0.0334,24.0879,6.2857,-12.1319,89.0549,9.8022,4.0344,25.2427,7.6485,-10.4227,85.3930,9.7467,4.2271,25.2427,7.6485,-10.4227,85.3930,9.7467,4.2271,100,300,300,-150,0,50,0
317,1786014302.6123,1786014302.617,0.0334,24.3516,6.7253,-11.4286,88.3516,9.8022,3.9021,25.2262,8.4708,-9.1866,84.1488,9.9117,4.2222,25.2262,8.4708,-9.1866,84.1488,9.9117,4.2222,100,150,250,-250,-50,0,0
318,1786014302.6457,1786014302.6504,0.03339,24.7033,7.4286,-10.9011,86.9451,9.7143,4.0344,25.5043,8.4903,-8.3317,82.5047,9.6976,4.1737,25.5043,8.4903,-8.3317,82.5047,9.6976,4.1737,100,200,200,-500,-50,50,0
319,1786014302.6791,1786014302.6836,0.03335,24.8791,8.0440,-9.9341,85.8901,9.7143,4.0344,25.3593,9.1383,-7.4036,80.3901,9.8673,4.2320,25.3593,9.1383,-7.4036,80.3901,9.8673,4.2320,50,250,350,-350,0,0,0
320,1786014302.7125,1786014302.7168,0.0334,24.8791,8.5714,-8.7912,84.6593,9.7143,4.0344,25.3250,9.1883,-5.6576,78.9693,9.3703,4.2318,25.3250,9.1883,-5.6576,78.9693,9.3703,4.2318,0,150,350,-400,0,0,0
321,1786014302.7458,1786014302.7505,0.03334,24.8791,9.3626,-7.8242,82.9890,9.7143,4.0344,25.5955,9.2353,-3.6445,77.0237,9.6079,4.2423,25.5955,9.2353,-3.6445,77.0237,9.6079,4.2423,0,250,300,-600,0,0,0
322,1786014302.7792,1786014302.7837,0.03342,24.9670,9.5385,-6.6813,81.3187,9.7143,4.0344,25.8439,8.7020,-2.0205,75.4591,8.9880,4.1646,25.8439,8.7020,-2.0205,75.4591,8.9880,4.1646,50,100,350,-600,0,0,0
323,1786014302.8126,1786014302.817,0.03333,25.0549,9.5385,-5.0989,79.6484,9.7143,4.0344,26.0554,8.8755,-0.7979,74.5202,9.2139,4.2372,26.0554,8.8755,-0.7979,74.5202,9.2139,4.2372,0,0,550,-550,0,0,0
324,1786014302.8459,1786014302.8505,0.03338,25.2308,9.5385,-3.3407,77.8901,9.5385,4.0344,26.4447,8.9754,0.6750,73.4225,9.5165,4.2188,26.4447,8.9754,0.6750,73.4225,9.5165,4.2188,50,0,600,-550,-50,0,0
325,1786014302.8793,1786014302.8838,0.03337,25.4066,9.6264,-1.9341,76.6593,9.5385,4.0344,26.6229,8.9321,2.2086,72.4402,9.2225,4.2382,26.6229,8.9321,2.2086,72.4402,9.2225,4.2382,50,0,500,-450,0,0,0
326,1786014302.9127,1786014302.9172,0.03342,25.8462,9.6264,-0.7033,75.4286,9.5385,4.0344,26.7499,8.4315,3.3403,71.8361,9.0752,4.2497,26.7499,8.4315,3.3403,71.8361,9.0752,4.2497,150,0,450,-400,0,0,0
327,1786014302.9461,1786014302.9507,0.03335,26.2857,9.5385,0.8791,74.1978,9.5385,4.0344,27.1602,8.5935,4.0870,71.7697,8.9736,4.3328,27.1602,8.5935,4.0870,71.7697,8.9736,4.3328,150,-50,550,-400,0,0,0
328,1786014302.9795,1786014302.9844,0.03341,26.4615,9.5385,2.1978,73.4066,9.5385,4.0344,27.0697,8.3795,5.3336,70.8447,8.7930,4.1940,27.0697,8.3795,5.3336,70.8447,8.7930,4.1940,50,0,500,-300,0,0,0
329,1786014303.0129,1786014303.018,0.03336,26.5495,9.6264,3.3407,72.7912,9.5385,4.0344,27.3132,8.1528,6.2064,70.9699,8.7597,4.1521,27.3132,8.1528,6.2064,70.9699,8.7597,4.1521,50,50,350,-200,-50,0,0
330,1786014303.0462,1786014303.0512,0.03338,26.6374,9.6264,4.3956,72.1758,9.3626,4.0344,27.2183,8.0642,7.4472,70.5212,8.7827,4.2004,27.2183,8.0642,7.4472,70.5212,8.7827,4.2004,50,0,350,-300,0,0,0
331,1786014303.0796,1786014303.0843,0.0334,26.6374,9.5385,5.4505,71.6484,9.1868,4.0344,27.3571,8.2597,8.0043,70.4540,8.7612,4.3097,27.3571,8.2597,8.0043,70.4540,8.7612,4.3097,0,-50,400,-250,-50,0,0
332,1786014303.113,1786014303.1176,0.03334,26.6374,9.5385,6.4176,71.2967,9.1868,3.9021,27.4739,7.8781,8.5527,70.4043,8.5329,4.1029,27.4739,7.8781,8.5527,70.4043,8.5329,4.1029,0,0,350,-100,0,-100,0
333,1786014303.1464,1786014303.151,0.03341,26.6374,9.5385,7.5604,71.0330,9.1868,4.0344,27.1891,8.0616,9.2373,69.8450,8.4506,4.1880,27.1891,8.0616,9.2373,69.8450,8.4506,4.1880,0,0,350,-50,0,50,0
334,1786014303.1798,1786014303.1847,0.03337,26.7253,9.5385,8.3516,70.8571,9.0989,3.9021,27.3418,8.1424,9.7580,69.6698,7.9312,4.3005,27.3418,8.1424,9.7580,69.6698,7.9312,4.3005,50,0,300,0,0,50,0
335,1786014303.2132,1786014303.218,0.0334,26.9890,9.5385,9.0549,70.4176,8.6593,4.1005,27.4670,8.5510,10.0064,69.2641,8.8544,4.2030,27.4670,8.5510,10.0064,69.2641,8.8544,4.2030,100,0,250,-200,-50,50,0
336,1786014303.2466,1786014303.2514,0.0334,27.1648,9.5385,9.4945,70.2418,8.4835,4.1005,27.4343,8.2915,10.4965,69.3018,8.5575,4.2535,27.4343,8.2915,10.4965,69.3018,8.5575,4.2535,50,0,200,-50,-50,0,0
337,1786014303.2799,1786014303.2848,0.03338,27.1648,9.5385,9.9341,69.8022,8.5714,4.1005,27.6450,7.8620,10.8183,68.8851,8.3854,4.0819,27.6450,7.8620,10.8183,68.8851,8.3854,4.0819,0,0,150,-150,50,0,0
338,1786014303.3133,1786014303.3181,0.03338,27.2527,9.5385,10.4615,69.8022,8.6593,4.1005,28.0245,8.2380,10.1612,68.8051,8.5367,4.0936,28.0245,8.2380,10.1612,68.8051,8.5367,4.0936,0,0,150,0,0,0,0
339,1786014303.3467,1786014303.3515,0.0334,27.2527,9.5385,10.8132,69.5385,8.5714,4.1005,28.4233,7.7351,11.7639,68.1211,8.6236,3.9331,28.4233,7.7351,11.7639,68.1211,8.6236,3.9331,0,0,100,-100,0,0,0
340,1786014303.3801,1786014303.3848,0.03338,27.0769,9.5385,10.9011,69.1868,8.5714,4.1005,28.8235,7.9099,11.4976,68.2957,8.0616,4.1187,28.8235,7.9099,11.4976,68.2957,8.0616,4.1187,-50,0,50,-100,0,0,0
341,1786014303.4135,1786014303.4182,0.03338,27.4286,9.5385,11.1648,68.7473,8.5714,4.1005,28.9414,7.9363,11.7833,67.7904,7.9300,3.9968,28.9414,7.9363,11.7833,67.7904,7.9300,3.9968,150,0,50,-100,0,0,0
342,1786014303.4469,1786014303.4517,0.03338,27.8681,9.4505,11.5165,68.6593,8.3077,4.1667,29.5207,7.7947,11.8872,67.8450,8.4067,4.4990,29.5207,7.7947,11.8872,67.8450,8.4067,4.4990,150,-50,100,-50,-100,0,0
343,1786014303.4802,1786014303.485,0.03338,28.5714,9.5385,11.8681,68.4835,8.2198,4.1005,30.2582,7.5407,12.1079,67.0583,8.0102,5.4645,30.2582,7.5407,12.1079,67.0583,8.0102,5.4645,200,50,100,-100,0,50,0
344,1786014303.5136,1786014303.5183,0.03338,29.0110,9.5385,12.0440,68.3077,8.2198,4.1005,30.9306,7.4042,11.6355,66.8616,8.1410,6.9535,30.9306,7.4042,11.6355,66.8616,8.1410,6.9535,150,0,100,-50,0,-50,0
345,1786014303.547,1786014303.5517,0.03338,29.4505,9.5385,12.0440,67.7802,8.1319,4.5635,31.5017,7.2648,11.2385,67.0956,8.5014,8.7722,31.5017,7.2648,11.2385,67.0956,8.5014,8.7722,150,0,0,-200,-50,100,0
346,1786014303.5804,1786014303.5851,0.0334,29.7143,9.5385,12.0440,67.4286,8.1319,5.5556,32.2145,7.5486,11.0766,67.4990,8.3517,10.8939,32.2145,7.5486,11.0766,67.4990,8.3517,10.8939,100,0,0,-100,0,500,0
347,1786014303.6137,1786014303.6183,0.03334,30.2418,9.5385,12.0440,67.5165,8.1319,6.8122,32.4544,7.2966,10.9191,67.9351,8.5952,13.0071,32.4544,7.2966,10.9191,67.9351,8.5952,13.0071,200,0,0,0,0,600,0
348,1786014303.6471,1786014303.6516,0.03341,31.0330,9.5385,12.1319,67.5165,8.2198,8.3333,32.9411,7.8041,10.7195,68.0360,8.5771,15.1210,32.9411,7.8041,10.7195,68.0360,8.5771,15.1210,200,0,0,0,50,650,0
349,1786014303.6805,1786014303.685,0.0334,31.9121,9.5385,12.1319,67.5165,8.2198,10.1190,33.4339,8.2727,10.1637,68.3625,8.3881,16.7465,33.4339,8.2727,10.1637,68.3625,8.3881,16.7465,300,0,0,0,0,800,0
350,1786014303.714,1786014303.9415,0.03342,32.3516,9.5385,12.1319,67.6923,8.2198,11.9709,32.2891,9.1480,12.7831,67.0057,17.7825,11.7853,32.2891,9.1480,12.7831,67.0057,17.7825,11.7853,100,0,0,50,0,800,1
351,1786014303.9426,1786014303.9475,0.22868,33.3187,9.5385,12.1319,68.0440,8.1319,16.4021,32.8179,9.0586,13.5997,66.7437,17.2318,12.3580,32.8179,9.0586,13.5997,66.7437,17.2318,12.3580,50,0,0,0,0,50,1
352,1786014303.976,1786014303.981,0.03334,33.4066,9.5385,12.1319,68.0440,8.1319,16.4021,33.2686,8.4140,14.5368,66.0274,16.2674,13.2221,33.2686,8.4140,14.5368,66.0274,16.2674,13.2221,50,0,0,0,0,0,0
353,1786014304.0093,1786014304.014,0.03335,33.3187,9.5385,12.3956,67.3407,9.0989,15.9392,34.0591,8.6671,14.7624,65.6254,15.0465,14.4183,34.0591,8.6671,14.7624,65.6254,15.0465,14.4183,-50,0,50,-150,450,-100,0
354,1786014304.0427,1786014304.0477,0.03341,33.1429,9.5385,13.7143,66.5495,11.2967,14.7487,34.4300,8.3569,16.0504,65.1863,14.3309,15.9706,34.4300,8.3569,16.0504,65.1863,14.3309,15.9706,0,0,450,-300,750,-550,0
355,1786014304.0761,1786014304.0815,0.03339,33.0549,9.7143,14.5934,66.5495,13.7582,14.0212,34.8120,8.3449,16.9773,64.8616,13.5676,17.4219,34.8120,8.3449,16.9773,64.8616,13.5676,17.4219,-50,50,350,0,750,-350,0
356,1786014304.1095,1786014304.1145,0.03337,33.4066,9.7143,15.2967,65.6703,13.9341,14.6825,35.1459,7.6906,17.5964,64.8146,13.2775,18.5036,35.1459,7.6906,17.5964,64.8146,13.2775,18.5036,150,0,200,-200,-100,100,0
357,1786014304.143,1786014304.1481,0.03346,34.1099,9.5385,16.2637,65.4945,13.4066,15.8730,35.0708,7.6130,18.2481,64.6638,12.6257,19.3080,35.0708,7.6130,18.2481,64.6638,12.6257,19.3080,150,-50,300,-50,-200,700,0
358,1786014304.1763,1786014304.1812,0.03332,34.6374,9.5385,17.1429,65.3187,13.3187,16.9312,35.2179,7.4998,18.2339,64.6805,12.4057,19.9696,35.2179,7.4998,18.2339,64.6805,12.4057,19.9696,150,0,300,-100,0,500,0
359,1786014304.2097,1786014304.2146,0.03341,34.6374,9.5385,17.7582,64.7912,13.1429,17.8571,35.4290,7.4717,19.3307,64.7133,12.7165,20.4675,35.4290,7.4717,19.3307,64.7133,12.7165,20.4675,0,0,250,-300,-100,400,0
360,1786014304.2431,1786014304.2481,0.03341,34.6374,9.5385,18.0220,65.2308,13.0549,18.5847,35.3886,6.3720,20.2908,64.4741,12.3668,21.0837,35.3886,6.3720,20.2908,64.4741,12.3668,21.0837,0,0,0,250,-100,300,0
361,1786014304.2765,1786014304.2813,0.03337,34.5495,9.5385,18.6374,64.6154,12.8791,19.3783,35.5922,7.5732,19.5589,64.9480,12.3719,21.6575,35.5922,7.5732,19.5589,64.9480,12.3719,21.6575,-50,0,250,-300,-100,350,0
362,1786014304.3099,1786014304.3148,0.03341,34.6374,9.2747,19.6923,64.7033,12.7912,19.9074,35.7559,7.3653,20.0225,65.3993,11.9911,22.2020,35.7559,7.3653,20.0225,65.3993,11.9911,22.2020,50,-100,350,-50,-50,150,0
363,1786014304.3433,1786014304.3484,0.03337,35.0769,9.3626,19.7802,65.2308,12.8791,20.5688,35.6036,7.3747,20.4642,65.5129,11.4983,22.6562,35.6036,7.3747,20.4642,65.5129,11.4983,22.6562,150,50,50,300,50,300,0
364,1786014304.3766,1786014304.3816,0.03337,35.3407,9.2747,19.9560,64.7033,12.4396,21.3624,35.8201,6.6437,21.8365,65.3679,11.2655,23.2011,35.8201,6.6437,21.8365,65.3679,11.2655,23.2011,150,0,100,-250,-200,250,0
365,1786014304.41,1786014304.4148,0.03337,35.4286,9.2747,20.3956,65.1429,12.0000,21.7593,35.7953,6.7730,21.3496,65.7171,10.8155,23.4847,35.7953,6.7730,21.3496,65.7171,10.8155,23.4847,0,0,150,250,-100,250,0
366,1786014304.4434,1786014304.4479,0.03343,35.2527,9.2747,21.0989,65.3187,11.7363,22.2222,35.8423,6.2924,21.9580,65.5099,10.8972,24.0254,35.8423,6.2924,21.9580,65.5099,10.8972,24.0254,-50,0,250,50,-100,200,0
367,1786014304.4769,1786014304.4815,0.03346,35.2527,9.2747,21.6264,65.4945,11.4725,22.7513,35.8460,6.1287,22.5116,65.3740,10.9501,24.5063,35.8460,6.1287,22.5116,65.3740,10.9501,24.5063,-50,0,100,50,-100,200,0
368,1786014304.5103,1786014304.5154,0.03338,35.2527,9.2747,21.7143,65.0549,11.2088,23.2143,35.9773,5.9136,22.3889,65.2884,10.6413,24.9072,35.9773,5.9136,22.3889,65.2884,10.6413,24.9072,0,0,0,-250,-250,200,0
369,1786014304.5436,1786014304.5491,0.03338,35.5165,9.0989,22.2418,64.9670,11.1209,23.6772,35.8094,5.9109,23.3520,65.4239,10.1684,25.3725,35.8094,5.9109,23.3520,65.4239,10.1684,25.3725,100,-100,150,-50,-50,300,0
370,1786014304.577,1786014304.5819,0.03336,35.6044,9.0110,22.4176,65.4066,11.0330,24.2063,35.7512,5.8951,22.9328,65.3659,10.0256,25.6272,35.7512,5.8951,22.9328,65.3659,10.0256,25.6272,0,-50,50,200,-50,200,0
371,1786014304.6104,1786014304.6153,0.03341,35.6044,9.0110,22.8571,65.0549,10.5934,24.6032,35.7062,5.9985,23.1849,65.5745,10.1225,25.9535,35.7062,5.9985,23.1849,65.5745,10.1225,25.9535,0,0,100,-200,-250,200,0
372,1786014304.6438,1786014304.6485,0.03337,35.6044,8.9231,23.0330,65.4066,10.4176,25.0000,35.4755,5.7920,23.2438,65.6476,9.7718,26.1389,35.4755,5.7920,23.2438,65.6476,9.7718,26.1389,0,0,50,50,-100,150,0
373,1786014304.6771,1786014304.6818,0.03337,35.4286,8.9231,23.1209,65.4066,10.4176,25.3307,35.5598,5.9830,23.9168,65.5036,9.8012,26.4416,35.5598,5.9830,23.9168,65.5036,9.8012,26.4416,-50,0,50,0,0,150,0
374,1786014304.7105,1786014304.7152,0.03337,35.4286,8.9231,23.2967,65.2308,10.1538,25.6614,35.3303,5.9750,24.8863,65.1353,9.8443,26.5321,35.3303,5.9750,24.8863,65.1353,9.8443,26.5321,0,0,50,-50,-50,100,0
375,1786014304.744,1786014304.7488,0.03344,35.4286,8.8352,23.7363,65.0549,10.0659,25.9259,35.1897,6.5249,23.7674,65.3897,9.6517,26.5763,35.1897,6.5249,23.7674,65.3897,9.6517,26.5763,0,-50,150,0,-50,150,0
376,1786014304.7773,1786014304.7821,0.03338,35.4286,8.8352,24.3516,64.9670,10.0659,26.1243,35.4145,6.0489,24.9429,65.0874,9.4511,26.5896,35.4145,6.0489,24.9429,65.0874,9.4511,26.5896,0,0,250,-50,0,50,0
377,1786014304.8107,1786014304.8154,0.0334,35.4286,8.8352,24.4396,65.4066,10.1538,26.1905,35.4564,6.6714,23.3577,65.2006,8.8887,26.4479,35.4564,6.6714,23.3577,65.2006,8.8887,26.4479,0,0,50,100,0,0,0
378,1786014304.8441,1786014304.8491,0.0334,35.4286,8.8352,24.5275,65.3187,9.8901,26.1905,34.9787,6.5618,24.5711,64.7830,9.2497,26.5742,34.9787,6.5618,24.5711,64.7830,9.2497,26.5742,0,0,0,0,50,50,0
379,1786014304.8775,1786014304.8823,0.03337,35.5165,8.8352,24.6154,65.2308,9.4505,26.1905,34.7606,5.9218,25.0275,65.1622,9.3725,26.4603,34.7606,5.9218,25.0275,65.1622,9.3725,26.4603,0,0,0,-50,-200,0,0
380,1786014304.9109,1786014304.9157,0.03338,35.4286,8.8352,24.7033,65.2308,9.4505,26.3228,34.7925,6.3908,24.9726,65.1328,8.9912,26.5547,34.7925,6.3908,24.9726,65.1328,8.9912,26.5547,0,0,0,0,0,50,0
381,1786014304.9443,1786014304.9488,0.03338,35.2527,8.6593,25.0549,64.9670,9.5385,26.3228,34.6404,6.2687,24.5899,64.9886,9.3140,26.5047,34.6404,6.2687,24.5899,64.9886,9.3140,26.5047,-50,-100,100,-100,0,0,0
382,1786014304.9777,1786014304.9821,0.03341,35.2527,8.6593,25.0549,65.1429,9.4505,26.3228,34.3774,6.7483,24.7562,64.9268,9.0539,26.6202,34.3774,6.7483,24.7562,64.9268,9.0539,26.6202,0,0,0,50,-50,0,0
383,1786014305.0111,1786014305.0155,0.03346,35.2527,8.6593,25.0549,65.1429,9.4505,26.3889,34.3963,7.0883,23.9308,64.8104,8.7789,26.5629,34.3963,7.0883,23.9308,64.8104,8.7789,26.5629,0,0,0,0,50,50,0
384,1786014305.0445,1786014305.0489,0.03334,35.0769,8.6593,25.0549,65.1429,9.2747,26.3889,34.0441,6.8150,23.8996,65.3992,9.1776,26.2760,34.0441,6.8150,23.8996,65.3992,9.1776,26.2760,-50,0,0,0,-50,0,0
385,1786014305.0778,1786014305.0823,0.03338,34.9890,8.6593,25.0549,65.1429,9.0989,26.3889,34.1666,7.1414,23.5772,65.3611,9.6794,26.0934,34.1666,7.1414,23.5772,65.3611,9.6794,26.0934,0,0,0,0,-50,0,0
386,1786014305.1113,1786014305.1158,0.03344,34.8132,8.6593,25.0549,65.1429,9.0989,26.3889,33.9346,7.3854,22.8598,65.9150,9.9950,24.6022,33.9346,7.3854,22.8598,65.9150,9.9950,24.6022,-50,0,0,0,0,0,0
387,1786014305.1447,1786014305.1491,0.03337,34.7253,8.6593,25.0549,65.1429,9.2747,26.3889,34.1098,7.6768,21.7420,66.0279,10.8585,21.5731,34.1098,7.6768,21.7420,66.0279,10.8585,21.5731,-50,0,0,0,50,0,0
388,1786014305.178,1786014305.1825,0.03337,34.7253,8.6593,24.7912,65.3187,9.5385,25.8598,34.0742,7.9656,20.6890,67.0806,10.9096,17.4416,34.0742,7.9656,20.6890,67.0806,10.9096,17.4416,0,0,-100,100,100,-150,0
389,1786014305.2115,1786014305.2161,0.03343,34.6374,8.6593,24.1758,65.4066,9.9780,24.2725,33.7198,8.5192,19.6034,67.9938,11.5851,12.8176,33.7198,8.5192,19.6034,67.9938,11.5851,14.0079,-50,0,-250,0,200,-700,0
390,1786014305.2448,1786014305.2495,0.03335,34.4615,8.7473,23.4725,66.1978,10.3297,22.0899,33.9089,8.4527,18.6273,68.5435,11.7149,7.6607,33.9089,8.4527,18.6273,68.5435,11.7149,11.6931,-100,50,-250,300,100,-1050,0
391,1786014305.2782,1786014305.2828,0.0334,34.2857,8.8352,22.5934,67.0769,10.7692,19.3783,33.7547,8.6930,18.1237,68.9323,11.1407,3.8780,33.7547,8.6930,18.1237,68.9323,11.1407,8.9815,-50,0,-300,200,100,-1200,0
392,1786014305.3117,1786014305.3168,0.03345,34.1978,8.9231,21.6264,67.6923,11.0330,16.6667,33.5999,8.4957,17.3624,69.1788,11.8981,1.2018,33.5999,8.4957,17.3624,69.1788,11.8981,6.2698,-50,50,-300,250,150,-1200,0
393,1786014305.345,1786014305.3501,0.03335,34.1099,8.9231,20.9231,67.8681,11.0330,13.8889,33.5900,9.0818,16.2978,70.3030,12.1222,0.6675,33.5900,9.0818,16.2978,70.3030,12.1222,3.4921,-50,0,-200,100,0,-1250,0
394,1786014305.3784,1786014305.3832,0.0334,34.1099,8.9231,20.2198,68.4835,11.2967,11.2434,33.2773,8.8115,13.5800,71.7053,11.4195,0.8006,33.2773,8.8115,13.5800,71.7053,11.4195,0.8466,0,0,-250,200,50,-1250,0
395,1786014305.4118,1786014305.4167,0.03343,33.9341,9.1868,19.2527,69.2747,11.5604,8.4656,32.9905,8.3773,10.5907,74.3213,11.0306,2.0342,32.9905,8.3773,10.5907,74.3213,11.0306,2.0342,-50,100,-300,200,150,-1250,0
396,1786014305.4452,1786014305.4501,0.03339,33.8462,9.3626,17.9341,70.3297,11.5604,5.7540,31.6908,7.5338,7.3059,77.2775,9.1515,2.4150,31.6908,7.5338,7.7582,77.2775,9.1515,2.4150,0,100,-400,400,0,-1250,0
397,1786014305.4786,1786014305.4834,0.03337,33.5824,9.3626,16.0879,71.7363,11.2088,3.8360,30.4621,7.4530,4.2192,80.4704,7.1446,2.7878,30.4621,7.4530,5.6484,80.4704,7.1446,2.7878,-50,0,-700,400,-100,-950,0
398,1786014305.512,1786014305.517,0.03343,33.0549,9.2747,13.5385,73.5824,10.5934,3.3730,29.1747,6.8403,0.5162,83.1818,4.5163,2.9689,29.1747,6.8403,3.2747,83.1818,4.5163,2.9689,-250,-50,-900,600,-200,-200,0
399,1786014305.5454,1786014305.5502,0.03336,32.0879,9.2747,11.0769,76.0440,9.0989,3.3730,27.6303,6.3597,-2.3960,85.8919,2.3388,3.3484,27.6303,6.3597,0.7253,85.8919,2.3388,3.3484,-300,0,-850,900,-550,0,0
400,1786014305.5788,1786014305.7992,0.03336,30.8571,9.2747,8.7033,78.6813,7.2527,3.3730,29.9971,12.8213,5.1245,80.1946,8.4985,3.5852,29.9971,12.8213,5.1245,80.1946,8.4985,3.5852,-450,0,-800,850,-500,0,1
401,1786014305.8003,1786014305.8055,0.22155,28.3956,9.1868,3.0769,85.4505,2.7692,3.4392,30.1731,13.5124,4.8520,80.7544,8.0936,3.1255,30.1731,13.5124,4.8520,80.7544,8.0936,3.1255,0,0,-50,50,0,0,1
402,1786014305.8337,1786014305.8386,0.03337,27.9560,9.1868,3.0769,85.3626,2.7692,3.4392,30.5477,13.5831,4.7379,80.9882,8.1873,2.8791,30.5477,13.5831,4.7379,80.9882,8.1873,2.8791,-150,0,0,-50,0,0,0
403,1786014305.867,1786014305.8719,0.03336,28.3077,9.5385,3.3407,84.8352,3.4725,3.3730,31.0522,13.9267,4.9965,81.1930,8.3294,2.8437,31.0522,13.9267,4.9965,81.1930,8.3294,2.8437,-50,100,150,-100,200,0,0
404,1786014305.9004,1786014305.9053,0.03341,29.0989,10.8571,4.1319,83.0769,5.3187,3.1746,31.7387,13.8313,5.4228,81.4778,8.1863,2.9952,31.7387,13.8313,5.4228,81.4778,8.1863,2.9952,250,350,300,-600,650,-150,0
405,1786014305.9339,1786014305.9387,0.03341,30.0659,12.8791,4.7473,82.1978,6.5495,3.1085,32.4389,13.8497,5.5274,81.7477,7.9486,3.1391,32.4389,13.8497,5.5274,81.7477,7.9486,3.1391,400,700,200,-500,500,-50,0
406,1786014305.9672,1786014305.9722,0.03337,30.8571,13.9341,5.5385,82.4615,6.9011,3.1085,33.0461,13.7285,5.9775,82.0118,7.7514,3.4799,33.0461,13.7285,5.9775,82.0118,7.7514,3.4799,250,300,250,0,150,0,0
407,1786014306.0006,1786014306.0055,0.03342,31.5604,14.1099,5.7143,82.4615,7.0769,3.1085,34.0282,13.7253,6.5654,82.4914,7.0246,4.4435,34.0282,13.7253,6.5654,82.4914,7.0246,4.4435,250,0,100,-50,50,0,0
408,1786014306.034,1786014306.0389,0.03338,31.9121,13.8462,5.7143,81.9341,7.1648,3.1085,34.8407,13.6915,7.1837,82.6840,6.9309,5.6134,34.8407,13.6915,7.1837,82.6840,6.9309,5.6134,100,-100,0,-300,0,0,0
409,1786014306.0674,1786014306.0722,0.03338,32.3516,13.8462,6.2418,82.1978,7.1648,3.5714,35.5861,13.3645,7.0879,82.6837,6.8816,8.2408,35.5861,13.3645,7.0879,82.6837,6.8816,8.2408,200,0,250,50,0,200,0
410,1786014306.1008,1786014306.1055,0.0334,33.1429,14.1099,7.0330,82.3736,6.9890,4.4974,36.2755,13.2176,7.6753,82.4038,7.4880,11.4596,36.2755,13.2176,7.6753,82.4038,7.4880,11.4596,250,100,250,50,-50,500,0
411,1786014306.1342,1786014306.139,0.0334,34.3736,14.1978,7.2088,82.7253,6.9890,5.4894,36.7061,12.5413,8.1538,82.1038,7.9170,14.9361,36.7061,12.5413,8.1538,82.1038,7.9170,14.9361,450,50,100,100,0,350,0
412,1786014306.1676,1786014306.1721,0.03341,35.3407,13.9341,7.2967,82.3736,7.0769,7.6058,37.1435,11.9962,8.9134,81.9111,8.3068,18.0051,37.1435,11.9962,8.9134,81.9111,8.3068,18.0051,300,-100,50,-100,50,950,0
413,1786014306.201,1786014306.2055,0.03337,35.7802,13.8462,7.8242,82.1978,7.4286,10.0529,37.4946,11.5108,9.5788,81.8591,8.1016,20.4207,37.4946,11.5108,9.5788,81.8591,8.1016,20.3175,200,0,150,0,150,1050,0
414,1786014306.2344,1786014306.2391,0.03342,35.8681,14.0220,8.6154,82.1978,7.6923,12.5661,37.8284,10.8881,10.0594,82.0037,8.1117,22.1415,37.8284,10.8881,10.0594,82.0037,8.1117,22.1415,0,50,250,-50,100,1050,0
415,1786014306.2678,1786014306.2723,0.03337,36.3077,14.1099,9.4066,82.1978,7.7802,15.3439,37.9977,10.4902,10.7668,81.8426,8.3851,22.9768,37.9977,10.4902,10.7668,81.8426,8.3851,22.9768,150,50,300,0,50,1250,0
416,1786014306.3011,1786014306.306,0.03335,37.0110,13.9341,9.9341,82.1978,7.7802,17.7910,38.1714,9.8816,11.4326,81.9780,7.8708,23.4903,38.1714,9.8816,11.4326,81.9780,7.8708,23.4903,200,-100,150,0,0,1100,0
417,1786014306.3345,1786014306.3391,0.0334,37.6264,13.6703,10.4615,82.0220,7.7802,19.9074,38.7144,9.6850,12.4520,81.7031,8.2872,23.4789,38.7144,9.6850,12.4520,81.7031,8.2872,23.4789,250,-100,150,-50,0,950,0
418,1786014306.368,1786014306.3725,0.03348,37.8022,13.4066,11.2527,82.0220,7.7802,21.0317,38.7229,9.5524,13.2408,81.4957,8.4061,23.3090,38.7229,9.5524,13.2408,81.4957,8.4061,23.3090,50,-100,250,0,0,500,0
419,1786014306.4013,1786014306.4057,0.0333,37.8901,13.3187,11.9560,81.8462,7.8681,21.8254,38.9273,8.9165,14.4360,81.5164,8.1882,23.2367,38.9273,8.9165,14.4360,81.5164,8.1882,23.2367,50,-50,250,-50,50,300,0
420,1786014306.4347,1786014306.4396,0.03341,37.9780,13.2308,12.7473,81.7582,7.9560,22.2222,39.1998,8.9039,15.0025,81.3115,8.2463,23.1614,39.1998,8.9039,15.0025,81.3115,8.2463,23.1614,0,-50,250,0,50,200,0
421,1786014306.4682,1786014306.4727,0.03345,38.1538,12.8791,13.6264,81.6703,7.9560,22.4868,39.3269,8.4205,16.2634,81.1699,8.3746,23.0912,39.3269,8.4205,16.2634,81.1699,8.3746,23.0912,100,-100,300,0,0,150,0
422,1786014306.5015,1786014306.5059,0.03333,38.5934,12.3516,14.5055,81.6703,7.9560,22.6190,39.5059,8.4905,17.3186,80.6342,8.2689,22.9541,39.5059,8.4905,17.3186,80.6342,8.2689,22.9541,150,-200,350,0,0,50,0
423,1786014306.5349,1786014306.5394,0.03338,38.9451,11.8242,15.2967,81.4066,7.9560,22.6852,39.5915,7.8683,18.1307,79.9845,8.0417,22.7468,39.5915,7.8683,18.1307,79.9845,8.0417,22.7468,150,-100,250,-150,0,50,0
424,1786014306.5683,1786014306.5728,0.03344,39.2088,11.5604,16.2637,80.9670,7.9560,22.6852,39.8092,7.9251,18.5244,79.7584,8.8246,22.5926,39.8092,7.9251,18.5244,79.7584,8.8246,22.5926,100,-100,300,-150,0,0,0
425,1786014306.6016,1786014306.6061,0.03335,39.2967,11.0330,17.2308,80.4396,7.9560,22.6852,39.5534,7.9419,19.1119,79.3400,8.8038,22.3371,39.5534,7.9419,19.1119,79.3400,8.8038,22.3371,50,-200,300,-200,0,0,0
426,1786014306.6351,1786014306.6394,0.03343,39.2967,10.6813,17.8462,80.1758,8.1319,22.6852,39.8961,8.2907,19.2944,79.1369,8.6566,22.2264,39.8961,8.2907,19.2944,79.1369,8.6566,22.2264,0,-100,250,-50,0,0,0
427,1786014306.6685,1786014306.6729,0.03343,39.2088,10.3297,18.3736,79.8242,8.3077,22.5529,39.7062,8.1535,19.9181,78.5794,9.0069,21.9748,39.7062,8.1535,19.9181,78.5794,9.0069,21.9748,-50,-100,150,-150,100,-50,0
428,1786014306.7019,1786014306.7062,0.03336,39.2088,10.1538,18.7253,79.5604,8.3077,22.4868,39.7728,8.0657,20.9688,78.6185,8.8426,21.8941,39.7728,8.0657,20.9688,78.6185,8.8426,21.8941,0,-50,150,-50,0,-50,0
429,1786014306.7353,1786014306.7396,0.03341,39.2088,9.9780,19.2527,79.2967,8.4835,22.3545,39.7214,8.6482,20.8381,78.0344,9.4392,21.6889,39.7214,8.6482,20.8381,78.0344,9.4392,21.6889,0,-100,150,-100,0,-100,0
430,1786014306.7686,1786014306.773,0.03337,39.2967,9.6264,19.8681,78.9451,8.4835,22.1561,39.5254,8.0664,21.3364,77.6706,8.9834,21.5649,39.5254,8.0664,21.3364,77.6706,8.9834,21.5649,0,-100,200,-100,0,-100,0
431,1786014306.802,1786014306.8063,0.03338,39.2967,9.5385,20.2198,78.6813,8.6593,21.9577,39.8157,8.3620,21.0966,77.2697,9.1267,21.5471,39.8157,8.3620,21.0966,77.2697,9.1267,21.5471,0,0,100,-50,100,-100,0
432,1786014306.8354,1786014306.84,0.03341,39.2967,9.2747,20.5714,78.3297,8.6593,21.8915,39.9315,8.2564,21.3858,77.0067,9.1488,21.6396,39.9315,8.2564,21.3858,77.0067,9.1488,21.6396,0,-100,100,-100,0,-50,0
433,1786014306.8688,1786014306.8736,0.03338,39.2967,9.2747,20.6593,77.8901,8.6593,21.8915,39.9631,8.9454,21.6659,76.4981,9.2124,21.7678,39.9631,8.9454,21.6659,76.4981,9.2124,21.7678,0,0,50,-100,0,0,0
434,1786014306.9022,1786014306.9071,0.03339,39.3846,9.2747,20.8352,77.5385,8.6593,21.8915,39.6979,8.9121,21.4248,76.4095,9.4007,21.9595,39.6979,8.9121,21.4248,76.4095,9.4007,21.9595,50,0,50,-100,0,0,0
435,1786014306.9356,1786014306.9407,0.03344,39.3846,9.2747,21.0989,77.2747,8.6593,21.8915,40.0320,9.0555,21.6717,76.1005,8.8894,22.1235,40.0320,9.0555,21.6717,76.1005,8.8894,22.1235,0,0,100,-150,0,0,0
436,1786014306.969,1786014306.9739,0.03334,39.3846,9.2747,21.0989,76.9231,8.6593,21.8915,39.9551,9.8492,21.2304,76.1497,9.1856,22.4135,39.9551,9.8492,21.2304,76.1497,9.1856,22.4135,0,0,0,-100,0,0,0
437,1786014307.0024,1786014307.0072,0.03342,39.3846,9.2747,21.0989,76.6593,8.6593,21.8915,39.8195,10.0147,21.3986,75.7399,9.2554,22.5733,39.8195,10.0147,21.3986,75.7399,9.2554,22.5733,0,0,0,-100,0,0,0
438,1786014307.0358,1786014307.0403,0.03338,39.3846,9.3626,21.0989,76.4835,8.6593,21.8915,39.7780,10.3537,21.2124,75.8152,9.4279,22.7433,39.7780,10.3537,21.2124,75.8152,9.4279,22.7433,0,50,0,0,0,0,0
439,1786014307.0692,1786014307.074,0.03337,39.3846,9.7143,20.9231,75.9560,8.7473,22.1561,39.5051,11.2970,21.2381,75.9180,9.3320,22.9798,39.5051,11.2970,21.2381,75.9180,9.3320,22.9798,0,100,-100,-200,0,100,0
440,1786014307.1026,1786014307.1073,0.0334,39.3846,10.1538,21.1868,75.8681,8.9231,22.4206,39.4094,11.4281,21.3006,75.9948,9.1544,23.1946,39.4094,11.4281,21.3006,75.9948,9.1544,23.1946,0,100,100,-50,50,150,0
441,1786014307.136,1786014307.141,0.0334,39.6484,10.5934,21.2747,76.1319,9.0110,22.5529,39.3165,11.4220,21.2434,75.7638,9.0051,23.3028,39.3165,11.4220,21.2434,75.7638,9.0051,23.3028,100,150,100,0,0,100,0
442,1786014307.1694,1786014307.174,0.03339,39.7363,10.9451,21.2747,76.2198,9.0110,22.6190,39.0257,11.8973,20.9313,75.9755,9.0215,23.1428,39.0257,11.8973,20.9313,75.9755,9.0215,23.1428,50,100,0,50,100,0,0
443,1786014307.2027,1786014307.2077,0.03338,39.7363,11.0330,21.2747,76.0440,8.9231,22.7513,39.0241,11.8040,20.1084,76.1202,8.6558,22.7372,39.0241,11.8040,20.1084,76.1202,8.6558,22.7372,0,50,0,-50,0,100,0
444,1786014307.2362,1786014307.241,0.03342,39.5604,11.1209,21.1868,76.0440,8.9231,22.7513,38.8093,11.9520,20.4300,76.3262,8.8526,21.8700,38.8093,11.9520,20.4300,76.3262,8.8526,21.8700,-100,0,0,0,0,0,0
445,1786014307.2696,1786014307.2743,0.0334,39.4725,11.3846,20.9231,76.0440,8.9231,22.7513,38.6472,11.7451,19.8144,76.0488,8.6362,18.5116,38.6472,11.7451,19.8144,76.0488,8.6362,18.5116,-50,100,-100,0,0,0,0
446,1786014307.3029,1786014307.3074,0.03335,39.3846,11.5604,20.8352,76.0440,8.9231,22.3545,38.4290,12.0932,18.9449,76.6695,8.4783,14.0608,38.4290,12.0932,18.9449,76.6695,8.4783,14.0608,-50,100,0,0,0,-200,0
447,1786014307.3363,1786014307.3419,0.03338,39.2088,11.6484,20.5714,75.7802,8.8352,21.4286,38.1827,12.5099,18.6527,76.2063,7.8237,6.6149,38.1827,12.5099,18.6527,76.2063,7.8237,11.2302,-50,0,-50,-50,-50,-500,0
448,1786014307.3697,1786014307.3745,0.03342,39.0330,11.8242,19.9560,75.7802,8.7473,19.5106,38.1293,12.5989,17.5328,75.9420,7.6106,2.4000,38.1293,12.5989,17.5328,75.9420,7.6106,9.1138,-50,50,-200,0,-50,-700,0
449,1786014307.4031,1786014307.4081,0.03335,38.8571,12.2637,19.5165,75.6923,8.3077,16.6667,37.9055,13.5276,16.2482,76.3486,7.1734,-0.0525,37.9055,13.5276,16.2482,76.3486,7.1734,6.4021,-50,150,-150,-50,-150,-1200,0
450,1786014307.4365,1786014307.6659,0.0334,38.5934,12.4396,18.9011,75.6044,8.0440,13.9550,32.0085,12.2613,14.7459,74.5311,6.8294,11.6718,32.0085,12.2613,14.7459,74.5311,6.8294,11.6718,-100,50,-150,-50,-100,-1250,1
451,1786014307.667,1786014307.6718,0.23057,38.2418,13.5824,17.7582,75.8681,7.5165,6.8122,32.0533,12.2348,14.7850,74.9767,6.3035,11.6213,32.0533,12.2348,14.7850,74.9767,6.3035,11.6213,50,0,0,0,0,-100,1
452,1786014307.7004,1786014307.7048,0.03334,38.2418,13.5824,17.7582,75.8681,7.4286,6.7460,32.2550,13.0134,14.3040,75.6142,5.8003,11.3865,32.2550,13.0134,14.3040,75.6142,5.8003,11.3865,0,0,0,0,0,0,0
453,1786014307.7337,1786014307.7382,0.03338,37.6264,13.5824,17.3187,75.6923,6.9890,7.1429,32.3894,12.4641,13.9736,76.0892,5.6893,11.1939,32.3894,12.4641,13.9736,76.0892,5.6893,11.1939,-300,0,-50,-50,-150,350,0
454,1786014307.7671,1786014307.7714,0.03339,35.9560,13.5824,16.6154,75.2527,6.4615,8.9286,32.4247,12.6342,14.4224,76.6911,5.5332,10.7984,32.4247,12.6342,14.4224,76.6911,5.5332,10.7984,-500,0,-200,-150,-200,700,0
455,1786014307.8005,1786014307.8048,0.0334,34.0220,13.5824,16.1758,75.6044,6.2857,9.8545,32.8361,12.9496,13.6169,77.4021,5.8585,10.1780,32.8361,12.9496,13.6169,77.4021,5.8585,10.1780,-700,0,-150,100,-100,450,0
456,1786014307.834,1786014307.8383,0.03346,33.3187,13.5824,16.0879,75.9560,6.1099,10.0529,33.0101,12.7811,13.1708,77.5983,5.9222,9.2697,33.0101,12.7811,13.1708,77.5983,5.9222,9.2697,-200,0,-50,100,-50,100,0
457,1786014307.8673,1786014307.8723,0.03332,33.3187,13.5824,15.7363,76.6593,6.1099,9.8545,33.3065,12.9958,13.3996,77.6828,6.2182,8.0598,33.3065,12.9958,13.3996,77.6828,6.2182,8.0598,-100,0,-100,250,50,-50,0
458,1786014307.9007,1786014307.9055,0.03342,33.9341,13.5824,15.3846,76.8352,6.0220,9.5238,33.4542,12.9357,12.9349,77.5491,6.3287,6.5525,33.4542,12.9357,12.9349,77.5491,6.3287,6.5525,300,0,-100,0,-50,-150,0
459,1786014307.9341,1786014307.9391,0.03341,34.1099,13.5824,15.2967,77.0110,6.0220,8.9286,33.7284,12.6411,12.8743,77.7189,5.8227,5.4614,33.7284,12.6411,12.8743,77.7189,5.8227,5.4614,50,0,-50,50,0,-300,0
460,1786014307.9675,1786014307.9726,0.03339,33.6703,13.5824,15.2088,77.0989,6.0220,7.8042,33.7742,13.0349,13.1596,77.6244,5.5088,4.0784,33.7742,13.0349,13.1596,77.6244,5.5088,4.0784,-200,0,0,50,0,-500,0
461,1786014308.0009,1786014308.0057,0.03338,33.4066,13.5824,15.0330,77.2747,5.9341,6.7460,33.9372,13.0334,12.4320,78.3124,4.1858,3.8807,33.9372,13.0334,12.4320,78.3124,4.1858,3.8807,-100,0,-50,100,-50,-500,0
462,1786014308.0343,1786014308.0392,0.0334,33.4066,13.5824,14.9451,77.2747,5.9341,5.6217,33.9194,13.1212,12.6586,78.4956,3.1681,3.1621,33.9194,13.1212,12.6586,78.4956,3.1681,3.1621,0,0,0,0,0,-500,0
463,1786014308.0677,1786014308.0725,0.03337,33.8462,13.5824,14.6813,77.6264,5.3187,4.9603,33.8740,13.1386,11.8737,79.2353,1.0644,3.0844,33.8740,13.1386,11.8737,79.2353,1.0644,3.0844,150,0,-100,150,-100,-350,0
464,1786014308.1012,1786014308.106,0.03348,33.9341,13.5824,14.6813,77.8901,4.3516,4.2328,33.9578,12.6892,11.8300,79.4027,-0.8463,2.9522,33.9578,12.6892,11.8300,79.4027,-0.8463,2.9522,50,0,0,100,-350,-300,0
465,1786014308.1345,1786014308.1391,0.03338,33.9341,13.5824,14.3297,78.3297,3.2967,3.7698,33.9362,12.7014,11.3278,79.8644,-3.0028,2.7241,33.9362,12.7014,11.3278,79.8644,-3.0028,2.7241,0,0,-200,200,-350,-150,0
466,1786014308.168,1786014308.173,0.03342,33.5824,13.5824,13.9780,78.6813,1.5385,3.5053,33.8518,12.8867,11.1138,80.0079,-5.1941,2.5145,33.8518,12.8867,11.1138,80.0079,-5.1941,2.5145,-100,0,-100,100,-550,-150,0
467,1786014308.2013,1786014308.2062,0.03337,33.4945,13.5824,13.5385,79.1209,-0.2198,3.2407,33.5442,12.9886,10.7000,79.8540,-8.1251,2.0166,33.5442,12.9886,10.7000,79.8540,-8.1251,2.0166,-50,0,-150,100,-600,-150,0
468,1786014308.2347,1786014308.2396,0.03336,33.4945,13.5824,13.2747,79.3846,-2.1538,2.9762,33.5688,12.9270,10.5916,79.8414,-10.9277,1.7775,33.5688,12.9270,10.5916,79.8414,-10.9277,1.7775,0,0,-50,100,-650,-150,0
469,1786014308.2681,1786014308.2727,0.03338,33.6703,13.5824,13.0110,79.4725,-4.2637,2.5794,33.5605,13.2412,9.9328,80.0198,-13.7209,1.6099,33.5605,13.2412,9.9328,80.0198,-13.7209,1.6099,50,0,-100,50,-700,-150,0
470,1786014308.3015,1786014308.3064,0.03344,33.8462,13.5824,12.7473,79.4725,-6.8132,2.3148,33.3153,12.6942,9.6022,79.8346,-16.5047,1.1783,33.3153,12.6942,9.6022,79.8346,-16.5047,1.1783,100,0,-50,0,-850,-150,0
471,1786014308.3349,1786014308.3398,0.03337,33.8462,13.5824,12.3077,79.6484,-9.2747,2.1164,33.1979,12.3482,9.3652,79.4569,-18.0477,1.0044,33.1979,12.3482,9.3652,79.4569,-18.0477,1.0044,0,0,-200,50,-900,-100,0
472,1786014308.3683,1786014308.3734,0.03336,33.8462,13.5824,11.9560,79.4725,-12.0879,1.8519,33.1277,12.4248,9.2930,79.3413,-19.3173,0.6194,33.1277,12.4248,9.2930,79.3413,-19.3173,0.6194,0,0,-100,-100,-900,-100,0
473,1786014308.4017,1786014308.4065,0.03342,33.6703,13.5824,11.6044,79.4725,-14.6374,1.7196,33.3069,12.4529,9.6093,79.3423,-18.5342,1.0817,33.3069,12.4529,9.6093,79.3423,-18.5342,1.0817,-50,0,-150,0,-900,-50,0
474,1786014308.435,1786014308.4398,0.03337,33.4945,13.5824,11.3407,79.4725,-16.3956,1.5212,33.5593,12.2105,9.7287,79.1833,-17.5473,1.0495,33.5593,12.2105,9.7287,79.1833,-17.5473,1.0495,-50,0,-100,0,-650,-100,0
475,1786014308.4684,1786014308.4732,0.03337,33.4066,13.5824,11.3407,79.4725,-17.0110,1.5212,33.4777,12.5531,9.6316,79.0338,-15.7210,1.1749,33.4777,12.5531,9.6316,79.0338,-15.7210,1.1749,0,0,0,0,-150,0,0
476,1786014308.5018,1786014308.5066,0.03338,33.4066,13.5824,11.3407,79.4725,-17.0110,1.5212,33.9234,12.4593,11.0163,79.3343,-9.9666,3.5891,33.9234,12.4593,11.0163,79.3343,-9.9666,3.5891,0,0,0,0,0,0,0
477,1786014308.5352,1786014308.5403,0.03341,33.4066,13.5824,11.3407,79.3846,-16.8352,1.5212,34.1229,12.5479,12.2851,79.1696,-2.2192,7.6366,34.1229,12.5479,12.2851,79.1696,-6.6593,7.6366,0,0,0,0,50,0,0
478,1786014308.5686,1786014308.5736,0.03337,33.4945,13.5824,11.5165,79.2967,-15.3407,1.8519,34.2979,12.3943,12.3651,79.9422,3.6935,12.1602,34.2979,12.3943,12.3651,79.9422,-4.9011,11.9841,50,0,0,0,600,250,0
479,1786014308.602,1786014308.6071,0.03344,33.6703,13.5824,12.2198,79.2967,-12.2637,3.3069,34.4327,12.0738,11.8966,80.7642,7.9667,16.9617,34.4327,12.0738,11.8966,80.7642,-1.8242,13.5714,50,0,250,0,1000,650,0
480,1786014308.6353,1786014308.6403,0.03334,33.6703,13.6703,12.3956,79.6484,-9.4505,5.8862,34.3386,12.1383,11.3637,81.4136,9.2703,20.8937,34.3386,12.1383,11.3637,81.4136,0.9011,16.2831,0,0,50,100,1000,1200,0
481,1786014308.6687,1786014308.6736,0.03337,33.7582,13.6703,12.3956,79.8242,-6.8132,8.7302,34.0060,11.9731,10.7980,81.8977,8.7834,23.4022,34.0060,11.9731,10.7980,81.8977,3.6264,19.1931,50,0,0,50,900,1250,0
482,1786014308.7021,1786014308.707,0.03342,33.8462,13.5824,12.3956,80.5275,-4.0879,11.3095,34.3078,11.5204,10.6749,82.4138,8.4424,24.9490,34.3078,11.5204,10.6749,82.4138,6.3516,21.5741,0,0,0,250,950,1300,0
483,1786014308.7355,1786014308.7403,0.03337,33.9341,13.5824,12.3956,80.9670,-1.2747,13.8889,34.3368,11.6559,11.3459,82.6398,8.5247,25.3194,34.3368,11.6559,11.3459,82.6398,8.5247,24.3519,50,0,0,100,950,1200,0
484,1786014308.7689,1786014308.7736,0.03337,34.0220,13.5824,12.3956,81.4945,1.4505,16.6005,34.2487,11.6612,11.4366,83.1623,8.7011,25.3725,34.2487,11.6612,11.4366,83.1623,8.7011,25.3725,0,0,0,200,900,1100,0
485,1786014308.8022,1786014308.8067,0.03337,34.0220,13.5824,12.3956,81.9341,4.1758,19.3122,34.4982,11.6707,11.3797,83.6382,8.8178,25.1668,34.4982,11.6707,11.3797,83.6382,8.8178,25.1668,0,0,0,150,950,1200,0
486,1786014308.8357,1786014308.8402,0.03345,34.1099,13.5824,12.3956,82.3736,5.8462,21.6270,34.5488,11.5766,11.4782,83.9380,9.0008,25.0068,34.5488,11.5766,11.4782,83.9380,9.0008,25.0068,50,0,0,150,600,1050,0
487,1786014308.8691,1786014308.8739,0.03336,34.1099,13.5824,12.3956,82.8132,6.7253,22.8175,34.6760,11.6848,11.7137,84.2620,9.1767,24.5993,34.6760,11.6848,11.7137,84.2620,9.1767,24.5993,0,0,0,200,300,450,0
488,1786014308.9024,1786014308.9075,0.03338,34.1099,13.5824,12.3956,83.2527,7.4286,23.3466,34.6578,11.7222,11.8562,84.1225,9.0897,24.4663,34.6578,11.7222,11.8562,84.1225,9.0897,24.4663,0,0,0,150,250,300,0
489,1786014308.9359,1786014308.9406,0.03345,34.1099,13.5824,12.3956,83.4286,7.9560,23.6111,34.8745,12.4855,12.2176,84.0781,9.2944,24.2558,34.8745,12.4855,12.2176,84.0781,9.2944,24.2558,0,0,0,100,200,100,0
490,1786014308.9692,1786014308.9741,0.03332,34.1099,13.5824,12.3956,83.6044,8.2198,23.8095,35.0460,12.8226,11.9221,84.0966,9.1775,24.1556,35.0460,12.8226,11.9221,84.0966,9.1775,24.1556,0,0,0,50,50,100,0
491,1786014309.0026,1786014309.0071,0.0334,34.1099,13.5824,12.3956,83.6044,8.5714,23.8095,34.8242,13.2704,11.5560,84.1788,9.3756,24.1271,34.8242,13.2704,11.5560,84.1788,9.3756,24.1271,0,0,0,0,100,0,0
492,1786014309.036,1786014309.0413,0.03341,34.2857,13.5824,12.3956,83.6923,8.6593,23.8095,35.0172,13.5226,10.9332,84.1932,9.3756,24.1276,35.0172,13.5226,10.9332,84.1932,9.3756,24.1276,50,0,0,0,0,0,0
493,1786014309.0694,1786014309.0742,0.03337,34.4615,13.6703,12.3956,83.6923,8.7473,23.8095,34.9172,13.9321,11.1625,84.0256,9.3658,24.0678,34.9172,13.9321,11.1625,84.0256,9.3658,24.0678,50,0,0,0,0,0,0
494,1786014309.1028,1786014309.1077,0.03342,34.6374,13.9341,12.3956,83.6923,8.9231,23.8095,34.9235,14.4356,10.9938,83.9655,9.1537,24.1073,34.9235,14.4356,10.9938,83.9655,9.1537,24.1073,50,100,0,0,100,0,0
495,1786014309.1362,1786014309.1415,0.03339,34.7253,14.1978,12.3956,83.6923,8.9231,23.8095,34.8734,14.5582,10.7209,84.1296,9.0283,24.0147,34.8734,14.5582,10.7209,84.1296,9.0283,24.0147,0,100,0,0,0,0,0
496,1786014309.1695,1786014309.1745,0.03335,34.7253,14.3736,12.3956,83.6923,8.9231,23.8095,34.8362,14.6976,10.6673,84.0303,9.0210,24.0362,34.8362,14.6976,10.6673,84.0303,9.0210,24.0362,0,50,0,0,0,0,0
497,1786014309.2029,1786014309.2078,0.03338,34.6374,14.6374,12.3956,83.6923,8.9231,23.8095,34.7502,15.3012,10.8904,83.5879,8.9766,23.8537,34.7502,15.3012,10.8904,83.5879,8.9766,23.8537,-50,100,0,0,0,0,0
498,1786014309.2363,1786014309.2412,0.03339,34.5495,14.8132,12.3956,83.6923,8.9231,23.8095,34.7336,15.5425,10.6084,83.5145,8.6865,23.7778,34.7336,15.5425,10.6084,83.5145,8.6865,23.7778,0,100,0,0,0,0,0
499,1786014309.2697,1786014309.2746,0.03338,34.5495,15.3407,12.3956,83.6044,8.9231,23.8095,34.7460,16.0007,10.5704,83.2194,8.7447,23.5855,34.7460,16.0007,10.5704,83.2194,8.7447,23.5855,0,150,0,-50,0,0,0
500,1786014309.3031,1786014309.5331,0.03337,34.4615,15.6923,12.3077,83.6044,8.9231,23.8095,36.8888,16.0488,3.6784,81.9452,17.0762,25.1834,36.8888,16.0488,3.6784,81.9452,17.0762,25.1834,-50,100,-50,0,0,0,1
501,1786014309.5343,1786014309.5396,0.2312,34.5495,16.1319,12.3077,83.3407,8.9231,23.7434,37.2067,15.6523,4.2856,81.6858,16.9856,25.1744,37.2067,15.6523,4.2856,81.6858,16.9856,25.1744,0,0,0,0,0,0,1
502,1786014309.5676,1786014309.5726,0.03332,34.5495,16.1319,12.3077,83.3407,8.9231,23.7434,37.2748,15.4818,4.8296,81.2433,16.5957,25.1527,37.2748,15.4818,4.8296,81.2433,16.5957,25.1527,0,0,0,0,0,0,0
503,1786014309.601,1786014309.6056,0.03341,34.9890,16.2198,11.6923,82.9011,9.8022,24.1402,37.3813,15.3391,5.0571,81.0214,16.2511,25.1490,37.3813,15.3391,5.0571,81.0214,16.2511,25.1490,100,0,-100,-50,100,100,0
504,1786014309.6344,1786014309.6388,0.03339,35.7802,16.3077,9.7582,81.7582,11.8242,24.6032,37.7101,15.4081,5.8470,80.5929,15.7143,25.3360,37.7101,15.4081,5.8470,80.5929,15.7143,25.3360,250,50,-700,-450,600,200,0
505,1786014309.6678,1786014309.6721,0.03337,36.7473,16.1319,8.0879,81.4945,13.9341,24.8016,37.6334,15.1390,6.3219,80.0107,15.4731,25.3304,37.6334,15.1390,6.3219,80.0107,15.4731,25.3304,400,0,-500,-50,700,0,0
506,1786014309.7012,1786014309.7055,0.03341,37.1868,16.0440,7.8242,81.0549,14.4615,24.8016,37.7369,15.2502,6.6125,79.9012,14.9672,25.3895,37.7369,15.2502,6.6125,79.9012,14.9672,25.3895,150,-50,-150,-100,400,0,0
507,1786014309.7346,1786014309.739,0.03339,37.1868,16.1319,7.8242,80.6154,14.4615,24.9339,37.7133,14.9525,7.1768,79.4746,14.8866,25.4802,37.7133,14.9525,7.1768,79.4746,14.8866,25.4802,0,50,50,-150,0,100,0
508,1786014309.768,1786014309.7724,0.03345,37.0110,16.3077,7.9121,80.3516,14.4615,25.0661,37.7426,14.9253,7.8944,79.3249,14.3364,25.5338,37.7426,14.9253,7.8944,79.3249,14.3364,25.5338,-100,50,50,-50,0,50,0
509,1786014309.8014,1786014309.8056,0.03334,37.0110,16.2198,7.9121,80.0000,14.4615,25.1984,37.8723,15.0554,8.1039,79.3408,14.0964,25.5742,37.8723,15.0554,8.1039,79.3408,14.0964,25.5742,0,-50,0,-100,0,50,0
510,1786014309.8348,1786014309.8391,0.03342,37.1868,16.1319,7.9121,79.7363,14.3736,25.2646,37.9373,15.2197,8.6377,79.4892,13.7407,25.6375,37.9373,15.2197,8.6377,79.4892,13.7407,25.6375,100,0,0,-100,-50,50,0
511,1786014309.8682,1786014309.8727,0.03341,37.3626,16.1319,8.2637,79.6484,14.3736,25.2646,38.0665,15.4638,9.1172,79.6775,13.3270,25.7306,38.0665,15.4638,9.1172,79.6775,13.3270,25.7306,50,0,100,0,0,0,0
512,1786014309.9015,1786014309.9059,0.03333,37.5385,16.2198,8.7912,79.6484,14.2857,25.3307,38.0567,15.3785,9.9659,79.6759,12.7599,25.8303,38.0567,15.3785,9.9659,79.6759,12.7599,25.8303,100,50,200,0,-50,0,0
513,1786014309.9349,1786014309.9393,0.03338,37.8022,16.2198,9.0549,79.9121,13.8462,25.3307,38.2347,15.9809,10.6497,79.8121,12.3244,25.9537,38.2347,15.9809,10.6497,79.8121,12.3244,25.9537,100,0,100,100,-150,0,0
514,1786014309.9683,1786014309.9728,0.03341,37.9780,16.1319,9.5824,79.6484,13.4066,25.3307,38.2660,15.7428,10.8030,79.7195,11.9057,25.9755,38.2660,15.7428,10.8030,79.7195,11.9057,25.9755,50,0,150,-100,-150,0,0
515,1786014310.0017,1786014310.0062,0.0334,38.0659,16.3077,10.3736,79.6484,12.9670,25.5291,38.1259,15.6836,11.1395,79.7633,11.4105,26.0225,38.1259,15.6836,11.1395,79.7633,11.4105,26.0225,0,50,300,0,-150,100,0
516,1786014310.0351,1786014310.0395,0.03336,38.0659,16.4835,10.5495,79.9121,12.5275,25.5952,38.1241,15.6928,11.4967,79.5229,11.3970,26.1035,38.1241,15.6928,11.4967,79.5229,11.3970,26.1035,0,100,100,100,-150,50,0
517,1786014310.0685,1786014310.0729,0.0334,38.0659,16.3956,10.9011,79.6484,12.1758,25.7937,38.0296,15.4475,11.6920,79.4983,11.1291,26.0573,38.0296,15.4475,11.6920,79.4983,11.1291,26.0573,0,-50,150,-150,-150,50,0
518,1786014310.1018,1786014310.1063,0.03337,38.0659,16.3077,11.3407,79.6484,11.9121,25.7275,37.7587,15.4279,11.6421,79.4115,11.2033,25.9526,37.7587,15.4279,11.6421,79.4115,11.2033,25.9526,0,-50,150,0,-50,-50,0
519,1786014310.1352,1786014310.1396,0.0334,37.8901,16.3956,11.5165,79.6484,11.7363,25.7275,37.7623,15.5827,11.7272,79.4625,10.6915,25.9794,37.7623,15.5827,11.7272,79.4625,10.6915,25.9794,-100,0,50,0,-50,0,0
520,1786014310.1687,1786014310.1731,0.03341,37.8901,16.3956,11.5165,79.6484,11.4725,25.7275,37.5731,15.3636,11.6645,79.2447,10.7977,25.9899,37.5731,15.3636,11.6645,79.2447,10.7977,25.9899,0,0,0,-50,-50,-100,0
521,1786014310.2021,1786014310.2067,0.03344,37.8901,16.3077,11.5165,79.6484,11.2088,25.7275,37.3131,15.5048,11.7753,79.1340,10.6446,25.9018,37.3131,15.5048,11.7753,79.1340,10.6446,25.9018,0,0,0,0,-100,0,0
522,1786014310.2354,1786014310.2399,0.03336,37.8901,16.3077,11.5165,79.6484,11.2088,25.7275,37.1737,15.9484,11.5170,79.0821,10.5036,25.9315,37.1737,15.9484,11.5170,79.0821,10.5036,25.9315,0,0,0,0,0,0,0
523,1786014310.2688,1786014310.2734,0.03338,37.8901,16.3956,11.6923,79.4725,11.2088,25.7275,37.1317,15.8029,11.7247,78.9813,10.4767,25.9425,37.1317,15.8029,11.7247,78.9813,10.4767,25.9425,0,0,50,-100,0,0,0
524,1786014310.3022,1786014310.3067,0.03337,37.8022,16.3956,11.6923,79.2967,10.9451,25.7275,36.9805,15.7039,11.5386,78.9404,10.3966,25.9884,36.9805,15.7039,11.5386,78.9404,10.3966,25.9884,0,0,0,-50,-50,0,0
525,1786014310.3356,1786014310.3404,0.03338,37.4505,16.3956,11.7802,79.2088,10.8571,25.7275,36.8290,16.0218,11.7693,78.8156,10.2411,26.0160,36.8290,16.0218,11.7693,78.8156,10.2411,26.0160,-100,0,50,-50,-100,0,0
526,1786014310.369,1786014310.3735,0.03346,37.0989,16.3956,11.7802,79.1209,10.8571,25.7275,36.5794,15.6378,12.1745,78.4831,10.3066,25.9559,36.5794,15.6378,12.1745,78.4831,10.3066,25.9559,-100,0,0,-50,0,0,0
527,1786014310.4024,1786014310.4068,0.03334,37.0989,16.3956,11.8681,79.1209,10.6813,25.7275,36.4653,15.6581,12.0584,78.2771,9.9219,25.6468,36.4653,15.6581,12.0584,78.2771,9.9219,25.6468,-50,0,0,0,-50,0,0
528,1786014310.4358,1786014310.4404,0.03338,37.0110,16.3077,12.1319,78.8571,10.5934,25.6614,36.4677,15.8233,12.0204,78.0808,9.6619,25.0881,36.4677,15.8233,12.0204,78.0808,9.6619,25.0881,-50,-50,100,-100,0,0,0
529,1786014310.4692,1786014310.4739,0.03342,37.0110,16.3077,12.2198,78.5934,10.3297,25.6614,36.3136,15.7640,12.5000,78.1139,8.8127,23.5743,36.3136,15.7640,12.5000,78.1139,8.8127,23.5743,0,0,50,-150,-100,0,0
530,1786014310.5025,1786014310.5069,0.03336,37.0110,16.3077,12.2198,78.3297,10.0659,25.5291,36.1333,15.8206,12.4432,78.3404,7.7236,21.1317,36.1333,15.8206,12.4432,78.3404,7.7236,21.1317,0,0,0,-100,-100,-50,0
531,1786014310.536,1786014310.5404,0.03342,36.9231,16.3077,12.3077,78.3297,9.4505,24.9339,35.8383,16.1952,12.3102,78.2661,6.0732,17.8074,35.8383,16.1952,12.3102,78.2661,6.0732,17.8074,0,0,0,0,-150,-200,0
532,1786014310.5693,1786014310.5738,0.03337,36.7473,16.3077,12.3077,78.2418,8.7473,23.4788,35.7027,16.1009,12.2024,78.1768,4.2790,14.0689,35.7027,16.1009,12.2024,78.1768,4.2790,14.0689,-100,0,0,0,-250,-650,0
533,1786014310.6027,1786014310.6076,0.03338,36.3956,16.3077,12.3077,78.2418,7.7802,21.5608,35.7971,15.8481,11.6323,78.2451,3.1331,9.8723,35.7971,15.8481,11.6323,78.2451,3.1331,11.2302,-100,0,0,0,-300,-850,0
534,1786014310.6361,1786014310.641,0.03337,36.1319,16.3077,12.3077,78.2418,6.2857,19.1799,35.7105,16.0174,11.4759,78.4228,2.0850,6.1934,35.7105,16.0174,11.4759,78.4228,2.0850,8.7169,-100,0,0,0,-550,-1050,0
535,1786014310.6695,1786014310.6744,0.0334,35.9560,16.3077,12.3077,78.2418,4.9670,16.4021,35.4024,16.1978,10.9362,78.2841,1.6062,2.9497,35.4024,16.1978,10.9362,78.2841,1.6062,6.0053,-50,0,0,0,-500,-1200,0
536,1786014310.7028,1786014310.7077,0.03338,35.8681,16.3956,12.3077,78.2418,3.9121,13.6905,35.6258,16.1974,9.9942,78.6790,1.7580,2.3880,35.6258,16.1974,9.9942,78.6790,1.7580,3.2937,0,50,0,0,-400,-1250,0
537,1786014310.7362,1786014310.7411,0.0334,35.8681,16.4835,12.3077,78.2418,3.0330,10.9788,35.7119,16.2131,9.2319,78.7525,1.0666,2.7947,35.7119,16.2131,9.2319,78.7525,1.0666,2.7947,0,0,0,0,-350,-1250,0
538,1786014310.7697,1786014310.7744,0.03341,36.0440,16.5714,12.2198,78.3297,2.5934,8.2011,35.5289,16.2674,8.6104,78.8760,-0.0749,3.4291,35.5289,16.2674,8.6104,78.8760,-0.0749,3.4291,100,50,0,0,-150,-1250,0
539,1786014310.803,1786014310.8076,0.03337,36.0440,16.5714,11.6044,78.4176,1.9780,6.0185,35.5324,16.5446,7.2688,79.1443,-1.6337,3.8329,35.5324,16.5446,7.2688,79.1443,-1.6337,3.8329,0,0,-200,0,-250,-1000,0
540,1786014310.8365,1786014310.841,0.03345,36.1319,16.5714,10.9890,78.3297,1.0989,5.2249,35.2385,16.8609,6.4891,79.3298,-2.9269,4.0308,35.2385,16.8609,6.4891,79.3298,-2.9269,4.0308,50,0,-200,0,-300,-500,0
541,1786014310.8699,1786014310.8745,0.03338,36.0440,16.7473,10.1099,78.6813,-0.0440,4.8942,35.1233,16.9570,5.2349,79.5735,-4.4559,4.0404,35.1233,16.9570,5.2349,79.5735,-4.4559,4.0404,-50,0,-300,100,-400,-150,0
542,1786014310.9032,1786014310.9077,0.03337,35.8681,17.0989,9.2308,78.8571,-1.2747,4.6296,34.8247,17.1405,4.0182,79.7469,-5.8685,3.8970,34.8247,17.1405,4.0182,79.7469,-5.8685,3.8970,-50,100,-350,100,-450,-150,0
543,1786014310.9367,1786014310.9411,0.03343,35.6044,17.2747,8.2637,79.2088,-2.5055,4.4312,34.7390,16.7737,2.6624,80.0819,-7.5698,3.7483,34.7390,16.7737,2.6624,80.0819,-7.5698,3.7483,-100,50,-250,150,-450,-50,0
544,1786014310.9701,1786014310.9751,0.03341,35.3407,17.2747,7.2088,79.2967,-4.0000,4.1667,34.3948,16.5723,1.2466,80.5779,-8.8981,3.7695,34.3948,16.5723,1.2466,80.5779,-8.8981,3.7695,-100,0,-350,50,-500,-100,0
545,1786014311.0035,1786014311.0083,0.03339,35.1648,17.2747,6.0659,79.4725,-5.4066,4.0344,33.9837,16.2279,-0.3518,81.0773,-10.6117,3.6635,33.9837,16.2279,-0.3518,81.0773,-10.6117,3.6635,-50,0,-350,100,-500,-100,0
546,1786014311.0369,1786014311.0415,0.0334,34.9011,17.2747,4.7473,80.0000,-6.7253,3.9683,33.1786,15.7974,-1.7802,81.6371,-12.7931,3.6112,33.1786,15.7974,-1.7802,81.6371,-12.7931,3.6112,-50,0,-450,150,-450,0,0
547,1786014311.0702,1786014311.0748,0.03333,34.5495,17.2747,3.3407,80.2637,-8.3956,3.9683,32.0358,14.9484,-3.8235,82.4031,-15.5065,3.6937,32.0358,14.9484,-3.8235,82.4031,-15.5065,3.6937,-100,0,-450,50,-550,0,0
548,1786014311.1036,1786014311.1083,0.0334,34.1099,17.2747,1.9341,80.8791,-10.1538,3.9021,30.8764,13.9890,-5.7993,83.3530,-17.5616,3.8170,30.8764,13.9890,-5.7993,83.3530,-17.5616,3.8170,-150,0,-500,200,-650,0,0
549,1786014311.137,1786014311.1418,0.03343,33.4066,17.2747,0.3516,81.6703,-12.1758,3.9021,29.6554,13.3427,-7.8780,84.6330,-19.8701,3.9663,29.6554,13.3427,-7.8780,84.6330,-19.8701,3.9663,-250,0,-500,250,-700,0,0
550,1786014311.1704,1786014311.3987,0.03335,32.4396,17.1868,-1.4066,82.3736,-14.4615,3.9021,32.0238,9.7196,1.8283,83.4216,-15.8849,4.0861,32.0238,9.7196,1.8283,83.4216,-15.8849,4.0861,-300,-50,-600,250,-850,0,1
551,1786014311.3998,1786014311.4048,0.22947,30.3297,16.5714,-5.5385,84.3956,-19.4725,3.9021,31.6899,7.2849,2.3988,83.5524,-16.6938,4.0192,31.6899,7.2849,2.3988,83.5524,-16.6938,4.0192,0,0,0,0,-50,0,1
552,1786014311.4332,1786014311.4379,0.03337,29.8901,16.5714,-5.5385,84.3956,-19.4725,3.9021,31.5149,6.0604,3.1739,83.5868,-17.3872,3.9154,31.5149,6.5714,3.1739,83.5868,-17.3872,3.9154,-100,0,0,0,0,0,0
553,1786014311.4665,1786014311.4712,0.03332,30.1538,15.8681,-5.1868,83.8681,-18.8571,3.9021,31.2232,4.7962,4.1560,83.3588,-17.6552,3.8177,31.2232,5.6923,4.1560,83.3588,-17.6552,3.8177,50,-350,50,-100,150,0,0
554,1786014311.4999,1786014311.5045,0.03341,30.6813,13.8462,-2.9890,83.6044,-18.0659,3.9021,30.7797,3.6930,4.8537,83.0376,-18.1101,3.7763,30.7797,3.6930,4.8537,83.0376,-18.1101,3.7763,100,-600,850,-50,300,0,0
555,1786014311.5333,1786014311.5378,0.03337,31.1209,11.4725,-0.0879,83.9560,-17.9780,3.7698,30.3558,2.7532,5.7252,82.8152,-18.2928,3.7405,30.3558,2.7532,5.7252,82.8152,-18.2928,3.7405,50,-800,1000,150,0,0,0
556,1786014311.5667,1786014311.5712,0.03345,31.1209,9.5385,2.3736,83.6044,-18.1538,3.8360,29.9376,2.3840,6.2393,82.3127,-18.2473,3.6337,29.9376,2.3840,6.2393,82.3127,-18.2473,3.6337,0,-650,850,-50,-100,50,0
557,1786014311.6001,1786014311.6046,0.0334,30.6813,8.1319,4.1319,83.3407,-18.2418,3.8360,29.4856,1.7556,7.4054,81.7642,-18.6813,3.6257,29.4856,1.7556,7.4054,81.7642,-18.6813,3.6257,-150,-550,550,-50,0,0,0
558,1786014311.6335,1786014311.638,0.03336,30.1538,6.9890,5.1868,82.9011,-18.2418,3.8360,29.0979,0.8998,8.2456,81.1916,-18.9490,3.6164,29.0979,0.8998,8.2456,81.1916,-18.9490,3.6164,-150,-350,400,-150,-100,0,0
559,1786014311.6669,1786014311.6712,0.03341,29.8022,5.9341,6.2418,82.3736,-18.3297,3.8360,28.6406,0.3768,9.3534,80.6399,-19.0410,3.6078,28.6406,0.3768,9.3534,80.6399,-19.0410,3.6078,-100,-400,350,-200,0,0,0
560,1786014311.7003,1786014311.7046,0.03337,29.7143,5.0549,7.4725,81.9341,-18.6813,3.8360,28.3596,-0.1760,10.2726,79.9540,-18.9612,3.5711,28.3596,-0.1760,10.2726,79.9540,-18.9612,3.5711,0,-300,400,-200,-50,0,0
561,1786014311.7337,1786014311.7382,0.03341,29.4505,4.3516,8.4396,81.3187,-18.7692,3.8360,27.8682,-0.5465,11.2472,79.4960,-19.0755,3.5846,27.8682,-0.5465,11.2472,79.4960,-19.0755,3.5846,-100,-200,350,-150,-50,0,0
562,1786014311.7671,1786014311.7714,0.0334,29.1868,3.6484,9.5824,80.8791,-18.7692,3.8360,27.3546,-0.7877,12.2919,78.9604,-19.1086,3.5906,27.3546,-0.7877,12.2919,78.9604,-19.1086,3.5906,-150,-250,350,-300,0,0,0
563,1786014311.8005,1786014311.8048,0.03338,28.5714,3.1209,10.5495,80.2637,-18.7692,3.8360,26.8934,-1.2968,13.2208,78.8326,-19.0401,3.6110,26.8934,-1.2968,13.2208,78.8326,-19.0401,3.6110,-200,-150,300,-150,0,0,0
564,1786014311.8339,1786014311.8384,0.03344,28.0440,2.6813,11.6044,79.5604,-18.7692,3.8360,26.4809,-1.9117,13.8715,78.5327,-18.8643,3.5749,26.4809,-1.9117,13.8715,78.5327,-18.8643,3.5749,-150,-150,350,-300,0,0,0
565,1786014311.8673,1786014311.8717,0.03341,27.6044,2.3297,12.5714,79.4725,-18.7692,3.8360,25.8757,-2.1954,14.4675,78.7097,-18.8325,3.5811,25.8757,-2.1954,14.4675,78.7097,-18.8325,3.5811,-150,-100,350,-50,0,0,0
566,1786014311.9007,1786014311.9055,0.03334,27.2527,1.7143,13.5385,79.1209,-18.7692,3.8360,25.3144,-2.9549,15.0189,78.6441,-18.7322,3.5522,25.3144,-2.9549,15.0189,78.6441,-18.7322,3.5522,-150,-150,300,-150,0,0,0
567,1786014311.934,1786014311.939,0.03337,26.7253,1.2747,14.1538,79.1209,-18.7692,3.8360,24.5790,-3.2924,15.2569,78.9290,-18.4077,3.4933,24.5790,-3.2924,15.2569,78.9290,-18.4077,3.4933,-200,-200,200,0,0,0,0
568,1786014311.9675,1786014311.972,0.03345,26.1978,0.6593,14.8571,79.1209,-18.7692,3.8360,23.7380,-4.0713,15.7565,79.2483,-18.1171,3.4630,23.7380,-4.0713,15.7565,79.2483,-18.1171,3.4630,-150,-250,250,0,0,0,0
569,1786014312.0008,1786014312.0054,0.03335,25.4945,0.1319,15.1209,79.1209,-18.7692,3.8360,22.6934,-4.8328,16.0134,79.9477,-18.2064,3.4881,22.6934,-4.8328,16.0134,79.9477,-18.2064,3.4881,-200,-150,100,0,0,0,0
570,1786014312.0342,1786014312.0388,0.03338,24.8791,-0.5714,15.6484,78.9451,-18.7692,3.8360,21.3552,-5.2461,16.0669,80.9379,-18.1221,3.3869,21.3552,-5.2461,16.0669,80.9379,-18.1221,3.3869,-250,-200,200,-100,0,0,0
571,1786014312.0676,1786014312.0723,0.0334,24.0879,-1.2747,16.0000,79.5604,-18.5934,3.8360,19.8764,-5.6605,16.0759,81.6798,-18.0588,3.3449,19.8764,-5.6605,16.0759,81.6798,-18.0588,3.3449,-300,-300,150,300,50,0,0
572,1786014312.1011,1786014312.1055,0.03343,23.0330,-1.8022,16.0000,80.0000,-18.5934,3.7698,18.1382,-6.8558,16.2092,82.5634,-18.1376,3.3247,18.1382,-6.8558,16.2092,82.5634,-18.1376,3.3247,-300,-200,0,200,0,0,0
573,1786014312.1344,1786014312.1394,0.0334,21.8022,-2.4176,16.0000,80.6154,-18.5934,3.6376,16.4896,-7.6135,16.4264,83.3423,-18.2036,3.1769,16.4896,-7.6135,16.4264,83.3423,-18.2036,3.1769,-400,-150,0,150,0,-50,0
574,1786014312.1678,1786014312.1724,0.03336,20.3956,-3.2088,16.0879,81.6703,-18.5934,3.5714,14.8957,-7.6448,16.4698,83.7843,-18.4316,3.0931,14.8957,-7.6448,16.4698,83.7843,-18.4316,3.0931,-500,-200,0,400,0,0,0
575,1786014312.2012,1786014312.2057,0.0334,18.9011,-4.0000,16.4396,82.3736,-18.5934,3.3730,13.4184,-8.8083,16.9057,84.0585,-18.3057,2.9757,13.4184,-8.8083,16.9057,84.0585,-18.3057,2.9757,-550,-300,100,250,0,-50,0
576,1786014312.2346,1786014312.2392,0.0334,17.3187,-4.5275,16.4396,82.7253,-18.5934,3.2407,12.3273,-9.0293,17.5744,84.1298,-18.3747,2.9997,12.3273,-9.0293,17.5744,84.1298,-18.3747,2.9997,-550,-150,0,150,0,-50,0
577,1786014312.268,1786014312.2729,0.03343,15.7363,-5.2308,16.8791,83.0769,-18.5934,3.1746,11.2500,-9.2573,18.2410,83.9386,-18.5107,3.0264,11.2500,-9.2573,18.2410,83.9386,-18.5107,3.0264,-550,-250,50,150,0,-50,0
578,1786014312.3013,1786014312.3063,0.03332,14.3297,-5.8462,17.5824,83.6923,-18.5934,3.1746,10.6392,-9.7775,19.1713,83.7601,-18.5885,3.0460,10.6392,-9.7775,19.1713,83.7601,-18.5885,3.0460,-500,-150,200,300,0,0,0
579,1786014312.3347,1786014312.3396,0.03338,13.0989,-6.2857,18.1099,83.5165,-18.5934,3.1746,10.2064,-9.6522,20.3067,83.3065,-18.7464,3.1126,10.2064,-9.6522,20.3067,83.3065,-18.7464,3.1126,-450,-100,200,-50,0,0,0
580,1786014312.3681,1786014312.373,0.03341,12.0440,-6.7253,18.9011,83.4286,-18.5934,3.1746,10.2051,-9.9294,21.3146,83.1388,-18.6046,3.1210,10.2051,-9.9294,21.3146,83.1388,-18.6046,3.1210,-300,-200,200,0,0,0,0
581,1786014312.4015,1786014312.4064,0.0334,11.3407,-6.9890,19.7802,83.6044,-18.5934,3.1746,10.3010,-9.5359,22.6160,82.3416,-18.7494,3.2177,10.3010,-9.5359,22.6160,82.3416,-18.7494,3.2177,-300,-100,300,50,0,0,0
582,1786014312.4349,1786014312.4398,0.03338,10.9011,-7.1648,20.7473,83.5165,-18.5934,3.1746,10.6315,-9.7888,23.9940,81.5385,-18.5569,3.2386,10.6315,-9.7888,23.9940,81.5385,-18.5569,3.2386,-150,-50,300,0,0,0,0
583,1786014312.4683,1786014312.4732,0.0334,10.8132,-7.2527,21.8022,82.9011,-18.5934,3.1746,10.8452,-10.0744,25.6216,80.5535,-18.5394,3.3178,10.8452,-10.0744,25.6216,80.5535,-18.5394,3.3178,0,-50,300,-250,0,0,0
584,1786014312.5017,1786014312.5065,0.03338,10.9890,-7.4286,23.0330,82.1978,-18.5934,3.1746,11.2256,-10.1262,27.0829,79.6331,-18.4069,3.4913,11.2256,-10.1262,27.0829,79.6331,-18.4069,3.4913,0,-100,450,-200,0,0,0
585,1786014312.5351,1786014312.5402,0.03337,11.2527,-7.5165,24.5275,81.6703,-18.5934,3.1746,11.8593,-10.0039,28.1883,78.4605,-18.3277,3.6636,11.8593,-10.0039,28.1883,78.4605,-18.3277,3.6636,100,0,500,-150,0,0,0
586,1786014312.5685,1786014312.5734,0.03343,11.3407,-7.5165,25.9341,80.7033,-18.5934,3.1746,12.3116,-10.2962,29.2974,77.2159,-18.3611,3.9213,12.3116,-10.2962,29.2974,77.2159,-18.3611,3.9213,50,0,500,-300,0,0,0
587,1786014312.6018,1786014312.6064,0.03337,11.2527,-7.5165,27.1648,79.7363,-18.5934,3.3730,12.9166,-10.6114,30.5981,75.9899,-18.3068,4.3684,12.9166,-10.6114,30.5981,75.9899,-18.3068,4.3684,0,0,400,-350,0,100,0
588,1786014312.6353,1786014312.6397,0.03341,11.2527,-7.5165,28.3077,78.5934,-18.5934,3.5714,13.5192,-10.8325,31.5231,74.9268,-18.5024,5.0039,13.5192,-10.8325,31.5231,74.9268,-18.5024,5.0039,0,0,400,-400,0,100,0
589,1786014312.6686,1786014312.6733,0.03336,11.7802,-7.7802,29.4505,77.6264,-18.5934,3.7698,14.2284,-11.1465,32.2330,74.2116,-18.5627,6.0560,14.2284,-11.1465,32.2330,74.2116,-18.5627,6.0560,150,-100,350,-300,0,100,0
590,1786014312.702,1786014312.7067,0.03343,12.6593,-8.1319,30.6813,76.4835,-18.5934,4.2989,14.9633,-11.6947,33.2035,73.6100,-18.3153,7.7935,14.9633,-11.6947,33.2035,73.6100,-18.3153,7.7935,300,-150,450,-350,0,250,0
591,1786014312.7354,1786014312.7402,0.03334,13.3626,-8.3956,31.5604,75.6044,-18.5934,4.8942,15.8778,-12.0213,34.1566,72.9892,-18.1233,10.0914,15.8778,-12.0213,34.1566,72.9892,-18.1233,10.0914,300,-150,300,-350,0,300,0
592,1786014312.7688,1786014312.7732,0.03339,13.9780,-9.0110,32.5275,74.8132,-18.5934,6.0847,16.7135,-12.2249,35.0140,73.0544,-17.9116,12.4600,16.7135,-12.2249,35.0140,73.0544,-17.9116,12.4600,200,-150,300,-250,0,550,0
593,1786014312.8022,1786014312.8065,0.03343,14.3297,-9.4505,33.4066,74.1099,-18.5934,7.6058,17.5684,-12.5913,35.4510,72.9204,-17.5762,14.9746,17.5684,-12.5913,35.4510,72.9204,-17.5762,14.9746,100,-200,300,-250,0,700,0
594,1786014312.8356,1786014312.84,0.03335,15.2088,-9.7143,34.3736,73.7582,-18.5934,9.3254,18.2427,-12.9582,35.8024,73.2877,-17.7067,17.3951,18.2427,-12.9582,35.8024,73.2877,-17.7067,17.3951,250,-100,300,-150,0,800,0
595,1786014312.8689,1786014312.8733,0.03338,16.1758,-9.9780,35.1648,73.5824,-18.4176,11.3757,18.6466,-13.0179,36.2517,73.3414,-17.7811,19.3909,18.6466,-13.0179,36.2517,73.3414,-17.7811,19.3909,350,-50,250,-50,100,900,0
596,1786014312.9024,1786014312.907,0.03342,17.2308,-10.2418,35.6923,73.4945,-18.2418,13.5582,19.2115,-13.1527,36.8467,73.1805,-17.9960,21.1997,19.2115,-13.1527,36.8467,73.1805,-17.9960,21.1997,350,-100,200,0,50,1000,0
597,1786014312.9357,1786014312.9403,0.03337,17.7582,-10.5055,36.2198,73.4945,-18.1538,15.6746,19.7102,-13.0753,37.5753,73.1576,-17.9777,22.6795,19.7102,-13.0753,37.5753,73.1576,-17.9777,22.6795,200,-100,200,0,0,1000,0
598,1786014312.9691,1786014312.974,0.03338,17.9341,-10.7692,36.8352,73.4066,-18.1538,17.7249,20.2233,-13.1627,37.8205,73.0683,-17.8440,23.9007,20.2233,-13.1627,37.8205,73.0683,-17.8440,23.9007,0,-100,200,-50,0,850,0
599,1786014313.0025,1786014313.0072,0.0334,18.4615,-10.7692,37.3626,73.4066,-18.1538,19.5767,20.9324,-12.8274,38.1748,72.8993,-17.3400,24.7262,20.9324,-12.8274,38.1748,72.8993,-17.3400,24.7262,200,0,150,0,0,850,0
600,1786014313.0359,1786014313.2668,0.03337,19.2527,-10.7692,37.8022,73.4066,-18.1538,21.2302,20.8225,-10.5755,38.0690,72.2728,-16.1396,21.5872,20.8225,-10.5755,38.0690,72.2728,-16.1396,21.5872,250,0,150,0,0,700,1
601,1786014313.268,1786014313.2734,0.23209,20.6593,-10.7692,38.1538,73.1429,-17.8022,24.2063,20.8042,-11.2410,38.1882,72.3964,-16.3119,21.5885,20.8042,-11.2410,38.1882,72.3964,-16.3119,21.5885,100,0,0,0,0,0,1
602,1786014313.3013,1786014313.3063,0.03329,20.9231,-10.7692,38.1538,73.1429,-17.8022,24.2063,21.1511,-11.2498,38.3910,72.5483,-16.6036,21.4681,21.1511,-11.2498,38.3910,72.5483,-16.6036,21.4681,100,0,0,0,0,0,0
603,1786014313.3346,1786014313.3396,0.03337,21.0110,-10.5934,38.1538,72.7912,-17.2747,23.8095,21.0456,-11.6190,38.6401,72.4495,-16.3793,21.3879,21.0456,-11.6190,38.6401,72.4495,-16.3793,21.3879,0,0,0,-150,150,-200,0
604,1786014313.3681,1786014313.373,0.03345,20.9231,-10.5055,38.2418,72.6154,-17.0989,22.6852,21.1592,-11.6710,39.0106,72.3391,-16.4171,21.3709,21.1592,-11.6710,39.0106,72.3391,-16.4171,21.3709,0,50,50,-100,100,-550,0
605,1786014313.4014,1786014313.4063,0.03336,20.8352,-10.5055,38.6813,72.7033,-17.0110,22.2222,21.1271,-11.7293,39.3167,72.2496,-16.2659,21.3316,21.1271,-11.7293,39.3167,72.2496,-16.2659,21.3316,-50,0,200,50,0,-250,0
606,1786014313.4348,1786014313.4396,0.03334,20.8352,-10.5055,38.9451,72.7033,-16.9231,21.8915,21.0932,-11.8592,39.4374,72.1417,-16.2336,21.3294,21.0932,-11.8592,39.4374,72.1417,-16.2336,21.3294,0,0,50,-50,50,-200,0
607,1786014313.4682,1786014313.4732,0.03345,20.8352,-10.5055,39.2967,72.4396,-16.7473,21.7593,20.9931,-11.8938,39.6282,72.0026,-16.5185,21.3031,20.9931,-11.8938,39.6282,72.0026,-16.5185,21.3031,0,0,100,-150,50,-50,0
608,1786014313.5016,1786014313.5064,0.03332,20.9231,-10.5055,39.3846,72.6154,-16.7473,21.5608,20.7434,-12.1333,39.8286,71.8518,-16.5989,21.2741,20.7434,-12.1333,39.8286,71.8518,-16.5989,21.2741,50,0,0,100,50,-100,0
609,1786014313.535,1786014313.54,0.0334,20.9231,-10.5055,39.6484,72.2637,-16.7473,21.5608,20.7827,-11.8535,40.2561,71.8197,-16.3388,21.2950,20.7827,-11.8535,40.2561,71.8197,-16.3388,21.2950,0,0,100,-100,0,0,0
610,1786014313.5684,1786014313.5733,0.0334,20.9231,-10.5934,39.9121,72.0000,-16.7473,21.4947,20.6933,-11.9642,40.5370,71.6868,-16.4861,21.2719,20.6933,-11.9642,40.5370,71.6868,-16.4861,21.2719,0,-50,100,-150,0,0,0
611,1786014313.6017,1786014313.6066,0.03338,20.9231,-10.5934,40.0879,72.1758,-16.7473,21.4286,20.5349,-11.7919,40.5485,71.6226,-16.4530,21.2941,20.5349,-11.7919,40.5485,71.6226,-16.4530,21.2941,0,0,50,50,0,0,0
612,1786014313.6351,1786014313.6399,0.03337,20.9231,-10.5934,40.5275,71.9121,-16.7473,21.4286,20.2440,-12.1359,41.1152,71.6783,-16.4782,21.2172,20.2440,-12.1359,41.1152,71.6783,-16.4782,21.2172,0,0,150,-150,0,0,0
613,1786014313.6685,1786014313.6732,0.03338,20.9231,-10.5934,40.7033,71.9121,-16.7473,21.4286,20.2797,-12.0633,41.4693,71.5796,-16.2722,21.2984,20.2797,-12.0633,41.4693,71.5796,-16.2722,21.2984,0,0,50,-50,0,0,0
614,1786014313.7019,1786014313.7066,0.0334,20.8352,-10.5934,41.1429,71.9121,-16.7473,21.3624,20.0582,-12.1365,41.7543,71.5039,-16.3226,21.3305,20.0582,-12.1365,41.7543,71.5039,-16.3226,21.3305,-50,0,100,0,0,0,0
615,1786014313.7353,1786014313.7397,0.03337,20.5714,-10.5934,41.4945,71.9121,-16.7473,21.3624,19.9677,-12.2992,41.8583,71.5521,-16.4772,21.2944,19.9677,-12.2992,41.8583,71.5521,-16.4772,21.2944,-150,0,100,0,0,0,0
616,1786014313.7687,1786014313.7729,0.03341,20.3956,-10.5934,41.7582,72.0000,-16.7473,21.3624,20.0946,-12.2825,42.7067,71.5471,-16.5750,21.3300,20.0946,-12.2825,42.7067,71.5471,-16.5750,21.3300,-50,0,100,-50,0,0,0
617,1786014313.8021,1786014313.8065,0.03342,20.3956,-10.5934,41.8462,72.0879,-16.7473,21.2963,19.9571,-12.4114,42.5613,71.4355,-16.5539,21.3168,19.9571,-12.4114,42.5613,71.4355,-16.5539,21.3168,0,0,0,0,0,-50,0
618,1786014313.8355,1786014313.8402,0.03342,20.3956,-10.6813,42.2857,71.6484,-16.7473,21.3624,19.9463,-12.4792,42.9415,71.4366,-16.7470,21.3285,19.9463,-12.4792,42.9415,71.4366,-16.7470,21.3285,0,-50,150,-150,0,50,0
619,1786014313.8689,1786014313.8737,0.0334,20.2198,-10.5934,42.4615,71.9121,-16.7473,21.2963,20.0350,-12.7116,43.1567,71.2380,-16.6312,21.2310,20.0350,-12.7116,43.1567,71.2380,-16.6312,21.2310,-50,0,0,0,0,-50,0
620,1786014313.9022,1786014313.907,0.03333,20.2198,-10.5934,42.8132,71.6484,-16.7473,21.2963,20.0286,-12.6175,43.5556,71.1263,-17.0370,21.2153,20.0286,-12.6175,43.5556,71.1263,-17.0370,21.2153,0,0,100,-50,0,0,0
621,1786014313.9356,1786014313.9406,0.03339,20.3077,-10.7692,43.0769,71.3846,-16.7473,21.3624,19.9017,-12.7258,43.7053,70.8068,-16.9601,21.2101,19.9017,-12.7258,43.7053,70.8068,-16.9601,21.2101,50,-50,50,-50,0,50,0
622,1786014313.9691,1786014313.9739,0.03343,20.3077,-10.7692,43.4286,71.2967,-16.7473,21.3624,19.8369,-12.6405,44.3067,70.7373,-16.8169,21.2198,19.8369,-12.6405,44.3067,70.7373,-16.8169,21.2198,0,0,150,0,0,0,0
623,1786014314.0024,1786014314.0072,0.03332,20.3077,-10.7692,43.6923,71.2088,-16.7473,21.2963,19.8900,-12.6338,44.5401,70.5203,-16.7585,21.2473,19.8900,-12.6338,44.5401,70.5203,-16.7585,21.2473,0,0,50,-50,0,0,0
624,1786014314.0358,1786014314.0409,0.03342,20.3077,-10.7692,44.1319,70.8571,-16.7473,21.2963,19.8429,-12.8716,44.8709,70.3867,-16.5817,21.2506,19.8429,-12.8716,44.8709,70.3867,-16.5817,21.2506,0,0,150,-200,0,0,0
625,1786014314.0692,1786014314.0746,0.03341,20.3077,-10.7692,44.5714,70.7692,-16.7473,21.3624,19.8704,-13.1363,45.2992,69.8507,-16.7780,21.1859,19.8704,-13.1363,45.2992,69.8507,-16.7780,21.1859,0,0,150,50,0,50,0
626,1786014314.1026,1786014314.1077,0.03336,20.3077,-10.7692,44.8352,70.8571,-16.7473,21.2302,19.7172,-13.3556,45.4006,69.2062,-16.4638,21.2127,19.7172,-13.3556,45.4006,69.2062,-16.4638,21.2127,0,0,150,50,0,-50,0
627,1786014314.136,1786014314.1408,0.03339,20.3077,-10.9451,45.1868,70.1538,-16.7473,21.2302,19.4052,-13.4375,45.5653,68.5200,-16.4548,21.1369,19.4052,-13.4375,45.5653,68.5200,-16.4548,21.1369,0,-50,150,-250,0,0,0
628,1786014314.1693,1786014314.1743,0.03335,20.2198,-11.1209,45.3626,69.8901,-16.7473,21.2302,19.4216,-13.9014,45.3846,68.0960,-16.6512,21.0567,19.4216,-13.9014,45.3846,68.0960,-16.6512,21.0567,-50,-100,50,-100,0,0,0
629,1786014314.2027,1786014314.2075,0.03338,19.9560,-11.2088,45.4505,69.3626,-16.7473,21.2302,19.3092,-13.7939,45.7413,67.9118,-16.1818,20.9257,19.3092,-13.7939,45.7413,67.9118,-16.1818,20.9257,-50,0,50,-150,0,0,0
630,1786014314.2361,1786014314.2416,0.03343,19.6044,-11.4725,45.5385,68.5714,-16.7473,21.2963,19.3832,-13.5623,45.7771,68.0224,-16.4131,20.5855,19.3832,-13.5623,45.7771,68.0224,-16.4131,20.5855,-150,-100,0,-300,0,0,0
631,1786014314.2695,1786014314.2748,0.03336,19.4286,-11.6484,45.5385,68.4835,-16.7473,21.2302,19.4727,-13.9491,45.1135,67.9878,-16.8728,19.9174,19.4727,-13.9491,45.1135,67.9878,-16.8728,19.9174,0,-50,0,0,0,-50,0
632,1786014314.3029,1786014314.3078,0.03337,19.4286,-11.7363,45.7143,68.3956,-16.7473,20.9656,19.8884,-14.1098,44.9768,68.1271,-16.4665,18.7144,19.8884,-14.1098,44.9768,68.1271,-16.4665,18.7144,0,-50,50,-50,0,-150,0
633,1786014314.3363,1786014314.3412,0.03343,19.5165,-11.7363,45.7143,68.4835,-16.6593,20.5026,20.1114,-14.0777,44.8598,68.3713,-16.6203,16.8646,20.1114,-14.0777,44.8598,68.3713,-16.6203,16.8646,0,0,0,0,50,-200,0
634,1786014314.3696,1786014314.3746,0.03334,19.7802,-11.7363,45.7143,68.4835,-16.6593,19.7090,20.5136,-14.5150,44.4522,68.4153,-16.7651,14.3602,20.5136,-14.5150,44.4522,68.4153,-16.7651,14.3602,100,0,0,0,0,-350,0
635,1786014314.4031,1786014314.4079,0.03343,19.7802,-11.8242,45.7143,68.4835,-16.6593,18.5847,21.0662,-14.5840,44.3105,68.4457,-16.9686,11.5410,21.0662,-14.5840,44.3105,68.4457,-16.9686,11.5410,0,0,0,0,0,-550,0
636,1786014314.4365,1786014314.4414,0.03339,19.7802,-12.0000,45.7143,68.5714,-16.6593,17.0635,21.5439,-14.5503,43.8849,68.7804,-17.0918,8.3315,21.5439,-14.5503,43.8849,68.7804,-17.0918,8.3315,0,-50,0,0,0,-650,0
637,1786014314.4698,1786014314.4747,0.03337,20.0440,-12.2637,45.7143,68.5714,-16.6593,15.1455,21.8769,-14.5345,43.6215,68.9632,-17.1363,5.3872,21.8769,-14.5345,43.6215,68.9632,-17.1363,5.3872,150,-100,0,-50,0,-800,0
638,1786014314.5032,1786014314.5082,0.03338,20.7473,-12.3516,45.6264,68.4835,-16.6593,12.7646,22.0274,-14.0562,43.2786,68.7131,-17.1460,2.7179,22.0274,-14.0562,43.2786,68.7131,-17.1460,2.7179,200,0,0,-50,0,-1100,0
639,1786014314.5366,1786014314.5414,0.0334,21.4505,-12.3516,45.4505,68.5714,-16.6593,10.2513,21.8791,-13.9544,42.8428,68.6421,-17.4969,1.1660,21.8791,-13.9544,42.8428,68.6421,-17.4969,1.1660,250,0,-50,50,0,-1100,0
640,1786014314.5701,1786014314.5754,0.03344,21.5385,-12.3516,45.2747,68.5714,-16.6593,7.5397,22.5524,-14.0046,43.2191,68.5370,-17.8597,1.0925,22.5524,-14.0046,43.2191,68.5370,-17.8597,1.0925,0,0,-50,0,0,-1200,0
641,1786014314.6034,1786014314.6082,0.03335,21.2747,-12.3516,45.0110,68.4835,-16.9231,5.0265,22.8017,-14.0960,43.0564,68.4814,-18.1319,1.2570,22.8017,-14.0960,43.0564,68.4814,-18.1319,1.2570,-150,0,-100,-50,-150,-1100,0
642,1786014314.6368,1786014314.6416,0.03344,21.4505,-12.3516,44.9231,68.4835,-17.2747,3.6376,22.6582,-14.5221,42.6726,68.4291,-18.4799,1.2038,22.6582,-14.5221,42.6726,68.4291,-18.4799,1.2038,-50,0,-50,0,-100,-800,0
643,1786014314.6701,1786014314.675,0.0333,22.0659,-12.3516,44.8352,68.5714,-17.6264,2.9101,22.5588,-14.7946,42.2367,68.3876,-19.0039,1.2921,22.5588,-14.7946,42.2367,68.3876,-19.0039,1.2921,200,0,-50,50,-50,-300,0
644,1786014314.7036,1786014314.7079,0.03344,22.4176,-12.3516,44.8352,68.5714,-17.9780,2.4471,22.6549,-15.1843,41.3287,68.5203,-19.9368,1.4541,22.6549,-15.1843,41.3287,68.5203,-19.9368,1.4541,50,0,0,0,-100,-200,0
645,1786014314.737,1786014314.7417,0.03344,22.3297,-12.3516,44.5714,68.6593,-18.3297,2.1825,22.3262,-15.8479,40.5344,68.5469,-21.1306,1.3739,22.3262,-15.8479,40.5344,68.5469,-21.1306,1.3739,0,0,-50,0,-100,-150,0
646,1786014314.7704,1786014314.7747,0.03335,21.9780,-12.4396,43.9560,68.6593,-18.8571,2.1164,21.8237,-16.3691,38.7841,69.2186,-23.1365,1.7425,21.8237,-16.3691,38.7841,69.2186,-23.1365,1.7425,-100,0,-200,0,-150,-50,0
647,1786014314.8037,1786014314.8081,0.03338,22.0659,-12.9670,43.2527,68.6593,-19.9121,1.9841,21.4306,-16.8273,36.9232,69.9122,-24.8760,1.8426,21.4306,-16.8273,36.9232,69.9122,-24.8760,1.8426,0,-200,-200,0,-350,-50,0
648,1786014314.8371,1786014314.8416,0.03338,22.3297,-13.5824,42.3736,68.8352,-21.2308,1.9841,20.5104,-17.6289,34.4933,70.9604,-26.6538,2.0119,20.5104,-17.6289,34.4933,70.9604,-26.6538,2.0119,150,-250,-300,50,-450,0,0
649,1786014314.8705,1786014314.8753,0.03338,22.1538,-14.0220,40.7912,69.3626,-22.7253,1.9841,19.2788,-18.8707,30.8715,72.1894,-28.5811,2.3976,19.2788,-18.8707,30.8715,72.1894,-28.5811,2.3976,-50,-150,-500,150,-500,0,0
650,1786014314.9039,1786014315.1339,0.0334,21.5385,-14.6374,39.0330,69.9780,-24.1319,1.9841,22.4721,-15.0236,40.5794,70.8525,-22.1987,1.6933,22.4721,-15.0236,40.5794,70.8525,-22.1987,1.6933,-250,-200,-600,250,-500,0,1
651,1786014315.135,1786014315.1404,0.23113,19.8681,-16.7473,33.3187,72.0000,-28.2637,2.1825,22.6409,-15.3291,40.3080,71.2529,-21.7954,1.6322,22.6409,-15.3291,40.3080,71.2529,-21.7954,1.6322,0,0,-50,0,-100,0,1
652,1786014315.1683,1786014315.1733,0.0333,19.6923,-16.7473,33.3187,72.0000,-28.2637,2.1825,22.9451,-15.9639,41.1312,71.6519,-21.5100,1.7962,22.9451,-15.9639,41.1312,71.6519,-21.5100,1.7962,0,0,0,0,-50,0,0
653,1786014315.2017,1786014315.2066,0.03337,19.9560,-16.5714,33.4945,71.6484,-27.5604,2.0503,23.1943,-16.6602,41.3601,72.1436,-20.8493,1.9436,23.1943,-16.6602,41.3601,72.1436,-20.8493,1.9436,150,50,50,-200,300,-50,0
654,1786014315.2351,1786014315.24,0.03342,21.0989,-15.7802,35.4286,71.3846,-25.5385,2.0503,22.9924,-16.9696,41.2398,72.7242,-20.9024,1.9779,22.9924,-16.9696,41.2398,72.7242,-20.9024,1.9779,400,300,750,-150,500,-50,0
655,1786014315.2685,1786014315.2734,0.03337,22.2418,-15.5165,38.3297,71.7363,-23.6923,2.0503,22.9241,-17.5765,41.0347,73.1926,-20.8652,2.0631,22.9241,-17.5765,41.0347,73.1926,-20.8652,2.0631,500,150,1000,150,600,0,0
656,1786014315.3019,1786014315.3068,0.03337,22.4176,-15.3407,40.2637,72.6154,-22.6374,2.0503,22.8449,-17.9115,41.0557,73.5355,-20.9177,2.1022,22.8449,-17.9115,41.0557,73.5355,-20.9177,2.1022,50,100,650,200,400,0,0
657,1786014315.3353,1786014315.3404,0.03339,21.8901,-15.5165,40.3516,72.5275,-22.3736,2.0503,22.8398,-18.7031,40.4457,74.1129,-21.1144,2.1609,22.8398,-18.7031,40.4457,74.1129,-21.1144,2.1609,-50,-100,0,50,200,0,0
658,1786014315.3687,1786014315.3735,0.03339,21.8901,-16.2198,40.4396,72.7033,-21.9341,2.0503,22.3354,-19.2651,39.3970,74.8753,-21.2342,2.0792,22.3354,-19.2651,39.3970,74.8753,-21.2342,2.0792,0,-200,0,50,200,0,0
659,1786014315.4021,1786014315.4069,0.03343,22.3297,-16.4835,40.7033,73.6703,-21.8462,2.0503,22.0402,-19.6807,39.0386,75.6175,-21.6624,2.2052,22.0402,-19.6807,39.0386,75.6175,-21.6624,2.2052,150,-100,50,400,0,0,0
660,1786014315.4354,1786014315.4403,0.03336,22.6813,-16.6593,40.7912,74.1099,-21.7582,2.0503,21.6659,-20.5537,37.6193,76.4478,-21.7615,2.0841,21.6659,-20.5537,37.6193,76.4478,-21.7615,2.0841,50,-100,0,150,0,0,0
661,1786014315.4688,1786014315.4739,0.03337,22.4176,-17.2747,40.7033,74.4615,-21.9341,2.0503,21.2480,-21.7232,36.3478,77.6911,-22.1364,2.1170,21.2480,-21.7232,36.3478,77.6911,-22.1364,2.1170,-50,-150,-50,50,0,0,0
662,1786014315.5022,1786014315.507,0.03341,21.8022,-17.9780,40.3516,75.6044,-21.9341,2.0503,20.6605,-22.5575,35.2516,78.7242,-22.6159,2.1815,20.6605,-22.5575,35.2516,78.7242,-22.6159,2.1815,-250,-250,-100,400,0,0,0
663,1786014315.5356,1786014315.5404,0.03335,21.6264,-18.6813,39.4725,76.3077,-21.8462,2.0503,20.1279,-23.5223,34.0138,79.9953,-23.1089,2.3252,20.1279,-23.5223,34.0138,79.9953,-23.1089,2.3252,-50,-250,-300,300,-50,0,0
664,1786014315.569,1786014315.574,0.03338,21.6264,-19.6484,38.4176,77.1868,-22.2857,2.0503,19.5571,-24.6111,32.6225,81.2698,-23.6202,2.6394,19.5571,-24.6111,32.6225,81.2698,-23.6202,2.6394,0,-300,-350,250,-200,0,0
665,1786014315.6024,1786014315.6072,0.03341,21.0989,-20.5275,37.3626,78.4176,-22.5495,2.0503,19.1204,-25.4066,32.0978,82.3185,-23.9917,3.1005,19.1204,-25.4066,32.0978,82.3185,-23.9917,3.1005,-200,-300,-350,450,-100,0,0
666,1786014315.6358,1786014315.6405,0.0334,20.2198,-21.4945,36.2198,79.5604,-22.8132,2.1825,18.9828,-26.1027,32.1711,83.4285,-24.0991,3.8092,18.9828,-26.1027,32.1711,83.4285,-24.0991,3.8092,-350,-350,-400,400,-100,100,0
667,1786014315.6691,1786014315.6738,0.03335,19.6044,-22.4615,35.1648,80.6154,-23.3407,2.5132,18.9321,-26.6176,32.7741,83.6955,-24.3965,5.2824,18.9321,-26.6176,32.7741,83.6955,-24.3965,5.2824,-250,-350,-350,400,-200,150,0
668,1786014315.7025,1786014315.7072,0.03337,19.4286,-23.4286,34.7253,81.5824,-23.5165,3.0423,19.1001,-27.3889,33.5668,83.7185,-24.3937,7.5988,19.1001,-27.3889,33.5668,83.7185,-24.3937,7.5988,-50,-350,-200,350,-100,200,0
669,1786014315.7359,1786014315.7406,0.03343,19.4286,-24.1319,34.7253,82.6374,-23.8681,3.7037,19.4910,-27.9895,34.2266,83.5347,-24.1407,10.2604,19.4910,-27.9895,34.2266,83.5347,-24.1407,10.2604,50,-250,0,300,-100,300,0
670,1786014315.7693,1786014315.7742,0.03335,19.6923,-24.7473,34.7253,82.8132,-23.9560,5.0926,19.9285,-28.5496,35.4185,82.8805,-24.0979,13.5892,19.9285,-28.5496,35.4185,82.8805,-24.0979,13.5892,50,-250,0,100,-50,650,0
671,1786014315.8027,1786014315.8075,0.03338,19.7802,-25.4505,34.7253,82.9890,-23.9560,6.9444,20.3706,-28.7676,36.8361,81.9953,-24.1672,16.8642,20.3706,-28.7676,36.8361,81.9953,-24.1672,16.8642,0,-200,0,100,0,800,0
672,1786014315.8361,1786014315.841,0.03343,19.7802,-26.1538,35.1648,82.8132,-23.9560,9.1270,20.8931,-28.9415,38.4713,81.1867,-24.1985,19.9559,20.8931,-28.9415,38.4713,81.1867,-24.1985,19.4577,0,-300,200,-100,0,1000,0
673,1786014315.8695,1786014315.8745,0.03338,19.7802,-26.7692,36.3077,82.4615,-23.9560,11.6402,21.1686,-28.9868,39.3198,80.1094,-24.0040,22.6197,21.1686,-28.9868,39.3198,80.1094,-24.0040,22.0370,0,-200,300,-50,0,1100,0
674,1786014315.9028,1786014315.9077,0.03337,19.9560,-26.9451,37.5385,81.8462,-23.9560,14.2857,21.3709,-29.7763,40.7077,79.5036,-23.9217,24.1936,21.3709,-29.7763,40.7077,79.5036,-23.9217,24.1936,0,-100,400,-200,0,1250,0
675,1786014315.9363,1786014315.9412,0.03342,20.3956,-27.1209,38.7692,81.2308,-23.8681,16.9974,21.6163,-29.7612,41.8408,77.9912,-24.6078,24.8616,21.6163,-29.7612,41.8408,77.9912,-24.6078,24.8616,200,-50,450,-250,0,1200,0
676,1786014315.9696,1786014315.9748,0.03338,21.0989,-27.3846,39.7363,80.2637,-23.9560,19.5767,21.9590,-29.9019,42.6693,76.9908,-24.4879,24.6992,21.9590,-29.9019,42.6693,76.9908,-24.4879,24.6992,200,-100,300,-250,0,1200,0
677,1786014316.0031,1786014316.008,0.03346,21.2747,-27.8242,41.0549,79.6484,-24.3077,21.6270,21.9505,-30.3593,43.2344,76.0371,-24.6080,24.4678,21.9505,-30.3593,43.2344,76.0371,-24.6080,24.4678,50,-150,450,-200,-200,950,0
678,1786014316.0364,1786014316.0413,0.03329,21.1868,-28.0000,41.9341,78.5055,-24.1319,22.5529,22.0845,-31.0278,44.1337,74.8696,-24.4209,23.9060,22.0845,-31.0278,44.1337,74.8696,-24.4209,23.9060,-50,-50,350,-400,0,400,0
679,1786014316.0698,1786014316.0749,0.03341,21.1868,-28.3516,42.9011,77.5385,-24.1319,23.0159,22.0757,-31.1814,44.9170,74.1938,-24.8965,23.5557,22.0757,-31.1814,44.9170,74.1938,-24.8965,23.5557,0,-100,300,-500,0,250,0
680,1786014316.1032,1786014316.1082,0.03337,21.6264,-28.8791,43.6923,76.5714,-24.1319,23.1481,22.1758,-31.3005,44.9013,73.6621,-25.0172,23.3017,22.1758,-31.3005,44.9013,73.6621,-25.0172,23.3017,100,-150,300,-350,0,50,0
681,1786014316.1366,1786014316.1414,0.03341,21.9780,-29.2308,44.4835,75.5165,-24.4835,23.1481,22.2762,-31.5550,45.7193,72.8152,-25.1862,23.2092,22.2762,-31.5550,45.7193,72.8152,-25.1862,23.2092,150,-150,300,-350,-150,0,0
682,1786014316.1699,1786014316.1748,0.03336,22.0659,-29.3187,44.8352,74.9011,-24.8352,23.1481,22.0960,-31.7758,46.6204,72.0238,-25.7158,23.1791,22.0960,-31.7758,46.6204,72.0238,-25.7158,23.1791,0,-50,50,-100,-250,0,0
683,1786014316.2033,1786014316.2083,0.03341,21.9780,-29.5824,45.2747,73.7582,-24.7473,23.1481,22.0752,-31.9857,46.9971,71.2329,-25.6031,23.2664,22.0752,-31.9857,46.9971,71.2329,-25.6031,23.2664,0,-100,100,-450,100,0,0
684,1786014316.2367,1786014316.2416,0.03338,21.8022,-30.0220,46.1538,73.4066,-25.0110,23.2143,22.2811,-31.9873,48.0534,70.7003,-25.2986,23.4475,22.2811,-31.9873,48.0534,70.7003,-25.2986,23.4475,-100,-150,300,-100,-100,0,0
685,1786014316.2702,1786014316.2755,0.03343,21.7143,-30.1978,46.8571,72.5275,-25.1868,23.1481,22.2041,-31.9560,48.6989,70.3461,-25.7534,23.5110,22.2041,-31.9560,48.6989,70.3461,-25.7534,23.5110,0,-100,250,-300,-100,-50,0
686,1786014316.3035,1786014316.3085,0.03337,21.7143,-30.2857,47.4725,71.7363,-25.0989,23.1481,22.2351,-32.2977,49.6855,69.7786,-25.8348,23.7006,22.2351,-32.2977,49.6855,69.7786,-25.8348,23.7006,0,0,150,-300,50,0,0
687,1786014316.3369,1786014316.3418,0.03337,21.8022,-30.4615,48.3516,71.3846,-25.3626,23.2804,22.2762,-32.4506,49.4584,69.4265,-25.9648,23.7767,22.2762,-32.4506,49.4584,69.4265,-25.9648,23.7767,50,-100,300,-50,-100,50,0
688,1786014316.3703,1786014316.3752,0.03339,21.8022,-30.5495,49.2308,70.6813,-25.4505,23.3466,22.4290,-32.9544,50.6518,69.1806,-26.4756,23.9675,22.4290,-32.9544,50.6518,69.1806,-26.4756,23.9675,0,0,300,-200,-50,0,0
689,1786014316.4036,1786014316.4087,0.03336,21.8901,-30.6374,49.4945,70.3297,-25.6264,23.4127,22.4640,-32.7875,50.7108,69.0082,-26.7630,24.0655,22.4640,-32.7875,50.7108,69.0082,-26.7630,24.0655,50,-50,150,-150,-100,50,0
690,1786014316.4371,1786014316.4423,0.03345,21.8901,-30.9890,49.8462,69.5385,-26.0659,23.6111,22.4768,-32.7304,51.4658,68.5569,-26.7967,24.2854,22.4768,-32.7304,51.4658,68.5569,-26.7967,24.2854,0,-150,100,-350,-150,50,0
691,1786014316.4704,1786014316.4753,0.03333,21.8901,-31.0769,50.5495,69.7143,-26.5055,23.6772,22.4472,-32.6627,51.7024,68.5484,-27.4180,24.3204,22.4472,-32.6627,51.7024,68.5484,-27.4180,24.3204,0,-50,200,150,-50,-100,0
692,1786014316.5038,1786014316.5089,0.03337,21.8022,-31.0769,51.2527,69.3626,-26.3297,23.8095,22.5352,-32.9867,51.9676,68.2895,-27.5491,24.3909,22.5352,-32.9867,51.9676,68.2895,-27.5491,24.3909,0,0,200,-50,150,50,0
693,1786014316.5372,1786014316.5422,0.03338,21.8022,-31.0769,51.6923,69.0989,-27.0330,24.0079,22.5367,-33.0123,52.6875,68.1853,-27.8020,24.5350,22.5367,-33.0123,52.6875,68.1853,-27.8020,24.5350,0,0,150,-100,-250,50,0
694,1786014316.5706,1786014316.5759,0.03342,21.8022,-31.2527,51.9560,68.7473,-27.1209,24.0741,22.4344,-32.9658,52.6167,68.2119,-28.2408,24.5333,22.4344,-32.9658,52.6167,68.2119,-28.2408,24.5333,0,-100,100,-150,-50,50,0
695,1786014316.604,1786014316.6089,0.03339,21.9780,-31.4286,52.3956,68.6593,-27.3846,24.0741,22.3239,-32.9358,52.7991,68.0379,-28.8704,24.5697,22.3239,-32.9358,52.7991,68.0379,-28.8704,24.5697,50,-100,150,-50,-50,0,0
696,1786014316.6373,1786014316.6421,0.03336,22.1538,-31.4286,52.5714,68.6593,-27.6484,24.2063,22.2362,-32.7157,53.6909,67.6455,-29.2442,24.7393,22.2362,-32.7157,53.6909,67.6455,-29.2442,24.7393,50,0,50,0,-100,100,0
697,1786014316.6707,1786014316.6754,0.03339,22.2418,-31.4286,52.7473,68.4835,-28.1758,24.2063,22.1378,-32.3660,52.9654,68.0097,-29.6026,24.7891,22.1378,-32.3660,52.9654,68.0097,-29.6026,24.7891,50,0,50,-100,-150,0,0
698,1786014316.7041,1786014316.7088,0.0334,22.3297,-31.5165,53.2747,68.1319,-28.7033,24.3386,22.1858,-32.4262,53.8359,67.6201,-30.1168,24.8055,22.1858,-32.4262,53.8359,67.6201,-30.1168,24.8055,0,-50,150,-100,-200,0,0
699,1786014316.7375,1786014316.7422,0.03338,22.3297,-31.4286,53.5385,68.2198,-29.0549,24.4709,22.0159,-32.0876,54.3731,67.5069,-30.5875,24.8863,22.0159,-32.0876,54.3731,67.5069,-30.5875,24.8863,0,50,50,100,-150,100,0
700,1786014316.771,1786014316.9983,0.03344,22.3297,-31.4286,53.7143,67.9560,-29.5824,24.4709,24.9027,-29.9320,57.4256,66.6815,-28.2565,25.0444,24.9027,-29.9320,57.4256,66.6815,-28.2565,25.0444,0,0,100,-100,-150,0,1
701,1786014316.9995,1786014317.0043,0.22851,22.3297,-31.4286,54.5055,67.6923,-30.3736,24.4709,25.1124,-29.7910,58.1651,66.5969,-28.6439,25.1910,25.1124,-29.7910,58.1651,66.5969,-28.6439,25.1910,50,0,0,0,0,0,1
702,1786014317.0328,1786014317.0373,0.03331,22.3297,-31.4286,54.5055,67.6923,-30.3736,24.4709,25.2103,-29.7234,58.7175,66.6891,-28.8329,25.4677,25.2103,-29.7234,58.7175,66.6891,-28.8329,25.4677,0,0,0,0,0,0,0
703,1786014317.0662,1786014317.0707,0.03337,22.5934,-31.0769,55.3846,66.9890,-29.8462,24.7354,25.4266,-29.8411,58.9872,66.6656,-28.8181,25.6186,25.4266,-29.8411,58.9872,66.6656,-28.8181,25.6186,50,50,350,-300,50,100,0
704,1786014317.0995,1786014317.104,0.03339,23.6484,-30.2857,57.0549,66.8132,-29.2308,25.0000,25.2501,-29.6717,59.2410,66.7816,-29.1754,25.5528,25.2501,-29.6717,59.2410,66.7816,-29.1754,25.5528,350,300,550,-100,250,150,0
705,1786014317.1329,1786014317.1373,0.03336,24.7912,-30.0220,58.5495,67.2527,-29.3187,25.1984,25.2755,-29.7369,59.5641,66.7742,-29.3243,25.3456,25.2755,-29.7369,59.5641,66.7742,-29.3243,25.3456,450,100,450,250,0,50,0
706,1786014317.1663,1786014317.1708,0.03341,24.7033,-29.9341,58.7253,67.0769,-29.4945,25.1984,25.0077,-29.7528,59.5987,66.6475,-29.1823,25.1356,25.0077,-29.7528,59.5987,66.6475,-29.1823,25.1356,0,0,0,-100,-100,50,0
707,1786014317.1997,1786014317.2042,0.03339,24.1758,-30.1099,59.0769,66.7253,-29.4066,25.3307,25.1905,-29.7933,59.8373,66.3037,-29.3920,24.9287,25.1905,-29.7933,59.8373,66.3037,-29.3920,24.9287,-50,-100,100,-150,0,100,0
708,1786014317.2331,1786014317.2376,0.03339,24.1758,-29.7582,59.5165,67.0769,-29.2308,25.1984,25.2515,-29.6079,60.1010,66.1565,-29.1941,24.6413,25.2515,-29.6079,60.1010,66.1565,-29.1941,24.6413,0,150,150,200,0,0,0
709,1786014317.2664,1786014317.2709,0.03334,24.8791,-29.6703,59.8681,66.9011,-29.4945,25.1323,25.4464,-29.4851,60.2967,65.9842,-29.3559,24.0628,25.4464,-29.4851,60.2967,65.9842,-29.3559,24.0628,300,50,50,-50,0,0,0
710,1786014317.2999,1786014317.305,0.03348,24.8791,-29.7582,59.8681,66.2857,-29.4945,24.9339,25.4071,-29.4473,60.2728,65.6902,-29.3311,23.0016,25.4071,-29.4473,60.2728,65.6902,-29.3311,23.0016,0,-50,0,-150,0,-100,0
711,1786014317.3333,1786014317.3379,0.03335,24.4396,-29.7582,60.1319,66.0220,-29.3187,24.6032,25.7343,-29.2289,60.5963,65.5356,-28.8378,21.5113,25.7343,-29.2289,60.5963,65.5356,-28.8378,21.5113,-300,0,100,-50,0,-100,0
712,1786014317.3666,1786014317.3714,0.03335,24.7033,-29.6703,60.3956,66.4615,-29.2308,23.8095,25.6528,-29.1324,60.3176,65.2920,-28.5876,19.3178,25.6528,-29.1324,60.3176,65.2920,-28.5876,19.3178,100,50,50,150,0,-350,0
713,1786014317.4,1786014317.4045,0.03338,25.4066,-29.4945,60.3956,65.7582,-29.4066,22.9497,25.5394,-29.2344,59.9672,65.2424,-28.2634,16.1968,25.5394,-29.2344,59.9672,65.2424,-28.2634,16.1968,150,50,0,-50,-100,-450,0
714,1786014317.4334,1786014317.4378,0.03336,25.2308,-29.3187,60.3956,65.5824,-29.2308,21.6270,25.5677,-29.6865,60.0973,65.0347,-28.1678,12.7607,25.5677,-29.6865,60.0973,65.0347,-28.1678,12.7607,0,100,0,-50,50,-600,0
715,1786014317.4667,1786014317.4712,0.03338,24.9670,-29.3187,60.4835,65.8462,-28.6154,19.7090,25.4517,-29.5561,60.2939,64.8987,-28.1400,9.0290,25.4517,-29.5561,60.2939,64.8987,-28.1400,9.4444,-100,0,0,150,250,-900,0
716,1786014317.5002,1786014317.5048,0.03342,25.0549,-29.3187,60.4835,65.4066,-28.6154,17.3942,25.3464,-29.4526,60.3783,64.7271,-28.8606,5.9764,25.3464,-29.4526,60.3783,64.7271,-28.8606,7.0635,0,0,0,-200,50,-1150,0
717,1786014317.5335,1786014317.5382,0.03337,25.3187,-29.3187,60.4835,65.0549,-28.7912,14.7487,25.3530,-29.2173,60.5189,64.6856,-28.9216,4.0866,25.3530,-29.2173,60.5189,64.6856,-28.9216,4.4180,150,0,0,-200,-50,-1150,0
718,1786014317.5669,1786014317.5714,0.03337,25.3187,-29.3187,60.4835,65.2308,-28.7912,11.9709,25.5725,-28.9561,60.5976,64.6547,-29.4205,3.4598,25.5725,-28.9561,60.5976,64.6547,-29.4205,3.4598,0,0,0,50,0,-1250,0
719,1786014317.6003,1786014317.6047,0.03338,25.1429,-29.3187,60.5714,65.3187,-28.7033,9.7222,25.7348,-28.9333,60.6330,64.5436,-29.4426,3.1815,25.7348,-28.9333,60.6330,64.5436,-29.4426,3.1815,-100,0,0,0,100,-1050,0
720,1786014317.6337,1786014317.6381,0.03337,25.0549,-29.1429,60.5714,65.0549,-28.8791,8.3995,25.8244,-28.8272,60.7508,64.3083,-29.3746,3.1498,25.8244,-28.8272,60.7508,64.3083,-29.3746,3.1498,0,50,0,-100,-50,-600,0
721,1786014317.6671,1786014317.6715,0.03347,25.3187,-29.1429,60.5714,64.8791,-29.0549,8.1349,25.6488,-29.1343,60.5347,64.1061,-29.6192,2.8711,25.6488,-29.1343,60.5347,64.1061,-29.6192,2.8711,100,0,0,-50,-50,-100,0
722,1786014317.7004,1786014317.7047,0.03331,25.4066,-29.1429,60.6593,64.7033,-29.1429,8.0026,25.7910,-29.0418,60.4419,63.9713,-29.6753,2.8325,25.7910,-29.0418,60.4419,63.9713,-29.6753,2.8325,50,0,0,-50,-50,-50,0
723,1786014317.7338,1786014317.7382,0.03337,25.3187,-29.1429,60.6593,64.6154,-29.1429,7.8042,25.7528,-29.1258,60.1552,63.9509,-30.1904,2.7735,25.7528,-29.1258,60.1552,63.9509,-30.1904,2.7735,-50,0,0,-50,0,-100,0
724,1786014317.7673,1786014317.7717,0.03346,25.3187,-29.1429,60.6593,64.5275,-29.3187,7.7381,25.6332,-29.0419,59.5294,64.1009,-30.4371,2.6577,25.6332,-29.0419,59.5294,64.1009,-30.4371,2.6577,0,0,0,0,-100,0,0
725,1786014317.8006,1786014317.8049,0.03332,25.4066,-29.1429,60.6593,64.5275,-29.7582,7.6720,25.2589,-29.0370,58.5768,64.9305,-31.0890,2.6141,25.2589,-29.0370,58.5768,64.9305,-31.0890,2.6141,0,0,0,0,-150,0,0
726,1786014317.834,1786014317.8383,0.03338,25.4066,-29.1429,60.6593,64.5275,-30.0220,7.6720,24.6812,-29.3721,57.2382,65.8105,-31.9362,2.5193,24.6812,-29.3721,57.2382,65.8105,-31.9362,2.5193,0,0,0,0,-100,0,0
727,1786014317.8674,1786014317.8718,0.03341,25.4066,-29.1429,60.3956,64.7033,-30.4615,7.5397,23.8989,-29.6050,54.8373,67.6828,-32.8119,2.4328,23.8989,-29.6050,54.8373,67.6828,-32.8119,2.4328,0,0,-100,50,-150,-100,0
728,1786014317.9008,1786014317.9052,0.03338,25.4066,-28.9670,59.7802,65.2308,-31.1648,7.4735,22.8982,-29.5580,52.1073,69.8797,-33.8820,2.3851,22.8982,-29.5580,52.1073,69.8797,-33.8820,2.3851,0,0,-250,200,-250,-50,0
729,1786014317.9341,1786014317.9386,0.03337,24.7912,-28.9670,58.6374,66.1978,-32.0440,7.4735,21.8674,-29.4544,49.4865,72.5197,-34.7915,2.3969,21.8674,-29.4544,49.4865,72.5197,-34.7915,2.3969,-250,50,-350,300,-350,0,0
730,1786014317.9675,1786014317.9721,0.03342,23.9121,-28.9670,56.8791,67.6044,-32.5714,7.4735,20.6385,-29.5957,45.6915,75.0673,-35.5259,2.2697,20.6385,-29.5957,46.6154,75.0673,-35.5259,2.2697,-250,0,-600,500,-150,0,0
731,1786014318.0009,1786014318.0055,0.03337,23.0330,-28.9670,54.6813,69.3626,-33.4505,7.4735,19.2004,-29.7194,42.8081,76.9049,-36.7980,2.3552,19.2004,-29.7194,44.4176,76.9049,-36.7980,2.3552,-300,0,-750,600,-300,0,0
732,1786014318.0343,1786014318.039,0.03338,22.2418,-28.9670,52.3956,71.5604,-34.5055,7.4074,17.7006,-29.8827,39.8818,78.8130,-37.9531,2.1987,17.7006,-29.8827,42.0440,78.8130,-37.9531,2.1987,-250,0,-750,650,-350,-50,0
733,1786014318.0677,1786014318.0723,0.0334,21.0110,-28.9670,50.0220,73.6703,-35.3846,7.4074,16.3297,-29.7725,37.3366,79.6343,-38.8576,2.2144,16.3297,-29.7725,39.6703,79.6343,-38.8576,2.2144,-400,0,-800,700,-300,0,0
734,1786014318.1011,1786014318.1061,0.03343,19.6044,-28.9670,47.7363,75.6044,-36.4396,7.4074,14.4982,-30.0095,34.6604,80.3888,-39.9932,2.2047,14.4982,-30.0095,37.3846,80.3888,-39.9932,2.2047,-450,0,-800,600,-350,0,0
735,1786014318.1345,1786014318.1392,0.03334,18.1978,-28.9670,45.4505,77.0989,-37.3187,7.4074,12.9320,-30.0603,31.9392,80.9847,-41.0350,2.1636,12.9320,-30.0603,35.0989,80.9847,-41.0350,2.1636,-450,0,-750,450,-300,0,0
736,1786014318.1678,1786014318.1725,0.03338,16.9670,-28.9670,43.0769,78.2418,-38.4615,7.4074,11.0822,-30.2296,29.4554,81.0616,-42.6533,2.2181,11.0822,-30.2296,32.7253,81.0616,-42.6533,2.2181,-450,0,-800,400,-350,0,0
737,1786014318.2013,1786014318.206,0.03342,15.4725,-28.9670,40.7912,79.2088,-39.5165,7.3413,9.1645,-30.2794,27.3629,81.2420,-43.8630,2.1755,9.1645,-30.2794,30.4396,81.2420,-43.8630,2.1755,-500,0,-800,350,-350,0,0
738,1786014318.2346,1786014318.2393,0.03337,13.8022,-28.9670,38.4176,79.9121,-40.7473,7.2751,7.5582,-30.2664,25.1996,81.4751,-44.9870,2.1979,7.5582,-30.2664,28.1538,81.4751,-44.9870,2.1979,-550,0,-750,200,-450,-50,0
739,1786014318.268,1786014318.2728,0.03342,11.9560,-28.9670,36.3077,80.4396,-41.9780,7.2090,5.7894,-30.6218,22.9294,81.4034,-46.4292,2.1599,5.7894,-30.6218,25.8681,81.4034,-46.4292,2.1599,-650,0,-750,150,-500,0,0
740,1786014318.3014,1786014318.3061,0.03337,10.1978,-28.9670,33.9341,80.7912,-43.2088,7.2090,4.0258,-30.5156,21.0054,81.0463,-47.3789,2.0518,4.0258,-30.5156,23.6703,81.0463,-47.3789,2.0518,-600,0,-800,100,-350,-50,0
741,1786014318.3348,1786014318.3395,0.03337,8.4396,-28.9670,31.6484,80.7912,-44.5275,7.2090,2.1087,-30.7461,19.3645,80.8854,-48.4483,2.0997,2.1087,-30.7461,21.3846,80.8854,-48.4483,2.0997,-550,0,-750,0,-500,0,0
742,1786014318.3682,1786014318.3733,0.0334,6.7692,-28.9670,29.3626,80.7912,-45.6703,7.2090,0.5045,-30.5087,17.1457,80.0305,-48.9522,2.0962,0.5045,-30.5087,19.0110,80.0305,-48.9522,2.0962,-600,0,-750,0,-400,0,0
743,1786014318.4015,1786014318.4064,0.03335,4.9231,-28.9670,27.1648,80.7912,-46.7253,7.2090,-1.1515,-30.0437,15.4663,79.0745,-48.9436,2.1040,-1.1515,-30.0437,16.9011,79.0745,-48.9436,2.1040,-600,0,-750,0,-400,0,0
744,1786014318.4349,1786014318.4395,0.03338,3.1648,-28.9670,24.8791,80.7033,-47.6044,7.2090,-2.6207,-29.8047,14.2300,77.9566,-49.0664,2.0776,-2.6207,-29.8047,14.6154,77.9566,-49.0664,2.0776,-600,0,-750,-50,-300,0,0
745,1786014318.4683,1786014318.4728,0.0334,1.4066,-28.9670,22.5934,80.0879,-48.0440,7.2090,-3.9279,-29.5860,12.8932,76.6880,-48.6947,2.1248,-3.9279,-29.5860,12.8932,76.6880,-48.6947,2.1248,-550,0,-750,-200,-150,0,0
746,1786014318.5017,1786014318.5062,0.03338,-0.0879,-28.9670,20.4835,79.2967,-48.3077,7.2090,-5.1782,-28.9185,11.4250,75.2661,-48.2017,1.9951,-5.1782,-28.9185,11.4250,75.2661,-48.2017,1.9951,-550,0,-750,-250,-50,0,0
747,1786014318.5351,1786014318.5396,0.03343,-1.5824,-28.9670,18.2857,78.3297,-48.3077,7.2090,-6.0309,-28.3963,9.9626,73.8226,-47.5369,2.1142,-6.0309,-28.3963,9.9626,73.8226,-47.5369,2.1142,-500,0,-750,-350,0,0,0
748,1786014318.5685,1786014318.573,0.03337,-2.9890,-28.7912,16.3516,77.1868,-48.3077,7.2090,-6.8389,-27.1160,8.4982,72.5182,-46.2350,2.0561,-6.8389,-27.1160,8.4982,72.5182,-46.2350,2.0561,-500,100,-700,-350,0,0,0
749,1786014318.6019,1786014318.6062,0.03338,-4.2198,-28.4396,14.5934,75.9560,-48.2198,7.1429,-7.5462,-26.0890,6.8499,71.1068,-44.9397,2.0141,-7.5462,-26.0890,6.8499,71.1068,-44.9397,2.0141,-400,100,-600,-450,50,-50,0
750,1786014318.6353,1786014318.8638,0.03339,-5.3626,-27.8242,13.0989,74.6374,-47.5165,7.1429,-2.4364,-28.1056,10.8042,72.2230,-31.2584,3.0502,-2.4364,-28.1056,10.8042,72.2230,-35.1429,3.0502,-400,250,-500,-400,200,0,1
751,1786014318.865,1786014318.87,0.22974,-7.2088,-26.2418,9.4066,71.9121,-45.1429,7.1429,-2.2657,-26.6962,9.6920,70.9536,-27.7496,3.1827,-2.2657,-26.6962,9.6920,70.9536,-35.1429,3.1827,-100,50,0,0,100,0,1
752,1786014318.8983,1786014318.903,0.03326,-7.2967,-26.1538,9.4066,71.9121,-45.1429,7.1429,-1.8840,-26.6774,9.4181,69.6905,-25.0705,3.1429,-1.8840,-26.6774,9.4181,69.6905,-35.1429,3.1429,-50,50,0,0,50,0,0
753,1786014318.9316,1786014318.9364,0.03335,-6.8571,-26.1538,9.6703,71.8242,-44.4396,7.1429,-2.2232,-25.6658,8.3232,68.7280,-22.7700,3.1002,-2.2232,-25.6658,8.3232,68.7280,-34.1758,3.1002,100,0,0,0,150,0,0
754,1786014318.9651,1786014318.9698,0.03343,-5.0989,-26.1538,10.1978,71.2967,-41.7143,7.1429,-2.4244,-24.4919,8.3246,67.6234,-20.6276,3.1532,-2.4244,-24.4919,8.3246,67.6234,-31.3626,3.1532,650,0,200,-150,900,0,0
755,1786014318.9984,1786014319.0031,0.03337,-3.6044,-25.8022,10.1978,70.2418,-39.1648,7.1429,-2.1778,-23.3436,7.8162,66.9987,-18.7899,3.1154,-2.1778,-23.3436,7.8162,66.9987,-28.8132,3.1154,450,50,0,-350,1050,0,0
756,1786014319.0318,1786014319.0364,0.03338,-3.1648,-25.0110,10.1099,69.4505,-36.3516,7.1429,-2.1499,-22.7239,7.2717,65.7142,-16.6980,3.1277,-2.1499,-22.7239,7.2717,65.7142,-26.0000,3.1277,150,250,-50,-300,950,0,0
757,1786014319.0652,1786014319.0699,0.03339,-2.9011,-23.9560,10.0220,68.5714,-33.5385,7.1429,-2.6235,-21.8180,7.3748,64.7515,-14.6586,3.0940,-2.6235,-21.8180,7.3748,64.7515,-23.1868,3.0940,100,350,0,-300,950,0,0
758,1786014319.0986,1786014319.1032,0.03337,-3.1648,-23.1648,9.9341,67.6923,-30.5495,7.1429,-2.6928,-20.8711,6.8092,63.8828,-12.9914,3.0518,-2.6928,-20.8711,6.8092,63.8828,-20.2857,3.0518,-100,300,0,-250,1100,0,0
759,1786014319.132,1786014319.1366,0.0334,-3.1648,-22.2857,9.8462,66.6374,-28.0000,7.1429,-2.7041,-20.4256,6.8463,62.6956,-10.7892,3.1092,-2.7041,-20.4256,6.8463,62.6956,-17.6484,3.1092,0,300,-50,-350,850,0,0
760,1786014319.1653,1786014319.17,0.03337,-2.9011,-21.4066,9.4945,65.7582,-25.3626,7.1429,-2.7949,-19.6831,6.4570,61.5345,-9.2794,3.0618,-2.7949,-19.6831,6.4570,61.5345,-15.0110,3.0618,100,250,-100,-300,900,0,0
761,1786014319.1987,1786014319.2034,0.03337,-2.5495,-20.6154,9.4066,64.7033,-22.7253,7.1429,-2.9298,-19.3795,6.8522,60.4759,-7.1672,3.0761,-2.9298,-19.3795,6.8522,60.4759,-12.3736,3.0761,200,250,-50,-350,900,0,0
762,1786014319.2321,1786014319.2368,0.03343,-2.5495,-19.9121,9.4066,63.5604,-19.9121,7.1429,-2.9821,-18.9428,7.5071,59.5295,-5.3796,3.1228,-2.9821,-18.9428,7.5071,59.5295,-9.4725,3.1228,0,200,0,-350,950,0,0
763,1786014319.2655,1786014319.2703,0.03338,-2.7253,-19.3846,9.4066,62.4176,-17.1868,7.1429,-3.1870,-18.6646,7.7176,58.4173,-4.1794,3.1524,-3.1870,-18.6646,7.7176,58.4173,-6.8352,3.1524,-50,200,0,-350,900,0,0
764,1786014319.2989,1786014319.3041,0.03339,-3.0769,-18.9451,9.4066,61.5385,-14.3736,7.1429,-3.4181,-18.1587,8.2163,57.3610,-2.3208,3.0785,-3.4181,-18.1587,8.2163,57.3610,-3.9341,3.0785,-100,150,0,-350,950,0,0
765,1786014319.3323,1786014319.3371,0.0334,-3.0769,-18.5934,9.4066,60.3956,-11.2967,7.1429,-3.3994,-18.5653,8.3795,56.2890,-0.9931,3.1831,-3.3994,-18.5653,8.3795,56.2890,-1.0330,3.1831,0,150,0,-350,1050,0,0
766,1786014319.3657,1786014319.3707,0.03341,-2.9890,-18.3297,9.4066,59.5165,-8.9231,7.1429,-3.6058,-18.0594,9.2671,55.6854,0.2496,3.1339,-3.6058,-18.0594,9.2671,55.6854,0.2496,3.1339,0,150,0,-300,800,0,0
767,1786014319.3992,1786014319.4041,0.03345,-2.7253,-18.2418,9.4066,58.3736,-5.9341,7.1429,-3.5028,-18.3040,9.0540,54.4712,1.6885,3.0855,-3.5028,-18.3040,9.0540,54.4712,1.6885,3.0855,100,0,0,-450,1000,0,0
768,1786014319.4325,1786014319.4374,0.03331,-2.8132,-18.0659,9.5824,57.4945,-3.7363,7.1429,-3.7279,-17.8608,9.7219,53.7912,2.0630,3.2546,-3.7279,-17.8608,9.7219,53.7912,2.0630,3.2546,0,50,100,-300,850,0,0
769,1786014319.4658,1786014319.4708,0.03337,-2.9890,-17.9780,9.6703,56.5275,-1.4505,7.1429,-3.9972,-16.6178,10.3477,52.8588,2.6174,3.2663,-3.9972,-16.6178,10.3477,52.8588,2.6174,3.2663,-50,0,0,-300,750,0,0
770,1786014319.4992,1786014319.5041,0.03339,-3.4286,-17.7143,10.0220,55.4725,-0.3956,7.1429,-4.1574,-17.3866,10.6209,51.6328,2.8080,3.1612,-4.1574,-17.3866,10.6209,51.6328,2.8080,3.1612,-150,50,150,-400,300,0,0
771,1786014319.5326,1786014319.5374,0.03339,-3.6044,-17.1868,10.4615,54.6813,0.8352,7.1429,-4.3836,-16.4266,11.3368,50.3761,2.5750,3.0623,-4.3836,-16.4266,11.3368,50.3761,2.5750,3.0623,-50,150,100,-250,350,0,0
772,1786014319.566,1786014319.5709,0.03341,-3.6044,-16.8352,10.8132,53.6264,1.3626,7.1429,-4.6962,-16.8344,12.0842,49.4477,2.3842,3.1889,-4.6962,-16.8344,12.0842,49.4477,2.3842,3.1889,0,150,100,-350,150,0,0
773,1786014319.5995,1786014319.6043,0.03343,-3.8681,-16.7473,11.5165,52.4835,1.6264,7.1429,-5.2042,-16.5920,12.7869,48.6459,2.3682,3.1791,-5.2042,-16.5920,12.7869,48.6459,2.3682,3.1791,-50,50,250,-400,100,0,0
774,1786014319.6328,1786014319.6375,0.03331,-3.9560,-16.4835,12.0440,51.4286,1.6264,7.1429,-5.5555,-16.5676,13.1673,47.5176,1.9997,3.1531,-5.5555,-16.5676,13.1673,47.5176,1.9997,3.1531,-50,50,150,-400,0,0,0
775,1786014319.6662,1786014319.6709,0.03342,-4.3956,-16.4835,12.7473,50.5495,1.8901,7.1429,-5.7090,-16.5042,13.9444,46.9247,1.8841,3.2765,-5.7090,-16.5042,13.9444,46.9247,1.8841,3.2765,-150,0,250,-300,100,0,0
776,1786014319.6996,1786014319.7044,0.03341,-4.8352,-16.3077,13.2747,49.5824,1.8901,7.1429,-5.9274,-16.2492,14.1610,46.1565,1.7092,3.2296,-5.9274,-16.2492,14.1610,46.1565,1.7092,3.2296,-150,100,150,-300,0,0,0
777,1786014319.733,1786014319.7377,0.03336,-5.0989,-16.3077,13.8901,48.6154,1.8901,7.1429,-6.3328,-15.6258,14.4311,45.2652,1.5172,3.2372,-6.3328,-15.6258,14.4311,45.2652,1.5172,3.2372,-100,0,250,-350,0,0,0
778,1786014319.7664,1786014319.7715,0.03345,-5.3626,-16.3077,14.2418,47.9121,1.8901,7.1429,-6.4482,-15.6789,14.8915,44.5002,1.0901,3.2060,-6.4482,-15.6789,14.8915,44.5002,1.0901,3.2060,-100,0,150,-250,0,0,0
779,1786014319.7998,1786014319.8043,0.03339,-5.7143,-15.7802,14.3297,46.9451,1.8022,7.1429,-6.6728,-15.3690,14.6936,43.8353,1.0380,3.2492,-6.6728,-15.3690,14.6936,43.8353,1.0380,3.2492,-100,200,0,-300,0,0,0
780,1786014319.8332,1786014319.8379,0.03338,-5.9780,-15.6044,14.9451,46.1538,1.7143,7.1429,-6.8492,-14.7242,15.0301,43.2909,1.1294,3.2596,-6.8492,-14.7242,15.0301,43.2909,1.1294,3.2596,-150,50,150,-300,-100,0,0
781,1786014319.8666,1786014319.8712,0.0334,-6.1538,-15.2527,15.0330,45.4505,1.5385,7.1429,-6.7860,-14.8964,14.7333,42.6230,0.9144,3.2920,-6.7860,-14.8964,14.7333,42.6230,0.9144,3.2920,-50,100,100,-250,-50,0,0
782,1786014319.9,1786014319.905,0.03341,-6.2418,-14.9011,15.0330,44.8352,1.4505,7.1429,-7.0305,-14.1054,14.1612,42.1887,0.4208,3.2472,-7.0305,-14.1054,14.1612,42.1887,0.4208,3.2472,-50,150,0,-200,-50,0,0
783,1786014319.9333,1786014319.9381,0.03333,-6.2418,-14.8132,15.0330,44.1319,1.3626,7.1429,-7.1657,-14.1822,14.5952,41.7581,0.4803,3.3605,-7.1657,-14.1822,14.5952,41.7581,0.4803,3.3605,0,50,0,-250,0,0,0
784,1786014319.9667,1786014319.9716,0.03341,-6.4176,-14.3736,15.0330,43.6044,1.0110,7.0767,-6.8913,-13.1633,14.0127,41.1618,0.3694,3.2509,-6.8913,-13.1633,14.0127,41.1618,0.3694,3.2509,-50,100,0,-200,-150,0,0
785,1786014320.0002,1786014320.0052,0.03344,-6.5934,-14.1978,15.0330,43.0769,0.8352,7.0767,-7.1321,-12.3484,14.1701,40.5099,0.7506,3.2386,-7.1321,-12.3484,14.1701,40.5099,0.7506,3.2386,-50,100,0,-150,0,0,0
786,1786014320.0335,1786014320.0383,0.03333,-6.5934,-13.4945,15.0330,42.4615,0.7473,7.0767,-7.4381,-12.7453,13.7492,40.1975,0.1908,3.2581,-7.4381,-12.7453,13.7492,40.1975,0.1908,3.2581,0,200,0,-200,-50,0,0
787,1786014320.0669,1786014320.0717,0.03339,-6.6813,-12.7912,15.0330,41.8462,0.8352,7.0767,-7.2862,-12.4928,14.0739,39.9969,0.8053,3.3447,-7.2862,-12.4928,14.0739,39.9969,0.8053,3.3447,-50,200,0,-200,50,0,0
788,1786014320.1003,1786014320.1052,0.03346,-6.7692,-12.4396,15.1209,41.4066,0.5714,7.0767,-7.4149,-12.3545,13.6349,39.6514,0.3562,3.3577,-7.4149,-12.3545,13.6349,39.6514,0.3562,3.3577,-50,100,0,-150,-100,0,0
789,1786014320.1336,1786014320.1384,0.03331,-6.8571,-12.2637,15.1209,41.1429,0.6593,7.0767,-7.6636,-12.1335,13.6596,39.7191,0.5336,3.3430,-7.6636,-12.1335,13.6596,39.7191,0.5336,3.3430,-50,100,0,-50,50,0,0
790,1786014320.167,1786014320.1718,0.03337,-6.9451,-12.1758,15.1209,40.7912,0.5714,7.0767,-7.6984,-11.6001,13.9145,39.4926,0.7054,3.2903,-7.6984,-11.6001,13.9145,39.4926,0.7054,3.2903,-50,0,0,-150,-50,0,0
791,1786014320.2004,1786014320.2052,0.03342,-7.1209,-12.1758,15.0330,40.6154,0.5714,7.0767,-7.7747,-11.4223,13.4553,39.3019,0.8007,3.3207,-7.7747,-11.4223,13.4553,39.3019,0.8007,3.3207,-50,0,-50,-50,0,0,0
792,1786014320.2338,1786014320.2386,0.03338,-7.2088,-11.6484,15.0330,40.3516,0.5714,7.0767,-7.8230,-11.1085,13.0872,39.3211,0.6358,3.3675,-7.8230,-11.1085,13.0872,39.3211,0.6358,3.3675,-50,150,0,-50,0,0,0
793,1786014320.2672,1786014320.272,0.03338,-7.2088,-11.3846,15.0330,40.2637,0.5714,7.0767,-7.9817,-10.4023,13.2854,38.8796,1.2473,3.3243,-7.9817,-10.4023,13.2854,38.8796,1.2473,3.3243,0,100,0,-50,0,0,0
794,1786014320.3006,1786014320.3054,0.03337,-7.2088,-11.0330,15.1209,40.2637,0.5714,7.0767,-8.0097,-10.3563,13.3637,38.3750,1.1966,3.3427,-8.0097,-10.3563,13.3637,38.3750,1.1966,3.3427,0,150,50,0,0,0,0
795,1786014320.3339,1786014320.3387,0.03337,-7.2088,-10.5934,15.0330,39.9121,0.6593,7.0767,-8.3767,-10.1994,13.3725,37.9605,1.4932,3.3391,-8.3767,-10.1994,13.3725,37.9605,1.4932,3.3391,0,150,-50,-100,50,0,0
796,1786014320.3674,1786014320.3723,0.03341,-7.2088,-10.3297,15.0330,39.3846,0.8352,7.0767,-8.2402,-9.3306,13.2225,37.3910,1.9526,3.3307,-8.2402,-9.3306,13.2225,37.3910,1.9526,3.3307,0,100,0,-150,100,0,0
797,1786014320.4008,1786014320.4056,0.0334,-7.5604,-10.0659,15.0330,39.0330,1.0110,7.0767,-8.2741,-9.7155,13.7415,36.7195,2.3158,3.3847,-8.2741,-9.7155,13.7415,36.7195,2.3158,3.3847,-150,100,0,-150,50,0,0
798,1786014320.4341,1786014320.439,0.03339,-7.6484,-9.5385,15.0330,38.5055,1.3626,7.0767,-8.3965,-9.2812,13.5624,36.2573,2.8398,3.3574,-8.3965,-9.2812,13.5624,36.2573,2.8398,3.3574,-50,150,0,-150,100,0,0
799,1786014320.4675,1786014320.4724,0.03338,-7.7363,-9.3626,15.0330,37.9780,1.7143,7.0767,-8.3767,-8.9650,13.3933,35.5590,4.1834,3.2825,-8.3767,-8.9650,13.3933,35.5590,4.1834,3.2825,0,0,0,-200,100,0,0
800,1786014320.5009,1786014320.7286,0.03337,-7.7363,-9.0989,15.0330,37.4505,2.0659,7.0767,-6.2053,-10.8392,15.5541,38.5170,-3.4188,3.0584,-6.2053,-10.8392,15.5541,38.5170,-3.4188,3.0584,-50,100,0,-200,150,0,1
801,1786014320.7299,1786014320.7318,0.22899,-7.8242,-8.7473,15.0330,36.6593,3.7363,7.0767,-7.7960,-9.3837,15.5722,36.9647,3.1109,7.0428,-7.7960,-9.3837,15.5722,36.9647,3.1109,7.0428,0,0,0,0,0,0,1
