step,t_obs,t_cmd,dt,pos_shoulder_pan,pos_shoulder_lift,pos_elbow_flex,pos_wrist_flex,pos_wrist_roll,pos_gripper,cmd_shoulder_pan,cmd_shoulder_lift,cmd_elbow_flex,cmd_wrist_flex,cmd_wrist_roll,cmd_gripper,sent_shoulder_pan,sent_shoulder_lift,sent_elbow_flex,sent_wrist_flex,sent_wrist_roll,sent_gripper,velraw_shoulder_pan,velraw_shoulder_lift,velraw_elbow_flex,velraw_wrist_flex,velraw_wrist_roll,velraw_gripper,chunk_start
0,1786005787.1343,1786005787.4225,1.95776,-3.6044,-104.3077,96.7033,81.9341,-92.4396,1.7857,-1.8530,-104.7080,99.8694,81.1300,-91.1956,1.5664,-1.8530,-104.7080,99.8694,81.1300,-91.1956,1.5664,0,0,0,0,0,0,1
1,1786005787.4236,1786005787.4296,0.28935,-3.6044,-104.3077,96.7033,81.9341,-92.4396,1.7857,-2.4575,-102.2422,98.5815,80.0505,-88.9785,1.5570,-2.4575,-102.2422,98.5815,80.0505,-88.9785,1.5570,0,0,0,0,0,0,1
2,1786005787.457,1786005787.4613,0.03336,-3.6044,-104.3077,96.7033,81.9341,-92.4396,1.7857,-3.6076,-102.2865,97.3764,78.3905,-90.0835,1.7149,-3.6076,-102.2865,97.3764,78.3905,-90.0835,1.7149,0,0,0,0,0,0,0
3,1786005787.4904,1786005787.4948,0.03345,-3.4286,-104.2198,96.7912,81.6703,-91.9121,1.7857,-4.2342,-103.2456,97.2618,79.4416,-87.5107,1.7163,-4.2342,-103.2456,97.2618,79.4416,-87.5107,1.7163,50,50,0,-50,0,0,0
4,1786005787.5239,1786005787.5282,0.03346,-3.1648,-103.6044,96.8791,80.4396,-90.6813,1.7857,-3.2577,-102.2055,95.0857,80.1942,-90.0910,1.6132,-3.2577,-102.2055,95.0857,80.1942,-90.0910,1.6132,50,150,0,-400,450,0,0
5,1786005787.5572,1786005787.5619,0.0333,-3.6923,-103.3407,96.7033,79.9121,-89.5385,1.7857,-2.3991,-102.1397,93.7561,79.0334,-89.4665,1.4928,-2.3991,-102.1397,93.7561,79.0334,-89.4665,1.4928,-150,150,-50,-250,350,0,0
6,1786005787.5906,1786005787.595,0.03344,-3.8681,-103.4286,96.4396,80.2637,-88.9231,1.7857,-2.4196,-103.6697,95.1385,79.6907,-89.8949,1.5269,-2.4196,-103.6697,95.1385,79.6907,-89.8949,1.5269,-50,-50,-150,150,350,0,0
7,1786005787.624,1786005787.629,0.03332,-2.9890,-103.0769,95.5604,80.0879,-89.5385,1.7857,-2.1083,-103.1328,96.9777,78.2919,-88.7243,1.6434,-2.1083,-103.1328,96.9777,78.2919,-88.7243,1.6434,350,150,-300,-150,-250,0,0
8,1786005787.6574,1786005787.662,0.03342,-2.6374,-102.8132,95.2967,79.9121,-89.8022,1.7857,-1.3482,-99.7525,92.8316,78.0539,-87.0751,1.4424,-1.3482,-99.7525,92.8316,78.0539,-87.0751,1.4424,200,150,-50,-50,-50,0,0
9,1786005787.6908,1786005787.6954,0.03339,-2.9890,-103.0769,95.7363,79.6484,-89.4505,1.7857,-0.9617,-103.2575,94.8744,78.5742,-90.1346,1.6815,-0.9617,-103.2575,94.8744,78.5742,-90.1346,1.6815,-150,-100,200,-150,0,0,0
10,1786005787.7242,1786005787.7288,0.03339,-2.4615,-102.6374,96.0879,79.0330,-88.3956,1.7857,-1.2287,-101.5988,94.4431,78.1945,-87.6824,1.5656,-1.2287,-101.5988,94.4431,78.1945,-87.6824,1.5656,200,200,150,-150,500,0,0
11,1786005787.7576,1786005787.7622,0.03343,-1.4945,-101.0549,95.7363,78.9451,-88.3077,1.7857,-1.1757,-101.1649,92.2638,77.0955,-87.5698,1.2863,-1.1757,-101.1649,92.2638,77.0955,-87.5698,1.2863,350,450,-100,-50,0,0,0
12,1786005787.7909,1786005787.7957,0.03334,-1.4945,-100.9670,95.3846,78.9451,-88.3077,1.7857,-1.4597,-102.3978,95.5434,79.6609,-91.5860,1.5222,-1.4597,-102.3978,95.5434,79.6609,-91.5860,1.5222,50,50,-100,0,0,0,0
13,1786005787.8244,1786005787.8289,0.03342,-1.8462,-101.7582,94.9451,78.4176,-87.8681,1.7857,-3.1609,-101.4427,95.8957,78.2150,-90.4986,1.7308,-3.1609,-101.4427,95.8957,78.2150,-90.4986,1.7308,-100,-150,-150,-300,150,0,0
14,1786005787.8577,1786005787.862,0.03338,-1.7582,-101.7582,94.5055,78.2418,-88.3956,1.7857,-0.8020,-100.6994,93.7001,79.1357,-90.1596,1.3287,-0.8020,-100.6994,93.7001,79.1357,-90.1596,1.3287,0,0,-150,-100,-200,0,0
15,1786005787.8912,1786005787.8953,0.03342,-1.8462,-101.9341,94.7692,78.3297,-89.6264,1.7857,-2.8764,-101.5822,94.6773,79.0647,-92.2483,1.7006,-2.8764,-101.5822,94.6773,79.0647,-92.2483,1.7006,0,-50,150,0,-350,0,0
16,1786005787.9246,1786005787.9293,0.03341,-2.7253,-100.9670,95.3846,78.5934,-89.5385,1.7857,-3.0621,-100.9588,94.8963,76.8611,-94.0272,1.6830,-3.0621,-100.9588,94.8963,76.8611,-94.0272,1.6830,-300,500,250,150,0,0,0
17,1786005787.958,1786005787.9626,0.03341,-2.8132,-101.2308,95.3846,78.7692,-90.1538,1.7857,-2.1746,-101.5144,93.3564,78.2269,-93.4574,1.5940,-2.1746,-101.5144,93.3564,78.2269,-93.4574,1.5940,-100,50,0,100,-300,0,0
18,1786005787.9913,1786005787.9961,0.03334,-2.3736,-101.5824,95.2967,78.5055,-92.0000,1.7857,-2.6851,-100.8574,95.6559,77.3727,-93.0511,1.8195,-2.6851,-100.8574,95.6559,77.3727,-93.0511,1.8195,200,-150,0,-100,-650,0,0
19,1786005788.0248,1786005788.0294,0.03344,-2.7253,-101.2308,95.0330,77.8901,-92.6154,1.7857,-2.9346,-99.3284,94.1113,78.5095,-94.9024,1.6985,-2.9346,-99.3284,94.1113,78.5095,-94.9024,1.6985,-150,150,-50,-200,-300,0,0
20,1786005788.0582,1786005788.0628,0.03338,-2.9011,-101.4945,95.0330,77.9780,-92.3516,1.7857,-3.5386,-102.0360,96.5828,77.9755,-92.2027,1.8101,-3.5386,-102.0360,96.5828,77.9755,-92.2027,1.8101,-100,-150,0,0,100,0,0
21,1786005788.0915,1786005788.0962,0.03338,-2.9011,-101.0549,95.0330,78.1538,-93.1429,1.7857,-2.1858,-100.4458,95.4298,76.6613,-91.9593,1.5519,-2.1858,-100.4458,95.4298,76.6613,-91.9593,1.5519,0,100,0,0,-350,0,0
22,1786005788.1249,1786005788.1296,0.03339,-2.8132,-100.1758,95.2967,78.2418,-93.9341,1.7857,-2.3127,-99.1553,95.6734,76.3357,-91.6356,1.5952,-2.3127,-99.1553,95.6734,76.3357,-91.6356,1.5952,0,350,0,0,-350,0,0
23,1786005788.1584,1786005788.163,0.03344,-2.7253,-100.6154,95.8242,77.6264,-93.4945,1.7857,-2.7782,-98.4764,94.8951,78.2304,-91.2122,1.3073,-2.7782,-98.4764,94.8951,78.2304,-91.2122,1.3073,50,-200,250,-150,150,0,0
24,1786005788.1918,1786005788.1964,0.0334,-2.6374,-100.5275,95.8242,77.1868,-92.6154,1.7857,-2.6755,-98.8744,94.8786,77.1525,-93.4466,1.7590,-2.6755,-98.8744,94.8786,77.1525,-93.4466,1.7590,50,-150,0,-200,300,0,0
25,1786005788.2251,1786005788.2298,0.03335,-2.5495,-99.3846,95.5604,77.5385,-92.0879,1.7857,-3.0507,-97.8363,94.3171,76.9236,-93.1194,1.4115,-3.0507,-97.8363,94.3171,76.9236,-93.1194,1.4115,0,400,-100,150,250,0,0
26,1786005788.2585,1786005788.2631,0.03342,-2.5495,-99.2088,95.5604,77.8022,-92.3516,1.7857,-2.1448,-97.6821,94.2888,77.3236,-92.0466,1.8226,-2.1448,-97.6821,94.2888,77.3236,-92.0466,1.8226,0,0,0,200,-100,0,0
27,1786005788.2919,1786005788.2962,0.03334,-2.5495,-99.3846,95.4725,77.3626,-92.9670,1.7857,-3.3994,-99.9796,94.7251,77.8233,-92.5661,1.3332,-3.3994,-99.9796,94.7251,77.8233,-92.5661,1.3332,0,-150,-50,-150,-150,0,0
28,1786005788.3254,1786005788.33,0.03349,-2.5495,-98.5055,95.3846,77.5385,-92.7033,1.7857,-3.8152,-98.3843,92.4364,76.3858,-93.4117,1.3472,-3.8152,-98.3843,92.4364,76.3858,-93.4117,1.3472,0,250,-50,100,100,0,0
29,1786005788.3587,1786005788.3631,0.03337,-2.5495,-98.5934,95.3846,77.7143,-92.6154,1.7196,-4.2167,-97.1171,91.2584,75.5643,-94.0967,1.5968,-4.2167,-97.1171,91.2584,75.5643,-94.0967,1.5968,0,-50,0,0,0,-50,0
30,1786005788.3921,1786005788.3969,0.03337,-3.2527,-99.6484,95.1209,77.3626,-93.1429,1.7196,-3.6651,-93.6101,84.4165,76.1909,-96.9946,1.7090,-3.6651,-93.6101,84.9451,76.1909,-96.9946,1.7090,-200,-450,-150,-50,-100,0,0
31,1786005788.4255,1786005788.4305,0.03341,-3.8681,-99.1209,94.1538,76.7473,-93.4066,1.7857,-0.0224,-83.4097,76.4233,74.9084,-87.3707,1.3732,-0.0224,-88.9451,83.9780,74.9084,-87.3707,1.3732,-300,150,-250,-250,0,0,0
32,1786005788.4589,1786005788.4638,0.03339,-3.6044,-97.2747,92.8352,76.6593,-94.2857,1.7857,-1.3434,-74.4646,73.0268,73.0466,-89.1255,1.6409,-1.3434,-87.0110,82.5714,73.0466,-89.1255,1.6409,150,650,-400,0,-300,0,0
33,1786005788.4923,1786005788.4972,0.03337,-2.9890,-94.3736,90.5495,76.3077,-95.4286,1.7196,1.8508,-76.1511,70.0753,75.2912,-88.5831,1.6767,1.8508,-83.9341,80.1978,75.2912,-88.5831,1.6767,150,1100,-750,-50,-400,-50,0
34,1786005788.5257,1786005788.5306,0.0334,-2.3736,-92.0000,88.2637,75.0769,-95.0769,1.7857,6.0650,-62.8978,58.5118,76.9393,-81.1294,1.8604,6.0650,-81.7363,77.9121,76.9393,-84.9890,1.8604,250,900,-850,-400,-50,50,0
35,1786005788.5591,1786005788.5641,0.03343,-1.3187,-89.3626,85.8022,74.5495,-93.0549,1.7857,6.3182,-55.5662,54.1803,73.2983,-77.5289,1.8471,6.3182,-78.9231,75.4505,73.2983,-82.7033,1.8471,400,950,-800,-100,700,0,0
36,1786005788.5925,1786005788.5974,0.0334,0.7912,-86.6374,83.5165,75.4286,-90.4176,1.8519,6.4892,-47.1410,43.3719,77.2725,-73.2321,2.0279,6.4892,-76.1978,73.2527,77.2725,-80.0659,2.0279,600,900,-750,200,950,50,0
37,1786005788.6259,1786005788.6311,0.03339,3.4286,-83.9121,81.4066,76.3077,-87.7802,1.8519,8.0505,-45.3277,40.7594,76.6965,-71.5522,2.0238,8.0505,-73.4725,71.0549,76.6965,-77.3407,2.0238,900,950,-750,350,800,0,0
38,1786005788.6593,1786005788.6642,0.03341,4.5714,-80.9231,79.0330,76.5714,-84.9670,1.8519,10.4299,-37.6528,35.3065,76.0161,-63.8303,2.3222,10.4299,-70.6593,68.7692,76.0161,-74.6154,2.3222,300,1000,-800,50,1000,0,0
39,1786005788.6927,1786005788.6973,0.03337,5.1868,-78.4615,76.7473,76.5714,-82.0659,1.8519,9.3445,-37.9057,37.5978,77.6544,-68.3701,2.2574,9.3445,-68.1099,66.3956,77.6544,-71.6264,2.2574,100,850,-800,0,1050,0,0
40,1786005788.7261,1786005788.7305,0.03342,7.2088,-75.8242,74.4615,76.5714,-79.6044,1.9180,10.7203,-25.8436,25.5096,78.7067,-63.0734,2.1832,10.7203,-65.4725,64.1099,78.7067,-69.3407,2.1832,650,850,-750,0,900,0,0
41,1786005788.7595,1786005788.764,0.03342,8.7912,-72.8352,72.0879,76.9231,-76.8791,1.9841,10.9812,-23.9708,22.8670,80.5880,-56.1938,1.9718,10.9812,-62.4835,61.7363,80.5880,-66.4396,1.9718,500,1000,-850,150,950,0,0
42,1786005788.7929,1786005788.7974,0.03336,8.7033,-70.1978,69.7143,77.8022,-73.9780,2.0503,13.1459,-23.7631,19.6199,83.1070,-48.3932,1.7354,13.1459,-59.9341,59.4505,83.1070,-63.5385,1.7354,-50,900,-800,300,950,0,0
43,1786005788.8263,1786005788.8307,0.03339,9.4066,-67.5604,67.3407,78.7692,-71.2527,1.9841,16.3036,-22.6881,20.6706,81.5104,-45.8812,1.9058,16.3036,-57.2088,57.0769,81.5104,-60.9011,1.9058,250,850,-800,300,1050,-50,0
44,1786005788.8597,1786005788.8646,0.03342,10.9011,-64.6593,65.0549,80.6154,-68.6154,1.9841,17.1341,-22.1749,20.4015,81.9227,-45.2767,1.8044,17.1341,-54.2198,54.7033,81.9227,-58.2637,1.8044,500,950,-800,700,850,0,0
45,1786005788.8931,1786005788.8977,0.03342,12.3956,-61.8462,62.7692,81.4945,-65.8022,1.9841,20.6237,-18.1736,19.7940,80.1605,-45.6910,1.8813,20.6237,-51.5824,52.5055,80.1605,-55.3626,1.8813,500,950,-750,450,900,0,0
46,1786005788.9265,1786005788.931,0.03339,14.4176,-59.2967,60.4835,81.4066,-63.1648,1.9841,19.9601,-20.4469,21.1971,80.4895,-46.7137,1.6767,19.9601,-48.8571,50.1319,80.4895,-52.8132,1.6767,650,900,-800,0,1050,0,0
47,1786005788.9599,1786005788.9649,0.03342,16.4396,-56.3956,58.1099,81.0549,-60.4396,1.9841,23.5132,-15.0246,15.1119,81.2145,-43.4405,1.8058,23.5132,-45.9560,47.7582,81.2145,-50.0879,1.8058,700,1000,-850,-100,900,0,0
48,1786005788.9933,1786005788.9984,0.0334,18.1099,-53.5824,55.8242,80.7912,-57.7143,1.9841,24.8347,-13.0699,18.0106,79.1112,-44.5680,1.9318,24.8347,-43.2308,45.4725,79.1112,-47.2747,1.9318,550,950,-750,-50,950,0,0
49,1786005789.0267,1786005789.0316,0.03336,19.4286,-50.8571,53.4505,81.0549,-54.9890,1.9841,24.6007,-12.5582,15.7424,79.8035,-43.0758,1.8873,24.6007,-40.4176,43.0989,79.8035,-44.5495,1.8873,400,900,-750,100,900,0,0
50,1786005789.0601,1786005789.1736,0.03339,21.4505,-47.9560,51.1648,80.5275,-52.1758,1.9841,27.0321,-22.8361,22.4964,82.6281,-43.7416,1.9890,27.0321,-31.8022,36.4176,82.6281,-43.7416,1.9890,700,1000,-850,-200,1000,0,1
51,1786005789.1748,1786005789.1798,0.11474,23.3846,-41.8022,46.4176,80.0879,-46.1978,1.9841,31.2794,-19.7126,22.3686,82.1651,-39.4726,1.8009,31.2794,-31.7143,36.3297,82.1651,-39.4726,1.8009,50,250,-150,0,400,0,1
52,1786005789.208,1786005789.2129,0.03324,24.0000,-41.0989,45.8901,80.0879,-45.9341,1.9841,34.1894,-15.5178,21.2895,81.8709,-35.5127,1.9562,34.0879,-31.0110,35.8022,81.8709,-35.7582,1.9562,250,250,-200,0,50,0,0
53,1786005789.2414,1786005789.2463,0.03339,24.8791,-39.8681,44.7473,80.7912,-44.5275,1.9841,34.1500,-10.2144,18.0680,79.4136,-35.6051,2.0881,34.1500,-29.6044,34.4835,79.4136,-35.6051,2.0881,350,550,-250,250,350,0,0
54,1786005789.2748,1786005789.2797,0.03341,27.2527,-37.4066,42.2857,81.3187,-41.8022,1.9841,33.7827,-9.7817,16.1115,80.4442,-32.5427,1.5855,33.7827,-26.8791,31.8462,80.4442,-32.5427,1.5855,800,800,-850,150,1000,0,0
55,1786005789.3083,1786005789.3134,0.03346,29.9780,-34.2418,39.6484,80.7912,-39.5165,1.9841,35.0731,-5.5430,8.0560,85.1359,-31.2414,1.8400,35.0731,-23.7143,29.3846,85.1359,-31.2414,1.8400,900,1050,-850,-100,750,0,0
56,1786005789.3416,1786005789.3464,0.0333,32.0000,-31.0769,37.5385,80.1758,-37.0549,1.9841,35.9837,-3.6958,9.4563,85.4717,-28.8094,1.8255,35.9837,-20.6374,27.1868,85.4717,-28.8094,1.8255,850,1050,-750,-250,750,0,0
57,1786005789.375,1786005789.3797,0.03339,32.7033,-28.1758,35.0769,80.7912,-34.7692,1.9841,35.7317,-2.5817,6.7646,89.4426,-27.6146,1.8533,35.7317,-17.7363,24.7253,89.4426,-27.6146,1.8533,250,1000,-850,300,800,0,0
58,1786005789.4084,1786005789.4129,0.03343,33.4945,-25.3626,32.6154,82.7253,-32.3956,1.9841,35.9007,-2.3367,-0.0848,87.9422,-24.9420,2.0011,35.9007,-15.0110,22.3516,87.9422,-24.9420,2.0011,300,900,-850,550,800,0,0
59,1786005789.4419,1786005789.4468,0.03344,34.3736,-22.1978,30.3297,85.0110,-30.7253,1.9841,39.3626,4.7359,-2.9800,88.7616,-30.3285,1.8194,39.3626,-11.7582,19.9780,88.7616,-30.3285,1.8194,250,1100,-800,750,600,0,0
60,1786005789.4753,1786005789.48,0.0334,35.1648,-19.1209,28.0440,86.8571,-28.8791,1.9841,37.9406,-1.4878,-2.0962,90.1115,-25.4538,1.9094,37.9406,-8.6813,17.7802,90.1115,-25.4538,1.9094,300,1100,-750,650,650,0,0
61,1786005789.5087,1786005789.5131,0.03339,35.6044,-16.2198,25.7582,87.3846,-27.3846,1.9841,39.2248,5.7887,-6.4134,90.1044,-22.6893,1.9249,39.2248,-5.6923,15.4066,90.1044,-22.6893,1.9249,100,950,-800,300,450,0,0
62,1786005789.542,1786005789.5469,0.03339,36.5714,-13.1429,23.2088,88.0000,-26.9451,1.9841,39.1885,5.8084,-11.6007,90.8875,-24.6651,2.0823,39.1885,-2.7033,12.7692,90.8875,-24.6651,2.0823,350,1000,-800,150,200,0,0
63,1786005789.5755,1786005789.5803,0.03343,37.7143,-10.0659,20.9231,88.8791,-25.8901,1.9841,40.9728,14.2801,-19.5817,92.1473,-20.6061,2.2063,40.9728,0.3736,10.5714,92.1473,-20.6061,2.2063,350,1050,-850,300,350,0,0
64,1786005789.6088,1786005789.6132,0.03335,38.5055,-6.9011,18.5495,89.7582,-24.5714,1.9841,40.9054,12.9768,-15.5332,88.8005,-23.3312,2.3605,40.9054,3.4505,8.2857,88.8005,-23.3312,2.3605,200,1050,-750,250,400,0,0
65,1786005789.6422,1786005789.6466,0.03339,38.9451,-3.8242,16.0000,90.2857,-23.4286,1.9841,37.2505,15.5789,-20.1706,91.1839,-17.7306,2.1512,37.2505,6.5275,5.7363,91.1839,-17.7306,2.1512,200,1050,-850,250,300,0,0
66,1786005789.6756,1786005789.6801,0.03342,39.3846,-0.8352,13.7143,90.9011,-22.2857,1.9841,40.5790,18.4364,-23.3932,90.9392,-15.4940,2.5068,40.5790,9.6044,3.4505,90.9392,-15.4940,2.5068,150,1000,-850,150,400,0,0
67,1786005789.709,1786005789.7138,0.0334,39.6484,2.2418,11.2527,90.9011,-21.2308,1.9841,40.1218,15.6797,-20.3098,90.4364,-17.2593,2.4828,40.1218,12.7692,0.9890,90.4364,-17.2593,2.4828,150,1050,-800,-50,400,0,0
68,1786005789.7424,1786005789.7471,0.03335,39.5604,5.4945,8.9670,90.7253,-19.2088,2.0503,41.7000,17.5493,-21.5049,89.1310,-13.7436,2.4181,41.7000,15.9341,-1.4725,89.1310,-13.7436,2.4181,0,1050,-850,-100,600,50,0
69,1786005789.7758,1786005789.7806,0.03342,39.2088,8.5714,6.5055,90.6374,-17.7143,2.1825,42.9528,18.7586,-23.0232,88.4035,-12.8537,2.3781,42.9528,18.7586,-3.7582,88.4035,-12.8537,2.3781,-100,1050,-800,-50,600,50,0
70,1786005789.8092,1786005789.8136,0.03335,39.8242,11.7363,4.1319,90.1978,-16.3956,2.1825,44.1170,18.4972,-22.8003,87.9093,-14.2173,2.2968,44.1170,18.4972,-6.2198,87.9093,-14.2173,2.2968,250,1050,-850,-200,450,0,0
71,1786005789.8426,1786005789.8473,0.03344,40.7912,14.7253,1.6703,89.0549,-15.0769,2.1825,44.6810,16.4307,-20.3649,87.0072,-16.7570,2.4824,44.6810,16.4307,-8.6813,87.0072,-16.7570,2.4824,350,1050,-800,-400,550,0,0
72,1786005789.876,1786005789.8807,0.0334,42.4615,16.9231,-0.6154,88.5275,-14.9011,2.1825,45.5472,19.0546,-21.7193,86.4957,-16.9062,2.5112,45.5472,19.0546,-10.8791,86.4957,-16.9062,2.5112,600,650,-850,-150,50,0,0
73,1786005789.9094,1786005789.9139,0.03337,43.4286,17.3626,-2.6374,87.9121,-15.6923,2.2487,46.2716,21.0763,-23.5819,85.8047,-17.0815,2.4908,46.2716,21.0763,-12.8132,85.8047,-17.0815,2.4908,350,250,-650,-200,-250,50,0
74,1786005789.9428,1786005789.9477,0.03339,44.3077,17.1868,-4.9231,87.4725,-16.2198,2.2487,44.6023,22.7571,-23.1958,84.3721,-17.1031,2.4702,44.6023,22.7571,-15.2747,84.3721,-17.1031,2.4702,300,-50,-850,-150,-300,0,0
75,1786005789.9762,1786005789.9811,0.03342,44.6593,17.7143,-7.6484,86.8571,-16.4835,2.2487,45.7045,23.2763,-22.8749,83.8267,-16.4787,2.2270,45.7045,23.2763,-18.0879,83.8267,-16.4787,2.2270,150,250,-900,-250,-50,0,0
76,1786005790.0096,1786005790.0142,0.03346,44.8352,19.8242,-10.3736,85.8901,-16.6593,2.2487,46.6956,25.1554,-21.8716,82.7857,-17.8005,2.4063,46.6956,25.1554,-20.7253,82.7857,-17.8005,2.4063,50,550,-900,-350,-50,0,0
77,1786005790.043,1786005790.0475,0.03333,44.8352,22.1978,-12.6593,84.6593,-16.5714,2.2487,46.1233,29.6563,-26.4860,82.1066,-16.2466,2.2051,46.1233,29.6563,-23.0110,82.1066,-16.2466,2.2051,0,800,-750,-400,50,0,0
78,1786005790.0764,1786005790.0808,0.03343,45.2747,24.1319,-14.6813,84.3077,-16.8352,2.2487,46.2906,30.3497,-27.3753,81.8261,-16.4409,2.0646,46.2906,30.3497,-24.9451,81.8261,-16.4409,2.0646,50,650,-700,-100,-100,0,0
79,1786005790.1098,1786005790.1143,0.03344,45.7143,26.2418,-17.1429,83.3407,-17.1868,2.2487,46.7730,31.1180,-24.6185,80.7649,-16.0526,2.3905,46.7730,31.1180,-24.6185,80.7649,-16.0526,2.3905,100,750,-850,-350,-150,0,0
80,1786005790.1432,1786005790.1478,0.03334,46.1538,28.3516,-19.8681,82.4615,-16.7473,2.2487,49.0273,31.4144,-25.1229,80.4901,-9.7550,2.1564,49.0273,31.4144,-25.1229,80.4901,-9.7550,2.1564,100,750,-900,-400,150,0,0
81,1786005790.1766,1786005790.1809,0.03344,46.4176,30.1099,-21.0989,81.8462,-16.5714,2.2487,48.7184,31.6108,-23.0054,79.2729,-10.5771,2.4075,48.7184,31.6108,-23.0054,79.2729,-10.5771,2.4075,50,550,-650,-250,100,0,0
82,1786005790.21,1786005790.2143,0.03338,46.6813,31.2527,-21.5385,81.5824,-15.6923,2.2487,49.0692,29.3707,-22.4488,79.7476,-9.9902,2.4324,49.0692,29.3707,-22.4488,79.7476,-9.9902,2.4324,50,350,-150,-50,250,0,0
83,1786005790.2434,1786005790.2477,0.03337,47.2967,31.6923,-21.6264,80.7033,-13.8462,2.2487,48.0536,28.9138,-21.1182,79.4790,-10.0498,2.8485,48.0536,28.9138,-21.1182,79.4790,-10.0498,2.8485,200,200,0,-300,700,0,0
84,1786005790.2768,1786005790.2811,0.03341,48.1758,31.6923,-21.4505,80.2637,-12.1758,2.2487,47.4893,31.1875,-26.8625,80.5992,-9.8329,2.4905,47.4893,31.1875,-26.8625,80.5992,-9.8329,2.4905,200,0,50,-250,650,0,0
85,1786005790.3102,1786005790.3147,0.03338,48.3516,31.5165,-21.1868,80.3516,-11.4725,2.3148,46.1052,30.7179,-25.6455,80.7422,-9.5610,2.3720,46.1052,30.7179,-25.6455,80.7422,-9.5610,2.3720,100,-50,50,0,250,0,0
86,1786005790.3436,1786005790.348,0.03345,48.3516,31.6923,-21.0110,80.3516,-10.9451,2.3810,46.1835,31.9482,-25.0938,79.3494,-9.4427,2.4959,46.1835,31.9482,-25.0938,79.3494,-9.4427,2.4959,0,0,50,50,200,100,0
87,1786005790.377,1786005790.3814,0.03335,47.6484,32.3077,-21.8022,80.6154,-10.5055,2.3148,45.3284,33.1087,-27.0801,78.2905,-9.6786,3.7909,45.3284,33.1087,-27.0801,78.2905,-9.6786,3.7909,-150,250,-400,100,150,0,0
88,1786005790.4104,1786005790.4148,0.03343,46.8571,32.6593,-22.6813,80.0879,-10.2418,2.3148,45.6523,31.1213,-23.5066,79.4010,-10.0477,3.3438,45.6523,31.1213,-23.5066,79.4010,-10.0477,3.3438,-250,100,-300,-200,150,0,0
89,1786005790.4438,1786005790.4481,0.03339,46.1538,33.1868,-23.6484,79.2088,-10.2418,2.6455,44.8539,32.9605,-24.5495,78.5701,-9.4965,3.9122,44.8539,32.9605,-24.5495,78.5701,-9.4965,3.9122,-200,100,-400,-300,0,0,0
90,1786005790.4772,1786005790.4815,0.03338,45.8901,33.3626,-24.2637,79.0330,-10.2418,3.1085,43.7862,33.9936,-26.0964,78.4535,-8.2356,3.8373,43.7862,33.9936,-26.0964,78.4535,-8.2356,3.8373,-50,100,-100,-100,0,250,0
91,1786005790.5106,1786005790.515,0.03343,45.6264,33.3626,-23.7363,79.3846,-9.8022,3.1085,42.8711,34.6700,-27.2262,76.4516,-8.9412,3.6391,42.8711,34.6700,-27.2262,76.4516,-8.9412,3.6391,-100,0,200,150,100,0,0
92,1786005790.544,1786005790.5484,0.03337,45.2747,34.2418,-23.9121,78.6813,-9.4505,3.3069,42.1413,32.2655,-24.6433,77.5392,-5.9664,2.9299,42.1413,32.2655,-24.6433,77.5392,-5.9664,2.9299,-150,200,-100,-250,150,0,0
93,1786005790.5774,1786005790.5817,0.03342,44.7473,35.1209,-24.6154,78.2418,-9.1868,3.3730,42.5443,33.0802,-28.3640,79.5183,-9.6582,7.9837,42.5443,33.0802,-28.3640,79.5183,-9.6582,7.9837,-200,350,-200,-100,150,0,0
94,1786005790.6107,1786005790.615,0.03335,43.7802,35.2088,-24.7033,77.3626,-9.0110,3.2407,41.9682,32.8738,-25.0019,79.2968,-11.3497,12.1494,41.9682,32.8738,-25.0019,79.2968,-11.3497,12.1494,-300,0,-50,-400,0,-100,0
95,1786005790.6442,1786005790.6485,0.03345,42.9890,35.0330,-24.7033,78.1538,-8.7473,3.2407,41.4365,32.8428,-26.7347,80.3698,-11.3838,16.0490,41.4365,32.8428,-26.7347,80.3698,-11.3838,13.3730,-250,-100,0,400,50,-50,0
96,1786005790.6775,1786005790.6821,0.03333,42.4615,34.9451,-24.7912,78.8571,-9.6264,4.7619,42.5364,31.7979,-25.7877,81.8125,-9.6549,17.5881,42.5364,31.7979,-25.7877,81.8125,-9.6549,15.0265,-200,-50,0,250,-150,600,0
97,1786005790.711,1786005790.7154,0.03344,42.1099,34.9451,-24.6154,79.5604,-10.4176,7.4074,42.3258,33.4456,-27.2069,80.9488,-9.8737,17.5930,42.3258,33.4456,-27.2069,80.9488,-9.8737,17.5930,-150,0,100,150,-250,1200,0
98,1786005790.7444,1786005790.7487,0.03339,42.1099,35.1209,-24.6154,80.5275,-10.1538,10.1190,41.3277,33.6887,-26.9520,80.6235,-11.6351,20.9032,41.3277,33.6887,-26.9520,80.6235,-11.6351,20.4497,0,50,0,350,150,1200,0
99,1786005790.7777,1786005790.7821,0.03334,42.2857,35.1209,-24.6154,80.7912,-9.9780,12.6323,40.8887,32.5464,-23.0799,80.0493,-10.7927,21.0066,40.8887,32.5464,-23.0799,80.0493,-10.7927,21.0066,50,0,-50,200,150,1150,0
100,1786005790.8112,1786005790.9224,0.03346,42.2857,35.0330,-24.7033,80.6154,-10.5934,15.2778,41.1209,36.6937,-25.3850,81.8536,-11.4263,20.4886,41.1209,36.6937,-25.3850,81.8536,-11.4263,20.4886,100,-50,-50,-50,-250,1200,1
101,1786005790.9236,1786005790.9282,0.11249,41.0549,35.1209,-22.9451,80.2637,-10.6813,19.5767,41.9947,37.0725,-27.3762,82.3433,-9.0640,23.0468,41.9947,37.0725,-27.3762,82.3433,-9.0640,23.0468,-100,0,50,0,50,250,1
102,1786005790.9569,1786005790.9612,0.03326,41.0549,35.0330,-22.8571,80.2637,-10.9451,19.9735,41.6946,36.6052,-26.9557,81.8860,-9.4703,24.0580,41.6946,36.6052,-26.9557,81.8860,-9.4703,24.0580,0,50,0,-50,-100,200,0
103,1786005790.9903,1786005790.9946,0.0334,41.4066,35.2967,-23.3846,80.8791,-10.5055,20.6349,42.2603,36.1008,-27.4622,81.2970,-8.8224,20.7386,42.2603,36.1008,-27.4622,81.2970,-8.8224,20.7386,100,0,-50,200,100,350,0
104,1786005791.0237,1786005791.0279,0.03338,41.7582,36.3516,-24.6154,81.4945,-9.8901,22.0238,42.6463,37.5721,-26.7554,81.2738,-7.9260,21.2113,42.6463,37.5721,-26.7554,81.2738,-7.9260,21.2113,100,350,-450,200,200,600,0
105,1786005791.0571,1786005791.0624,0.03346,41.9341,36.8791,-24.9670,80.8791,-9.5385,22.6852,42.5504,36.5101,-27.1436,80.4760,-8.4647,20.0008,42.5504,36.5101,-27.1436,80.4760,-8.4647,20.0008,100,300,-50,-250,100,400,0
106,1786005791.0905,1786005791.0949,0.03332,42.1099,37.5824,-24.9670,81.3187,-8.9231,22.2884,44.9484,38.1194,-29.4784,81.3528,-7.3038,20.1159,44.9484,38.1194,-29.4784,81.3528,-7.3038,20.1159,50,200,0,50,200,-200,0
107,1786005791.1239,1786005791.1283,0.03339,42.2857,37.8462,-25.1429,80.8791,-8.8352,21.2302,44.3200,37.8309,-27.8585,80.8494,-7.1752,19.9081,44.3200,37.8309,-27.8585,80.8494,-7.1752,19.9081,50,50,-50,-150,0,-450,0
108,1786005791.1573,1786005791.1615,0.03339,42.5495,38.1978,-25.7582,81.0549,-8.3077,20.7672,45.2911,37.8261,-29.3821,80.6285,-7.0274,19.9564,45.2911,37.8261,-29.3821,80.6285,-7.0274,19.9564,50,150,-250,200,100,-250,0
109,1786005791.1906,1786005791.1949,0.03339,43.2527,38.5495,-26.5495,81.2308,-7.7802,20.4365,45.7279,36.1515,-26.3659,79.5866,-6.1317,20.8462,45.7279,36.1515,-26.3659,79.5866,-6.1317,20.8462,200,150,-300,150,300,-200,0
110,1786005791.224,1786005791.2283,0.03336,44.0440,38.5495,-26.8132,80.7033,-7.6923,20.4365,44.2597,37.3286,-25.8048,77.6341,-6.7701,21.1322,44.2597,37.3286,-25.8048,77.6341,-6.7701,21.1322,200,0,-50,-100,0,0,0
111,1786005791.2574,1786005791.2617,0.0334,44.8352,38.5495,-26.5495,80.6154,-7.1648,20.3704,43.8874,36.4836,-25.0762,77.5960,-6.4214,24.2016,43.8874,36.4836,-25.0762,77.5960,-6.4214,24.2016,300,0,100,-50,150,0,0
112,1786005791.2908,1786005791.295,0.03338,45.0110,38.5495,-25.6703,79.2967,-7.0769,20.7011,42.6237,36.3796,-24.7264,77.7407,-7.3876,23.6008,42.6237,36.3796,-24.7264,77.7407,-7.3876,23.6008,50,0,300,-400,0,200,0
113,1786005791.3243,1786005791.3287,0.03348,44.9231,38.5495,-24.9670,78.5934,-7.0769,21.3624,43.7991,35.5068,-24.5463,79.0001,-6.7329,23.6895,43.7991,35.5068,-24.5463,79.0001,-6.7329,23.6895,0,0,300,-250,0,300,0
114,1786005791.3576,1786005791.3619,0.03333,44.1319,38.6374,-24.7033,78.5055,-7.2527,22.3545,44.3845,36.2167,-26.0827,79.8783,-5.8764,22.9848,44.3845,36.2167,-26.0827,79.8783,-5.8764,22.9848,-250,0,50,-50,-100,500,0
115,1786005791.391,1786005791.3953,0.03341,43.5165,38.6374,-24.4396,78.7692,-7.1648,22.7513,42.6383,34.9151,-26.6760,80.0931,-6.4724,22.6300,42.6383,34.9151,-26.6760,80.0931,-6.4724,22.6300,-200,0,150,0,0,250,0
116,1786005791.4244,1786005791.4288,0.03344,43.5165,38.5495,-24.6154,79.3846,-6.5495,22.6852,42.3774,36.5120,-25.6643,80.4754,-6.5975,22.8853,42.3774,36.5120,-25.6643,80.4754,-6.5975,22.8853,0,-50,-50,200,200,-50,0
117,1786005791.4578,1786005791.4621,0.03332,43.4286,38.5495,-24.7912,79.6484,-6.8132,22.6190,41.8301,34.7387,-25.1281,80.0143,-5.5883,22.6651,41.8301,34.7387,-25.1281,80.0143,-5.5883,22.6651,-50,0,-50,50,-150,-50,0
118,1786005791.4912,1786005791.4954,0.03341,43.4286,38.5495,-24.7912,79.9121,-6.7253,22.6190,42.5536,36.4906,-24.8440,80.6968,-4.5965,23.2389,42.5536,36.4906,-24.8440,80.6968,-4.5965,23.2389,0,0,0,100,0,0,0
119,1786005791.5246,1786005791.5288,0.0334,43.2527,38.5495,-24.4396,79.9121,-6.2857,22.6190,43.9307,37.9733,-24.4898,81.0727,-4.2959,23.2077,43.9307,37.9733,-24.4898,81.0727,-4.2959,23.2077,0,0,100,0,200,0,0
120,1786005791.5579,1786005791.5622,0.03336,42.8132,38.5495,-24.4396,80.0879,-5.5824,22.8175,43.9694,38.2098,-23.8462,80.2534,-4.2759,23.1518,43.9694,38.2098,-23.8462,80.2534,-4.2759,23.1518,-200,0,0,100,250,50,0
121,1786005791.5914,1786005791.5957,0.03347,42.8132,38.9890,-24.2637,80.6154,-5.0549,22.8836,43.5733,38.3798,-22.1331,80.6609,-3.9258,22.9515,43.5733,38.3798,-22.1331,80.6609,-3.9258,22.9515,0,200,100,150,200,50,0
122,1786005791.6248,1786005791.629,0.03337,42.9890,39.2527,-23.8242,80.2637,-4.8791,22.8836,43.6705,38.1683,-24.0301,81.4265,-5.3195,20.3740,43.6705,38.1683,-24.0301,81.4265,-5.3195,20.3740,50,100,150,-50,50,0,0
123,1786005791.6581,1786005791.6624,0.03336,43.4286,39.3407,-23.1209,80.0879,-4.7033,23.0159,44.3488,40.5535,-24.0932,80.2622,-5.4638,20.4488,44.3488,40.5535,-24.0932,80.2622,-5.4638,20.4488,200,50,250,0,100,0,0
124,1786005791.6916,1786005791.6958,0.03345,43.6044,39.2527,-22.5934,81.1429,-4.7912,22.5529,43.7301,40.4100,-23.3608,80.1303,-6.1019,20.5869,43.7301,40.4100,-23.3608,80.1303,-6.1019,20.5869,50,0,50,200,0,-150,0
125,1786005791.7249,1786005791.7292,0.03333,43.6923,39.6044,-22.9451,80.6154,-5.1429,21.4947,43.2827,38.4651,-20.3997,78.5830,-6.9688,21.0683,43.2827,38.4651,-20.3997,78.5830,-6.9688,21.0683,50,50,-50,-150,-150,-550,0
126,1786005791.7583,1786005791.7625,0.03339,43.6044,40.1319,-23.1209,80.5275,-5.4945,21.2302,43.5347,38.6151,-21.0214,76.7884,-5.3820,21.3447,43.5347,38.6151,-21.0214,76.7884,-5.3820,21.3447,0,200,-50,-50,-100,-250,0
127,1786005791.7917,1786005791.7959,0.03341,43.6044,39.8681,-22.2418,79.7363,-5.7582,21.2963,43.1889,40.6041,-21.2551,77.9119,-7.3053,21.8916,43.1889,40.6041,-21.2551,77.9119,-7.3053,21.8916,0,-150,350,-350,-100,0,0
128,1786005791.8251,1786005791.8293,0.03337,43.6044,39.5165,-21.4505,78.7692,-5.9341,21.3624,42.4025,39.3361,-21.9118,78.7537,-6.5435,20.2989,42.4025,39.3361,-21.9118,78.7537,-6.5435,20.2989,0,-150,350,-350,-50,50,0
129,1786005791.8585,1786005791.8629,0.03342,43.5165,39.7802,-21.4505,78.4176,-5.5824,21.4286,42.7493,39.0964,-21.2918,79.3082,-6.5216,21.3379,42.7493,39.0964,-21.2918,79.3082,-6.5216,21.3379,-50,50,-50,-100,100,0,0
130,1786005791.892,1786005791.8963,0.03344,43.3407,40.1319,-21.6264,78.8571,-5.9341,21.2302,42.6763,39.9309,-21.1081,79.7136,-7.1627,21.4350,42.6763,39.9309,-21.1081,79.7136,-7.1627,21.4350,-100,100,-50,150,-150,-50,0
131,1786005791.9253,1786005791.9299,0.03334,43.2527,40.0440,-21.6264,78.9451,-6.1099,20.7672,42.2400,38.9649,-21.8337,79.1549,-7.0291,21.7492,42.2400,38.9649,-21.8337,79.1549,-7.0291,21.7492,0,0,-50,50,0,-200,0
132,1786005791.9587,1786005791.9633,0.03341,43.2527,40.0440,-21.5385,79.0330,-6.4615,21.0317,41.8071,38.0958,-19.8443,78.1135,-7.0135,18.5225,41.8071,38.0958,-19.8443,78.1135,-7.0135,18.5225,0,-50,50,50,-100,200,0
133,1786005791.9921,1786005791.9972,0.03342,43.1648,39.9560,-21.5385,79.1209,-6.5495,21.2963,41.3484,38.3332,-17.6709,79.0647,-7.4860,20.8345,41.3484,38.3332,-17.6709,79.0647,-7.4860,20.8345,0,0,0,-50,-100,200,0
134,1786005792.0255,1786005792.0302,0.03336,42.9890,39.6044,-20.9231,78.6813,-6.6374,21.0979,41.0583,34.8075,-18.8622,80.1998,-8.0687,15.9859,41.0583,34.8075,-18.8622,80.1998,-8.0687,15.9859,-50,-100,250,-150,0,-100,0
135,1786005792.0589,1786005792.0636,0.0334,42.7253,39.5165,-20.0440,78.5934,-6.8132,20.4365,39.7735,35.3497,-19.3916,80.7211,-8.5774,11.9005,39.7735,35.3497,-19.3916,80.7211,-8.5774,11.9005,-50,-50,250,-50,-100,-300,0
136,1786005792.0922,1786005792.097,0.03336,42.1978,38.9011,-19.4286,78.9451,-7.2527,19.6429,40.0634,35.5180,-20.5933,81.0822,-7.4741,6.5745,40.0634,35.5180,-20.5933,81.0822,-7.4741,9.5106,-200,-200,200,200,-100,-250,0
137,1786005792.1257,1786005792.1306,0.03344,40.8791,38.1978,-19.3407,79.3846,-7.6923,17.9233,39.8353,34.1472,-17.1621,79.1569,-8.0721,4.7158,39.8353,34.1472,-17.1621,79.1569,-8.0721,7.5926,-500,-200,100,150,-200,-800,0
138,1786005792.1591,1786005792.1639,0.03339,40.1758,38.1978,-19.7802,79.6484,-7.6044,15.2116,38.9749,33.4630,-17.5870,79.0897,-6.7853,4.0799,38.9749,33.4630,-17.5870,79.0897,-6.7853,4.8148,-300,0,-150,150,50,-1250,0
139,1786005792.1925,1786005792.1974,0.03342,39.8242,37.8462,-19.7802,79.2967,-7.5165,12.5661,39.0176,32.4493,-18.2564,78.6732,-7.3114,3.4345,39.0176,32.4493,-18.2564,78.6732,-7.3114,3.4345,-150,-100,50,-150,50,-1250,0
140,1786005792.2259,1786005792.2302,0.03343,39.2967,37.2308,-18.8132,78.9451,-7.6044,9.9868,39.9282,34.9039,-18.6044,78.4396,-6.3797,4.2037,39.9282,34.9039,-18.6044,78.4396,-6.3797,4.2037,-150,-200,300,-200,0,-1150,0
141,1786005792.2593,1786005792.2639,0.03339,38.9451,36.7033,-18.4615,78.7692,-7.2527,7.6720,40.1362,35.8700,-17.9558,78.8226,-7.2178,5.6497,40.1362,35.8700,-17.9558,78.8226,-7.2178,5.6497,-200,-200,150,-50,150,-1000,0
142,1786005792.2927,1786005792.297,0.03344,38.8571,36.6154,-18.4615,78.5934,-7.4286,6.4153,40.3027,33.5115,-19.0724,79.1534,-6.7778,5.5492,40.3027,33.5115,-19.0724,79.1534,-6.7778,5.5492,-50,-50,0,-50,0,-750,0
143,1786005792.3261,1786005792.3318,0.0334,38.8571,36.9670,-18.3736,78.5934,-7.5165,6.2831,39.8140,35.8239,-21.4080,79.2463,-7.9343,4.9461,39.8140,35.8239,-21.4080,79.2463,-7.9343,4.9461,0,150,50,0,-50,0,0
144,1786005792.3595,1786005792.3642,0.03337,38.8571,36.9670,-18.3736,78.5934,-7.5165,6.3492,39.5693,34.9210,-21.1423,79.4434,-6.8813,4.8534,39.5693,34.9210,-21.1423,79.4434,-6.8813,4.8534,0,50,0,0,50,0,0
145,1786005792.3929,1786005792.3974,0.03339,38.8571,37.0549,-19.0769,78.5934,-7.5165,6.0185,39.4050,34.5102,-21.2594,79.6868,-6.8871,4.5753,39.4050,34.5102,-21.2594,79.6868,-6.8871,4.5753,0,50,-250,0,0,-150,0
146,1786005792.4263,1786005792.4311,0.03343,38.8571,37.1429,-19.6044,78.5934,-7.6044,5.9524,38.5711,34.8698,-22.1647,80.0206,-8.5094,3.7324,38.5711,34.8698,-22.1647,80.0206,-8.5094,3.7324,0,0,-250,0,-50,-50,0
147,1786005792.4597,1786005792.4646,0.0334,38.9451,37.1429,-19.6923,78.6813,-7.4286,5.7540,39.8215,34.9560,-22.0236,80.0865,-9.8523,3.6497,39.8215,34.9560,-22.0236,80.0865,-9.8523,3.6497,0,0,0,50,100,-100,0
148,1786005792.4931,1786005792.4977,0.03333,38.8571,37.1429,-20.0440,79.2088,-7.6923,5.2910,39.8128,34.0149,-23.0932,81.9789,-9.7852,3.8694,39.8128,34.0149,-23.0932,81.9789,-9.7852,3.8694,0,0,-100,150,-200,-200,0
149,1786005792.5264,1786005792.5312,0.03339,38.8571,37.2308,-20.1319,79.3846,-8.5714,5.0265,39.0682,30.7426,-23.3166,82.0618,-11.3914,3.6714,39.0682,30.7426,-23.3166,82.0618,-11.3914,3.6714,0,50,0,50,-250,-150,0
150,1786005792.5599,1786005792.6728,0.03346,39.1209,37.2308,-20.3956,80.1758,-9.0989,4.8942,41.5469,37.4465,-28.9402,85.6770,-6.6723,3.4677,41.5469,37.4465,-28.9402,85.6770,-6.6723,3.4677,50,0,-50,200,-150,-50,1
151,1786005792.6739,1786005792.6789,0.11403,39.6484,35.4725,-21.0110,81.3187,-10.8571,4.6296,39.2489,38.8800,-28.4801,83.9119,-8.8349,6.2488,39.2489,38.8800,-28.4801,83.9119,-8.8349,6.2488,0,-150,-50,-150,-100,0,1
152,1786005792.7072,1786005792.7118,0.03329,39.5604,35.2967,-21.1868,81.6703,-10.9451,4.6296,38.6963,39.1049,-31.8440,86.8872,-9.0721,4.7230,38.6963,39.1049,-31.2747,86.8872,-9.0721,4.7230,0,-100,-100,150,-50,0,0
153,1786005792.7406,1786005792.7451,0.03343,39.4725,35.4725,-22.1538,82.7253,-10.4176,4.6296,35.6963,38.2376,-40.1237,90.4503,-9.1097,3.8625,35.6963,38.2376,-32.4176,90.4503,-9.1097,3.8625,-50,50,-250,400,200,0,0
154,1786005792.7741,1786005792.7789,0.03346,39.3846,36.9670,-24.6154,84.0440,-9.7143,4.8280,34.7235,36.8265,-36.6305,88.2740,-8.3695,3.3785,34.7235,36.8265,-34.9670,88.2740,-8.3695,3.3785,-50,350,-850,450,200,100,0
155,1786005792.8075,1786005792.8122,0.03336,38.6813,38.7253,-27.2527,86.1538,-9.7143,4.5635,36.1328,40.3676,-40.3233,89.0846,-4.7259,3.4728,36.1328,40.3676,-37.6044,89.0846,-4.7259,3.4728,-150,600,-900,750,0,-100,0
156,1786005792.8408,1786005792.8458,0.03333,37.5385,39.3407,-29.2747,88.3516,-9.1868,4.3651,34.6768,41.5115,-39.1026,87.6878,-7.2205,3.5775,34.6768,41.5115,-39.1026,87.6878,-7.2205,3.5775,-400,200,-700,800,200,-100,0
157,1786005792.8742,1786005792.8786,0.03341,36.4835,39.6923,-31.2088,88.3516,-8.2198,4.2989,33.9810,40.1361,-38.0828,88.0039,-7.2827,3.8308,33.9810,40.1361,-38.0828,88.0039,-7.2827,3.8308,-350,150,-650,50,350,0,0
158,1786005792.9076,1786005792.9122,0.03341,35.6923,40.5714,-33.7582,87.6484,-6.9890,4.2989,33.6587,37.9529,-40.7674,89.6601,-7.9244,3.7338,33.6587,37.9529,-40.7674,89.6601,-7.9244,3.7338,-250,300,-850,-250,450,0,0
159,1786005792.9411,1786005792.9456,0.03345,34.9011,41.1868,-35.1648,87.5604,-6.9890,4.2989,31.8114,38.0353,-44.6916,91.8020,-8.9684,3.3903,31.8114,38.0353,-44.6916,91.8020,-8.9684,3.3903,-300,200,-700,-50,-50,0,0
160,1786005792.9743,1786005792.9789,0.03329,34.3736,41.3626,-35.6044,88.7033,-7.6044,4.2328,30.0058,37.8894,-43.7585,92.2514,-9.4481,3.8570,30.0058,37.8894,-43.7585,92.2514,-9.4481,3.8570,-150,50,-150,300,-150,-50,0
161,1786005793.0078,1786005793.0122,0.03349,33.9341,41.5385,-36.6593,90.1099,-8.0440,4.2328,29.5507,35.8701,-43.2751,90.6940,-8.3838,3.5170,29.5507,35.8701,-43.2751,90.6940,-8.3838,3.5170,-100,50,-400,500,-200,0,0
162,1786005793.0412,1786005793.0458,0.03338,32.8791,41.5385,-38.4176,90.9011,-8.5714,4.2328,28.6825,32.7600,-38.4745,90.7888,-9.1758,3.1800,28.6825,32.7600,-38.4745,90.7888,-9.1758,3.1800,-400,0,-600,350,-250,0,0
163,1786005793.0746,1786005793.0797,0.03337,31.9121,40.7473,-39.5604,90.6374,-8.5714,4.2328,28.1845,36.1311,-44.4280,91.2555,-8.8604,3.2236,28.1845,36.1311,-44.4280,91.2555,-8.8604,3.2236,-350,-300,-450,0,50,0,0
164,1786005793.108,1786005793.1126,0.0334,30.4176,39.0769,-39.3846,90.2857,-8.6593,4.1667,27.7399,32.9854,-40.9573,89.7711,-10.7669,3.3493,27.7399,32.9854,-40.9573,89.7711,-10.7669,3.3493,-500,-500,100,-50,0,-50,0
165,1786005793.1414,1786005793.146,0.0334,29.3626,37.9341,-38.5055,91.1648,-8.8352,4.1667,27.2164,31.4712,-40.5465,88.3319,-14.0962,3.2389,27.2164,31.4712,-40.5465,88.3319,-14.0962,3.2389,-350,-450,350,350,-50,0,0
166,1786005793.1748,1786005793.1794,0.03336,28.5714,37.4945,-38.3297,90.7253,-9.1868,4.1005,27.6564,34.9633,-39.9252,87.0767,-10.8967,3.4509,27.6564,34.9633,-39.9252,87.0767,-10.8967,3.4509,-250,-100,50,-50,-100,0,0
167,1786005793.2082,1786005793.2126,0.03344,28.0440,37.2308,-38.5934,89.5824,-10.9451,4.1005,25.8179,33.7202,-38.5390,86.3333,-12.5235,3.5572,25.8179,33.7202,-38.5390,86.3333,-12.5235,3.5572,-200,-100,-100,-350,-500,0,0
168,1786005793.2416,1786005793.2459,0.03339,28.0440,37.0549,-38.5934,88.6154,-12.4396,4.1005,24.4584,30.3126,-38.7808,87.9390,-14.3047,3.2583,24.4584,30.3126,-38.7808,87.9390,-14.3047,3.2583,0,-50,0,-350,-500,0,0
169,1786005793.275,1786005793.2796,0.03339,27.8681,36.8791,-38.5055,87.4725,-12.3516,4.1005,24.1776,31.2298,-38.2338,86.3305,-14.7801,3.9335,24.1776,31.2298,-38.2338,86.3305,-14.7801,3.9335,-100,-50,0,-350,50,0,0
170,1786005793.3083,1786005793.3132,0.03337,26.9890,36.7912,-38.2418,87.8242,-12.4396,4.1005,23.2707,31.6721,-36.5731,85.3155,-14.7416,3.7168,23.2707,31.6721,-36.5731,85.3155,-14.7416,3.7168,-300,0,100,100,50,0,0
171,1786005793.3417,1786005793.3464,0.0334,26.1099,36.5275,-37.8901,88.0879,-13.4066,4.1005,24.0758,31.6494,-35.2559,84.8476,-14.0908,8.1901,24.0758,31.6494,-35.2559,84.8476,-14.0908,8.1901,-250,-100,50,0,-350,0,0
172,1786005793.3751,1786005793.3796,0.03339,24.8791,36.4396,-37.0110,86.8571,-14.0220,4.1005,21.5104,31.5443,-39.8161,85.4885,-12.4018,5.6246,21.5104,31.5443,-39.8161,85.4885,-12.4018,5.6246,-450,-50,250,-400,-200,0,0
173,1786005793.4086,1786005793.4132,0.03345,24.4396,36.1758,-36.0440,86.0659,-13.9341,4.4312,20.4169,30.2993,-37.9168,86.0361,-13.5144,4.6099,20.4169,30.2993,-37.9168,86.0361,-13.5144,4.6099,-250,-100,350,-300,0,100,0
174,1786005793.4419,1786005793.4464,0.03336,23.9121,36.0879,-35.7802,86.0659,-13.5824,4.9603,19.5416,29.7985,-36.2795,84.7717,-12.9211,4.0548,19.5416,29.7985,-36.2795,84.7717,-12.9211,4.0548,-150,-50,0,0,100,250,0
175,1786005793.4754,1786005793.4797,0.03345,23.1209,35.9121,-35.8681,86.1538,-13.1429,4.7619,19.1838,29.7697,-34.9487,84.7328,-14.0203,4.2760,19.1838,29.7697,-34.9487,84.7328,-14.0203,4.2760,-300,-50,-50,50,150,-150,0
176,1786005793.5088,1786005793.5131,0.03341,22.2418,35.4725,-35.8681,85.6264,-13.3187,4.3651,21.4605,32.4473,-32.3610,83.4599,-16.0049,6.5264,21.4605,32.4473,-32.3610,83.4599,-16.0049,6.5264,-250,-200,-50,-200,-50,-250,0
177,1786005793.5422,1786005793.5465,0.03337,21.0989,34.6813,-35.1648,85.0989,-13.4945,4.3651,20.0774,31.2373,-35.5304,84.6158,-15.5448,4.6402,20.0774,31.2373,-35.5304,84.6158,-15.5448,4.6402,-300,-200,300,-150,0,0,0
178,1786005793.5756,1786005793.58,0.03342,20.6593,34.4176,-34.0220,84.6593,-14.1099,4.5635,19.6536,31.7019,-33.9428,84.3564,-15.8027,4.5562,19.6536,31.7019,-33.9428,84.3564,-15.8027,4.5562,-100,-100,350,-50,-200,150,0
179,1786005793.609,1786005793.6131,0.0334,20.6593,34.5934,-32.9670,84.1319,-14.9011,5.3571,18.0341,33.0135,-36.6145,86.0360,-13.2854,4.3862,18.0341,33.0135,-36.6145,86.0360,-13.2854,4.3862,0,50,350,-250,-200,350,0
180,1786005793.6424,1786005793.6468,0.03337,20.7473,34.7692,-32.7912,84.8352,-15.2527,5.0265,17.0609,31.8550,-36.1783,84.9144,-13.0295,4.0668,17.0609,31.8550,-36.1783,84.9144,-13.0295,4.0668,0,100,100,200,-150,-100,0
181,1786005793.6758,1786005793.6802,0.03343,20.3077,34.9451,-33.0549,84.9231,-14.9890,4.7619,14.1349,30.5091,-36.2877,82.8024,-16.7020,4.2699,14.1349,30.5091,-36.2877,82.8024,-16.7020,4.2699,-150,100,0,0,50,-50,0
182,1786005793.7092,1786005793.7134,0.03336,19.6923,34.8571,-33.7582,85.1868,-14.1978,4.4974,13.3165,28.1961,-33.6059,83.0817,-15.7279,4.0497,13.3165,28.1961,-33.6059,83.0817,-15.7279,4.0497,-250,-50,-250,150,250,-150,0
183,1786005793.7426,1786005793.747,0.03342,18.1978,34.1538,-33.8462,84.3956,-14.3736,4.4974,11.7146,29.7559,-35.9678,84.4287,-16.2368,4.2012,11.7146,29.7559,-35.9678,84.4287,-16.2368,4.2012,-400,-250,0,-300,0,0,0
184,1786005793.776,1786005793.7815,0.03343,16.3516,33.3626,-33.5824,83.4286,-15.1648,4.4312,12.1011,30.3113,-36.1505,82.6836,-17.2441,4.2495,12.1011,30.3113,-36.1505,82.6836,-17.2441,4.2495,-650,-250,0,-300,-250,-50,0
185,1786005793.8095,1786005793.8152,0.03347,14.6813,32.9231,-33.0549,84.2198,-15.6044,4.3651,13.3867,32.0368,-34.9230,79.9878,-16.1255,5.1930,13.3867,32.0368,-34.9230,79.9878,-16.1255,5.1930,-600,-150,250,100,-150,-50,0
186,1786005793.8428,1786005793.8482,0.03336,13.3626,32.8352,-33.3187,84.1319,-15.9560,4.2328,12.8279,30.7985,-33.3787,80.4851,-16.3144,4.3269,12.8279,30.7985,-33.3787,80.4851,-16.3144,4.3269,-600,0,-100,-50,0,-100,0
187,1786005793.8762,1786005793.8816,0.03338,13.1868,33.1868,-33.8462,82.6374,-16.0440,4.4974,12.0778,31.8510,-31.6963,76.9830,-17.5813,4.6861,12.0778,31.8510,-31.6963,76.9830,-17.5813,4.6861,-100,100,-250,-550,-50,150,0
188,1786005793.9096,1786005793.9149,0.03341,13.1868,33.1868,-33.5824,81.3187,-16.0440,4.6296,15.0515,32.9910,-28.1725,77.3764,-16.5197,13.3155,15.0515,32.9910,-28.1725,77.3764,-16.5197,13.3155,0,0,50,-500,-50,100,0
189,1786005793.9431,1786005793.9483,0.03343,13.2747,33.1868,-32.3516,80.3516,-16.6593,4.5635,14.4190,31.6691,-29.1911,76.3595,-16.6426,15.0630,14.4190,31.6691,-29.1911,76.3595,-16.6426,14.5635,50,0,450,-300,-300,-50,0
190,1786005793.9764,1786005793.9818,0.03336,13.5385,33.5385,-30.7692,78.6813,-16.9231,5.2249,13.0547,31.5792,-31.2015,78.2142,-19.1630,16.9359,13.0547,31.5792,-31.2015,78.2142,-19.1630,15.5556,100,50,500,-550,-50,350,0
191,1786005794.0098,1786005794.0146,0.03338,13.6264,33.8022,-29.1868,78.2418,-16.6593,7.4074,14.2989,30.2551,-29.4057,76.9852,-15.7961,15.2169,14.2989,30.2551,-29.4057,76.9852,-15.7961,15.2169,0,100,550,-150,50,1050,0
192,1786005794.0433,1786005794.0479,0.03344,13.6264,34.0659,-28.9231,77.8901,-17.2747,10.1190,13.4603,32.0048,-32.1819,79.4854,-14.9207,10.6669,13.4603,32.0048,-32.1819,79.4854,-14.9207,10.6669,0,100,0,-100,50,1250,0
193,1786005794.0766,1786005794.0808,0.03336,13.6264,33.9780,-28.9231,78.0659,-18.0659,12.2354,12.6845,32.1945,-34.2238,78.2812,-14.2461,7.2674,12.6845,32.1945,-34.2238,78.2812,-14.2461,7.2674,0,0,0,100,-350,900,0
194,1786005794.11,1786005794.1141,0.03338,13.7143,33.7143,-29.5385,78.0659,-17.8901,13.1614,12.7361,31.1511,-31.7630,78.1795,-15.1106,4.4120,12.7361,31.1511,-31.7630,78.1795,-15.1106,4.4120,0,-100,-200,0,50,300,0
195,1786005794.1434,1786005794.1479,0.03344,13.5385,33.7143,-30.8571,78.5055,-16.4835,12.6984,12.5058,31.4414,-31.3081,75.5132,-14.7370,6.7793,12.5058,31.4414,-31.3081,75.5132,-14.7370,6.7793,-100,0,-400,150,500,-50,0
196,1786005794.1769,1786005794.181,0.03341,13.3626,33.8022,-31.2967,78.1538,-15.6923,11.0450,12.9923,29.6814,-28.4389,75.6443,-14.3635,7.4420,12.9923,29.6814,-28.4389,75.6443,-14.3635,7.4420,-50,50,-300,-150,300,-700,0
197,1786005794.2102,1786005794.2144,0.03338,13.0989,33.8022,-30.7692,77.7143,-15.6044,8.3333,12.9759,32.9446,-28.1238,74.0049,-14.8751,10.6670,12.9759,32.9446,-28.1238,74.0049,-14.8751,10.6670,-100,0,150,0,50,-1250,0
198,1786005794.2437,1786005794.2481,0.03345,13.0110,33.5385,-29.6264,76.4835,-15.2527,6.9444,13.6529,30.6917,-29.9500,73.6679,-13.5988,6.7054,13.6529,30.6917,-29.9500,73.6679,-13.5988,6.7054,-50,-50,400,-500,100,-700,0
199,1786005794.2771,1786005794.2815,0.03339,13.0110,33.3626,-28.4835,75.8681,-15.1648,6.0847,14.4232,30.2512,-28.3466,75.8946,-13.3250,7.0069,14.4232,30.2512,-28.3466,75.8946,-13.3250,7.0069,0,0,450,-250,0,-500,0
200,1786005794.3104,1786005794.425,0.03338,13.1868,33.3626,-28.3956,74.8132,-14.8132,6.6138,11.8509,39.0519,-39.7033,79.3549,-12.9735,7.1084,11.8509,39.0519,-37.9560,79.3549,-12.9735,7.1084,50,0,50,-350,50,250,1
201,1786005794.4261,1786005794.4317,0.11569,14.2418,33.2747,-27.9560,75.6923,-13.9341,6.8122,12.4421,39.1896,-45.8696,80.5911,-14.8549,6.7311,12.4421,39.1896,-37.8681,80.5911,-14.8549,6.7311,50,50,0,0,0,0,1
202,1786005794.4594,1786005794.4645,0.03328,14.2418,33.3626,-27.8681,75.7802,-13.9341,6.8122,11.9056,40.6894,-49.0009,79.1234,-13.5003,7.2559,11.9056,40.6894,-37.8681,79.1234,-13.5003,7.2559,0,0,0,50,0,0,0
203,1786005794.4928,1786005794.4977,0.03335,13.8901,33.6264,-28.3077,76.5714,-14.1978,6.8122,11.8852,41.4896,-49.7248,79.2053,-13.0652,7.2568,11.8852,41.4896,-38.4835,79.2053,-13.0652,7.2568,-100,150,0,350,-100,0,0
204,1786005794.5262,1786005794.5309,0.03347,13.2747,35.3846,-30.5055,77.8022,-14.4615,6.8783,10.4950,45.5032,-49.5709,81.4464,-13.7163,8.1489,10.4950,45.5032,-41.0330,81.4464,-13.7163,8.1489,-200,500,-800,500,-100,0,0
205,1786005794.5596,1786005794.5642,0.03339,12.5714,38.1099,-33.4945,78.1538,-14.1978,7.0106,12.3437,47.0918,-48.9776,78.9277,-11.8998,15.6389,12.3437,47.0918,-43.7582,78.9277,-11.8998,15.6389,-250,900,-950,100,50,50,0
206,1786005794.593,1786005794.5975,0.03338,11.8681,41.3626,-35.9560,78.8571,-13.8462,7.4735,11.2210,45.3817,-49.3655,78.9538,-13.7930,15.8423,11.2210,45.3817,-46.2198,78.9538,-13.7930,15.8423,-250,1050,-850,350,100,200,0
207,1786005794.6264,1786005794.631,0.03344,11.5165,44.3516,-38.0659,80.3516,-13.7582,8.5979,10.7831,44.2491,-49.7728,81.1912,-12.3067,15.4741,10.7831,44.2491,-48.4176,81.1912,-12.3067,15.4741,-150,1100,-750,550,50,400,0
208,1786005794.6599,1786005794.6643,0.03343,11.6044,46.1978,-40.2637,79.8242,-13.3187,10.8466,10.2991,44.5760,-49.2921,82.6489,-12.3178,11.4792,10.2991,44.5760,-49.2921,82.6489,-12.3178,11.4792,50,650,-750,-150,250,950,0
209,1786005794.6932,1786005794.6976,0.03337,11.5165,46.3736,-42.1978,79.3846,-13.1429,12.6984,10.1041,46.6538,-49.1178,84.0136,-13.0348,10.9744,10.1041,46.6538,-49.1178,84.0136,-13.0348,10.9744,0,50,-650,-150,50,850,0
210,1786005794.7267,1786005794.731,0.03342,11.4286,46.1099,-44.1319,79.8242,-12.8791,13.6905,10.5676,44.9986,-47.4261,83.5542,-12.7463,10.4421,10.5676,44.9986,-47.4261,83.5542,-12.7463,10.4421,-50,-50,-650,50,50,300,0
211,1786005794.76,1786005794.7643,0.03337,11.1648,46.1099,-45.4505,81.4945,-12.9670,13.4921,10.6337,47.2291,-49.3750,84.8632,-11.8885,10.5248,10.6337,47.2291,-49.3750,84.8632,-11.8885,10.5248,-100,0,-500,550,-50,50,0
212,1786005794.7934,1786005794.7977,0.0334,10.7253,46.4615,-45.9780,82.4615,-12.9670,12.1693,10.3634,45.3733,-46.7571,83.3679,-13.4274,10.2378,10.3634,45.3733,-46.7571,83.3679,-13.4274,10.2378,-150,100,-300,300,0,-600,0
213,1786005794.8269,1786005794.8312,0.03343,10.6374,47.2527,-45.8901,83.5165,-12.6154,11.3757,11.2031,46.3389,-48.8189,84.0115,-12.4862,10.0506,11.2031,46.3389,-48.8189,84.0115,-12.4862,10.0506,-50,150,0,200,200,-300,0
214,1786005794.8603,1786005794.865,0.0334,10.6374,47.8681,-45.7143,83.8681,-12.7912,10.7804,11.2091,46.8848,-48.6855,83.3380,-12.6617,10.1613,11.2091,46.8848,-48.6855,83.3380,-12.6617,10.1613,0,250,100,200,0,-350,0
215,1786005794.8937,1786005794.898,0.0334,10.9011,47.8681,-45.6264,83.6923,-13.0549,10.7143,10.7847,46.6828,-47.8211,82.3496,-12.7304,10.5053,10.7847,46.6828,-47.8211,82.3496,-12.7304,10.5053,50,0,50,-50,-100,0,0
216,1786005794.9271,1786005794.9314,0.03341,11.1648,47.6923,-46.0659,83.6923,-12.8791,10.4497,10.7680,45.1870,-48.7972,82.1178,-9.6706,10.3693,10.7680,45.1870,-48.7972,82.1178,-9.6706,10.3693,50,-50,-150,0,100,-50,0
217,1786005794.9605,1786005794.965,0.03344,11.1648,47.6044,-46.2418,83.0769,-12.8791,10.5820,10.0396,43.7223,-47.3231,82.0557,-10.1757,9.8469,10.0396,43.7223,-47.3231,82.0557,-10.1757,9.8469,0,-50,0,-250,0,50,0
218,1786005794.9939,1786005794.9984,0.03337,11.1648,47.6923,-46.5055,82.8132,-12.2637,10.3836,9.9149,45.6065,-47.9813,81.1785,-10.5767,10.4768,9.9149,45.6065,-47.9813,81.1785,-10.5767,10.4768,0,0,0,-50,150,-50,0
219,1786005795.0273,1786005795.0321,0.03339,10.9011,47.7802,-46.5934,82.6374,-11.2967,10.1852,10.6333,48.6846,-48.0921,80.1953,-13.1753,10.7025,10.6333,48.6846,-48.0921,80.1953,-13.1753,10.7025,-100,50,-50,-50,300,0,0
220,1786005795.0607,1786005795.0654,0.03343,10.7253,47.7802,-46.5934,82.0220,-11.2967,10.1852,9.5289,46.5778,-47.2953,81.5451,-12.3980,11.0879,9.5289,46.5778,-47.2953,81.5451,-12.3980,11.0879,-50,0,0,-150,50,-50,0
221,1786005795.0941,1786005795.0989,0.03334,10.6374,48.1319,-46.7692,81.3187,-11.5604,10.4497,10.5985,49.5063,-49.4942,80.0752,-13.4087,15.7370,10.5985,49.5063,-49.4942,80.0752,-13.4087,15.7370,-50,100,-50,-250,0,100,0
222,1786005795.1275,1786005795.1319,0.03342,10.3736,49.0989,-46.7692,81.0549,-12.3516,10.7804,10.3346,47.5793,-48.0097,80.7455,-12.4015,17.8706,10.3346,47.5793,-48.0097,80.7455,-12.4015,17.8706,-100,300,0,-50,-300,200,0
223,1786005795.161,1786005795.1656,0.0335,10.1978,49.9780,-46.7692,81.5824,-12.7912,11.2434,9.3496,48.4517,-49.9519,81.5179,-10.6172,19.0337,9.3496,48.4517,-49.9519,81.5179,-10.6172,19.0337,-50,300,0,200,-150,100,0
224,1786005795.1943,1786005795.1988,0.0333,10.2857,50.0659,-47.1209,80.8791,-12.5275,13.0291,10.5391,48.9271,-50.5159,81.0567,-11.6845,17.5019,10.5391,48.9271,-50.5159,81.0567,-11.6845,17.5019,50,50,-100,-300,0,800,0
225,1786005795.2277,1786005795.2331,0.03342,10.3736,49.8022,-47.5604,81.5824,-11.8242,15.2116,10.9608,50.3425,-49.8107,82.2362,-11.0129,19.8838,10.9608,50.3425,-49.8107,82.2362,-11.0129,19.8838,50,-100,-100,400,300,850,0
226,1786005795.2612,1786005795.2655,0.03346,10.3736,49.8022,-48.2637,81.2308,-11.5604,16.7989,10.6522,51.5875,-51.2464,81.3136,-12.5876,21.2701,10.6522,51.5875,-51.2464,81.3136,-12.5876,21.2701,0,0,-250,0,200,750,0
227,1786005795.2945,1786005795.2987,0.03337,10.3736,50.5055,-48.3516,81.2308,-11.6484,17.9894,10.4821,50.4481,-50.0079,82.2044,-12.2118,22.5208,10.4821,50.4481,-50.0079,82.2044,-12.2118,22.5208,0,250,0,0,-50,650,0
228,1786005795.3279,1786005795.3323,0.0334,10.2857,51.6484,-48.7912,81.7582,-11.6484,18.9815,10.2609,50.4987,-49.4690,81.9351,-12.5756,23.8006,10.2609,50.4987,-49.4690,81.9351,-12.5756,23.8006,-50,400,-100,50,-50,500,0
229,1786005795.3614,1786005795.3657,0.03344,10.5495,51.9121,-49.0549,81.0549,-12.0879,20.5026,10.4081,50.1380,-50.1880,81.7907,-13.0891,23.6750,10.4081,50.1380,-50.1880,81.7907,-13.0891,23.6750,50,50,-100,-400,-100,650,0
230,1786005795.3947,1786005795.399,0.03335,10.7253,51.7363,-48.7912,82.0220,-12.1758,21.6270,9.7374,51.8751,-52.3430,83.0002,-13.9294,23.0795,9.7374,51.8751,-52.3430,83.0002,-13.9294,23.0795,50,-50,100,450,-50,500,0
231,1786005795.4282,1786005795.4325,0.03345,10.8132,51.7363,-48.7912,81.5824,-12.7033,22.3545,10.1183,50.8100,-49.7808,82.8698,-13.9563,23.0705,10.1183,50.8100,-49.7808,82.8698,-13.9563,23.0705,50,0,0,-250,-200,250,0
232,1786005795.4616,1786005795.4661,0.03341,10.6374,52.2637,-49.4066,82.4615,-13.2308,22.3545,9.3487,54.0406,-53.7386,83.9348,-13.8704,23.0964,9.3487,54.0406,-53.7386,83.9348,-13.8704,23.0964,-50,250,-200,50,-200,150,0
233,1786005795.4949,1786005795.4992,0.03336,10.4615,52.7033,-50.0220,82.5495,-13.4945,22.5529,8.8590,52.1594,-51.9903,83.7848,-13.7645,22.9857,8.8590,52.1594,-51.9903,83.7848,-13.7645,22.9857,-100,200,-200,100,-100,100,0
234,1786005795.5284,1786005795.5326,0.03341,10.1099,52.8791,-50.5495,82.6374,-13.5824,22.6852,9.2032,52.8228,-49.0017,83.5466,-13.2257,23.3556,9.2032,52.8228,-49.0017,83.5466,-13.2257,23.3556,-50,50,-100,150,-50,50,0
235,1786005795.5618,1786005795.5661,0.03344,9.9341,53.2308,-51.0769,83.3407,-13.5824,22.6852,9.5023,52.5157,-50.5324,83.4537,-12.8922,23.2786,9.5023,52.5157,-50.5324,83.4537,-12.8922,23.2786,-100,100,-250,50,0,0,0
236,1786005795.5951,1786005795.5993,0.03336,9.8462,53.3187,-50.7253,82.9890,-13.4945,22.8836,9.6922,51.8710,-49.2852,83.8413,-12.2370,23.0914,9.6922,51.8710,-49.2852,83.8413,-12.2370,23.0914,0,0,150,-200,50,50,0
237,1786005795.6286,1786005795.6331,0.03343,9.6703,53.3187,-49.6703,82.9011,-13.4945,22.8836,9.7269,52.8135,-51.2741,84.4099,-11.1770,23.6271,9.7269,52.8135,-51.2741,84.4099,-11.1770,23.6271,0,0,400,0,0,0,0
238,1786005795.662,1786005795.6664,0.03341,9.3187,53.3187,-49.4945,83.2527,-13.2308,22.8836,10.1734,51.9661,-50.4289,84.9255,-11.7502,23.7093,10.1734,51.9661,-50.4289,84.9255,-11.7502,23.7093,-150,0,50,100,150,0,0
239,1786005795.6954,1786005795.7,0.03337,9.2308,53.4945,-49.5824,83.6923,-12.5275,23.1481,10.7387,52.2821,-49.8603,83.5562,-11.4872,23.2029,10.7387,52.2821,-49.8603,83.5562,-11.4872,23.2029,0,0,-50,150,250,100,0
240,1786005795.7288,1786005795.7334,0.03341,9.2308,53.4945,-49.8462,84.1319,-12.3516,23.2804,11.2168,52.8985,-51.7242,85.6403,-10.3623,23.4975,11.2168,52.8985,-51.7242,85.6403,-10.3623,23.4975,50,0,-150,150,50,100,0
241,1786005795.7622,1786005795.7668,0.03344,9.7582,53.4945,-49.4945,84.3077,-12.2637,23.2143,11.1306,54.0019,-53.0250,85.7882,-10.5738,23.4536,11.1306,54.0019,-53.0250,85.7882,-10.5738,23.4536,150,0,100,50,0,0,0
242,1786005795.7956,1786005795.8002,0.03336,10.1978,53.6703,-49.5824,83.7802,-11.6484,23.2143,11.1425,54.2439,-54.4958,86.8280,-10.5977,23.6673,11.1425,54.2439,-54.4958,86.8280,-10.5977,23.6673,150,50,-50,-200,250,0,0
243,1786005795.829,1786005795.8336,0.03347,10.8132,54.3736,-50.5495,84.7473,-11.2967,23.4127,10.3764,52.9292,-51.7814,85.5167,-11.7779,23.7778,10.3764,52.9292,-51.7814,85.5167,-11.7779,23.7778,250,200,-300,350,150,50,0
244,1786005795.8624,1786005795.8667,0.03338,10.9890,54.8132,-51.4286,85.8901,-11.2967,23.2804,10.1158,52.3733,-50.5288,85.1287,-11.9739,23.7604,10.1158,52.3733,-50.5288,85.1287,-11.9739,23.7604,100,150,-350,300,0,-50,0
245,1786005795.8958,1786005795.9006,0.03339,11.0769,54.9011,-51.6044,85.3626,-11.5604,23.4127,10.2650,52.8411,-50.4438,84.6498,-12.0402,23.9958,10.2650,52.8411,-50.4438,84.6498,-12.0402,23.9958,50,0,0,-100,-50,100,0
246,1786005795.9292,1786005795.9338,0.03339,10.9011,54.8132,-50.9011,85.0989,-11.7363,23.5450,9.9242,53.6306,-50.4726,84.9104,-12.8137,23.9916,9.9242,53.6306,-50.4726,84.9104,-12.8137,23.9916,-50,0,150,-100,-100,50,0
247,1786005795.9626,1786005795.9673,0.03339,10.6374,54.8132,-50.3736,85.1868,-11.7363,23.6111,10.2018,54.6202,-50.3277,83.2843,-12.7741,24.4332,10.2018,54.6202,-50.3277,83.2843,-12.7741,24.4332,-100,0,250,50,0,50,0
248,1786005795.996,1786005796.0006,0.03338,10.4615,54.9011,-50.3736,84.9231,-12.1758,23.8757,9.6707,54.2582,-50.4222,84.5150,-12.5059,24.2912,9.6707,54.2582,-50.4222,84.5150,-12.5059,24.2912,-100,50,0,0,-100,150,0
249,1786005796.0294,1786005796.0341,0.03345,10.4615,55.0769,-50.2857,84.6593,-12.3516,23.9418,9.6775,54.1861,-50.1798,84.6578,-13.3243,23.7730,9.6775,54.1861,-50.1798,84.6578,-13.3243,23.7730,0,50,50,-150,-50,0,0
250,1786005796.0628,1786005796.1768,0.03334,10.4615,55.1648,-50.2857,84.0440,-12.3516,24.1402,9.6562,57.0542,-58.1573,87.6124,-12.8432,24.4754,9.6562,57.0542,-58.1573,87.6124,-12.8432,24.4754,0,0,0,-250,0,50,1
251,1786005796.178,1786005796.1828,0.11524,10.2857,55.1648,-50.1978,84.3956,-12.9670,23.8757,10.6696,60.1728,-61.5614,90.0267,-14.1384,25.9308,10.6696,60.1728,-60.1978,90.0267,-14.1384,25.9308,0,0,0,0,0,0,1
252,1786005796.2113,1786005796.2159,0.03331,10.2857,55.1648,-50.1978,84.3956,-12.9670,23.8757,12.0470,56.8796,-58.3214,88.6632,-13.2911,24.3879,12.0470,56.8796,-58.3214,88.6632,-13.2911,24.3879,0,0,0,0,0,0,0
253,1786005796.2447,1786005796.249,0.03339,10.3736,55.8681,-50.9011,85.2747,-13.4066,24.4709,9.9855,58.4898,-60.9319,89.0012,-13.9217,24.2590,9.9855,58.4898,-60.9319,89.0012,-13.9217,24.2590,50,100,-100,350,-200,300,0
254,1786005796.2781,1786005796.2824,0.03339,10.7253,57.0989,-53.0989,86.7692,-13.4945,25.1323,10.8452,57.7405,-58.5146,90.0769,-11.1688,24.6085,10.8452,57.7405,-58.5146,90.0769,-11.1688,24.6085,100,400,-750,450,50,400,0
255,1786005796.3116,1786005796.3169,0.03348,10.8132,58.1538,-55.7363,87.8242,-13.4945,24.8677,9.3781,56.3759,-60.0688,90.0940,-12.7714,23.1849,9.3781,56.3759,-60.0688,90.0940,-12.7714,23.1849,0,350,-850,450,50,-50,0
256,1786005796.3449,1786005796.3497,0.03334,10.9011,58.3297,-57.1429,88.2637,-13.4945,24.4709,9.8970,57.6613,-58.2540,89.0950,-13.0487,22.9734,9.8970,57.6613,-58.2540,89.0950,-13.0487,22.9734,50,100,-650,100,0,-200,0
257,1786005796.3783,1786005796.3828,0.03336,10.9011,58.3297,-57.3187,89.0549,-13.1429,24.0741,11.5516,56.1364,-58.1149,88.5698,-12.7538,23.8525,11.5516,56.1364,-58.1149,88.5698,-12.7538,23.8525,0,0,-50,250,50,-100,0
258,1786005796.4118,1786005796.4164,0.03346,10.6374,58.2418,-57.3187,89.0549,-13.1429,23.4788,9.8987,55.8941,-57.7706,89.2932,-13.1811,23.6294,9.8987,55.8941,-57.7706,89.2932,-13.1811,23.6294,-100,-50,0,150,0,-400,0
259,1786005796.4452,1786005796.45,0.03343,10.3736,58.2418,-57.3187,88.4396,-13.1429,23.6772,8.9793,57.1651,-56.5275,88.6461,-11.6483,23.7116,8.9793,57.1651,-56.5275,88.6461,-11.6483,23.7116,-150,0,0,-200,0,100,0
260,1786005796.4785,1786005796.4832,0.03333,10.5495,58.3297,-57.3187,88.9670,-13.1429,23.7434,9.5687,56.1942,-55.1604,87.4684,-14.4542,23.9473,9.5687,56.1942,-55.1604,87.4684,-14.4542,23.9473,100,50,0,250,0,100,0
261,1786005796.512,1786005796.5166,0.03343,10.3736,58.3297,-56.7033,88.8791,-12.7912,23.7434,9.5273,57.6848,-56.8985,87.8991,-12.7302,24.1582,9.5273,57.6848,-56.8985,87.8991,-12.7302,24.1582,0,0,200,50,50,0,0
262,1786005796.5453,1786005796.5501,0.03338,10.2857,58.2418,-55.8242,88.0879,-12.4396,23.7434,9.7244,56.9843,-55.4395,88.5638,-12.0946,23.9562,9.7244,56.9843,-55.4395,88.5638,-12.0946,23.9562,-50,-50,350,-350,100,0,0
263,1786005796.5787,1786005796.5833,0.03338,10.1099,58.2418,-55.7363,87.9121,-12.6154,23.8095,9.3211,55.9355,-53.1059,88.4258,-11.6114,24.0209,9.3211,55.9355,-53.1059,88.4258,-11.6114,24.0209,-50,0,50,0,-100,-50,0
264,1786005796.6121,1786005796.6168,0.0334,9.9341,58.2418,-55.9121,88.1758,-12.4396,23.7434,10.0636,59.3231,-58.0678,89.8552,-14.4223,23.8515,10.0636,59.3231,-58.0678,89.8552,-14.4223,23.8515,-50,0,-50,100,50,-50,0
265,1786005796.6455,1786005796.6502,0.0334,9.9341,58.1538,-55.1209,88.2637,-12.1758,23.7434,8.9921,56.0812,-57.8468,91.8448,-14.0115,21.0160,8.9921,56.0812,-57.8468,91.8448,-14.0115,21.0160,0,-50,150,0,50,0,0
266,1786005796.6789,1786005796.6835,0.03339,10.1099,57.9780,-54.1538,88.6154,-12.6154,23.8757,8.3500,54.8068,-59.2118,90.9586,-14.2895,18.3144,8.3500,54.8068,-59.2118,90.9586,-14.2895,18.3144,50,-50,400,150,-200,100,0
267,1786005796.7123,1786005796.7171,0.03342,10.0220,58.0659,-54.4176,89.8462,-13.4945,23.3466,7.7767,54.2167,-56.8978,90.1596,-13.4140,15.6191,7.7767,54.2167,-56.8978,90.1596,-13.4140,15.6191,0,50,-50,350,-300,-100,0
268,1786005796.7458,1786005796.7509,0.03348,9.5824,57.9780,-55.6484,90.3736,-13.7582,21.6931,8.2330,54.0482,-56.2152,89.9428,-13.9973,11.7806,8.2330,54.0482,-56.2152,89.9428,-13.9973,11.7806,-150,-50,-500,200,-100,-750,0
269,1786005796.7792,1786005796.7835,0.03335,9.2308,57.9780,-56.5275,90.1099,-13.6703,19.5106,8.8989,55.6894,-57.0419,88.4802,-14.1719,12.9747,8.8989,55.6894,-57.0419,88.4802,-14.1719,12.9747,-100,0,-350,-100,50,-1000,0
270,1786005796.8126,1786005796.8172,0.03339,8.9670,57.8901,-56.6154,89.7582,-13.7582,17.1296,9.1339,54.9797,-57.3642,89.4088,-13.4654,11.3333,9.1339,54.9797,-57.3642,89.4088,-13.4654,11.3333,-100,0,0,-50,0,-1050,0
271,1786005796.846,1786005796.8507,0.03339,8.8791,57.8022,-56.4396,89.6703,-13.9341,14.9471,10.7553,57.0983,-57.5831,88.6719,-15.3551,14.2612,10.7553,57.0983,-57.5831,88.6719,-15.3551,14.2612,-50,-50,0,0,-50,-1000,0
272,1786005796.8794,1786005796.884,0.03339,9.0549,57.8901,-56.3516,89.0549,-13.7582,13.6243,9.9663,56.6112,-58.7055,89.2622,-15.4490,14.3900,9.9663,56.6112,-58.7055,89.2622,-15.4490,14.3900,50,0,50,-250,50,-500,0
273,1786005796.9127,1786005796.9169,0.03339,9.3187,57.9780,-56.3516,89.2308,-14.1978,13.3598,9.6108,56.9608,-59.1717,88.6129,-15.0633,14.7386,9.6108,56.9608,-59.1717,88.6129,-15.0633,14.7386,50,50,0,100,-50,-250,0
274,1786005796.9462,1786005796.9504,0.03341,9.5824,57.9780,-56.5275,89.2308,-14.7253,13.9550,9.7159,58.4786,-61.5773,89.2078,-15.2453,14.2768,9.7159,58.4786,-61.5773,89.2078,-15.2453,14.2768,150,0,-100,0,-200,300,0
275,1786005796.9795,1786005796.984,0.03337,9.8462,57.9780,-56.9670,89.0549,-14.7253,14.3519,9.6712,57.0156,-60.3336,88.8828,-15.3798,14.3422,9.6712,57.0156,-60.3336,88.8828,-15.3798,14.3422,50,0,-150,-50,0,150,0
276,1786005797.013,1786005797.0175,0.03344,9.9341,58.5055,-57.8462,88.9670,-14.8132,14.2196,9.5444,56.3093,-60.4441,88.7752,-14.0669,13.6630,9.5444,56.3093,-60.4441,88.7752,-14.0669,13.6630,50,150,-300,0,-50,-50,0
277,1786005797.0464,1786005797.051,0.0334,9.9341,58.9451,-58.7253,88.9670,-14.9890,14.2196,10.3255,56.5134,-62.7044,90.4777,-13.4011,12.4444,10.3255,56.5134,-62.7044,90.4777,-13.4011,12.4444,0,150,-250,0,-50,0,0
278,1786005797.0798,1786005797.0841,0.03339,9.8462,58.9451,-58.7253,88.7912,-14.6374,13.9550,10.5518,55.9578,-62.9728,89.8598,-15.7377,9.9600,10.5518,55.9578,-62.9728,89.8598,-15.7377,9.9600,-50,0,0,-50,100,-200,0
279,1786005797.1132,1786005797.1178,0.03342,9.8462,58.9451,-59.2527,89.4945,-14.1978,13.2937,10.2607,57.2999,-61.3219,89.8162,-15.6101,9.0202,10.2607,57.2999,-61.3219,89.8162,-15.6101,9.0202,0,0,-150,300,250,-250,0
280,1786005797.1466,1786005797.1513,0.03342,9.9341,58.9451,-60.0440,89.7582,-14.5495,12.1032,9.6401,57.3705,-60.4678,89.7851,-14.6013,6.6084,9.6401,57.3705,-60.4678,89.7851,-14.6013,6.6084,0,0,-250,200,-50,-550,0
281,1786005797.18,1786005797.1846,0.03337,10.0220,58.9451,-60.0440,89.7582,-15.0769,11.1111,9.5137,56.6832,-59.5388,88.3076,-15.2014,5.8578,9.5137,56.6832,-59.5388,88.3076,-15.2014,5.8578,50,0,-50,0,-200,-400,0
282,1786005797.2134,1786005797.2179,0.03344,10.1099,58.9451,-59.6044,89.7582,-14.9890,10.3175,9.5935,55.6463,-58.1642,88.5517,-14.2970,5.7826,9.5935,55.6463,-58.1642,88.5517,-14.2970,5.7826,50,0,150,0,50,-400,0
283,1786005797.2468,1786005797.2515,0.03341,10.0220,58.9451,-59.4286,89.2308,-14.9890,9.6561,9.8177,56.0512,-58.0737,88.5649,-15.8519,5.1869,9.8177,56.0512,-58.0737,88.5649,-15.8519,5.1869,0,0,100,-100,0,-300,0
284,1786005797.2802,1786005797.2848,0.03339,9.9341,58.8571,-58.7253,88.7912,-14.8132,9.4577,10.5058,55.8198,-56.3219,87.3044,-14.6286,4.3884,10.5058,55.8198,-56.3219,87.3044,-14.6286,4.3884,-50,0,200,-200,100,-100,0
285,1786005797.3136,1786005797.3181,0.03339,10.0220,58.7692,-58.1978,88.6154,-14.9890,9.1270,9.8601,55.8109,-57.8246,87.7243,-16.3138,3.2099,9.8601,55.8109,-57.8246,87.7243,-16.3138,3.2099,50,-50,200,-50,-100,-150,0
286,1786005797.3471,1786005797.3518,0.03349,10.1099,58.7692,-57.5824,88.0879,-15.2527,8.7302,8.4553,57.3352,-57.4030,88.2768,-15.5985,3.1593,8.4553,57.3352,-57.4030,88.2768,-15.5985,3.1593,0,0,250,-100,-150,-150,0
287,1786005797.3804,1786005797.385,0.03331,10.1099,58.7692,-57.1429,87.8242,-15.2527,8.3995,9.3075,56.7805,-57.7988,87.3815,-15.7363,3.2273,9.3075,56.7805,-57.7988,87.3815,-15.7363,3.2273,0,0,250,-150,0,-200,0
288,1786005797.4138,1786005797.4182,0.03343,9.8462,58.7692,-57.1429,87.9121,-15.7802,8.3333,8.7617,53.8480,-56.5484,88.7171,-15.9243,3.2502,8.7617,53.8480,-56.5484,88.7171,-15.9243,3.2502,-150,0,0,50,-200,-50,0
289,1786005797.4473,1786005797.4516,0.03344,9.7582,58.7692,-57.1429,87.8242,-15.7802,8.2672,8.7905,55.1585,-59.0209,88.2519,-17.7596,3.3400,8.7905,55.1585,-59.0209,88.2519,-17.7596,3.3400,-50,0,0,0,0,-50,0
290,1786005797.4806,1786005797.4848,0.03333,9.5824,58.3297,-56.7033,87.7363,-15.7802,8.2672,8.7290,57.2991,-59.7946,88.1594,-17.3173,3.6088,8.7290,57.2991,-59.7946,88.1594,-17.3173,3.6088,-50,-200,50,-50,0,0,0
291,1786005797.514,1786005797.5186,0.03344,9.4945,58.0659,-56.6154,88.4396,-16.3077,8.2011,8.4957,56.5520,-61.9032,90.2892,-17.3500,3.4296,8.4957,56.5520,-61.9032,90.2892,-17.3500,3.4296,0,-50,50,300,-250,0,0
292,1786005797.5474,1786005797.5518,0.03341,9.4066,58.1538,-57.3187,88.3516,-16.7473,8.2011,7.0787,56.1451,-64.3673,91.6600,-18.1393,3.8007,7.0787,56.1451,-64.3673,91.6600,-18.1393,3.8007,-50,0,-250,-50,-250,0,0
293,1786005797.5808,1786005797.5851,0.03336,9.2308,58.6813,-58.5495,88.4396,-16.8352,8.1349,7.6074,57.1965,-66.2773,92.8382,-19.2856,3.5775,7.6074,57.1965,-66.2773,92.8382,-19.2856,3.5775,-100,200,-400,-50,-50,-50,0
294,1786005797.6142,1786005797.6185,0.03339,8.7912,58.7692,-59.9560,90.2857,-17.2747,8.1349,6.9298,55.8710,-68.8085,94.5386,-17.4969,3.3600,6.9298,55.8710,-68.8085,94.5386,-17.4969,3.3600,-150,50,-500,600,-200,0,0
295,1786005797.6476,1786005797.6519,0.03344,8.5275,58.7692,-61.5385,91.4286,-17.9780,8.1349,7.3755,52.2311,-68.8159,95.6987,-19.6317,3.2420,7.3755,52.2311,-68.8159,95.6987,-19.6317,3.2420,-150,0,-500,300,-200,0,0
296,1786005797.681,1786005797.6856,0.0334,8.0879,58.7692,-63.4725,92.1319,-18.1538,7.9365,6.5396,52.9435,-70.1650,97.3130,-17.3455,3.4822,6.5396,52.9435,-70.1650,97.3130,-17.3455,3.4822,-100,0,-650,100,-100,-100,0
297,1786005797.7144,1786005797.7192,0.03341,7.8242,58.2418,-64.7912,93.8022,-18.0659,7.8704,7.9347,51.0126,-69.6539,95.3591,-20.1212,3.2381,7.9347,51.0126,-69.6539,95.3591,-20.1212,3.2381,-50,-200,-500,550,0,-50,0
298,1786005797.7479,1786005797.7525,0.03342,7.6484,57.4505,-65.9341,95.1209,-17.9780,7.8704,8.0382,51.4142,-72.9882,98.6504,-19.4737,3.4757,8.0382,51.4142,-72.9882,98.6504,-19.4737,3.4757,-50,-300,-400,450,0,0,0
299,1786005797.7812,1786005797.786,0.03336,7.5604,56.8352,-66.6374,95.6484,-17.8901,7.8704,7.8239,48.1190,-78.3156,99.8869,-23.5877,2.7161,7.8239,48.1190,-76.7253,99.8869,-23.5877,2.7161,-50,-250,-150,200,0,0,0
300,1786005797.8146,1786005797.9271,0.03339,7.6484,56.3077,-67.3407,96.0879,-18.5934,7.8042,7.7063,59.1308,-72.4198,96.7661,-19.1823,1.9373,7.7063,59.1308,-72.4198,96.7661,-19.1823,1.9373,0,-150,-150,150,-300,0,1
301,1786005797.9283,1786005797.9329,0.11365,7.9121,54.1978,-72.7912,98.8132,-22.3736,7.6720,8.0438,58.9211,-77.1676,98.3554,-23.2056,1.9616,8.0438,58.9211,-77.1676,98.3554,-23.2056,1.9616,0,-400,-350,50,-250,0,1
302,1786005797.9616,1786005797.9659,0.03335,7.9121,53.4066,-73.5824,99.0769,-22.6374,7.6058,9.6273,56.7773,-75.2771,98.9312,-22.1863,1.8638,9.6273,56.7773,-75.2771,98.9312,-22.1863,1.8638,0,-300,-250,150,-100,0,0
303,1786005797.995,1786005797.9992,0.03337,7.9121,53.3187,-74.2857,99.0769,-22.5495,7.4074,6.6329,56.9868,-76.6014,96.9644,-21.3844,1.7252,6.6329,56.9868,-76.6014,96.9644,-21.3844,1.7252,0,0,-250,50,50,-100,0
304,1786005798.0284,1786005798.0326,0.03339,7.9121,54.3736,-74.5495,98.6374,-22.5495,7.3413,7.3497,58.3075,-79.9024,99.8913,-20.2318,1.8949,7.3497,58.3075,-79.9024,99.8913,-20.2318,1.8949,0,400,-100,-150,0,0,0
305,1786005798.0618,1786005798.0661,0.03343,8.1758,56.2198,-74.6374,98.6374,-21.9341,7.3413,5.4437,57.2585,-80.4848,99.9947,-24.3398,2.3180,5.4437,57.2585,-80.4848,99.9947,-24.3398,2.3180,150,600,-50,0,200,0,0
306,1786005798.0952,1786005798.0995,0.0334,8.2637,57.9780,-75.3407,98.5495,-21.4066,7.3413,5.3533,54.6044,-83.0673,102.4297,-25.6297,2.0853,5.3533,54.6044,-83.0673,102.4297,-25.6297,2.0853,50,650,-150,-50,200,0,0
307,1786005798.1286,1786005798.1328,0.03339,7.8242,58.8571,-76.2198,99.2527,-21.3187,7.3413,6.1391,55.9538,-82.4542,100.8256,-26.1554,2.1863,6.1391,55.9538,-82.4542,100.8256,-26.1554,2.1863,-200,200,-350,300,150,0,0
308,1786005798.162,1786005798.1662,0.0334,7.3846,58.6813,-77.4505,100.3956,-22.3736,7.3413,3.2557,49.0643,-85.4368,104.8894,-26.4350,2.4486,3.2557,49.0643,-85.4368,104.8894,-26.4350,2.4486,-150,50,-500,400,-350,0,0
309,1786005798.1954,1786005798.1996,0.03341,6.5934,58.0659,-78.7692,101.1868,-24.0440,7.3413,-0.4363,48.5322,-82.2794,102.8055,-28.1692,2.1765,-0.4363,48.5322,-82.2794,102.8055,-28.1692,2.1765,-250,-150,-500,350,-550,0,0
310,1786005798.2288,1786005798.2329,0.03339,5.9780,57.2747,-80.1758,101.3626,-25.0110,7.3413,0.1462,47.6619,-85.6205,103.2384,-26.3117,2.3997,0.1462,47.6619,-85.6205,103.2384,-26.3117,2.3997,-200,-250,-500,50,-400,0,0
311,1786005798.2622,1786005798.2663,0.03341,4.6593,56.1319,-80.9670,102.4176,-26.1538,7.3413,0.0933,46.3349,-85.4825,104.6771,-26.8481,2.2756,0.0933,46.3349,-85.4825,104.6771,-26.8481,2.2756,-350,-450,-200,350,-350,0,0
312,1786005798.2956,1786005798.2998,0.03341,3.3407,55.1648,-81.3187,102.5934,-26.7692,7.3413,-2.1488,46.7786,-87.8655,105.8720,-31.2629,2.5959,-2.1488,46.7786,-87.8655,105.8720,-31.2629,2.5959,-400,-350,-50,100,-200,0,0
313,1786005798.329,1786005798.3334,0.0334,2.3736,53.9341,-82.0220,103.0330,-26.5055,7.3413,-3.9272,44.2202,-87.7115,104.0578,-33.7504,2.0431,-3.9272,44.2202,-87.7115,104.0578,-33.7504,2.0431,-300,-400,-250,100,100,0,0
314,1786005798.3624,1786005798.3666,0.0334,1.5824,52.9670,-83.2527,104.1758,-27.1209,7.3413,-4.5388,42.8996,-84.3233,103.2846,-36.9283,2.3425,-4.5388,42.8996,-84.3233,103.2846,-36.9283,2.3425,-300,-300,-450,400,-50,0,0
315,1786005798.3958,1786005798.4001,0.03339,0.4396,51.7363,-84.3956,104.1758,-29.2308,7.2751,-5.4592,42.5889,-83.5753,102.9097,-35.2012,2.2578,-5.4592,42.5889,-83.5753,102.9097,-35.2012,2.2578,-400,-400,-500,100,-750,-50,0
316,1786005798.4292,1786005798.4334,0.03337,-0.5275,50.2418,-84.2198,103.8242,-31.9560,7.2751,-5.8670,42.2341,-83.3436,103.0539,-38.3843,2.5173,-5.8670,42.2341,-83.3436,103.0539,-38.3843,2.5173,-300,-550,0,-100,-950,0,0
317,1786005798.4626,1786005798.4669,0.03339,-1.5824,48.7473,-83.4286,103.5604,-33.9780,7.2751,-6.7655,39.2998,-84.9021,102.6974,-33.3703,2.5871,-6.7655,39.2998,-84.9021,102.6974,-33.3703,2.5871,-350,-450,250,-50,-750,0,0
318,1786005798.496,1786005798.5002,0.03341,-2.5495,47.6923,-83.0769,103.4725,-35.5604,7.2751,-7.1033,40.1157,-84.2984,102.4926,-34.3650,2.7531,-7.1033,40.1157,-84.2984,102.4926,-34.3650,2.7531,-350,-450,200,0,-550,0,0
319,1786005798.5294,1786005798.5336,0.03339,-3.7802,46.8132,-83.0769,103.4725,-36.4396,7.2751,-5.7976,43.6094,-83.8644,101.4898,-31.7790,2.8979,-5.7976,43.6094,-83.8644,101.4898,-31.7790,2.8979,-450,-300,0,0,-200,0,0
320,1786005798.5628,1786005798.567,0.03344,-4.8352,46.0220,-83.0769,103.2967,-35.4725,7.2751,-5.2587,44.7642,-85.9564,102.7012,-33.9626,2.8692,-5.2587,44.7642,-85.9564,102.7012,-33.9626,2.8692,-300,-250,0,-50,200,0,0
321,1786005798.5962,1786005798.6003,0.03336,-5.4505,45.6703,-83.0769,102.6813,-34.1538,7.2751,-6.7834,42.8273,-85.1690,101.4263,-32.7730,2.8573,-6.7834,42.8273,-85.1690,101.4263,-32.7730,2.8573,-300,-150,0,-200,450,0,0
322,1786005798.6296,1786005798.6338,0.03343,-5.4505,45.8462,-83.6923,102.6813,-33.1868,7.2751,-7.4894,42.7877,-86.9316,101.5504,-32.1628,2.9512,-7.4894,42.7877,-86.9316,101.5504,-32.1628,2.9512,0,50,-150,-50,250,0,0
323,1786005798.663,1786005798.6671,0.03341,-5.5385,46.1099,-84.1319,102.7692,-33.2747,7.2751,-9.4625,43.2536,-87.1061,102.0424,-34.8020,2.9645,-9.4625,43.2536,-87.1061,102.0424,-34.8020,2.9645,0,100,-150,50,-50,0,0
324,1786005798.6964,1786005798.7005,0.03337,-5.8901,46.2857,-84.2198,102.4176,-33.1868,7.2751,-9.0743,43.0052,-88.6660,102.0304,-31.7184,2.7708,-9.0743,43.0052,-88.6660,102.0304,-31.7184,2.7708,-100,50,-50,-150,0,0,0
325,1786005798.7298,1786005798.7347,0.03342,-6.4176,46.2857,-84.4835,102.4176,-33.3626,7.2751,-10.3822,41.0613,-87.0297,102.2831,-33.4553,2.6652,-10.3822,41.0613,-87.0297,102.2831,-33.4553,2.6652,-200,0,-100,0,-100,0,0
326,1786005798.7632,1786005798.7678,0.0334,-7.2967,46.1978,-85.3626,102.4176,-33.9780,7.2751,-9.7044,44.5408,-88.7154,101.3745,-34.0971,2.8146,-9.7044,44.5408,-88.7154,101.3745,-34.0971,2.8146,-300,-50,-250,0,-250,0,0
327,1786005798.7965,1786005798.8012,0.03334,-8.2637,45.8462,-85.9780,102.4176,-33.8022,7.2751,-8.8595,40.2573,-86.6552,100.8563,-35.4767,2.5247,-8.8595,40.2573,-86.6552,100.8563,-35.4767,2.5247,-300,-150,-150,0,50,0,0
328,1786005798.83,1786005798.8342,0.03346,-8.7912,45.4066,-86.0659,102.2418,-33.8022,7.2751,-11.8929,40.5348,-86.7553,102.1064,-33.5893,2.6469,-11.8929,40.5348,-86.7553,102.1064,-33.5893,2.6469,-200,-200,0,0,-50,0,0
329,1786005798.8634,1786005798.8675,0.03337,-8.9670,45.1429,-86.3297,101.8901,-34.5934,7.2751,-11.6780,41.1056,-88.9800,102.3215,-33.6675,2.8339,-11.6780,41.1056,-88.9800,102.3215,-33.6675,2.8339,-50,-100,-100,-150,-250,0,0
330,1786005798.8968,1786005798.901,0.03341,-8.9670,44.8791,-85.9780,101.8901,-34.5934,7.2751,-12.7607,40.3756,-83.3710,101.0812,-34.1804,3.0560,-12.7607,40.3756,-83.3710,101.0812,-34.1804,3.0560,0,-50,100,0,-50,0,0
331,1786005798.9302,1786005798.9344,0.03339,-9.4945,44.8791,-86.1538,102.1538,-34.3297,7.2751,-12.0963,39.3754,-86.2922,101.4535,-33.3943,3.0178,-12.0963,39.3754,-86.2922,101.4535,-33.3943,3.0178,-200,0,0,150,150,0,0
332,1786005798.9636,1786005798.9678,0.03338,-10.1978,44.8791,-86.4176,101.8901,-34.3297,7.2751,-9.5745,40.4428,-84.6355,101.5922,-32.3912,2.7239,-9.5745,40.4428,-84.6355,101.5922,-32.3912,2.7239,-250,0,-100,-100,0,0,0
333,1786005798.997,1786005799.0011,0.03344,-10.9011,44.7033,-86.0659,101.8022,-33.8901,7.2090,-10.1751,39.8124,-84.3954,98.3196,-34.3151,3.2076,-10.1751,39.8124,-84.3954,98.3196,-34.3151,3.2076,-250,-100,200,0,100,-50,0
334,1786005799.0304,1786005799.0346,0.0334,-10.9011,44.5275,-85.0989,101.8022,-33.2747,7.2090,-9.9402,39.5933,-85.6428,99.4451,-28.4291,3.2378,-9.9402,39.5933,-85.6428,99.4451,-28.4291,3.2378,-50,-100,300,0,150,0,0
335,1786005799.0638,1786005799.0681,0.03339,-10.6374,44.2637,-84.6593,101.3626,-33.3626,7.2090,-9.2304,37.2864,-82.4711,100.7974,-26.1550,3.2560,-9.2304,37.2864,-82.4711,100.7974,-26.1550,3.2560,100,-50,200,-100,100,0,0
336,1786005799.0972,1786005799.1028,0.0334,-10.0220,44.1758,-84.5714,100.4835,-33.8022,7.2090,-9.7605,41.1923,-83.3815,98.6584,-27.0050,3.2315,-9.7605,41.1923,-83.3815,98.6584,-27.0050,3.2315,150,0,0,-250,-150,0,0
337,1786005799.1306,1786005799.1347,0.0334,-9.5824,43.7363,-84.3956,100.7473,-32.9231,7.2090,-9.9422,39.6802,-82.9161,99.5316,-27.5461,3.3091,-9.9422,39.6802,-82.9161,99.5316,-27.5461,3.3091,150,-250,0,-50,350,0,0
338,1786005799.164,1786005799.1682,0.03338,-9.5824,42.7692,-83.6044,100.8352,-30.8132,7.2090,-9.4938,38.1148,-81.7100,100.5462,-28.9503,3.0458,-9.4938,38.1148,-81.7100,100.5462,-28.9503,3.0458,0,-350,300,50,700,0,0
339,1786005799.1974,1786005799.2016,0.03344,-9.6703,42.4176,-83.1648,100.4835,-29.0549,7.2090,-10.2854,38.3518,-80.3543,98.8571,-29.3683,3.4588,-10.2854,38.3518,-80.3543,98.8571,-29.3683,3.4588,-50,-100,100,-150,600,0,0
340,1786005799.2309,1786005799.2351,0.03345,-9.9341,42.4176,-82.5495,100.4835,-29.0549,7.2090,-9.9676,38.2142,-81.0488,99.3680,-32.4622,3.4538,-9.9676,38.2142,-81.0488,99.3680,-32.4622,3.4538,-100,0,150,-50,0,0,0
341,1786005799.2642,1786005799.2683,0.0333,-9.9341,42.2418,-81.3187,100.3077,-29.3187,7.2090,-9.4893,35.4353,-80.8376,99.6479,-32.6879,3.1877,-9.4893,35.4353,-80.8376,99.6479,-32.6879,3.1877,0,-50,450,0,-150,0,0
342,1786005799.2976,1786005799.3019,0.03343,-9.6703,42.3297,-81.0549,99.8681,-30.0220,7.2090,-9.1402,32.9494,-78.0780,101.5497,-34.1097,3.1571,-9.1402,32.9494,-78.0780,101.5497,-34.1097,3.1571,100,50,0,-150,-150,0,0
343,1786005799.3311,1786005799.3354,0.03347,-9.5824,42.0659,-80.7912,100.0440,-31.2527,7.2090,-9.5743,33.8577,-81.3802,101.6043,-31.6839,3.6392,-9.5743,33.8577,-81.3802,101.6043,-31.6839,3.6392,50,-100,50,50,-400,0,0
344,1786005799.3644,1786005799.3686,0.03336,-9.4066,40.3956,-79.8242,100.3956,-32.5714,7.2090,-9.9286,36.8355,-81.1700,101.6738,-31.4029,3.3284,-9.9286,36.8355,-81.1700,101.6738,-31.4029,3.3284,50,-450,300,50,-400,0,0
345,1786005799.3978,1786005799.4021,0.03342,-9.4945,38.9890,-78.8571,101.0989,-32.4835,7.2090,-11.0096,36.8370,-80.0996,101.0104,-33.2108,3.4120,-11.0096,36.8370,-80.0996,101.0104,-33.2108,3.4120,0,-550,350,200,-100,0,0
346,1786005799.4312,1786005799.4355,0.03339,-9.4945,38.5495,-79.1209,101.1868,-31.9560,7.2090,-9.5786,36.8997,-82.0202,100.7357,-30.3523,3.2231,-9.5786,36.8997,-82.0202,100.7357,-30.3523,3.2231,-50,-100,0,50,150,0,0
347,1786005799.4646,1786005799.4689,0.03337,-9.8462,38.7253,-79.6484,101.1868,-31.9560,7.2090,-9.1759,35.6852,-80.0497,101.4614,-33.0702,3.2165,-9.1759,35.6852,-80.0497,101.4614,-33.0702,3.2165,-100,0,-250,0,-100,0,0
348,1786005799.498,1786005799.5022,0.03339,-9.9341,38.9011,-79.8242,101.1868,-32.3077,7.2090,-8.9401,35.0386,-78.5781,101.2828,-35.1841,3.3628,-8.9401,35.0386,-78.5781,101.2828,-35.1841,3.3628,0,50,-50,0,-200,0,0
349,1786005799.5314,1786005799.5356,0.03344,-9.8462,38.9011,-79.7363,101.3626,-32.3956,7.2090,-8.6778,36.2318,-82.8224,102.1855,-34.0771,3.1986,-8.6778,36.2318,-82.8224,102.1855,-34.0771,3.1986,0,0,0,50,0,0,0
350,1786005799.5648,1786005799.6759,0.03338,-9.4066,38.8132,-78.9451,101.3626,-33.4505,7.2090,-9.9296,42.0300,-87.4473,101.8279,-25.0196,2.1171,-9.9296,42.0300,-87.4473,101.8279,-25.0196,2.1171,100,-50,250,0,-400,0,1
351,1786005799.6771,1786005799.6822,0.1123,-8.7033,38.9890,-79.9121,101.9780,-33.9780,7.2090,-10.8959,38.8547,-83.0677,101.0811,-28.3135,2.0883,-10.8959,38.8547,-83.0677,101.0811,-28.3135,2.0883,0,0,-150,0,-50,0,1
352,1786005799.7104,1786005799.7147,0.03333,-8.8791,38.8132,-80.2637,101.9780,-33.8022,7.2090,-10.1288,38.2112,-81.3201,101.4783,-27.1422,2.2406,-10.1288,38.2112,-81.3201,101.4783,-27.1422,2.2406,0,-50,-100,0,100,0,0
353,1786005799.7439,1786005799.7482,0.03345,-9.3187,38.9011,-80.8791,101.8022,-33.2747,7.2090,-8.6845,38.3181,-78.2618,100.5497,-25.4735,1.9303,-8.6845,38.3181,-78.2618,100.5497,-25.4735,1.9303,-150,100,-250,-50,250,0,0
354,1786005799.7772,1786005799.7817,0.03336,-9.6703,39.3407,-80.7912,101.8022,-31.1648,7.2090,-9.9227,39.7430,-80.5944,99.7341,-24.9545,2.3639,-9.9227,39.7430,-80.5944,99.7341,-24.9545,2.3639,-100,150,50,0,650,0,0
355,1786005799.8107,1786005799.8149,0.03341,-9.6703,39.5165,-79.5604,101.4505,-28.7033,7.2090,-7.7271,37.8236,-78.3806,100.2684,-22.4967,2.2272,-7.7271,37.8236,-78.3806,100.2684,-22.4967,2.2272,0,100,450,-200,850,0,0
356,1786005799.8441,1786005799.8483,0.03341,-9.4945,40.0440,-78.5934,100.9231,-27.2967,7.2090,-8.2684,39.0624,-78.8709,99.1244,-22.3217,2.3364,-8.2684,39.0624,-78.8709,99.1244,-22.3217,2.3364,50,200,450,-200,450,0,0
357,1786005799.8774,1786005799.8819,0.03337,-9.1429,40.4835,-78.5934,100.9231,-26.1538,7.2090,-9.1385,35.7605,-75.0901,101.1295,-22.0755,2.6213,-9.1385,35.7605,-75.0901,101.1295,-22.0755,2.6213,150,250,0,0,350,0,0
358,1786005799.9108,1786005799.915,0.03339,-8.7912,40.4835,-78.5934,100.4835,-24.3956,7.2090,-7.4683,35.8821,-75.5705,100.8294,-22.1992,2.4704,-7.4683,35.8821,-75.5705,100.8294,-22.1992,2.4704,50,0,0,-150,600,0,0
359,1786005799.9443,1786005799.9489,0.03345,-8.7033,40.2198,-77.9780,100.3077,-23.9560,7.2090,-8.1986,36.5028,-74.9995,100.7000,-22.4743,2.4284,-8.1986,36.5028,-74.9995,100.7000,-22.4743,2.4284,50,-100,100,-150,100,0,0
360,1786005799.9776,1786005799.9823,0.03336,-8.7033,39.4286,-76.5714,100.7473,-23.2527,7.2090,-5.9516,36.3119,-75.5934,100.7827,-22.1202,2.5517,-5.9516,36.3119,-75.5934,100.7827,-22.1202,2.5517,0,-300,550,150,200,0,0
361,1786005800.011,1786005800.0157,0.03338,-8.6154,39.4286,-75.7802,100.7473,-23.1648,7.2090,-5.0080,34.7382,-72.0260,100.4546,-19.7905,2.4789,-5.0080,34.7382,-72.0260,100.4546,-19.7905,2.4789,50,0,200,0,50,0,0
362,1786005800.0445,1786005800.0491,0.03344,-8.2637,39.5165,-75.6923,100.7473,-22.9890,7.2090,-4.5439,35.2309,-73.6626,99.1513,-20.3336,2.6440,-4.5439,35.2309,-73.6626,99.1513,-20.3336,2.6440,50,50,50,0,100,0,0
363,1786005800.0779,1786005800.0826,0.03345,-7.2088,39.6044,-74.8132,100.7473,-22.2857,7.2090,-5.6547,34.8388,-70.3466,99.1448,-21.3078,2.5760,-5.6547,34.8388,-70.3466,99.1448,-21.3078,2.5760,400,0,300,0,150,0,0
364,1786005800.1113,1786005800.1158,0.03338,-6.0659,39.4286,-73.6703,100.3956,-21.0549,7.2090,-4.9073,33.1012,-70.2007,101.0407,-18.2092,2.6661,-4.9073,33.1012,-70.2007,101.0407,-18.2092,2.6661,400,-100,350,-150,550,0,0
365,1786005800.1447,1786005800.1491,0.03339,-5.5385,39.1648,-72.5275,99.9560,-21.5824,7.2090,-5.1552,33.2217,-69.3215,99.7273,-18.4309,2.4574,-5.1552,33.2217,-69.3215,99.7273,-18.4309,2.4574,250,-100,300,-200,-250,0,0
366,1786005800.1781,1786005800.1827,0.03342,-5.2747,38.7253,-71.1209,100.3077,-21.2308,7.2090,-5.0766,33.5715,-68.9501,99.2924,-17.4567,2.7373,-5.0766,33.5715,-68.9501,99.2924,-17.4567,2.7373,100,-150,550,100,0,0,0
367,1786005800.2114,1786005800.216,0.03333,-5.1868,38.5495,-69.9780,100.6593,-20.0879,7.2090,-6.1970,34.7969,-68.5194,99.1814,-16.2020,2.3308,-6.1970,34.7969,-68.5194,99.1814,-16.2020,2.3308,0,-100,300,100,400,0,0
368,1786005800.2449,1786005800.2496,0.03345,-5.4505,38.4615,-69.3626,100.2198,-19.0330,7.2090,-5.7509,33.8906,-71.8111,100.4139,-16.3135,2.5781,-5.7509,33.8906,-71.8111,100.4139,-16.3135,2.5781,-100,-50,250,-250,350,0,0
369,1786005800.2782,1786005800.283,0.03336,-5.5385,38.4615,-68.8352,99.9560,-18.0659,7.2090,-6.2871,33.8464,-69.8252,100.4161,-15.8644,2.5252,-6.2871,33.8464,-69.8252,100.4161,-15.8644,2.5252,-50,0,200,-150,250,0,0
370,1786005800.3116,1786005800.3165,0.0334,-5.5385,38.4615,-68.8352,100.0440,-17.4505,7.2090,-6.4121,32.6267,-69.4528,100.3531,-16.3494,2.5124,-6.4121,32.6267,-69.4528,100.3531,-16.3494,2.5124,0,0,0,50,200,0,0
371,1786005800.3451,1786005800.3495,0.03343,-5.6264,38.4615,-68.9231,100.3077,-16.9231,7.2090,-6.6038,31.8342,-68.9194,100.9706,-14.5424,2.5532,-6.6038,31.8342,-68.9194,100.9706,-14.5424,2.5532,0,0,-50,50,150,0,0
372,1786005800.3785,1786005800.3832,0.03344,-5.7143,38.2857,-68.9231,100.3077,-16.9231,7.2090,-5.3263,32.6644,-69.5744,100.0368,-13.0722,2.5722,-5.3263,32.6644,-69.5744,100.0368,-13.0722,2.5722,-50,-50,-50,0,50,0,0
373,1786005800.4118,1786005800.4165,0.03329,-5.7143,37.3187,-68.3956,100.5714,-16.1319,7.2090,-6.4510,37.2225,-71.1510,99.3113,-12.7595,2.4200,-6.4510,37.2225,-71.1510,99.3113,-12.7595,2.4200,0,-300,150,100,200,0,0
374,1786005800.4452,1786005800.4498,0.0334,-5.6264,37.1429,-68.3956,100.3077,-14.9011,7.2090,-6.1234,34.1185,-71.4120,100.6124,-13.3148,2.6418,-6.1234,34.1185,-71.4120,100.6124,-13.3148,2.6418,50,-100,0,-100,450,0,0
375,1786005800.4786,1786005800.4834,0.0334,-5.5385,37.0549,-68.9231,99.9560,-13.9341,7.2090,-4.3595,34.7887,-71.5527,99.8511,-13.5220,2.7391,-4.3595,34.7887,-71.5527,99.8511,-13.5220,2.7391,50,-50,-150,-150,300,0,0
376,1786005800.512,1786005800.5166,0.03339,-5.5385,37.4066,-69.3626,100.2198,-14.1978,7.2090,-6.1769,34.8273,-69.0218,100.7492,-13.6223,2.7485,-6.1769,34.8273,-69.0218,100.7492,-13.6223,2.7485,0,100,-150,100,-150,0,0
377,1786005800.5455,1786005800.5502,0.03345,-5.5385,37.4945,-69.3626,100.3077,-13.8462,7.2090,-4.2587,35.0493,-68.1434,99.5374,-13.5336,2.7596,-4.2587,35.0493,-68.1434,99.5374,-13.5336,2.7596,0,0,0,0,150,0,0
378,1786005800.5788,1786005800.5837,0.03336,-5.4505,37.4945,-69.1868,100.3077,-13.8462,7.2090,-3.5771,35.3369,-69.1296,99.9812,-10.7184,2.5624,-3.5771,35.3369,-69.1296,99.9812,-10.7184,2.5624,50,0,0,-50,50,0,0
379,1786005800.6123,1786005800.6173,0.03345,-5.0989,37.4066,-68.3956,100.3077,-14.0220,7.2090,-4.1586,34.0185,-66.9711,100.4079,-10.3648,2.5642,-4.1586,34.0185,-66.9711,100.4079,-10.3648,2.5642,150,-50,350,0,-150,0,0
380,1786005800.6456,1786005800.6501,0.03337,-4.5714,37.4066,-68.3077,100.3077,-13.3187,7.2090,-4.2819,34.1199,-67.5004,98.7054,-11.9212,2.6125,-4.2819,34.1199,-67.5004,98.7054,-11.9212,2.6125,200,0,50,0,250,0,0
381,1786005800.6791,1786005800.6837,0.03345,-4.2198,37.4945,-68.0440,100.3956,-11.7363,7.1429,-5.2624,34.2426,-68.3929,97.9879,-11.4877,2.6071,-5.2624,34.2426,-68.3929,97.9879,-11.4877,2.6071,150,50,50,50,500,-50,0
382,1786005800.7124,1786005800.717,0.03332,-4.1319,37.4945,-67.4286,100.0440,-11.8242,7.1429,-7.0531,35.1735,-66.9050,100.0009,-10.4243,2.5739,-7.0531,35.1735,-66.9050,100.0009,-10.4243,2.5739,50,0,200,-100,50,0,0
383,1786005800.7458,1786005800.7506,0.03341,-4.3077,37.4945,-67.4286,99.1648,-12.2637,7.1429,-6.6139,35.9042,-67.9380,99.9458,-9.9558,2.5052,-6.6139,35.9042,-67.9380,99.9458,-9.9558,2.5052,-50,0,0,-300,-150,0,0
384,1786005800.7793,1786005800.784,0.03346,-5.0110,37.4945,-67.1648,99.4286,-11.5604,7.1429,-8.1304,34.4764,-69.1973,99.6194,-10.0040,2.8010,-8.1304,34.4764,-69.1973,99.6194,-10.0040,2.8010,-200,0,50,-50,300,0,0
385,1786005800.8126,1786005800.8173,0.03333,-5.5385,37.4945,-66.9011,99.7802,-10.5934,7.1429,-8.8160,31.7735,-66.1184,99.5139,-9.8420,2.7879,-8.8160,31.7735,-66.1184,99.5139,-9.8420,2.7879,-200,0,50,200,300,0,0
386,1786005800.846,1786005800.8505,0.03339,-6.2418,37.4945,-67.0769,99.7802,-10.7692,7.1429,-7.9683,32.4338,-66.4017,99.2710,-8.9085,2.6433,-7.9683,32.4338,-66.4017,99.2710,-8.9085,2.6433,-250,0,-100,0,-100,0,0
387,1786005800.8794,1786005800.8842,0.03344,-7.0330,37.2308,-67.0769,99.6923,-10.5934,7.1429,-8.1543,34.0129,-67.7521,97.7108,-8.4253,2.6500,-8.1543,34.0129,-67.7521,97.7108,-8.4253,2.6500,-200,-50,0,-50,0,0,0
388,1786005800.9128,1786005800.9174,0.03338,-7.1209,36.6154,-66.4615,99.6923,-9.9780,7.1429,-7.5745,34.1840,-67.6352,96.4874,-7.9839,2.7054,-7.5745,34.1840,-67.6352,96.4874,-7.9839,2.7054,-50,-200,250,0,200,0,0
389,1786005800.9462,1786005800.9509,0.03337,-7.3846,36.5275,-66.2857,99.1648,-9.1868,7.1429,-6.5774,33.6101,-66.0810,96.6918,-9.8165,2.6019,-6.5774,33.6101,-66.0810,96.6918,-9.8165,2.6019,-100,0,0,-200,350,0,0
390,1786005800.9797,1786005800.9847,0.03352,-7.3846,36.6154,-66.3736,98.0220,-8.9231,7.1429,-5.5383,32.8899,-65.7565,98.2979,-9.6856,2.5603,-5.5383,32.8899,-65.7565,98.2979,-9.6856,2.5603,0,0,-50,-350,100,0,0
391,1786005801.013,1786005801.0177,0.03328,-7.2088,36.6154,-66.0220,97.6703,-9.0110,7.1429,-5.6602,32.6681,-65.2342,97.7484,-9.1201,2.6972,-5.6602,32.6681,-65.2342,97.7484,-9.1201,2.6972,50,0,150,-150,50,0,0
392,1786005801.0464,1786005801.0511,0.03338,-6.6813,36.6154,-65.5824,98.0220,-9.4505,7.1429,-6.4598,34.3914,-66.6772,98.3044,-9.7740,2.3506,-6.4598,34.3914,-66.6772,98.3044,-9.7740,2.3506,150,0,100,150,-250,0,0
393,1786005801.0798,1786005801.0844,0.0334,-6.1538,36.6154,-65.3187,98.1099,-9.1868,7.1429,-5.9244,33.0087,-66.2998,98.8731,-7.7112,2.4774,-5.9244,33.0087,-66.2998,98.8731,-7.7112,2.4774,150,0,100,0,50,0,0
394,1786005801.1131,1786005801.1178,0.03337,-6.0659,36.6154,-65.3187,98.1978,-9.5385,7.1429,-3.4206,34.1079,-64.8054,98.6548,-7.6252,2.4904,-3.4206,34.1079,-64.8054,98.6548,-7.6252,2.4904,50,0,0,0,-50,0,0
395,1786005801.1465,1786005801.1513,0.03339,-5.8901,36.6154,-65.3187,98.5495,-9.0110,7.1429,-2.3044,38.2699,-70.9065,99.4462,-8.8307,2.6718,-2.3044,38.2699,-70.9065,99.4462,-8.8307,2.6718,50,0,0,150,150,0,0
396,1786005801.1799,1786005801.1846,0.0334,-5.8022,36.6154,-64.7912,98.5495,-8.3956,7.1429,-3.9613,34.2898,-66.8508,99.0486,-9.0932,2.5445,-3.9613,34.2898,-66.8508,99.0486,-9.0932,2.5445,50,0,100,0,150,0,0
397,1786005801.2133,1786005801.2179,0.03338,-4.7473,36.7912,-64.7033,98.9011,-8.3077,7.1429,-5.3215,36.5425,-68.3790,99.5595,-8.3935,2.5115,-5.3215,36.5425,-68.3790,99.5595,-8.3935,2.5115,350,0,50,150,150,0,0
398,1786005801.2468,1786005801.2512,0.03346,-3.9560,37.4945,-65.1429,98.9011,-8.8352,7.1429,-5.8339,36.6401,-66.6815,98.9636,-9.4799,2.6750,-5.8339,36.6401,-66.6815,98.9636,-9.4799,2.6750,250,200,-150,0,-150,0,0
399,1786005801.2802,1786005801.2849,0.03341,-3.9560,37.6703,-65.4066,99.1648,-8.7473,7.1429,-5.0972,38.3945,-66.7426,99.6558,-9.0462,2.6044,-5.0972,38.3945,-66.7426,99.6558,-9.0462,2.6044,0,100,-50,100,50,0,0
400,1786005801.3135,1786005801.4269,0.03334,-4.0440,37.7582,-65.4945,99.1648,-8.9231,7.1429,-3.5560,39.5747,-67.1529,99.1475,-7.5150,2.3522,-3.5560,39.5747,-67.1529,99.1475,-7.5150,2.3522,0,50,-50,50,0,0,1
401,1786005801.4281,1786005801.4332,0.11457,-4.9231,38.9011,-65.5824,99.4286,-8.7473,7.1429,-4.2400,40.4175,-67.0096,99.1543,-7.5494,2.5037,-4.2400,40.4175,-67.0096,99.1543,-7.5494,2.5037,0,100,50,0,0,0,1
402,1786005801.4614,1786005801.4658,0.03331,-4.3956,39.3407,-65.5824,99.4286,-8.7473,7.1429,-5.0778,39.8724,-67.0937,99.1061,-5.9357,2.3906,-5.0778,39.8724,-67.0937,99.1061,-5.9357,2.3906,200,100,50,0,0,0,0
403,1786005801.4949,1786005801.4996,0.03352,-4.2198,39.9560,-65.6703,99.4286,-8.4835,7.1429,-4.8791,39.9117,-68.5459,99.2867,-6.6973,1.9827,-4.8791,39.9117,-68.5459,99.2867,-6.6973,1.9827,50,200,-50,0,-50,0,0
404,1786005801.5282,1786005801.5329,0.0333,-4.2198,40.4835,-65.7582,99.4286,-7.4286,7.1429,-6.2692,39.0767,-67.9528,99.0360,-6.5777,2.1101,-6.2692,39.0767,-67.9528,99.0360,-6.5777,2.1101,0,200,-50,0,350,0,0
405,1786005801.5615,1786005801.5662,0.03334,-4.3956,40.7473,-65.8462,99.4286,-6.9890,7.1429,-5.5514,41.9514,-69.4711,98.9602,-6.0698,2.2216,-5.5514,41.9514,-69.4711,98.9602,-6.0698,2.2216,-50,100,-50,0,100,0,0
406,1786005801.5951,1786005801.5994,0.03353,-4.8352,40.8352,-65.8462,99.4286,-7.1648,7.1429,-5.4162,40.1088,-69.5736,98.5097,-6.6093,2.4889,-5.4162,40.1088,-69.5736,98.5097,-6.6093,2.4889,-150,50,0,0,-50,0,0
407,1786005801.6284,1786005801.633,0.03334,-5.0989,40.9231,-66.1978,99.4286,-6.8132,7.1429,-5.5060,38.5177,-69.0684,98.2294,-6.4545,2.2283,-5.5060,38.5177,-69.0684,98.2294,-6.4545,2.2283,-100,0,-50,0,150,0,0
408,1786005801.6618,1786005801.666,0.03335,-5.1868,41.3626,-67.1648,99.1648,-6.7253,7.1429,-6.3967,40.1123,-69.6663,98.1955,-6.8239,2.0833,-6.3967,40.1123,-69.6663,98.1955,-6.8239,2.0833,-50,150,-300,-100,50,0,0
409,1786005801.6952,1786005801.6997,0.03343,-5.2747,41.4505,-67.2527,98.9011,-6.8132,7.1429,-6.1919,40.5953,-70.4874,98.1535,-6.0045,2.1525,-6.1919,40.5953,-70.4874,98.1535,-6.0045,2.1525,0,50,-50,-50,0,0,0
410,1786005801.7286,1786005801.7332,0.03338,-5.4505,41.5385,-67.2527,98.8132,-6.7253,7.1429,-5.9714,40.4003,-70.1651,97.9008,-6.7067,2.3762,-5.9714,40.4003,-70.1651,97.9008,-6.7067,2.3762,-50,50,0,-50,100,0,0
411,1786005801.762,1786005801.7666,0.0334,-5.4505,41.7143,-67.3407,98.8132,-6.6374,7.1429,-5.7319,40.8472,-70.3452,98.6173,-6.7986,2.2191,-5.7319,40.8472,-70.3452,98.6173,-6.7986,2.2191,0,50,-50,0,100,0,0
412,1786005801.7953,1786005801.7998,0.03338,-5.5385,41.8022,-67.6923,98.7253,-6.6374,7.1429,-5.7134,39.9863,-70.2941,97.4386,-6.6678,2.2017,-5.7134,39.9863,-70.2941,97.4386,-6.6678,2.2017,-50,0,-100,0,0,0,0
413,1786005801.8288,1786005801.8334,0.03346,-5.5385,41.8022,-68.0440,98.7253,-6.7253,7.1429,-6.0264,39.0593,-70.4158,98.4772,-5.4293,2.5741,-6.0264,39.0593,-70.4158,98.4772,-5.4293,2.5741,0,0,-100,0,-50,0,0
414,1786005801.8621,1786005801.8667,0.03334,-5.5385,41.8022,-68.1319,98.3736,-6.4615,7.1429,-6.2107,39.3949,-68.2143,98.4036,-5.6373,2.5310,-6.2107,39.3949,-68.2143,98.4036,-5.6373,2.5310,0,0,-50,-100,150,0,0
415,1786005801.8955,1786005801.9,0.03337,-5.5385,41.8022,-68.2198,98.2857,-6.4615,7.1429,-5.3634,39.0274,-69.6036,99.3716,-6.6087,2.5840,-5.3634,39.0274,-69.6036,99.3716,-6.6087,2.5840,0,0,-50,0,0,0,0
416,1786005801.929,1786005801.9335,0.03344,-5.5385,41.8022,-68.0440,98.4615,-5.9341,7.1429,-6.6122,40.3409,-69.3579,99.7147,-6.7656,2.8522,-6.6122,40.3409,-69.3579,99.7147,-6.7656,2.8522,0,0,50,150,200,0,0
417,1786005801.9623,1786005801.9669,0.03334,-5.5385,41.8022,-67.7802,98.9011,-6.3736,7.1429,-6.2176,37.6983,-67.6447,98.5627,-6.4991,2.5116,-6.2176,37.6983,-67.6447,98.5627,-6.4991,2.5116,0,0,50,100,-200,0,0
418,1786005801.9957,1786005802.0003,0.03344,-5.7143,41.8022,-67.7802,99.1648,-6.3736,7.1429,-7.1166,38.2461,-65.8446,98.0526,-4.6932,3.7666,-7.1166,38.2461,-65.8446,98.0526,-4.6932,3.7666,-50,0,0,50,0,0,0
419,1786005802.0291,1786005802.0338,0.03339,-5.7143,41.8022,-67.3407,99.0769,-6.3736,7.1429,-5.6718,39.0175,-66.9469,98.0889,-6.7232,2.7123,-5.6718,39.0175,-66.9469,98.0889,-6.7232,2.7123,-50,0,150,0,-50,0,0
420,1786005802.0625,1786005802.0672,0.03338,-5.9780,41.6264,-66.3736,98.6374,-6.1099,7.1429,-6.7687,39.8374,-68.8636,99.0983,-5.1004,2.7722,-6.7687,39.8374,-68.8636,99.0983,-5.1004,2.7722,-100,-50,350,-150,100,0,0
421,1786005802.0959,1786005802.1005,0.03339,-6.0659,41.6264,-66.0220,98.5495,-5.3187,7.1429,-7.4310,38.9636,-68.9333,98.6634,-6.4878,2.9617,-7.4310,38.9636,-68.9333,98.6634,-6.4878,2.9617,-50,0,250,-50,250,0,0
422,1786005802.1293,1786005802.134,0.0334,-6.0659,41.7143,-66.3736,98.8132,-5.5824,7.0767,-6.7845,39.5021,-70.9160,99.2501,-6.4231,2.6843,-6.7845,39.5021,-70.9160,99.2501,-6.4231,2.6843,0,50,-150,50,-200,-50,0
423,1786005802.1627,1786005802.1673,0.0334,-6.0659,41.7143,-66.6374,98.8132,-5.6703,7.0767,-6.4277,39.6709,-71.2734,98.9870,-6.6978,2.7507,-6.4277,39.6709,-71.2734,98.9870,-6.6978,2.7507,50,0,-50,0,50,0,0
424,1786005802.1961,1786005802.2006,0.03338,-6.1538,41.7143,-67.2527,98.8132,-6.0220,7.0767,-5.9190,40.9342,-69.8957,98.1683,-5.2068,2.7284,-5.9190,40.9342,-69.8957,98.1683,-5.2068,2.7284,0,0,-100,0,0,0,0
425,1786005802.2295,1786005802.2341,0.0334,-6.2418,41.7143,-68.2198,98.8132,-6.1099,7.0767,-6.2147,39.7593,-70.7495,98.5794,-6.5138,2.9764,-6.2147,39.7593,-70.7495,98.5794,-6.5138,2.9764,-50,0,-350,0,0,0,0
426,1786005802.2629,1786005802.2675,0.03339,-6.3297,41.7143,-68.3077,98.7253,-5.6703,7.0767,-5.5926,42.3919,-73.3056,99.6183,-4.8476,2.8266,-5.5926,42.3919,-73.3056,99.6183,-4.8476,2.8266,-50,0,0,-50,150,0,0
427,1786005802.2962,1786005802.3008,0.03339,-6.2418,41.6264,-68.5714,98.8132,-5.5824,7.0767,-5.4114,40.2014,-72.7509,99.3213,-6.3423,2.6688,-5.4114,40.2014,-72.7509,99.3213,-6.3423,2.6688,50,-50,-50,50,0,0,0
428,1786005802.3297,1786005802.3346,0.03343,-5.9780,41.8022,-69.5385,99.0769,-5.9341,7.0767,-5.6311,40.9880,-73.4349,98.2623,-6.5237,2.9654,-5.6311,40.9880,-73.4349,98.2623,-6.5237,2.9654,100,50,-350,100,-50,0,0
429,1786005802.363,1786005802.3677,0.03335,-5.8022,41.8022,-70.1538,99.1648,-5.8462,7.0767,-6.3410,41.5258,-70.9502,98.4105,-7.1827,3.7567,-6.3410,41.5258,-70.9502,98.4105,-7.1827,3.7567,100,0,-200,50,150,0,0
430,1786005802.3964,1786005802.4011,0.03338,-5.8022,41.7143,-70.6813,98.9011,-6.1099,7.0767,-5.3795,40.9588,-72.4087,99.5564,-5.9339,3.1288,-5.3795,40.9588,-72.4087,99.5564,-5.9339,3.1288,0,-50,-200,-100,-50,0,0
431,1786005802.4299,1786005802.4346,0.03345,-5.8022,41.8022,-70.6813,98.7253,-6.5495,7.0767,-5.8713,41.6705,-71.5122,97.8664,-7.5132,2.8610,-5.8713,41.6705,-71.5122,97.8664,-7.5132,2.8610,0,50,-50,0,-100,0,0
432,1786005802.4633,1786005802.468,0.03343,-5.9780,42.0659,-70.3297,99.0769,-6.1978,7.0767,-6.4100,40.4175,-72.1029,98.1227,-8.0043,3.0996,-6.4100,40.4175,-72.1029,98.1227,-8.0043,3.0996,-50,50,100,100,50,0,0
433,1786005802.4966,1786005802.5013,0.03333,-6.0659,42.5934,-70.2418,99.0769,-6.1978,7.0767,-6.6337,42.0493,-70.4201,98.2383,-7.5259,7.3766,-6.6337,42.0493,-70.4201,98.2383,-7.5259,7.3766,-50,200,50,0,0,0,0
434,1786005802.53,1786005802.5345,0.0334,-6.0659,42.6813,-70.1538,98.7253,-6.9890,7.0767,-6.0460,42.2850,-74.1408,98.6568,-7.8061,8.3920,-6.0460,42.2850,-74.1408,98.6568,-7.8061,8.3920,0,50,50,-100,-300,0,0
435,1786005802.5635,1786005802.568,0.03348,-6.0659,42.5934,-70.1538,98.7253,-7.2527,7.0767,-6.6729,41.3270,-72.6449,99.5902,-8.0747,7.8606,-6.6729,41.3270,-72.6449,99.5902,-8.0747,7.8606,0,0,0,0,-150,0,0
436,1786005802.5968,1786005802.6014,0.03331,-5.9780,42.7692,-70.0659,98.7253,-7.3407,7.6058,-5.7426,43.6576,-73.0793,98.0168,-9.0415,9.8060,-5.7426,43.6576,-73.0793,98.0168,-9.0415,9.8060,0,50,0,0,-100,300,0
437,1786005802.6302,1786005802.6344,0.03343,-6.1538,43.0330,-70.6813,98.9890,-7.4286,8.2672,-5.5391,42.7179,-70.5501,97.9105,-8.6457,12.4378,-5.5391,42.7179,-70.5501,97.9105,-8.6457,12.4378,-100,100,-200,100,50,300,0
438,1786005802.6637,1786005802.6681,0.03344,-6.1538,43.5604,-70.7692,98.9011,-8.0440,8.8624,-5.4481,42.3307,-70.4305,98.0324,-8.9294,12.8674,-5.4481,42.3307,-70.4305,98.0324,-8.9294,12.8674,0,250,-50,50,-200,300,0
439,1786005802.6971,1786005802.7017,0.03341,-6.0659,43.9121,-70.5934,98.4615,-8.3956,10.0529,-6.4885,42.6491,-72.0798,99.5042,-8.5929,12.4239,-6.4885,42.6491,-72.0798,99.5042,-8.5929,12.4239,0,150,100,-150,-100,600,0
440,1786005802.7304,1786005802.7352,0.03335,-5.8022,43.9121,-70.1538,98.4615,-8.2198,10.9127,-6.1655,42.4805,-71.9283,98.7277,-9.6923,13.0252,-6.1655,42.4805,-71.9283,98.7277,-9.6923,13.0252,100,0,250,0,100,500,0
441,1786005802.7639,1786005802.7686,0.03347,-5.7143,44.0000,-70.1538,98.8132,-8.3956,11.4418,-5.0196,39.7097,-70.5921,98.8490,-10.9803,14.7686,-5.0196,39.7097,-70.5921,98.8490,-10.9803,14.7686,0,50,0,0,0,250,0
442,1786005802.7972,1786005802.8019,0.03331,-5.7143,44.0000,-70.2418,98.9890,-8.6593,11.9048,-5.2551,40.9536,-70.8476,98.7373,-9.8459,12.2401,-5.2551,40.9536,-70.8476,98.7373,-9.8459,12.2401,0,0,0,100,-100,250,0
443,1786005802.8306,1786005802.8349,0.03342,-5.8022,43.8242,-70.1538,98.9011,-9.8022,12.9630,-4.9151,41.3235,-68.6658,96.9689,-9.6021,13.7518,-4.9151,41.3235,-68.6658,96.9689,-9.6021,13.7518,0,-50,0,0,-350,450,0
444,1786005802.864,1786005802.8683,0.03338,-5.8901,43.4725,-70.0659,98.8132,-9.7143,13.4921,-5.1577,41.7090,-68.7260,98.3136,-9.3377,11.7522,-5.1577,41.7090,-68.7260,98.3136,-9.3377,11.7522,0,-100,50,-50,-50,200,0
445,1786005802.8975,1786005802.9017,0.03347,-5.5385,43.3846,-69.8022,98.3736,-9.5385,13.2937,-5.4655,42.4946,-71.9736,99.2357,-9.4857,10.7677,-5.4655,42.4946,-71.9736,99.2357,-9.4857,10.7677,100,-50,150,-100,50,-150,0
446,1786005802.9308,1786005802.9351,0.03331,-5.1868,43.3846,-69.0110,97.8462,-9.8022,12.8307,-5.2070,40.3545,-71.5923,99.5242,-11.2538,10.2260,-5.2070,40.3545,-71.5923,99.5242,-11.2538,10.2260,100,0,300,-150,-150,-300,0
447,1786005802.9642,1786005802.9689,0.03344,-5.0989,43.5604,-69.0989,98.5495,-9.8022,11.8386,-5.2444,40.9867,-70.2069,99.4947,-10.6316,10.1284,-5.2444,40.9867,-70.2069,99.4947,-10.6316,10.1284,50,100,0,300,0,-500,0
448,1786005802.9977,1786005803.0023,0.03341,-5.0989,43.6484,-69.3626,98.9890,-9.8901,10.9788,-6.2206,41.8937,-73.2464,100.2869,-13.1077,10.6317,-6.2206,41.8937,-73.2464,100.2869,-13.1077,10.6317,0,0,-50,200,0,-400,0
449,1786005803.031,1786005803.0356,0.03335,-5.1868,43.4725,-69.3626,98.9890,-10.6813,10.8466,-5.6734,43.1556,-72.4484,98.8340,-12.3265,9.9923,-5.6734,43.1556,-72.4484,98.8340,-12.3265,9.9923,-50,-50,0,0,-200,-50,0
450,1786005803.0644,1786005803.1781,0.03341,-5.4505,43.3846,-69.5385,99.3407,-10.7692,10.8466,-7.2483,46.1301,-73.7956,99.4514,-9.2747,15.2989,-7.2483,46.1301,-73.7956,99.4514,-9.2747,15.2989,-100,-50,-50,200,0,0,1
451,1786005803.1792,1786005803.1844,0.11483,-5.5385,44.1758,-70.4176,99.0769,-11.7363,10.1190,-6.7296,47.9792,-75.7096,100.3142,-7.2574,15.7266,-6.7296,47.9792,-75.7096,100.3142,-7.2574,15.7266,0,0,0,0,0,0,1
452,1786005803.2126,1786005803.2173,0.0334,-5.5385,44.0879,-70.5934,99.0769,-12.0000,10.1190,-7.6245,48.4082,-75.7101,100.1660,-5.9575,14.7973,-7.6245,48.4082,-75.7101,100.1660,-5.9575,14.7973,0,0,-50,0,-100,0,0
453,1786005803.246,1786005803.2507,0.03338,-5.8022,44.8791,-71.6484,99.4286,-11.2967,10.7143,-6.2439,50.1426,-75.9923,99.7369,-7.2346,16.0215,-6.2439,50.1426,-75.9923,99.7369,-7.2346,16.0215,-100,250,-300,150,50,100,0
454,1786005803.2794,1786005803.284,0.03336,-6.2418,46.8132,-73.1429,99.6923,-9.2747,12.3016,-6.4251,47.4917,-75.5210,100.7704,-6.0198,15.6524,-6.4251,47.4917,-75.5210,100.7704,-6.0198,15.6524,-150,650,-450,150,650,700,0
455,1786005803.3128,1786005803.3172,0.0334,-6.5934,48.8352,-73.5824,99.6923,-7.8681,13.7566,-5.9848,47.7900,-78.6107,101.6555,-5.0790,13.5744,-5.9848,47.7900,-78.6107,101.6555,-5.0790,13.5744,-50,700,-250,0,450,650,0
456,1786005803.3462,1786005803.351,0.03345,-6.6813,49.8901,-73.5824,100.0440,-7.3407,14.3519,-6.6948,47.4087,-77.6173,101.6014,-5.1099,12.5674,-6.6948,47.4087,-77.6173,101.6014,-5.1099,12.5674,-50,450,0,200,250,400,0
457,1786005803.3796,1786005803.3842,0.03335,-6.5055,49.9780,-73.6703,100.9231,-6.2857,13.8889,-7.2557,47.1286,-78.6396,101.6627,-5.0641,13.6989,-7.2557,47.1286,-78.6396,101.6627,-5.0641,13.6989,100,0,-50,300,350,-200,0
458,1786005803.413,1786005803.4173,0.0334,-6.3297,49.7143,-74.6374,101.0110,-6.1978,13.2937,-5.9952,48.0667,-83.8025,102.8163,-4.4085,13.9406,-5.9952,48.0667,-83.8025,102.8163,-4.4085,13.9406,100,-150,-400,50,0,-250,0
459,1786005803.4464,1786005803.4508,0.03337,-6.3297,49.3626,-75.7802,101.0110,-5.8462,13.2275,-6.5886,48.5396,-81.4847,102.6287,-5.1151,14.0174,-6.5886,48.5396,-81.4847,102.6287,-5.1151,14.0174,0,-150,-350,0,100,-50,0
460,1786005803.4797,1786005803.484,0.03339,-6.4176,49.3626,-77.1868,101.4505,-5.4066,13.4921,-6.4915,48.9205,-80.5082,101.8961,-5.5701,13.9503,-6.4915,48.9205,-80.5082,101.8961,-5.5701,13.9503,-50,0,-450,200,200,150,0
461,1786005803.5131,1786005803.5174,0.03338,-6.6813,49.7143,-78.3297,102.0659,-5.3187,13.6243,-6.9311,49.8346,-78.9805,101.7553,-4.0339,13.6411,-6.9311,49.8346,-78.9805,101.7553,-4.0339,13.6411,-100,150,-300,300,0,50,0
462,1786005803.5465,1786005803.5512,0.03339,-6.6813,49.8022,-78.4176,101.8901,-5.3187,13.6243,-8.6891,49.4185,-80.0419,100.8874,-5.2557,14.1001,-8.6891,49.4185,-80.0419,100.8874,-5.2557,14.1001,0,50,-50,-50,100,0,0
463,1786005803.58,1786005803.5846,0.03343,-6.5055,50.0659,-78.4176,101.8901,-5.1429,13.6243,-8.5787,51.5274,-80.9297,101.8353,-4.9738,14.2360,-8.5787,51.5274,-80.9297,101.8353,-4.9738,14.2360,100,100,0,0,0,0,0
464,1786005803.6133,1786005803.618,0.03339,-6.6813,50.2418,-78.5055,101.7143,-4.8791,13.7566,-7.9756,50.6417,-78.6544,100.7245,-4.7477,14.1963,-7.9756,50.6417,-78.6544,100.7245,-4.7477,14.1963,50,0,0,-50,100,100,0
465,1786005803.6468,1786005803.6515,0.03346,-6.9451,51.0330,-78.9451,101.6264,-5.0549,13.8889,-11.4918,51.3626,-80.2255,101.6512,-5.5101,14.4185,-11.4918,51.3626,-80.2255,101.6512,-5.5101,14.4185,-50,200,-200,0,0,50,0
466,1786005803.6801,1786005803.6848,0.03333,-7.5604,51.7363,-78.7692,101.6264,-5.0549,13.9550,-10.0506,52.4157,-78.7120,101.2993,-3.7949,14.2590,-10.0506,52.4157,-78.7120,101.2993,-3.7949,14.2590,-250,300,50,0,0,0,0
467,1786005803.7135,1786005803.7182,0.03338,-8.0000,52.0000,-78.2418,101.4505,-4.9670,14.0873,-11.6319,50.2407,-75.7352,100.5647,-4.6132,14.5501,-11.6319,50.2407,-75.7352,100.5647,-4.6132,14.5501,-200,50,150,-100,50,50,0
468,1786005803.7469,1786005803.7512,0.0334,-8.7033,52.7033,-78.2418,101.4505,-4.9670,14.0873,-11.4085,49.1588,-75.4243,100.4883,-7.0919,14.9619,-11.4085,49.1588,-75.4243,100.4883,-7.0919,14.9619,-200,200,0,0,50,0,0
469,1786005803.7803,1786005803.7847,0.03341,-9.2308,52.7912,-77.7143,101.1868,-4.5275,14.2196,-11.5277,48.5532,-74.7583,100.2795,-9.2984,15.3493,-11.5277,48.5532,-74.7583,100.2795,-9.2984,15.3493,-200,50,150,-100,200,50,0
470,1786005803.8137,1786005803.818,0.03337,-9.8462,52.6154,-76.3077,101.0110,-5.1429,14.4841,-9.8018,49.6165,-77.0602,101.5439,-8.9862,14.7200,-9.8018,49.6165,-77.0602,101.5439,-8.9862,14.7200,-250,-100,500,-100,-250,150,0
471,1786005803.8471,1786005803.8513,0.03341,-10.4615,52.5275,-75.4286,100.8352,-6.8132,14.8148,-11.7581,47.2940,-79.1056,103.4854,-12.7427,13.3299,-11.7581,47.2940,-79.1056,103.4854,-12.7427,13.3299,-200,0,350,-50,-600,100,0
472,1786005803.8805,1786005803.8848,0.03345,-10.5495,52.5275,-75.3407,101.0989,-7.8681,14.6164,-11.8518,48.5305,-78.8079,102.3061,-12.2057,14.4144,-11.8518,48.5305,-78.8079,102.3061,-12.2057,14.4144,-50,0,0,150,-400,-50,0
473,1786005803.914,1786005803.9186,0.03342,-10.2857,52.5275,-76.2198,102.1538,-8.4835,14.0873,-11.6212,44.5597,-76.2551,103.0012,-12.2451,11.9255,-11.6212,44.5597,-76.2551,103.0012,-12.2451,11.9255,150,0,-350,300,-200,-250,0
474,1786005803.9473,1786005803.9515,0.03333,-10.2857,52.3516,-76.6593,102.4176,-10.1538,13.8228,-12.2663,43.7397,-77.5135,104.8811,-9.1516,13.7624,-12.2663,43.7397,-77.5135,104.8811,-9.1516,13.7624,100,-50,-250,100,-600,-50,0
475,1786005803.9807,1786005803.985,0.03341,-10.3736,51.7363,-76.3077,102.4176,-11.0330,13.8889,-9.0940,44.5996,-77.4971,103.9416,-10.6140,13.6510,-9.0940,44.5996,-77.4971,103.9416,-10.6140,13.6510,-50,-150,100,0,-400,50,0
476,1786005804.0141,1786005804.0188,0.03341,-10.8132,50.6813,-75.8681,103.1209,-10.7692,13.6243,-11.7170,41.9104,-77.9849,104.9024,-13.8271,13.7431,-11.7170,41.9104,-77.9849,104.9024,-13.8271,13.7431,-200,-350,100,50,100,-100,0
477,1786005804.0475,1786005804.0523,0.03337,-10.9890,49.8901,-75.8681,103.6484,-10.0659,13.4259,-11.4985,42.5076,-76.3699,103.9822,-15.5710,13.5624,-11.4985,42.5076,-76.3699,103.9822,-15.5710,13.5624,-50,-200,0,250,200,0,0
478,1786005804.0809,1786005804.0856,0.03343,-10.5495,48.8352,-75.9560,103.7363,-10.5934,13.4921,-9.9588,42.8138,-74.2012,102.6120,-13.8578,13.4431,-9.9588,42.8138,-74.2012,102.6120,-13.8578,13.4431,150,-300,-50,0,-50,50,0
479,1786005804.1143,1786005804.1185,0.03337,-10.2857,47.6044,-75.8681,103.8242,-12.5275,13.4921,-10.9209,43.8004,-76.4116,101.5078,-16.0982,13.9159,-10.9209,43.8004,-76.4116,101.5078,-16.0982,13.9159,150,-450,50,0,-650,0,0
480,1786005804.1477,1786005804.152,0.03338,-10.2857,47.0769,-74.9890,103.3846,-14.1978,13.4921,-10.2128,39.5129,-73.4720,104.9854,-18.4522,13.6077,-10.2128,39.5129,-73.4720,104.9854,-18.4522,13.6077,0,-200,250,-100,-400,0,0
481,1786005804.1811,1786005804.1853,0.03342,-10.4615,46.9890,-74.6374,102.5934,-14.8132,13.5582,-10.5252,38.0045,-73.6745,105.9260,-16.6163,13.3830,-10.5252,38.0045,-73.6745,105.9260,-16.6163,13.3830,-50,-50,150,-300,-250,0,0
482,1786005804.2145,1786005804.2187,0.03339,-10.6374,47.0769,-74.1978,102.8571,-15.5165,13.5582,-9.8715,38.5403,-73.8703,104.9252,-20.1209,13.4051,-9.8715,38.5403,-73.8703,104.9252,-20.1209,13.4051,-100,50,150,150,-250,0,0
483,1786005804.2479,1786005804.2522,0.03339,-10.7253,46.3736,-73.6703,104.0000,-16.7473,13.5582,-10.7230,33.2902,-70.2477,105.7754,-25.0147,13.6554,-10.7230,36.1978,-70.2477,105.7754,-25.0147,13.6554,-50,-300,250,350,-350,0,0
484,1786005804.2813,1786005804.2857,0.03342,-10.3736,45.1429,-73.5824,104.4396,-17.8901,13.5582,-11.1389,31.5336,-68.0511,104.5679,-28.0383,13.3708,-11.1389,34.9670,-68.0511,104.5679,-28.0383,13.3708,100,-400,0,100,-350,0,0
485,1786005804.3146,1786005804.3193,0.03337,-10.2857,43.3846,-72.9670,104.6154,-20.1758,13.5582,-10.7272,27.6417,-73.0329,106.6104,-34.7596,10.8066,-10.7272,33.0330,-73.0329,106.6104,-30.5275,10.8066,50,-550,200,50,-850,0,0
486,1786005804.3481,1786005804.3527,0.03346,-10.2857,41.0989,-71.0330,104.5275,-22.9011,13.5582,-9.5534,28.0641,-72.7557,106.2472,-34.7356,9.8683,-9.5534,30.8352,-72.7557,106.2472,-33.3407,9.8683,0,-800,700,0,-950,0,0
487,1786005804.3814,1786005804.386,0.03331,-10.3736,39.3407,-69.4505,104.5275,-25.6264,13.0952,-10.2656,20.6617,-67.4922,107.2649,-43.0056,4.3571,-10.2656,29.1648,-67.4922,107.2649,-35.9780,4.3571,-50,-550,600,0,-800,-50,0
488,1786005804.4148,1786005804.4194,0.03339,-10.3736,38.0220,-69.2747,105.0549,-28.3516,11.5741,-13.2352,11.3451,-62.8364,106.3290,-52.1959,2.2364,-13.2352,27.8462,-62.8364,106.3290,-38.7912,2.2364,0,-500,0,150,-950,-750,0
489,1786005804.4482,1786005804.4528,0.03339,-10.1099,36.5275,-69.1868,105.4945,-31.3407,10.1852,-12.7155,3.0078,-54.0751,104.0105,-57.8700,1.3420,-12.7155,26.3516,-59.1868,104.0105,-41.6923,1.3420,50,-500,0,150,-950,-700,0
490,1786005804.4816,1786005804.4862,0.03339,-10.5495,34.5934,-69.0110,105.4945,-34.1538,7.4074,-11.5058,5.3031,-53.8239,103.9608,-61.9667,1.1793,-11.5058,24.3297,-58.8352,103.9608,-44.5934,1.1793,-100,-650,0,0,-1100,-1100,0
491,1786005804.515,1786005804.5195,0.03344,-11.1648,32.3077,-66.9890,105.0549,-36.8791,5.0265,-12.4122,4.8829,-51.6286,100.3991,-61.7624,2.0611,-12.4122,22.0440,-56.6374,100.3991,-47.1429,2.0611,-200,-800,650,-250,-900,-1150,0
492,1786005804.5484,1786005804.5528,0.03334,-11.6044,30.0220,-63.9121,104.7033,-39.5165,3.6376,-13.5064,1.8605,-48.1273,102.3552,-65.4687,2.2023,-13.5064,19.7582,-53.4725,102.3552,-49.9560,2.2023,-150,-750,1050,-150,-1000,-550,0
493,1786005804.5818,1786005804.5863,0.03345,-11.7802,28.1758,-60.7473,103.9121,-42.4176,3.3069,-15.4520,-5.8539,-41.2680,101.4282,-65.6363,2.5353,-15.4520,17.9121,-50.3956,101.4282,-52.7692,2.5353,-50,-600,1050,-250,-950,-300,0
494,1786005804.6152,1786005804.6197,0.0334,-11.9560,26.3297,-57.7582,102.8571,-45.3187,3.1085,-16.4999,-10.8322,-34.3391,102.8193,-69.0401,3.4354,-16.4999,16.1538,-47.3187,102.8193,-55.7582,3.4354,-50,-600,1050,-350,-950,-50,0
495,1786005804.6486,1786005804.6531,0.03338,-12.7473,24.3956,-54.5934,102.5934,-48.1319,3.0423,-16.0881,-16.8305,-27.5181,104.3261,-70.1118,3.2012,-16.0881,14.2198,-44.2418,104.3261,-58.3956,3.2012,-250,-600,1100,-150,-950,-50,0
496,1786005804.682,1786005804.6865,0.03338,-13.7143,22.4615,-51.6044,102.5934,-50.7692,3.0423,-17.1881,-18.1096,-24.2199,105.5255,-71.8407,3.5365,-17.1881,12.1978,-41.2527,105.5255,-61.2088,3.5365,-300,-650,1000,0,-850,0,0
497,1786005804.7154,1786005804.7199,0.03341,-14.8571,20.4396,-48.7033,103.2088,-53.5824,3.1085,-18.1602,-24.8315,-12.8668,103.1573,-77.2492,3.6148,-18.1602,10.1758,-38.3516,103.1573,-64.0220,3.6148,-450,-650,1000,250,-1000,0,0
498,1786005804.7487,1786005804.7533,0.03337,-15.7363,18.4176,-45.6264,104.0879,-56.4835,3.1746,-18.1388,-31.5079,-5.8978,103.6285,-74.7428,3.9053,-18.1388,8.0659,-35.2747,103.6285,-66.8352,3.9053,-300,-750,1050,300,-950,50,0
499,1786005804.7821,1786005804.7866,0.03339,-16.2637,16.3077,-42.6374,104.2637,-59.2967,3.2407,-19.0805,-30.3170,-4.3937,100.5556,-77.4505,4.0334,-19.0805,6.0440,-32.1978,100.5556,-69.6484,4.0334,-250,-700,1050,100,-950,0,0
500,1786005804.8156,1786005804.9278,0.03346,-16.7912,14.2857,-39.6484,104.0000,-62.0220,3.5053,-13.9719,7.9730,-43.7924,101.8567,-55.8692,2.1796,-13.9719,7.9730,-43.2308,101.8567,-57.8242,2.1796,-200,-700,1000,-100,-1000,150,1
501,1786005804.9289,1786005804.9337,0.11334,-18.6374,9.9780,-33.1429,101.6264,-67.8242,3.6376,-13.0994,7.4820,-43.4394,101.7798,-54.7688,2.7326,-13.0994,7.4820,-43.1429,101.7798,-57.9121,2.7326,-100,-200,300,-100,-250,0,1
502,1786005804.9622,1786005804.9666,0.03327,-18.7253,9.7143,-32.7033,101.4505,-68.3516,3.6376,-13.2965,5.7488,-39.4813,99.5828,-54.8420,2.8830,-13.2965,5.7488,-39.4813,99.5828,-58.3516,2.8830,-50,-100,200,-100,-150,0,0
503,1786005804.9956,1786005805.0,0.03339,-18.0220,9.7143,-32.9670,101.6264,-67.9121,3.3730,-13.9998,5.0447,-40.2940,99.3466,-55.8604,2.3985,-13.9998,5.0447,-40.2940,99.3466,-57.8242,2.3985,100,0,-50,50,0,-50,0
504,1786005805.029,1786005805.0334,0.03338,-16.6154,9.7143,-34.4615,101.3626,-65.8901,3.1085,-13.0061,8.0893,-40.3122,98.5276,-56.4659,2.5922,-13.0061,8.0893,-40.3122,98.5276,-56.4659,2.5922,550,0,-600,-150,700,-150,0
505,1786005805.0624,1786005805.0672,0.03341,-14.9451,9.4505,-36.0440,100.3956,-63.0769,2.9101,-13.2589,13.0027,-44.0860,98.0553,-57.0263,2.3746,-13.2589,13.0027,-44.0860,98.0553,-57.0263,2.3746,550,-100,-600,-350,950,-100,0
506,1786005805.0958,1786005805.1002,0.03338,-14.0659,9.0110,-37.0110,99.7802,-60.6154,2.9101,-16.4459,12.5433,-45.2916,97.2498,-58.5490,3.0467,-16.4459,12.5433,-45.2916,97.2498,-58.5490,3.0467,350,-100,-350,-250,850,0,0
507,1786005805.1292,1786005805.1335,0.03338,-13.8022,9.6264,-38.5934,99.1648,-59.3846,2.7778,-16.3747,13.8513,-48.9609,97.2860,-67.4381,3.0631,-16.3747,13.8513,-48.7692,97.2860,-67.4381,3.0631,100,350,-550,-200,500,-50,0
508,1786005805.1626,1786005805.167,0.03343,-14.2418,11.4725,-40.7912,98.4615,-59.3846,2.7778,-16.1237,13.6532,-45.1354,95.5653,-66.6959,3.3219,-16.1237,13.6532,-45.1354,95.5653,-66.6959,3.3219,-200,550,-750,-200,0,0,0
509,1786005805.1959,1786005805.201,0.03334,-15.2967,13.1429,-42.9011,98.1978,-60.0000,2.9101,-15.3532,13.6346,-43.2743,94.2150,-67.7512,3.1967,-15.3532,13.6346,-43.2743,94.2150,-67.7512,3.1967,-350,600,-750,-150,-50,50,0
510,1786005805.2294,1786005805.2339,0.03343,-15.6484,13.7582,-44.1319,97.3187,-62.1099,3.0423,-15.6089,11.5418,-37.4777,91.8364,-66.1124,3.2230,-15.6089,11.5418,-37.4777,91.8364,-66.1124,3.2230,-150,150,-350,-350,-750,100,0
511,1786005805.2628,1786005805.2673,0.03339,-15.7363,13.7582,-44.3077,96.0000,-64.4835,2.9762,-16.0153,13.6132,-38.7869,91.1668,-65.6580,3.2261,-16.0153,13.6132,-38.7869,91.1668,-65.6580,3.2261,0,50,-150,-450,-800,0,0
512,1786005805.2961,1786005805.3003,0.03334,-15.4725,13.2308,-43.3407,94.5055,-65.8022,2.9762,-14.8126,12.9797,-37.1694,92.7424,-65.5682,3.4689,-14.8126,12.9797,-37.1694,92.7424,-65.5682,3.4689,100,-150,200,-450,-600,0,0
513,1786005805.3296,1786005805.3343,0.03347,-15.3846,12.7912,-41.1429,93.2747,-65.7143,2.9762,-11.9995,14.3412,-37.9888,93.0737,-62.0375,3.1753,-11.9995,14.3412,-37.9888,93.0737,-62.0375,3.1753,0,-100,800,-400,50,0,0
514,1786005805.3629,1786005805.3676,0.03338,-15.2088,13.4066,-39.2967,93.2747,-65.5385,3.0423,-9.3340,14.3905,-36.7848,92.7495,-62.9469,2.9739,-9.3340,14.3905,-36.7848,92.7495,-62.9469,2.9739,100,100,650,-100,0,50,0
515,1786005805.3963,1786005805.4009,0.03337,-14.5934,14.5495,-38.4176,93.4505,-64.9231,2.9762,-10.5089,14.4982,-37.8777,92.3349,-63.6968,2.9656,-10.5089,14.4982,-37.8777,92.3349,-63.6968,2.9656,50,400,400,100,100,0,0
516,1786005805.4297,1786005805.4343,0.03341,-13.0110,15.0769,-37.9780,93.3626,-64.0440,2.9762,-10.7263,16.3847,-40.6299,93.2724,-62.0634,2.8774,-10.7263,16.3847,-40.6299,93.2724,-62.0634,2.8774,500,150,100,0,300,0,0
517,1786005805.4632,1786005805.4678,0.03343,-11.3407,15.1648,-37.5385,93.1868,-64.2198,2.9762,-9.2749,18.4918,-41.1435,92.3364,-61.3162,2.8610,-9.2749,18.4918,-41.1435,92.3364,-61.3162,2.8610,650,50,50,-50,-50,0,0
518,1786005805.4966,1786005805.5011,0.0334,-10.9890,15.4286,-38.0659,93.2747,-63.7802,2.9762,-9.9860,17.1462,-39.2715,92.6303,-64.0090,2.8060,-9.9860,17.1462,-39.2715,92.6303,-64.0090,2.8060,200,50,-150,0,-100,0,0
519,1786005805.5299,1786005805.5344,0.03336,-10.4615,16.7473,-39.1209,92.9231,-62.8132,2.9762,-9.2424,17.3093,-38.4970,91.9652,-63.3989,2.7435,-9.2424,17.3093,-38.4970,91.9652,-63.3989,2.7435,150,450,-350,-150,400,0,0
520,1786005805.5634,1786005805.568,0.03343,-10.4615,17.7143,-38.8571,92.8352,-62.7253,2.9762,-9.4121,19.2492,-40.2773,92.1921,-62.4258,2.7456,-9.4121,19.2492,-40.2773,92.1921,-62.4258,2.7456,-50,200,200,0,0,0,0
521,1786005805.5967,1786005805.6011,0.03339,-10.3736,18.0659,-38.1538,92.6593,-63.2527,2.9762,-9.9343,21.3224,-41.4519,91.9636,-62.6412,2.4646,-9.9343,21.3224,-41.4519,91.9636,-62.6412,2.4646,0,100,300,-50,-200,0,0
522,1786005805.6302,1786005805.6347,0.03341,-9.8462,18.8571,-38.1538,92.5714,-63.0769,2.9762,-10.5975,23.2462,-44.1363,91.4855,-63.5414,2.5967,-10.5975,23.2462,-44.1363,91.4855,-63.5414,2.5967,100,250,0,0,50,0,0
523,1786005805.6636,1786005805.6678,0.03345,-9.5824,20.0879,-39.1209,92.5714,-63.1648,2.9101,-10.6169,23.0769,-41.2677,90.4473,-61.4610,2.5767,-10.6169,23.0769,-41.2677,90.4473,-61.4610,2.5767,50,450,-400,0,-50,-50,0
524,1786005805.6969,1786005805.7012,0.03335,-9.5824,21.7582,-40.4396,92.1319,-63.2527,2.8439,-9.1829,24.5684,-42.9279,90.4883,-60.2957,2.7176,-9.1829,24.5684,-42.9279,90.4883,-60.2957,2.7176,0,550,-400,-100,-50,-50,0
525,1786005805.7303,1786005805.7347,0.03338,-9.7582,22.9011,-41.1429,91.5165,-63.0769,2.8439,-10.2693,23.9769,-41.6796,90.0709,-61.2675,2.7386,-10.2693,23.9769,-41.6796,90.0709,-61.2675,2.7386,-50,400,-250,-200,0,0,0
526,1786005805.7637,1786005805.768,0.03339,-9.8462,23.9560,-41.1429,91.2527,-61.5824,2.8439,-9.7271,24.0024,-41.0938,89.7162,-61.0949,2.6851,-9.7271,24.0024,-41.0938,89.7162,-61.0949,2.6851,-50,350,0,-100,500,0,0
527,1786005805.7972,1786005805.8018,0.03344,-9.6703,24.3956,-41.1429,90.9011,-61.4066,2.8439,-9.3134,23.5259,-38.5496,88.5033,-61.8414,2.7328,-9.3134,23.5259,-38.5496,88.5033,-61.8414,2.7328,50,250,0,-100,250,0,0
528,1786005805.8305,1786005805.8349,0.03336,-9.4945,24.3956,-40.7033,90.5495,-61.5824,2.8439,-10.0636,23.7454,-36.9786,86.1500,-61.6734,2.7654,-10.0636,23.7454,-36.9786,86.1500,-61.6734,2.7654,100,0,150,-100,-100,0,0
529,1786005805.8639,1786005805.8682,0.03342,-9.4066,24.3956,-40.0879,89.7582,-61.7582,2.8439,-9.5813,23.9816,-35.1917,86.2820,-61.5647,2.9635,-9.5813,23.9816,-35.1917,86.2820,-61.5647,2.9635,50,0,250,-300,-50,0,0
530,1786005805.8974,1786005805.9016,0.03344,-9.4066,24.3956,-38.3297,88.4396,-61.7582,2.8439,-9.5361,24.7134,-36.4399,85.7545,-61.8481,3.0207,-9.5361,24.7134,-36.4399,85.7545,-61.8481,3.0207,0,0,550,-400,0,0,0
531,1786005805.9308,1786005805.935,0.03337,-9.5824,24.3956,-36.7473,87.4725,-61.7582,2.8439,-9.7214,22.4224,-33.0206,85.9952,-62.2544,2.8612,-9.7214,22.4224,-33.0206,85.9952,-62.2544,2.8612,-50,0,550,-400,0,0,0
532,1786005805.9641,1786005805.9682,0.03338,-9.6703,25.0110,-36.2198,87.1209,-61.5824,2.8439,-9.6360,23.4861,-32.1579,84.8961,-62.3091,3.0418,-9.6360,23.4861,-32.1579,84.8961,-62.3091,3.0418,0,200,100,-150,100,0,0
533,1786005805.9976,1786005806.0018,0.03344,-9.5824,25.1868,-35.9560,86.8571,-61.7582,2.8439,-8.9138,23.0931,-32.2760,83.2891,-62.8918,2.9929,-8.9138,23.0931,-32.2760,83.2891,-62.8918,2.9929,50,50,0,-200,-100,0,0
534,1786005806.0309,1786005806.0351,0.03336,-9.4066,24.9231,-34.6374,86.0659,-62.1978,2.8439,-8.6383,23.1500,-30.9718,82.9835,-64.1932,2.8705,-8.6383,23.1500,-30.9718,82.9835,-64.1932,2.8705,50,-50,450,-200,-150,0,0
535,1786005806.0643,1786005806.0685,0.03342,-9.3187,24.7473,-33.1429,84.9231,-62.3736,2.8439,-9.0595,22.2745,-32.1909,82.0239,-65.4208,2.9798,-9.0595,22.2745,-32.1909,82.0239,-65.4208,2.9798,0,-100,500,-400,-100,0,0
536,1786005806.0978,1786005806.1021,0.03347,-9.4066,24.8352,-32.0000,84.1319,-62.9011,2.8439,-9.0558,24.0096,-31.0664,81.2129,-65.4867,2.9327,-9.0558,24.0096,-31.0664,81.2129,-65.4867,2.9327,-50,50,400,-350,-300,0,0
537,1786005806.1311,1786005806.1354,0.03333,-9.4066,25.1868,-31.7363,83.5165,-63.9560,2.8439,-9.9524,23.3472,-30.2493,79.1820,-65.7674,3.0485,-9.9524,23.3472,-30.2493,79.1820,-65.7674,3.0485,0,150,150,-200,-400,0,0
538,1786005806.1646,1786005806.1687,0.03342,-9.0549,25.1868,-31.5604,82.6374,-64.6593,2.8439,-9.6979,22.3263,-29.9531,78.9375,-66.1907,3.0119,-9.6979,22.3263,-29.9531,78.9375,-66.1907,3.0119,150,0,50,-300,-200,0,0
539,1786005806.198,1786005806.2023,0.03346,-8.9670,24.9231,-30.6813,81.5824,-65.0989,2.8439,-10.1391,23.2757,-30.0574,78.4394,-66.3719,2.8804,-10.1391,23.2757,-30.0574,78.4394,-66.3719,2.8804,50,-150,250,-350,-100,0,0
540,1786005806.2314,1786005806.2355,0.03335,-9.0549,24.6593,-30.2418,80.4396,-65.5385,2.8439,-10.6777,23.8746,-30.8046,79.8051,-66.0013,2.8186,-10.6777,23.8746,-30.8046,79.8051,-66.0013,2.8186,-50,-100,150,-400,-150,0,0
541,1786005806.2648,1786005806.2689,0.03339,-9.3187,24.8352,-30.0659,79.8242,-65.6264,2.8439,-11.1335,24.2999,-31.6832,80.4877,-65.6884,2.9354,-11.1335,24.2999,-31.6832,80.4877,-65.6884,2.9354,-100,50,50,-200,0,0,0
542,1786005806.2982,1786005806.3024,0.03341,-9.6703,25.0989,-30.0659,79.9121,-65.6264,2.8439,-10.9544,25.2407,-31.9964,78.7454,-67.6059,3.0398,-10.9544,25.2407,-31.9964,78.7454,-67.6059,3.0398,-100,100,0,150,0,0,0
543,1786005806.3316,1786005806.3363,0.03343,-9.9341,25.1868,-30.0659,80.2637,-65.7143,2.8439,-11.3504,25.3557,-30.1789,79.3333,-67.2516,3.1223,-11.3504,25.3557,-30.1789,79.3333,-67.2516,3.1223,-50,50,0,150,-50,0,0
544,1786005806.365,1786005806.3692,0.03337,-10.1099,25.3626,-30.0659,79.9121,-65.9780,2.8439,-11.4955,25.0278,-29.7132,78.5027,-67.8205,3.1756,-11.4955,25.0278,-29.7132,78.5027,-67.8205,3.1756,-50,50,0,-100,-50,0,0
545,1786005806.3984,1786005806.4026,0.03339,-10.3736,25.7143,-29.9780,79.2967,-66.8571,2.8439,-11.5643,24.7967,-31.5744,78.7349,-64.9831,2.7833,-11.5643,24.7967,-31.5744,78.7349,-64.9831,2.7833,-100,100,50,-200,-250,0,0
546,1786005806.4317,1786005806.4361,0.03338,-10.4615,25.8022,-29.3626,79.2967,-67.1209,2.9762,-10.4358,27.5884,-33.1999,80.4720,-60.9172,2.8625,-10.4358,27.5884,-33.1999,80.4720,-60.9172,2.8625,-50,50,250,0,-200,50,0
547,1786005806.4651,1786005806.4694,0.0334,-10.5495,25.9780,-29.3626,79.2088,-66.8571,2.9762,-10.3407,28.2766,-37.5170,81.0630,-63.5155,2.8002,-10.3407,28.2766,-37.5170,81.0630,-63.5155,2.8002,-50,50,0,-50,50,0,0
548,1786005806.4986,1786005806.5028,0.03341,-10.4615,26.5055,-30.1538,79.6484,-65.0110,2.9762,-10.4314,28.7037,-39.0248,81.9614,-62.0609,2.6982,-10.4314,28.7037,-39.0248,81.9614,-62.0609,2.6982,0,150,-350,150,650,0,0
549,1786005806.532,1786005806.5363,0.03344,-10.3736,27.6484,-32.0000,80.5275,-63.2527,2.9762,-10.9116,28.1951,-38.5220,81.5729,-63.1518,2.6868,-10.9116,28.1951,-38.5220,81.5729,-63.1518,2.6868,0,450,-550,300,700,0,0
550,1786005806.5654,1786005806.6765,0.03336,-10.3736,28.7912,-34.1099,80.9670,-62.7253,2.8439,-11.3775,30.3596,-42.2634,82.9255,-61.5366,2.1577,-11.3775,30.3596,-42.2634,82.9255,-61.5366,2.1577,0,450,-800,100,200,-50,1
551,1786005806.6777,1786005806.6822,0.11229,-10.3736,28.7033,-35.8681,81.3187,-63.3407,2.8439,-11.3771,29.3681,-42.7048,81.6087,-60.7308,2.1298,-11.3771,29.3681,-42.7048,81.6087,-60.7308,2.1298,0,0,-200,0,0,0,1
552,1786005806.711,1786005806.7154,0.03334,-10.3736,28.7912,-36.2198,81.3187,-63.1648,2.8439,-11.9796,27.8834,-39.2354,79.8994,-62.3053,2.1094,-11.9796,27.8834,-39.2354,79.8994,-62.3053,2.1094,0,50,-100,0,50,0,0
553,1786005806.7444,1786005806.7487,0.03339,-10.4615,29.4066,-37.0989,81.4066,-62.7253,2.5794,-11.7090,28.3616,-39.8022,79.6793,-61.2866,2.1465,-11.7090,28.3616,-39.8022,79.6793,-61.2866,2.1465,-50,200,-250,0,150,-150,0
554,1786005806.7778,1786005806.7822,0.03342,-10.6374,29.5824,-38.1538,81.0549,-61.9341,2.5132,-12.6233,28.2413,-41.3904,81.3665,-62.2445,2.1467,-12.6233,28.2413,-41.3904,81.3665,-62.2445,2.1467,-50,50,-350,-150,250,0,0
555,1786005806.8112,1786005806.8155,0.03339,-10.7253,29.4945,-38.3297,80.5275,-61.9341,2.5132,-12.8325,29.5503,-45.8938,83.5375,-61.9394,2.3753,-12.8325,29.5503,-45.8938,83.5375,-61.9394,2.3753,-50,-50,-100,-250,0,0,0
556,1786005806.8446,1786005806.8488,0.03342,-11.1648,29.3187,-38.5055,80.7912,-62.0220,2.5132,-12.5815,29.8772,-45.7570,83.8759,-62.2212,2.1489,-12.5815,29.8772,-45.7570,83.8759,-62.2212,2.1489,-100,-50,-50,50,0,0,0
557,1786005806.878,1786005806.8822,0.03339,-11.4286,29.7582,-39.3846,82.0220,-61.9341,2.5132,-11.2244,28.9789,-46.2641,85.2747,-65.5143,2.0896,-11.2244,28.9789,-46.2641,85.2747,-65.5143,2.0896,-100,100,-400,450,50,0,0
558,1786005806.9114,1786005806.9157,0.03345,-11.6923,30.5495,-41.0549,82.9011,-61.8462,2.5132,-11.6127,27.2149,-43.5912,83.5696,-63.2845,2.3821,-11.6127,27.2149,-43.5912,83.5696,-63.2845,2.3821,-50,300,-600,400,50,0,0
559,1786005806.9448,1786005806.949,0.03336,-11.6044,30.6374,-42.0220,83.6923,-62.5495,2.5132,-12.1071,29.4641,-45.4810,83.9169,-62.0867,2.3554,-12.1071,29.4641,-45.4810,83.9169,-62.0867,2.3554,50,0,-350,300,-150,0,0
560,1786005806.9782,1786005806.9829,0.03342,-11.3407,30.2857,-42.2857,84.0440,-63.5165,2.5132,-11.3902,27.4235,-46.3809,84.5749,-61.8712,2.3498,-11.3902,27.4235,-46.3809,84.5749,-61.8712,2.3498,100,-100,-50,50,-350,0,0
561,1786005807.0116,1786005807.0159,0.0334,-11.3407,30.0220,-42.3736,83.8681,-63.3407,2.5132,-10.9137,27.2915,-42.6481,84.0649,-62.1745,2.5870,-10.9137,27.2915,-42.6481,84.0649,-62.1745,2.5870,0,-100,-50,0,-200,0,0
562,1786005807.045,1786005807.0493,0.03343,-11.3407,30.1099,-42.9011,84.2198,-62.5495,2.5132,-10.8244,28.3365,-43.4628,82.5348,-61.8062,2.4477,-10.8244,28.3365,-43.4628,82.5348,-61.8062,2.4477,0,50,-100,150,350,0,0
563,1786005807.0784,1786005807.0827,0.03339,-11.3407,30.2857,-43.4286,84.1319,-62.4615,2.5132,-10.5816,27.4803,-40.9622,79.3684,-64.4058,2.5216,-10.5816,27.4803,-40.9622,79.3684,-64.4058,2.5216,0,100,-150,-50,0,0,0
564,1786005807.1118,1786005807.116,0.03338,-10.9890,30.2857,-43.2527,83.6044,-62.3736,2.5132,-10.9281,28.0853,-41.6873,79.9010,-66.2421,2.4014,-10.9281,28.0853,-41.6873,79.9010,-66.2421,2.4014,150,0,0,-250,50,0,0
565,1786005807.1453,1786005807.1499,0.03346,-10.8132,29.9341,-42.1978,82.1978,-62.8132,2.5132,-9.9417,25.6234,-41.6083,79.4349,-64.9669,2.4506,-9.9417,25.6234,-41.6083,79.4349,-64.9669,2.4506,50,-150,350,-450,-50,0,0
566,1786005807.1786,1786005807.1832,0.03334,-10.8132,29.9341,-41.2308,81.0549,-64.3956,2.5132,-10.9313,25.8046,-41.0383,79.4213,-67.7057,2.4666,-10.9313,25.8046,-41.0383,79.4213,-67.7057,2.4666,0,0,300,-450,-650,0,0
567,1786005807.212,1786005807.2165,0.03343,-10.8132,30.1978,-41.0549,80.7033,-65.0110,2.5132,-9.8473,27.2392,-42.0829,79.2300,-65.5465,2.4764,-9.8473,27.2392,-42.0829,79.2300,-65.5465,2.4764,0,150,100,-100,-100,0,0
568,1786005807.2455,1786005807.2501,0.03342,-10.7253,30.2857,-40.7033,80.5275,-65.0989,2.5132,-10.8009,25.7697,-39.3509,79.9145,-69.3870,2.5185,-10.8009,25.7697,-39.3509,79.9145,-69.3870,2.5185,0,0,150,-50,50,0,0
569,1786005807.2789,1786005807.2834,0.0334,-10.5495,30.1099,-40.7912,80.1758,-65.8901,2.5132,-10.3631,28.0681,-40.2627,79.9048,-69.1071,2.5004,-10.3631,28.0681,-40.2627,79.9048,-69.1071,2.5004,50,-50,0,-100,-300,0,0
570,1786005807.3122,1786005807.3166,0.03339,-10.3736,29.8462,-40.7033,80.1758,-65.8901,2.5132,-10.3381,26.4983,-38.7394,79.2545,-69.8859,2.4711,-10.3381,26.4983,-38.7394,79.2545,-69.8859,2.4711,50,-50,-50,0,0,0,0
571,1786005807.3457,1786005807.3499,0.03341,-10.3736,29.7582,-40.1758,80.1758,-67.1209,2.5132,-9.6936,27.3136,-38.3235,78.2404,-68.8754,2.4924,-9.6936,27.3136,-38.3235,78.2404,-68.8754,2.4924,0,-50,150,0,-400,0,0
572,1786005807.379,1786005807.3836,0.03338,-10.3736,29.8462,-39.2967,79.8242,-68.2637,2.5132,-10.3250,27.8986,-39.8426,78.4070,-65.7088,2.5072,-10.3250,27.8986,-39.8426,78.4070,-65.7088,2.5072,0,50,300,-100,-400,0,0
573,1786005807.4124,1786005807.4171,0.03337,-10.3736,29.8462,-38.5055,79.3846,-68.3516,2.5132,-10.0284,28.5700,-39.1728,77.2548,-67.4955,2.6219,-10.0284,28.5700,-39.1728,77.2548,-67.4955,2.6219,0,0,150,-200,0,0,0
574,1786005807.4458,1786005807.4505,0.03339,-10.1978,29.9341,-38.4176,79.1209,-67.8242,2.5132,-10.7718,29.2609,-41.8840,78.2731,-69.7899,2.5329,-10.7718,29.2609,-41.8840,78.2731,-69.7899,2.5329,50,50,50,-100,150,0,0
575,1786005807.4792,1786005807.4838,0.03341,-10.1978,29.9341,-38.5055,78.5934,-66.8571,2.5132,-10.2535,25.7870,-37.0046,76.6073,-67.2854,2.3455,-10.2535,25.7870,-37.0046,76.6073,-67.2854,2.3455,0,0,-50,-150,450,0,0
576,1786005807.5126,1786005807.5169,0.03342,-10.1978,29.8462,-38.5055,78.4176,-67.0330,2.5132,-10.2174,28.4454,-38.9924,77.1549,-67.2061,2.5667,-10.2174,28.4454,-38.9924,77.1549,-67.2061,2.5667,0,-50,0,0,-100,0,0
577,1786005807.546,1786005807.5506,0.0334,-10.2857,29.8462,-38.5055,78.5934,-67.6484,2.5132,-10.3482,28.3986,-42.1555,77.5931,-68.1356,2.5520,-10.3482,28.3986,-42.1555,77.5931,-68.1356,2.5520,-50,0,0,100,-300,0,0
578,1786005807.5795,1786005807.5841,0.03346,-10.2857,29.8462,-38.4176,78.1538,-67.5604,2.5132,-9.8548,29.5400,-43.1546,79.6901,-67.3293,2.4289,-9.8548,29.5400,-43.1546,79.6901,-67.3293,2.4289,0,0,50,-200,50,0,0
579,1786005807.6128,1786005807.6174,0.03328,-10.1978,29.9341,-38.5934,78.2418,-67.5604,2.5132,-9.4621,29.0031,-41.4438,77.3107,-67.6379,2.4580,-9.4621,29.0031,-41.4438,77.3107,-67.6379,2.4580,0,0,-100,50,0,0,0
580,1786005807.6462,1786005807.6507,0.03342,-10.1099,30.4615,-39.8242,78.5055,-67.9121,2.5132,-9.7115,28.5881,-42.2287,78.2519,-66.6938,2.7656,-9.7115,28.5881,-42.2287,78.2519,-66.6938,2.7656,50,200,-400,50,-100,0,0
581,1786005807.6796,1786005807.6842,0.03345,-9.9341,30.4615,-40.2637,79.0330,-67.5604,2.5132,-9.4875,28.7789,-42.6793,78.1351,-68.8186,2.4934,-9.4875,28.7789,-42.6793,78.1351,-68.8186,2.4934,50,0,-150,200,150,0,0
582,1786005807.7129,1786005807.7176,0.03331,-9.9341,30.4615,-40.3516,78.7692,-67.3846,2.5132,-9.5801,27.4241,-41.1902,78.2747,-70.5524,2.5049,-9.5801,27.4241,-41.1902,78.2747,-70.5524,2.5049,0,0,-50,-150,50,0,0
583,1786005807.7464,1786005807.7508,0.03348,-9.8462,30.5495,-40.4396,78.5055,-67.6484,2.5132,-10.3249,24.5148,-40.7367,78.9548,-70.4556,2.5021,-10.3249,24.5148,-40.7367,78.9548,-70.4556,2.5021,0,50,-50,-50,50,0,0
584,1786005807.7798,1786005807.784,0.03341,-9.8462,30.5495,-40.3516,78.5055,-68.7912,2.5132,-8.6259,25.5691,-40.0385,77.6750,-68.3803,2.4775,-8.6259,25.5691,-40.0385,77.6750,-68.3803,2.4775,0,0,0,0,-400,0,0
585,1786005807.8132,1786005807.8177,0.0334,-9.8462,30.0220,-40.0000,78.6813,-69.5824,2.5132,-8.6456,26.4868,-39.0671,78.2726,-67.1393,2.6702,-8.6456,26.4868,-39.0671,78.2726,-67.1393,2.6702,0,-200,100,100,-200,0,0
586,1786005807.8466,1786005807.851,0.03338,-9.8462,29.5824,-39.7363,78.4176,-68.9670,2.5132,-8.9075,25.3725,-38.7941,79.0038,-69.0068,2.4744,-8.9075,25.3725,-38.7941,79.0038,-69.0068,2.4744,0,-150,50,-150,100,0,0
587,1786005807.88,1786005807.8848,0.03339,-9.5824,29.3187,-39.2967,78.3297,-68.1758,2.5132,-9.3401,24.7389,-38.1286,79.0377,-69.6574,2.5255,-9.3401,24.7389,-38.1286,79.0377,-69.6574,2.5255,100,-100,150,-50,300,0,0
588,1786005807.9134,1786005807.918,0.03336,-9.4066,29.2308,-38.8571,78.7692,-68.4396,2.5132,-9.0368,23.3831,-40.0069,78.8056,-70.1911,2.3790,-9.0368,23.3831,-40.0069,78.8056,-70.1911,2.3790,50,-50,150,200,-150,0,0
589,1786005807.9467,1786005807.9514,0.03339,-9.1429,29.0549,-38.2418,78.8571,-69.1429,2.5132,-8.8869,23.8995,-40.6938,82.5433,-71.3349,2.3389,-8.8869,23.8995,-40.6938,82.5433,-71.3349,2.3389,150,-50,150,0,-250,0,0
590,1786005807.9801,1786005807.9846,0.0334,-8.9670,28.9670,-38.1538,78.8571,-69.5824,2.5132,-8.3844,23.0699,-43.7548,86.5322,-76.2587,2.2849,-8.3844,23.0699,-43.7548,86.5322,-76.2587,2.2849,50,0,0,0,-150,0,0
591,1786005808.0136,1786005808.0181,0.03349,-8.9670,28.7912,-38.5934,79.4725,-70.2857,2.5132,-7.7091,21.7040,-43.8049,88.5526,-78.9119,2.4354,-7.7091,21.7040,-43.8049,88.5526,-78.9119,2.4354,0,-100,-150,150,-200,0,0
592,1786005808.047,1786005808.0514,0.03335,-8.9670,28.2637,-39.3846,81.7582,-71.6923,2.5132,-7.9425,20.0772,-43.8912,88.9265,-79.9831,2.3670,-7.9425,20.0772,-43.8912,88.9265,-79.9831,2.3670,0,-100,-200,850,-400,0,0
593,1786005808.0804,1786005808.0847,0.03339,-8.8791,27.4725,-40.3516,84.3956,-74.1538,2.5132,-7.3736,17.9396,-42.8494,88.6858,-78.9412,2.2922,-7.3736,17.9396,-42.8494,88.6858,-78.9412,2.2922,50,-250,-350,900,-850,0,0
594,1786005808.1138,1786005808.118,0.03342,-8.6154,26.2418,-40.7033,86.2418,-76.6154,2.5132,-7.5558,19.7220,-37.2056,82.8644,-76.4368,2.3391,-7.5558,19.7220,-37.2056,82.8644,-76.4368,2.3391,100,-400,-100,650,-800,0,0
595,1786005808.1472,1786005808.1519,0.03341,-8.0000,24.4835,-40.7033,86.9451,-77.6703,2.5132,-7.5806,16.0902,-34.3097,83.1111,-77.9710,2.1588,-7.5806,16.0902,-34.3097,83.1111,-77.9710,2.1588,250,-550,-50,250,-600,0,0
596,1786005808.1806,1786005808.1852,0.03339,-7.7363,23.0769,-40.4396,86.7692,-77.2308,2.5132,-6.9795,16.5668,-32.2414,82.6067,-77.0230,2.2684,-6.9795,16.5668,-32.2414,82.6067,-77.0230,2.2684,100,-450,50,0,100,0,0
597,1786005808.214,1786005808.2187,0.03342,-7.6484,21.8462,-38.5055,85.3626,-76.8791,2.5132,-6.5897,17.8995,-32.4060,80.9446,-76.7413,2.2375,-6.5897,17.8995,-32.4060,80.9446,-76.7413,2.2375,0,-450,700,-400,100,0,0
598,1786005808.2473,1786005808.2518,0.03333,-7.8242,20.7033,-35.6923,84.2198,-76.8791,2.5132,-5.0908,17.3005,-32.9440,80.3720,-76.7511,1.9631,-5.0908,17.3005,-32.9440,80.3720,-76.7511,1.9631,0,-350,950,-350,0,0,0
599,1786005808.2808,1786005808.285,0.03344,-7.6484,20.6154,-33.7582,83.2527,-76.7033,2.5132,-5.7181,19.3426,-36.8873,81.7570,-76.8711,1.7463,-5.7181,19.3426,-36.8873,81.7570,-76.8711,1.7463,50,0,700,-300,100,0,0
600,1786005808.3142,1786005808.4295,0.03338,-7.0330,20.7912,-33.4066,82.1978,-76.7033,2.3810,-6.8987,21.4156,-37.0832,82.8784,-76.0872,2.1284,-6.8987,21.4156,-37.0832,82.8784,-76.0872,2.1284,250,50,100,-400,0,-100,1
601,1786005808.4307,1786005808.4357,0.11652,-5.9780,20.5275,-34.8132,82.1978,-76.8791,2.1164,-5.9662,22.5675,-39.5953,82.8128,-76.3191,2.2372,-5.9662,22.5675,-39.5953,82.8128,-76.3191,2.2372,0,-50,-100,0,0,0,1
602,1786005808.464,1786005808.4687,0.03331,-6.5055,20.6154,-34.9011,82.1978,-76.7033,2.1164,-4.6019,23.8931,-36.1569,81.2337,-74.5511,2.8048,-4.6019,23.8931,-36.1569,81.2337,-74.5511,2.8048,-200,0,-50,0,0,0,0
603,1786005808.4974,1786005808.5016,0.0334,-6.5934,21.4066,-35.6044,82.5495,-76.6154,2.1825,-4.2318,22.4773,-37.0392,81.8422,-73.9428,2.6711,-4.2318,22.4773,-37.0392,81.8422,-73.9428,2.6711,0,250,-250,100,50,0,0
604,1786005808.5309,1786005808.5355,0.03347,-6.1538,22.9011,-36.6593,82.1099,-76.0879,2.3810,-4.4126,24.0830,-37.4742,81.4488,-74.4746,2.8334,-4.4126,24.0830,-37.4742,81.4488,-74.4746,2.8334,200,550,-300,-100,250,100,0
605,1786005808.5642,1786005808.5689,0.03336,-5.4505,23.5165,-36.3956,81.9341,-75.1209,2.4471,-4.0643,23.9510,-36.0140,80.1207,-75.8189,2.8954,-4.0643,23.9510,-36.0140,80.1207,-75.8189,2.8954,250,100,-50,-50,350,50,0
606,1786005808.5976,1786005808.6023,0.03338,-4.7473,23.9560,-36.1319,82.0220,-75.2967,2.5794,-4.3518,23.5772,-35.4068,80.0312,-75.3837,2.9649,-4.3518,23.5772,-35.4068,80.0312,-75.3837,2.9649,250,100,100,50,0,50,0
607,1786005808.631,1786005808.6356,0.0334,-4.4835,24.3956,-35.7802,81.4945,-75.3846,2.5794,-5.4073,24.5385,-36.0832,77.7145,-75.7511,3.1987,-5.4073,24.5385,-36.0832,77.7145,-75.7511,3.1987,100,200,150,-200,0,0,0
608,1786005808.6644,1786005808.669,0.03338,-4.4835,24.3956,-35.3407,80.9670,-75.4725,2.6455,-5.6569,23.7572,-35.4050,78.3438,-79.6378,3.1137,-5.6569,23.7572,-35.4050,78.3438,-79.6378,3.1137,0,0,200,-200,-50,50,0
609,1786005808.6978,1786005808.7024,0.03339,-4.9231,24.7473,-35.3407,80.0879,-75.4725,2.7778,-4.9969,24.4767,-36.6340,78.1376,-78.4183,3.1914,-4.9969,24.4767,-36.6340,78.1376,-78.4183,3.1914,-150,100,0,-150,0,100,0
610,1786005808.7311,1786005808.7357,0.03338,-5.3626,24.9231,-35.1648,79.1209,-76.1758,2.9101,-5.8356,24.8923,-36.2159,78.0039,-79.8829,3.2410,-5.8356,24.8923,-36.2159,78.0039,-79.8829,3.2410,-150,0,100,-450,-350,0,0
611,1786005808.7645,1786005808.7688,0.03339,-5.4505,25.2747,-35.1648,79.0330,-77.4066,2.9762,-6.1892,25.1981,-35.9805,77.7359,-78.0164,3.0388,-6.1892,25.1981,-35.9805,77.7359,-78.0164,3.0388,-50,100,0,0,-450,50,0
612,1786005808.798,1786005808.8026,0.03347,-5.4505,25.5385,-35.1648,78.9451,-78.3736,2.9762,-6.0966,24.8979,-36.2386,77.8121,-79.2155,3.1708,-6.0966,24.8979,-36.2386,77.8121,-79.2155,3.1708,0,150,0,-50,-300,0,0
613,1786005808.8314,1786005808.836,0.03335,-5.3626,25.6264,-35.1648,78.5055,-78.7253,2.9762,-5.3467,22.9794,-34.1022,77.1766,-79.2141,3.1637,-5.3467,22.9794,-34.1022,77.1766,-79.2141,3.1637,0,50,0,-200,-150,0,0
614,1786005808.8647,1786005808.8693,0.03338,-5.4505,25.7143,-35.1648,78.5055,-78.5495,2.9762,-5.5585,22.5221,-33.2731,78.0885,-80.5796,3.2162,-5.5585,22.5221,-33.2731,78.0885,-80.5796,3.2162,0,0,0,0,50,0,0
615,1786005808.8981,1786005808.9025,0.03337,-5.4505,25.6264,-34.7253,78.1538,-78.6374,2.9762,-5.0059,22.7490,-33.6947,78.4597,-79.0397,3.5645,-5.0059,22.7490,-33.6947,78.4597,-79.0397,3.5645,0,0,100,-150,-50,0,0
616,1786005808.9315,1786005808.9361,0.03344,-5.5385,25.4505,-33.7582,78.2418,-79.4286,2.9762,-4.5443,20.6800,-36.9175,80.0888,-79.5078,3.0970,-4.5443,20.6800,-36.9175,80.0888,-79.5078,3.0970,0,-100,350,0,-250,0,0
617,1786005808.965,1786005808.9696,0.03346,-5.5385,25.4505,-33.6703,78.4176,-79.7802,2.9762,-4.2171,23.7936,-34.9426,79.7330,-78.2950,3.3460,-4.2171,23.7936,-34.9426,79.7330,-78.2950,3.3460,0,0,0,50,-50,0,0
618,1786005808.9984,1786005809.003,0.03335,-5.1868,25.5385,-33.5824,79.0330,-79.5165,3.0423,-3.6379,23.3836,-34.1395,77.8749,-80.9032,3.4605,-3.6379,23.3836,-34.1395,77.8749,-80.9032,3.4605,100,50,50,300,100,50,0
619,1786005809.0317,1786005809.0363,0.03336,-4.6593,25.3626,-33.7582,79.3846,-79.3407,3.1085,-4.2881,24.2241,-33.5912,77.4786,-78.8576,3.3187,-4.2881,24.2241,-33.5912,77.4786,-78.8576,3.3187,200,-50,-100,200,100,50,0
620,1786005809.0651,1786005809.0697,0.03339,-4.2198,25.1868,-33.7582,78.6813,-78.9890,3.1085,-3.9961,25.5576,-34.0217,78.1233,-79.0002,3.1660,-3.9961,25.5576,-34.0217,78.1233,-79.0002,3.1660,200,-100,0,-250,100,0,0
621,1786005809.0985,1786005809.1032,0.03338,-4.1319,25.1868,-33.3187,78.2418,-79.4286,3.1085,-3.2855,26.3189,-33.2161,77.9828,-79.8906,3.2010,-3.2855,26.3189,-33.2161,77.9828,-79.8906,3.2010,50,0,200,-100,-250,0,0
622,1786005809.1319,1786005809.1365,0.03341,-4.0440,25.8901,-33.2308,78.3297,-79.3407,3.1085,-3.2251,27.9925,-34.6627,79.1345,-78.2829,3.2819,-3.2251,27.9925,-34.6627,79.1345,-78.2829,3.2819,0,200,0,50,50,0,0
623,1786005809.1653,1786005809.1699,0.03336,-4.2198,26.7692,-32.8791,78.3297,-79.3407,3.1085,-2.9050,29.6447,-37.1715,78.0933,-78.6100,3.2963,-2.9050,29.6447,-37.1715,78.0933,-78.6100,3.2963,-100,300,100,0,0,0,0
624,1786005809.1987,1786005809.2034,0.0334,-4.1319,27.7363,-32.8791,78.5934,-79.0769,3.1085,-3.2723,30.0176,-37.0494,78.2966,-78.7499,3.2808,-3.2723,30.0176,-37.0494,78.2966,-78.7499,3.2808,0,350,100,100,-50,0,0
625,1786005809.2321,1786005809.2368,0.03346,-3.7802,29.1429,-33.7582,78.6813,-78.7253,3.1085,-3.4240,31.6086,-37.2415,78.2425,-76.7706,3.2426,-3.4240,31.6086,-37.2415,78.2425,-76.7706,3.2426,100,450,-300,100,150,0,0
626,1786005809.2654,1786005809.2702,0.03331,-3.3407,30.0220,-34.4615,78.4176,-78.8132,3.1085,-4.0760,31.7564,-40.4478,79.7343,-78.1757,3.4625,-4.0760,31.7564,-40.4478,79.7343,-78.1757,3.4625,150,350,-150,-150,0,0,0
627,1786005809.2988,1786005809.3035,0.03339,-3.2527,30.9890,-34.6374,78.5055,-78.4615,3.1085,-3.8490,32.1376,-38.2434,79.1272,-76.1442,3.5619,-3.8490,32.1376,-38.2434,79.1272,-76.1442,3.5619,50,350,-50,0,0,0,0
628,1786005809.3323,1786005809.3373,0.0335,-3.2527,31.8681,-35.4286,78.8571,-77.6703,3.1085,-3.8019,33.1356,-39.9961,79.9586,-77.3035,3.3483,-3.8019,33.1356,-39.9961,79.9586,-77.3035,3.3483,0,300,-250,0,250,0,0
629,1786005809.3656,1786005809.3704,0.03332,-3.5165,32.5714,-36.3077,79.1209,-77.2308,3.1085,-3.8951,32.7462,-38.2459,79.2733,-77.8750,3.5352,-3.8951,32.7462,-38.2459,79.2733,-77.8750,3.5352,-50,200,-300,100,200,0,0
630,1786005809.3991,1786005809.4038,0.03342,-3.6044,33.0989,-36.7473,79.2967,-77.0549,3.1085,-3.7856,33.0487,-38.8610,80.1573,-77.2393,3.3573,-3.7856,33.0487,-38.8610,80.1573,-77.2393,3.3573,-100,200,-150,50,100,0,0
631,1786005809.4324,1786005809.4371,0.03334,-3.6923,33.1868,-36.8352,79.4725,-77.5824,3.1085,-2.8698,33.2210,-41.4677,79.2812,-76.9326,3.2309,-2.8698,33.2210,-41.4677,79.2812,-76.9326,3.2309,-50,0,0,150,-200,0,0
632,1786005809.4658,1786005809.4703,0.03337,-3.6923,33.5385,-36.9231,79.5604,-77.5824,3.1085,-3.7964,32.4215,-44.3630,80.2335,-80.3057,3.3170,-3.7964,32.4215,-44.3630,80.2335,-80.3057,3.3170,0,150,0,0,50,0,0
633,1786005809.4992,1786005809.5039,0.03346,-3.4286,33.9780,-37.6264,79.7363,-77.2308,3.1085,-3.8649,31.8042,-43.2100,80.0628,-78.7682,3.3725,-3.8649,31.8042,-43.2100,80.0628,-78.7682,3.3725,100,150,-150,50,100,0,0
634,1786005809.5326,1786005809.5371,0.03339,-3.2527,33.9780,-39.0330,79.8242,-77.7582,3.1085,-3.1691,31.1077,-41.2168,79.9138,-79.6072,3.3919,-3.1691,31.1077,-41.2168,79.9138,-79.6072,3.3919,50,0,-500,50,-150,0,0
635,1786005809.566,1786005809.5707,0.0334,-3.2527,33.8901,-40.2637,79.9121,-78.8132,3.1085,-2.5110,30.7117,-41.8350,79.9529,-79.4001,3.4429,-2.5110,30.7117,-41.8350,79.9529,-79.4001,3.4429,0,0,-400,50,-350,0,0
636,1786005809.5994,1786005809.6041,0.03337,-3.2527,33.4505,-40.5275,79.9121,-78.9890,3.1085,-3.6202,32.7174,-41.0131,80.5837,-78.5837,3.4326,-3.6202,32.7174,-41.0131,80.5837,-78.5837,3.4326,0,-150,-200,0,-50,0,0
637,1786005809.6328,1786005809.6374,0.03337,-3.4286,33.1868,-40.1758,79.9121,-78.8132,3.1085,-4.1439,29.6850,-40.6730,79.9812,-80.9960,3.3690,-4.1439,29.6850,-40.6730,79.9812,-80.9960,3.3690,-100,-50,150,0,100,0,0
638,1786005809.6662,1786005809.6709,0.03339,-3.5165,33.5385,-40.0879,80.0879,-78.7253,3.1085,-4.0717,28.9643,-38.7271,79.0928,-81.8947,3.4291,-4.0717,28.9643,-38.7271,79.0928,-81.8947,3.4291,-50,50,50,50,50,0,0
639,1786005809.6995,1786005809.7041,0.03339,-3.5165,33.9780,-40.0000,80.1758,-79.2527,3.1085,-3.8511,28.0850,-40.4114,81.2757,-78.9453,3.4564,-3.8511,28.0850,-40.4114,81.2757,-78.9453,3.4564,0,150,0,0,-50,0,0
640,1786005809.733,1786005809.7374,0.03342,-3.5165,33.8022,-39.3846,79.8242,-80.6593,3.1085,-3.6905,27.6688,-46.7614,84.8708,-82.4253,3.3783,-3.6905,27.6688,-46.7614,84.8708,-82.4253,3.3783,0,-50,150,-150,-500,0,0
641,1786005809.7664,1786005809.7707,0.03342,-3.5165,33.0110,-38.7692,80.1758,-80.8352,3.1085,-4.3299,27.1675,-46.8117,84.5142,-82.4604,3.2285,-4.3299,27.1675,-46.8117,84.5142,-82.4604,3.2285,0,-250,150,-50,0,0,0
642,1786005809.7998,1786005809.8041,0.03335,-3.5165,32.4835,-39.2967,81.8462,-80.5714,3.1085,-4.8443,26.8422,-47.8645,87.8879,-81.2879,3.5249,-4.8443,26.8422,-47.8645,87.8879,-81.2879,3.5249,0,-150,0,550,100,0,0
643,1786005809.8332,1786005809.8379,0.03345,-3.6923,32.3077,-41.1429,83.3407,-81.4505,3.1085,-5.4897,24.6586,-44.2320,87.0989,-80.9971,3.1861,-5.4897,24.6586,-44.2320,87.0989,-80.9971,3.1861,-50,-50,-550,450,-300,0,0
644,1786005809.8666,1786005809.8714,0.03339,-3.9560,31.9560,-43.0769,84.6593,-81.6264,3.1085,-4.5993,25.8601,-44.7494,87.2982,-81.7728,3.3993,-4.5993,25.8601,-44.7494,87.2982,-81.7728,3.3993,-50,-100,-650,400,50,0,0
645,1786005809.9,1786005809.9046,0.0334,-4.2198,30.9890,-43.9560,85.9780,-81.1868,3.1085,-3.5281,23.7064,-44.3721,88.1180,-82.3104,3.2373,-3.5281,23.7064,-44.3721,88.1180,-82.3104,3.2373,-100,-250,-200,500,200,0,0
646,1786005809.9334,1786005809.9383,0.03343,-4.4835,29.7582,-43.7802,86.2418,-81.4505,3.1746,-3.3857,21.7992,-42.5352,90.0016,-82.9582,3.2935,-3.3857,21.7992,-42.5352,90.0016,-82.9582,3.2935,-100,-400,0,50,-50,50,0
647,1786005809.9668,1786005809.9711,0.03338,-4.4835,28.6154,-43.4286,86.9451,-81.8901,3.1746,-2.0465,22.2873,-42.5979,89.9479,-82.6859,3.3552,-2.0465,22.2873,-42.5979,89.9479,-82.6859,3.3552,0,-400,100,150,-150,0,0
648,1786005810.0002,1786005810.0049,0.03341,-4.1319,27.5604,-43.0769,88.0000,-82.2418,3.1746,-2.4013,22.6839,-42.7860,90.3147,-82.8399,3.1453,-2.4013,22.6839,-42.7860,90.3147,-82.8399,3.1453,150,-350,150,300,-100,0,0
649,1786005810.0336,1786005810.0383,0.0334,-3.3407,26.9451,-42.5495,88.9670,-82.2418,3.1746,-1.8349,25.8117,-42.0135,87.8551,-83.7226,3.0983,-1.8349,25.8117,-42.0135,87.8551,-83.7226,3.0983,250,-200,300,350,0,0,0
650,1786005810.067,1786005810.1802,0.0334,-2.7253,26.7692,-42.5495,89.3187,-82.5055,3.1746,-3.6182,25.5796,-46.4818,89.4049,-85.9445,2.1974,-3.6182,25.5796,-46.4818,89.4049,-85.9445,2.1974,250,-50,0,100,-100,0,1
651,1786005810.1814,1786005810.1866,0.1144,-2.1978,27.2088,-41.8462,88.5275,-83.1209,3.1746,-1.9121,28.5926,-45.9211,87.9828,-83.7379,2.5204,-1.9121,28.5926,-45.9211,87.9828,-83.7379,2.5204,0,0,50,0,0,0,1
652,1786005810.2147,1786005810.2193,0.03326,-2.1978,27.2088,-41.7582,88.5275,-83.2088,3.1746,-2.9280,25.8461,-44.7243,87.2171,-82.2849,2.2583,-2.9280,25.8461,-44.7243,87.2171,-82.2849,2.2583,0,0,50,0,0,0,0
653,1786005810.2481,1786005810.2528,0.03339,-2.1099,27.2967,-42.1978,88.5275,-83.3846,2.9101,-2.8437,26.7347,-44.7135,85.3159,-83.7571,2.9068,-2.8437,26.7347,-44.7135,85.3159,-83.7571,2.9068,50,0,-100,0,-50,-150,0
654,1786005810.2815,1786005810.2862,0.03348,-2.1099,27.9121,-43.1648,88.0879,-83.3846,2.7116,-2.1520,25.4635,-47.4215,85.5573,-80.9061,2.6294,-2.1520,25.4635,-47.4215,85.5573,-80.9061,2.6294,0,150,-350,-100,50,-100,0
655,1786005810.3149,1786005810.3198,0.03333,-2.1978,28.0000,-43.2527,87.2967,-83.0330,2.7116,-2.2459,24.5873,-45.3981,85.4418,-81.7974,2.5922,-2.2459,24.5873,-45.3981,85.4418,-81.7974,2.5922,0,50,-50,-200,150,0,0
656,1786005810.3483,1786005810.3529,0.03338,-2.3736,28.0000,-43.2527,86.5934,-82.9451,2.7116,-2.9235,24.3851,-47.2136,86.2298,-82.3838,2.8096,-2.9235,24.3851,-47.2136,86.2298,-82.3838,2.8096,-50,0,0,-200,0,0,0
657,1786005810.3816,1786005810.3864,0.03339,-2.3736,27.9121,-43.3407,86.4176,-82.5055,2.7116,-2.6488,26.3156,-48.2357,85.6177,-86.7208,2.9450,-2.6488,26.3156,-48.2357,85.6177,-86.7208,2.9450,0,-50,-50,-50,150,0,0
658,1786005810.415,1786005810.4199,0.03339,-2.3736,27.9121,-43.9560,86.5055,-82.5055,2.7116,-2.6334,27.3180,-46.9745,84.4903,-84.5067,3.0284,-2.6334,27.3180,-46.9745,84.4903,-84.5067,3.0284,0,0,-100,50,0,0,0
659,1786005810.4484,1786005810.4531,0.03339,-2.3736,28.0000,-44.9231,86.1538,-83.0330,2.7116,-1.6145,23.6741,-48.6394,85.6467,-87.7127,2.7927,-1.6145,23.6741,-48.6394,85.6467,-87.7127,2.7927,0,0,-400,-150,-150,0,0
660,1786005810.4818,1786005810.4868,0.03336,-2.3736,28.1758,-45.0989,85.6264,-84.0879,2.7116,-2.1895,27.4684,-51.2360,85.4033,-86.9215,2.7640,-2.1895,27.4684,-51.2360,85.4033,-86.9215,2.7640,0,50,-50,-150,-350,0,0
661,1786005810.5152,1786005810.5199,0.03343,-2.4615,28.1758,-45.2747,85.6264,-85.0549,2.7116,-2.3184,25.1647,-46.5507,84.0247,-86.6874,2.7530,-2.3184,25.1647,-46.5507,84.0247,-86.6874,2.7530,-50,0,0,-50,-250,0,0
662,1786005810.5487,1786005810.5534,0.03346,-2.4615,28.2637,-46.5055,85.7143,-86.2857,2.7116,-3.5415,26.5036,-47.0766,84.8214,-85.7392,2.7150,-3.5415,26.5036,-47.0766,84.8214,-85.7392,2.7150,0,0,-400,0,-500,0,0
663,1786005810.582,1786005810.5864,0.0333,-2.1978,28.2637,-47.3846,85.2747,-86.3736,2.7116,-4.3552,27.6662,-46.1443,84.4337,-86.3989,2.7338,-4.3552,27.6662,-46.1443,84.4337,-86.3989,2.7338,100,0,-300,-100,50,0,0
664,1786005810.6154,1786005810.6197,0.03341,-2.2857,28.0000,-47.4725,84.8352,-86.1099,2.7116,-4.3716,27.0657,-46.5212,83.6356,-87.2289,2.6783,-4.3716,27.0657,-46.5212,83.6356,-87.2289,2.6783,-50,-100,-150,-200,150,0,0
665,1786005810.6488,1786005810.6535,0.03345,-2.7253,28.0000,-46.6813,84.8352,-86.3736,2.7116,-4.7496,27.6040,-45.0788,84.1111,-88.5590,2.6030,-4.7496,27.6040,-45.0788,84.1111,-88.5590,2.6030,-150,-50,250,0,-100,0,0
666,1786005810.6822,1786005810.6869,0.03337,-3.4286,28.4396,-46.1538,84.4835,-86.5495,2.7116,-4.2308,28.5689,-45.9932,83.6778,-86.8831,2.5601,-4.2308,28.5689,-45.9932,83.6778,-86.8831,2.5601,-150,150,150,-100,-50,0,0
667,1786005810.7156,1786005810.7203,0.0334,-4.0440,28.8791,-45.5385,84.4835,-87.2527,2.7116,-4.9031,28.3779,-45.6419,83.9076,-85.3592,2.5157,-4.9031,28.3779,-45.6419,83.9076,-85.3592,2.5157,-200,150,300,0,-150,0,0
668,1786005810.7491,1786005810.7536,0.03344,-4.1319,29.1429,-45.0110,84.4835,-87.6044,2.7116,-4.6304,28.5757,-44.9801,84.2744,-86.1663,2.2890,-4.6304,28.5757,-44.9801,84.2744,-86.1663,2.2890,-100,100,300,0,-150,0,0
669,1786005810.7824,1786005810.7871,0.03335,-4.1319,29.1429,-45.0110,84.4835,-86.7253,2.7116,-5.6711,27.6567,-42.4927,82.5899,-85.3185,2.3741,-5.6711,27.6567,-42.4927,82.5899,-85.3185,2.3741,-50,0,0,0,300,0,0
670,1786005810.8158,1786005810.8205,0.0334,-4.0440,29.1429,-44.8352,84.4835,-86.2857,2.7116,-5.0089,28.9354,-41.2829,82.3004,-84.8120,2.4913,-5.0089,28.9354,-41.2829,82.3004,-84.8120,2.4913,50,0,100,0,300,0,0
671,1786005810.8492,1786005810.8539,0.03341,-4.2198,29.1429,-43.9560,83.9560,-86.2857,2.5794,-5.0427,30.3716,-43.7110,82.3377,-81.9866,2.7801,-5.0427,30.3716,-43.7110,82.3377,-81.9866,2.7801,-100,0,200,-200,-50,-50,0
672,1786005810.8826,1786005810.8872,0.03336,-4.3956,29.4066,-42.5495,83.3407,-85.6703,2.5794,-5.0998,31.3707,-44.7898,80.3616,-84.2680,2.6333,-5.0998,31.3707,-44.7898,80.3616,-84.2680,2.6333,-50,50,550,-150,200,0,0
673,1786005810.916,1786005810.9214,0.03346,-4.7473,30.4615,-42.1099,83.1648,-84.8791,2.5794,-5.6835,29.1588,-41.9416,80.4941,-82.8319,2.6530,-5.6835,29.1588,-41.9416,80.4941,-82.8319,2.6530,-150,350,0,-50,200,0,0
674,1786005810.9494,1786005810.9536,0.03336,-4.9231,31.6044,-42.4615,82.3736,-83.6484,2.5794,-5.3890,30.2876,-42.6773,80.7221,-82.9145,2.5287,-5.3890,30.2876,-42.6773,80.7221,-82.9145,2.5287,-50,500,-100,-250,400,0,0
675,1786005810.9829,1786005810.9876,0.03347,-4.9231,31.7802,-42.4615,81.6703,-83.5604,2.5794,-6.5067,32.3465,-48.1451,85.3100,-80.2835,2.5869,-6.5067,32.3465,-48.1451,85.3100,-80.2835,2.5869,0,100,0,-200,0,0,0
676,1786005811.0162,1786005811.0211,0.03337,-4.8352,31.5165,-42.1978,81.5824,-83.6484,2.5794,-6.1588,30.3987,-45.9429,82.2179,-78.3696,2.5130,-6.1588,30.3987,-45.9429,82.2179,-78.3696,2.5130,50,-100,150,0,-50,0,0
677,1786005811.0496,1786005811.0544,0.03339,-5.0110,31.6044,-42.3736,81.8462,-82.8571,2.5794,-5.7996,30.0191,-45.5803,81.7814,-78.0244,2.4898,-5.7996,30.0191,-45.5803,81.7814,-78.0244,2.4898,-100,100,0,50,200,0,0
678,1786005811.083,1786005811.0877,0.03337,-5.2747,32.4835,-43.4286,82.5495,-81.0110,2.5794,-6.5016,30.9459,-46.6524,80.1927,-77.7509,2.5220,-6.5016,30.9459,-46.6524,80.1927,-77.7509,2.5220,-100,350,-400,250,650,0,0
679,1786005811.1164,1786005811.1209,0.03345,-5.7143,32.8352,-43.6923,82.2857,-79.6044,2.5794,-5.5207,31.7560,-49.0789,81.2315,-76.6962,2.6472,-5.5207,31.7560,-49.0789,81.2315,-76.6962,2.6472,-150,100,-50,0,400,0,0
680,1786005811.1498,1786005811.1541,0.03336,-5.8022,32.8352,-43.6044,81.4945,-79.0769,2.5794,-5.8589,30.7476,-46.8349,81.3932,-78.4926,2.7415,-5.8589,30.7476,-46.8349,81.3932,-78.4926,2.7415,0,0,50,-300,200,0,0
681,1786005811.1832,1786005811.1881,0.03344,-5.7143,32.8352,-44.7473,81.4066,-78.4615,2.5794,-5.2917,30.2166,-46.2100,81.0777,-79.6274,2.6699,-5.2917,30.2166,-46.2100,81.0777,-79.6274,2.6699,0,0,-400,50,200,0,0
682,1786005811.2166,1786005811.2209,0.03337,-5.4505,32.6593,-45.8022,81.5824,-78.0220,2.5794,-4.3374,31.3388,-46.4594,80.9524,-79.4402,2.5887,-4.3374,31.3388,-46.4594,80.9524,-79.4402,2.5887,100,-50,-300,100,50,0,0
683,1786005811.2501,1786005811.2548,0.03349,-5.3626,32.3956,-45.6264,81.3187,-78.9890,2.5794,-2.9918,31.3678,-46.2332,80.2285,-80.1962,3.0104,-2.9918,31.3678,-46.2332,80.2285,-80.1962,3.0104,0,-50,-50,-100,-400,0,0
684,1786005811.2834,1786005811.2881,0.03333,-5.1868,32.5714,-45.4505,81.3187,-79.0769,2.5794,-3.0904,30.9510,-43.8055,79.7525,-81.1151,2.8093,-3.0904,30.9510,-43.8055,79.7525,-81.1151,2.8093,50,0,50,0,0,0,0
685,1786005811.3169,1786005811.3221,0.03346,-4.7473,32.7473,-45.2747,80.9670,-79.3407,2.6455,-3.2597,31.0388,-44.8920,78.3091,-80.4390,2.7732,-3.2597,31.0388,-44.8920,78.3091,-80.4390,2.7732,100,100,0,-50,-100,50,0
686,1786005811.3503,1786005811.3551,0.03337,-4.3077,32.7473,-44.7473,80.6154,-80.0440,2.6455,-2.6528,29.5449,-42.5907,78.1061,-81.2606,2.7587,-2.6528,29.5449,-42.5907,78.1061,-81.2606,2.7587,100,0,150,-150,-250,0,0
687,1786005811.3836,1786005811.3882,0.03336,-3.6923,32.5714,-43.9560,79.9121,-80.3077,2.6455,-2.9011,28.6220,-40.6725,76.6316,-81.3508,2.7328,-2.9011,28.6220,-40.6725,76.6316,-81.3508,2.7328,250,-50,300,-250,-100,0,0
688,1786005811.4171,1786005811.4218,0.03343,-3.3407,32.3956,-43.2527,79.1209,-80.6593,2.6455,-3.6446,28.6631,-38.3046,76.4163,-81.9899,2.7048,-3.6446,28.6631,-38.3046,76.4163,-81.9899,2.7048,150,-50,250,-200,-150,0,0
689,1786005811.4504,1786005811.4553,0.03338,-3.2527,32.2198,-41.8462,78.4176,-80.9231,2.6455,-2.4087,30.2158,-40.2775,77.2286,-81.9699,2.9232,-2.4087,30.2158,-40.2775,77.2286,-81.9699,2.9232,0,-50,450,-200,-50,0,0
690,1786005811.4838,1786005811.4881,0.03335,-3.3407,32.2198,-40.1758,77.7143,-81.0989,2.7116,-3.3885,29.1150,-42.1678,77.3629,-81.5496,2.7463,-3.3885,29.1150,-42.1678,77.3629,-81.5496,2.7463,-50,0,600,-200,-100,0,0
691,1786005811.5172,1786005811.5219,0.03342,-3.4286,32.3077,-39.1209,77.7143,-81.3626,2.7116,-2.9846,29.0531,-41.1486,78.4491,-84.0150,2.7500,-2.9846,29.0531,-41.1486,78.4491,-84.0150,2.7500,-50,0,350,0,-100,0,0
692,1786005811.5506,1786005811.5553,0.03339,-3.4286,32.3956,-39.2088,77.7143,-81.3626,2.7116,-2.9757,28.4823,-40.2462,77.5747,-82.4395,2.7376,-2.9757,28.4823,-40.2462,77.5747,-82.4395,2.7376,0,50,50,0,0,0,0
693,1786005811.5841,1786005811.5888,0.0335,-3.0769,32.3956,-39.4725,77.8901,-81.9780,2.7116,-2.6515,29.4755,-43.7205,78.1931,-81.7369,2.8201,-2.6515,29.4755,-43.7205,78.1931,-81.7369,2.8201,100,0,-100,50,-200,0,0
694,1786005811.6174,1786005811.6218,0.03327,-2.9011,32.2198,-39.5604,77.9780,-83.2088,2.7116,-3.2067,29.2023,-43.1086,77.5547,-82.1695,2.6572,-3.2067,29.2023,-43.1086,77.5547,-82.1695,2.6572,100,-50,0,0,-400,0,0
695,1786005811.6508,1786005811.6552,0.03346,-2.8132,32.1319,-39.4725,77.8022,-82.7692,2.7116,-2.3949,27.9204,-41.7781,76.5921,-84.5039,2.6223,-2.3949,27.9204,-41.7781,76.5921,-84.5039,2.6223,50,0,50,-100,0,0,0
696,1786005811.6843,1786005811.6888,0.03344,-2.9890,32.3077,-39.7363,77.8022,-82.2418,2.7116,-2.3785,29.4184,-40.6943,75.7746,-83.1860,2.6055,-2.3785,29.4184,-40.6943,75.7746,-83.1860,2.6055,-50,50,0,0,200,0,0
697,1786005811.7176,1786005811.7219,0.03334,-3.1648,32.3956,-40.0879,77.3626,-82.7692,2.7116,-2.7190,30.3462,-40.9421,74.6102,-84.2639,2.4674,-2.7190,30.3462,-40.9421,74.6102,-84.2639,2.4674,-100,100,-150,-200,-300,0,0
698,1786005811.751,1786005811.7553,0.03341,-3.0769,32.3077,-40.0879,76.8352,-83.6484,2.7116,-2.4360,31.2381,-41.5405,74.1262,-81.8250,2.4786,-2.4360,31.2381,-41.5405,74.1262,-81.8250,2.4786,0,-50,0,-150,-350,0,0
699,1786005811.7844,1786005811.7898,0.03342,-2.8132,32.1319,-40.0000,75.9560,-83.7363,2.7116,-3.5096,31.5416,-42.0584,73.6891,-82.1487,2.4472,-3.5096,31.5416,-42.0584,73.6891,-82.1487,2.4472,100,-50,50,-300,-50,0,0
700,1786005811.8178,1786005811.928,0.03336,-2.6374,32.2198,-40.0879,75.2527,-83.6484,2.7116,-3.7171,32.8309,-45.7269,77.6040,-85.4404,1.5854,-3.7171,32.8309,-45.7269,77.6040,-85.4404,1.5854,100,0,-50,-200,50,0,1
701,1786005811.9292,1786005811.9344,0.11144,-2.9890,32.3077,-40.0879,74.5495,-82.7692,2.7116,-1.9274,32.5884,-42.3617,77.0671,-84.8336,1.7796,-1.9274,32.5884,-42.3617,77.0671,-84.8336,1.7796,-100,-50,0,0,0,0,1
702,1786005811.9626,1786005811.967,0.03334,-3.0769,32.3077,-40.2637,74.4615,-82.5934,2.7116,-1.7981,32.2307,-43.8070,77.1186,-84.4516,1.7238,-1.7981,32.2307,-43.8070,77.1186,-84.4516,1.7238,-50,0,-50,-50,50,0,0
703,1786005811.996,1786005812.0007,0.03345,-3.0769,32.7473,-40.4396,75.0769,-83.0330,2.3148,-1.6246,32.1047,-42.5623,76.4539,-83.4449,1.6574,-1.6246,32.1047,-42.5623,76.4539,-83.4449,1.6574,0,50,-50,250,-200,-150,0
704,1786005812.0294,1786005812.0341,0.03336,-2.6374,33.0110,-40.8791,76.2198,-83.8242,2.2487,-2.2467,31.1328,-40.9930,76.9919,-84.0749,1.9962,-2.2467,31.1328,-40.9930,76.9919,-84.0749,1.9962,150,100,-150,450,-400,-100,0
705,1786005812.0627,1786005812.0674,0.03334,-2.1099,33.0989,-40.9670,76.1319,-83.5604,2.1825,-1.1222,32.7910,-42.6587,76.6738,-85.8676,1.7894,-1.1222,32.7910,-42.6587,76.6738,-85.8676,1.7894,200,0,-50,-50,50,-50,0
706,1786005812.0961,1786005812.1007,0.03339,-1.8462,32.9231,-40.6154,76.3077,-83.7363,2.2487,-1.9168,30.5173,-40.6582,77.9403,-86.9421,1.7837,-1.9168,30.5173,-40.6582,77.9403,-86.9421,1.7837,150,-100,150,100,-100,50,0
707,1786005812.1295,1786005812.1341,0.03339,-1.4945,32.8352,-40.4396,76.4835,-84.7033,2.1825,-1.2647,30.7899,-41.4293,76.5970,-85.3994,1.9897,-1.2647,30.7899,-41.4293,76.5970,-85.3994,1.9897,100,-50,0,50,-300,0,0
708,1786005812.1629,1786005812.1676,0.03338,-1.5824,33.2747,-40.4396,77.0110,-85.4945,2.1164,-1.5068,31.0389,-41.1861,77.0972,-87.4960,2.2917,-1.5068,31.0389,-41.1861,77.0972,-87.4960,2.2917,-50,150,0,100,-250,0,0
709,1786005812.1963,1786005812.2011,0.03342,-1.7582,33.4505,-40.1758,77.1868,-85.6703,2.1164,-0.4286,29.7231,-40.8793,76.8644,-86.4896,2.0026,-0.4286,29.7231,-40.8793,76.8644,-86.4896,2.0026,-50,50,50,0,0,0,0
710,1786005812.2297,1786005812.2344,0.03338,-1.7582,33.4505,-40.1758,77.0989,-85.4066,2.1825,-0.5060,29.0534,-39.7780,76.5115,-87.1823,2.2340,-0.5060,29.0534,-39.7780,76.5115,-87.1823,2.2340,0,0,0,-100,150,0,0
711,1786005812.2631,1786005812.2677,0.03339,-1.4945,33.1868,-40.1758,77.0989,-86.0220,2.1825,-0.8107,28.3606,-40.0307,76.5253,-87.5671,2.3158,-0.8107,28.3606,-40.0307,76.5253,-87.5671,2.3158,100,-50,0,0,-250,0,0
712,1786005812.2965,1786005812.3011,0.03343,-1.2308,32.5714,-40.0000,77.0989,-86.5495,2.1825,-1.5853,29.0551,-40.4963,76.2315,-86.7938,2.3133,-1.5853,29.0551,-40.4963,76.2315,-86.7938,2.3133,50,-200,50,0,-150,0,0
713,1786005812.3299,1786005812.3348,0.0334,-0.7912,32.3077,-39.7363,77.0989,-86.9011,2.1825,-0.6907,28.6716,-38.9957,76.2379,-86.6375,2.2203,-0.6907,28.6716,-38.9957,76.2379,-86.6375,2.2203,200,-200,50,0,-200,0,0
714,1786005812.3633,1786005812.368,0.03338,-0.7033,32.3077,-39.7363,77.0110,-87.0769,2.1825,-0.9669,30.2798,-40.8601,75.8045,-86.3634,2.1928,-0.9669,30.2798,-40.8601,75.8045,-86.3634,2.1928,50,0,0,0,-100,0,0
715,1786005812.3967,1786005812.4015,0.03346,-0.7033,32.3077,-39.2967,76.9231,-86.9011,2.1825,-1.2747,28.5273,-38.6070,76.1328,-86.3018,2.3062,-1.2747,28.5273,-38.6070,76.1328,-86.3018,2.3062,0,0,150,-50,50,0,0
716,1786005812.4301,1786005812.4349,0.03335,-0.8791,32.3077,-38.9451,76.6593,-86.6374,2.1825,-1.9275,27.9441,-39.5770,76.4367,-88.6696,2.2684,-1.9275,27.9441,-39.5770,76.4367,-88.6696,2.2684,-50,0,50,-100,100,0,0
717,1786005812.4634,1786005812.4682,0.03334,-1.1429,32.3077,-38.9451,76.5714,-86.4615,2.1825,-1.3408,28.8331,-38.3379,76.8695,-86.4725,2.4953,-1.3408,28.8331,-38.3379,76.8695,-86.4725,2.4953,-50,0,-50,-50,100,0,0
718,1786005812.4969,1786005812.5012,0.03341,-1.2308,32.3077,-38.8571,76.6593,-87.0769,2.1825,-0.9673,30.5373,-39.7609,75.3374,-86.4612,2.2455,-0.9673,30.5373,-39.7609,75.3374,-86.4612,2.2455,-50,0,0,50,-200,0,0
719,1786005812.5303,1786005812.5348,0.03343,-1.2308,32.2198,-38.5934,76.6593,-87.8681,2.1825,-0.9359,31.7403,-41.2510,75.9719,-84.4772,2.1730,-0.9359,31.7403,-41.2510,75.9719,-84.4772,2.1730,0,-50,100,0,-250,0,0
720,1786005812.5637,1786005812.5684,0.0334,-1.2308,32.2198,-38.3297,76.3956,-87.6044,2.1825,-0.6165,30.1908,-39.1418,76.4477,-84.0779,2.3729,-0.6165,30.1908,-39.1418,76.4477,-84.0779,2.3729,0,0,150,-50,0,0,0
721,1786005812.5971,1786005812.6016,0.03337,-1.2308,32.7473,-38.7692,76.0440,-86.1978,2.1825,0.1492,31.2730,-39.0611,75.4924,-86.6646,2.3066,0.1492,31.2730,-39.0611,75.4924,-86.6646,2.3066,0,200,-150,-150,450,0,0
722,1786005812.6305,1786005812.6351,0.03342,-1.2308,32.8352,-39.0330,76.3956,-85.2308,2.1825,0.5972,31.8792,-38.9524,75.0107,-84.9005,2.6074,0.5972,31.8792,-38.9524,75.0107,-84.9005,2.6074,0,50,-50,100,250,0,0
723,1786005812.6639,1786005812.6686,0.03344,-1.0549,32.7473,-38.6813,76.1319,-85.4945,2.1825,0.2467,32.4041,-39.5860,75.8698,-85.9992,2.5951,0.2467,32.4041,-39.5860,75.8698,-85.9992,2.5951,50,0,50,-50,0,0,0
724,1786005812.6973,1786005812.7018,0.03334,-0.6154,32.8352,-38.5055,75.7802,-86.0220,2.3148,0.1494,33.8316,-40.7619,75.6429,-85.6066,2.4753,0.1494,33.8316,-40.7619,75.6429,-85.6066,2.4753,150,50,50,-100,-250,50,0
725,1786005812.7307,1786005812.7353,0.03343,-0.1758,33.0989,-38.5934,75.8681,-86.0220,2.3148,0.2894,32.8149,-39.8812,75.9808,-84.2394,2.5052,0.2894,32.8149,-39.8812,75.9808,-84.2394,2.5052,100,100,-50,50,0,0,0
726,1786005812.7641,1786005812.7686,0.03339,0.0000,33.8901,-38.5934,75.8681,-86.0220,2.3148,0.0998,33.5488,-39.6337,75.1674,-84.4247,2.5920,0.0998,33.5488,-39.6337,75.1674,-84.4247,2.5920,50,200,0,0,0,0,0
727,1786005812.7975,1786005812.8021,0.03341,0.0879,34.4176,-38.5055,75.8681,-85.4066,2.3148,0.3174,35.2311,-40.5852,75.3060,-82.8851,2.5359,0.3174,35.2311,-40.5852,75.3060,-82.8851,2.5359,0,200,0,0,250,0,0
728,1786005812.8308,1786005812.8353,0.03335,0.0879,34.5055,-38.4176,75.8681,-84.9670,2.3148,-0.2254,34.2247,-39.9283,75.2632,-84.6662,2.6246,-0.2254,34.2247,-39.9283,75.2632,-84.6662,2.6246,-50,50,0,0,100,0,0
729,1786005812.8642,1786005812.8684,0.03341,-0.1758,35.2088,-38.5934,75.7802,-84.4396,2.3148,-0.2163,33.1998,-38.9498,75.3275,-82.6814,2.4452,-0.2163,33.1998,-38.9498,75.3275,-82.6814,2.4452,-50,150,-50,-50,150,0,0
730,1786005812.8977,1786005812.9019,0.03341,-0.4396,35.3846,-38.5934,75.6923,-83.8242,2.3148,0.0137,33.0910,-37.9509,73.4273,-82.2607,2.6057,0.0137,33.0910,-37.9509,73.4273,-82.2607,2.6057,-50,100,0,-50,250,0,0
731,1786005812.931,1786005812.9357,0.03337,-0.4396,35.4725,-38.2418,75.6923,-83.8242,2.3148,-0.9858,33.6667,-38.8164,73.4698,-82.4401,2.6830,-0.9858,33.6667,-38.8164,73.4698,-82.4401,2.6830,0,50,150,0,50,0,0
732,1786005812.9644,1786005812.9689,0.03338,-0.4396,35.5604,-37.7143,75.1648,-83.1209,2.3148,-0.6942,33.2531,-41.2012,74.8188,-78.8309,2.4878,-0.6942,33.2531,-41.2012,74.8188,-78.8309,2.4878,0,50,200,-50,200,0,0
733,1786005812.9978,1786005813.0025,0.03341,-0.2637,35.4725,-37.6264,74.5495,-83.0330,2.3148,-1.5491,31.0916,-41.6792,76.1103,-78.6605,2.5157,-1.5491,31.0916,-41.6792,76.1103,-78.6605,2.5157,50,0,0,-200,50,0,0
734,1786005813.0312,1786005813.0357,0.03339,-0.2637,35.4725,-38.2418,74.8132,-82.4176,2.3148,-1.6931,29.2434,-45.4567,76.2704,-75.2206,2.5402,-1.6931,29.2434,-45.4567,76.2704,-75.2206,2.5402,0,0,-200,100,300,0,0
735,1786005813.0647,1786005813.0693,0.03347,-0.4396,35.3846,-38.9451,75.5165,-80.7473,2.3148,-2.8767,26.3705,-43.2870,77.8782,-71.9581,2.6543,-2.8767,26.3705,-43.2870,77.8782,-71.9581,2.6543,-50,-50,-200,200,600,0,0
736,1786005813.098,1786005813.1026,0.03338,-0.7912,34.6813,-39.5604,75.8681,-78.9890,2.3148,-3.1307,26.7333,-45.4866,78.4321,-72.5759,2.7031,-3.1307,26.7333,-45.4866,78.4321,-72.5759,2.7031,-100,-250,-150,150,600,0,0
737,1786005813.1314,1786005813.136,0.03338,-1.4066,33.6264,-40.5275,76.4835,-76.6154,2.3148,-4.0984,25.8707,-42.5531,79.5331,-71.2348,2.6464,-4.0984,25.8707,-42.5531,79.5331,-71.2348,2.6464,-200,-350,-350,250,850,0,0
738,1786005813.1648,1786005813.1693,0.0334,-1.8462,32.3956,-41.5824,77.4505,-74.7692,2.3148,-3.8962,25.4763,-41.6148,78.1576,-69.1640,2.9135,-3.8962,25.4763,-41.6148,78.1576,-69.1640,2.9135,-200,-450,-400,300,750,0,0
739,1786005813.1982,1786005813.2025,0.03338,-2.5495,31.0769,-42.0220,78.1538,-73.5385,2.3148,-4.4082,23.4293,-41.6488,81.2806,-68.5921,2.9020,-4.4082,23.4293,-41.6488,81.2806,-68.5921,2.9020,-250,-400,-250,200,450,0,0
740,1786005813.2316,1786005813.2358,0.03337,-3.0769,29.8462,-41.4066,78.2418,-72.1319,2.4471,-4.2302,19.3570,-40.2729,81.7533,-64.5191,2.9323,-4.2302,19.6703,-40.2729,81.7533,-64.5191,2.9323,-200,-450,250,0,450,100,0
741,1786005813.2651,1786005813.2697,0.03348,-3.6044,28.8791,-41.0549,78.2418,-70.4615,2.5794,-3.2065,21.9482,-40.0776,81.9095,-65.0015,3.0649,-3.2065,21.9482,-40.0776,81.9095,-65.0015,3.0649,-200,-300,50,0,600,50,0
742,1786005813.2984,1786005813.303,0.03337,-3.8681,27.8242,-40.5275,79.3846,-69.4066,2.5794,-3.0654,26.2668,-40.6211,79.8096,-68.1844,2.9420,-3.0654,26.2668,-40.6211,79.8096,-68.1844,2.9420,-100,-300,150,200,300,0,0
743,1786005813.3318,1786005813.3365,0.03337,-3.6923,26.3297,-39.9121,80.6154,-67.4725,2.6455,-3.7485,23.4541,-39.5737,79.8553,-67.2166,2.8537,-3.7485,23.4541,-39.5737,79.8553,-67.2166,2.8537,100,-500,250,550,700,50,0
744,1786005813.3652,1786005813.3699,0.03341,-3.2527,25.7143,-40.0000,80.3516,-66.9451,2.7116,-3.3244,25.0218,-36.9471,80.2105,-68.3967,2.9594,-3.3244,25.0218,-36.9471,80.2105,-68.3967,2.9594,100,-200,-50,-150,350,50,0
745,1786005813.3986,1786005813.4033,0.03339,-3.0769,25.5385,-39.8242,80.0879,-67.4725,2.7116,-3.8706,23.4408,-39.0749,82.5345,-66.7505,3.0587,-3.8706,23.4408,-39.0749,82.5345,-66.7505,3.0587,100,0,0,-150,-150,0,0
746,1786005813.432,1786005813.4366,0.03338,-3.0769,25.8901,-38.6813,80.1758,-67.9121,2.7116,-3.5735,23.2125,-39.2708,85.0873,-72.3234,2.8452,-3.5735,23.2125,-39.2708,85.0873,-72.3234,2.8452,0,100,400,50,-150,0,0
747,1786005813.4654,1786005813.4699,0.03338,-3.0769,26.1538,-37.4505,80.9670,-67.7363,2.7116,-2.2696,24.8022,-39.3014,83.0783,-75.3344,2.7995,-2.2696,24.8022,-39.3014,83.0783,-75.3344,2.7995,0,100,350,300,0,0,0
748,1786005813.4988,1786005813.5034,0.03344,-3.1648,26.3297,-37.4505,82.6374,-67.2967,2.7116,-2.4101,26.9078,-39.5578,84.2528,-75.6820,3.0209,-2.4101,26.9078,-39.5578,84.2528,-75.6820,3.0209,-50,0,50,550,250,0,0
749,1786005813.5321,1786005813.5364,0.03334,-3.1648,26.2418,-37.4505,83.6923,-68.2637,2.7116,-2.5502,25.3880,-39.0911,83.0931,-75.3962,2.8447,-2.5502,25.3880,-39.0911,83.0931,-75.3962,2.8447,0,0,0,400,-350,0,0
750,1786005813.5656,1786005813.6768,0.03341,-2.9011,26.5055,-37.8901,83.6044,-70.7253,2.7116,-4.6994,26.8642,-44.0830,85.1684,-70.8504,2.4796,-4.6994,26.8642,-44.0830,85.1684,-70.8504,2.4796,100,100,-200,-50,-850,0,1
751,1786005813.678,1786005813.683,0.11247,-2.5495,27.2967,-37.7143,83.4286,-74.5055,2.7116,-3.8932,26.2495,-42.5268,84.0989,-69.5345,2.0327,-3.8932,26.2495,-42.5268,84.0989,-69.5345,2.0327,0,0,0,0,-150,0,1
752,1786005813.7113,1786005813.716,0.03325,-2.5495,27.0330,-37.8022,83.4286,-74.6813,2.7116,-3.3293,28.7335,-43.2608,83.7818,-69.6971,2.1207,-3.3293,28.7335,-43.2608,83.7818,-69.6971,2.1207,0,-50,-50,0,-100,0,0
753,1786005813.7447,1786005813.7492,0.0334,-2.9890,26.9451,-38.5934,83.6923,-74.1538,2.4471,-4.1977,28.2919,-41.5891,82.6449,-71.2614,2.1273,-4.1977,28.2919,-41.5891,82.6449,-71.2614,2.1273,-150,-50,-300,150,350,-150,0
754,1786005813.7781,1786005813.7825,0.03339,-3.1648,27.8242,-40.0879,83.6923,-72.3956,2.3810,-4.2596,27.3869,-39.3144,81.9134,-69.2240,2.0556,-4.2596,27.3869,-39.3144,81.9134,-69.2240,2.0556,-50,300,-550,0,550,-50,0
755,1786005813.8115,1786005813.8159,0.03346,-3.4286,28.6154,-40.4396,83.2527,-71.1648,2.3810,-3.2686,29.9148,-41.0870,80.6657,-69.8585,2.0938,-3.2686,29.9148,-41.0870,80.6657,-69.8585,2.0938,-50,400,-150,-150,400,0,0
756,1786005813.8449,1786005813.8495,0.03341,-3.6044,28.7912,-39.5604,82.7253,-70.8132,2.3810,-3.9290,28.9181,-39.8429,80.3323,-70.6244,2.1646,-3.9290,28.9181,-39.8429,80.3323,-70.6244,2.1646,-50,50,350,-200,50,0,0
757,1786005813.8783,1786005813.8828,0.03333,-3.6044,29.0549,-38.9451,82.0220,-70.4615,2.3810,-3.2895,28.6897,-39.8442,79.2198,-66.6227,2.1180,-3.2895,28.6897,-39.8442,79.2198,-66.6227,2.1180,0,100,300,-250,150,0,0
758,1786005813.9117,1786005813.9162,0.03344,-3.5165,29.4945,-39.0330,81.4066,-70.6374,2.3810,-4.1160,26.8801,-37.5975,79.3069,-66.7698,2.3222,-4.1160,26.8801,-37.5975,79.3069,-66.7698,2.3222,50,100,-50,-250,-100,0,0
759,1786005813.9451,1786005813.9496,0.03337,-3.4286,29.5824,-39.0330,80.7912,-70.1978,2.3810,-5.2301,28.3344,-40.5164,78.5744,-68.3006,2.3300,-5.2301,28.3344,-40.5164,78.5744,-68.3006,2.3300,50,0,0,-250,300,0,0
760,1786005813.9784,1786005813.9831,0.03338,-3.4286,29.4945,-38.5055,80.2637,-68.7033,2.3810,-4.9653,27.8673,-40.2181,79.2408,-68.7350,2.3265,-4.9653,27.8673,-40.2181,79.2408,-68.7350,2.3265,0,0,50,-150,550,0,0
761,1786005814.0118,1786005814.0164,0.03333,-3.8681,29.4066,-37.8022,79.8242,-68.2637,2.3810,-5.9310,27.4729,-38.2249,79.5008,-68.8012,2.3437,-5.9310,27.4729,-38.2249,79.5008,-68.8012,2.3437,-100,-50,300,-150,150,0,0
762,1786005814.0452,1786005814.0495,0.0334,-4.1319,29.4945,-37.8901,79.8242,-68.6154,2.3810,-6.0895,27.9717,-37.5707,79.9113,-70.0749,2.4349,-6.0895,27.9717,-37.5707,79.9113,-70.0749,2.4349,-100,0,-50,0,-150,0,0
763,1786005814.0786,1786005814.0832,0.03341,-4.6593,29.5824,-38.0659,79.9121,-68.6154,2.3810,-6.4391,28.1609,-38.6886,79.7910,-69.4108,2.5730,-6.4391,28.1609,-38.6886,79.7910,-69.4108,2.5730,-150,50,0,0,0,0,0
764,1786005814.1121,1786005814.1169,0.0335,-5.0110,29.4945,-37.9780,79.9121,-69.0549,2.3810,-4.7304,30.0513,-40.1574,80.2120,-70.0762,2.6467,-4.7304,30.0513,-40.1574,80.2120,-70.0762,2.6467,-150,-50,0,0,-150,0,0
765,1786005814.1454,1786005814.1501,0.03327,-5.3626,29.4066,-37.3626,79.9121,-69.3187,2.3810,-5.4333,31.0853,-42.5930,82.1084,-68.7485,2.5649,-5.4333,31.0853,-42.5930,82.1084,-68.7485,2.5649,-150,-50,200,0,-50,0,0
766,1786005814.1787,1786005814.1835,0.03338,-5.5385,29.9341,-37.5385,80.0000,-69.4066,2.3810,-5.0672,30.5210,-41.3416,79.2699,-70.2113,2.4600,-5.0672,30.5210,-41.3416,79.2699,-70.2113,2.4600,-50,100,-100,0,0,0,0
767,1786005814.2122,1786005814.2166,0.03345,-5.3626,31.1648,-38.8571,80.6154,-69.4066,2.3810,-4.7488,31.6722,-41.6775,79.3768,-69.9341,2.4610,-4.7488,31.6722,-41.6775,79.3768,-69.9341,2.4610,50,450,-450,100,0,0,0
768,1786005814.2456,1786005814.2502,0.03339,-5.0110,31.4286,-39.2967,81.1429,-69.2308,2.3810,-4.4340,31.5882,-40.5176,78.7079,-69.1256,2.5032,-4.4340,31.5882,-40.5176,78.7079,-69.1256,2.5032,150,200,-150,250,50,0,0
769,1786005814.279,1786005814.2837,0.03346,-4.7473,31.6923,-39.4725,80.5275,-69.7582,2.3810,-4.3421,33.1207,-41.6914,78.7132,-69.3435,2.5952,-4.3421,33.1207,-41.6914,78.7132,-69.3435,2.5952,100,100,-50,-250,-150,0,0
770,1786005814.3124,1786005814.3179,0.03335,-4.6593,31.8681,-39.5604,79.6484,-69.6703,2.3810,-4.8040,32.6226,-41.5683,79.2064,-69.0414,2.4140,-4.8040,32.6226,-41.5683,79.2064,-69.0414,2.4140,50,50,-50,-350,50,0,0
771,1786005814.3458,1786005814.3503,0.03341,-4.6593,32.5714,-39.5604,79.5604,-69.3187,2.3810,-4.5707,32.5821,-42.3461,77.7581,-69.4921,2.4513,-4.5707,32.5821,-42.3461,77.7581,-69.4921,2.4513,0,300,0,-50,150,0,0
772,1786005814.3792,1786005814.3835,0.0334,-4.8352,33.1868,-39.7363,79.5604,-69.3187,2.3810,-4.8712,31.8475,-41.3241,77.3761,-68.6502,2.3359,-4.8712,31.8475,-41.3241,77.3761,-68.6502,2.3359,-50,250,-50,0,0,0,0
773,1786005814.4126,1786005814.4172,0.03338,-4.7473,33.3626,-39.6484,79.1209,-69.3187,2.3810,-5.5337,32.9030,-43.3228,77.7322,-68.3315,2.4152,-5.5337,32.9030,-43.3228,77.7322,-68.3315,2.4152,0,50,50,-50,0,0,0
774,1786005814.446,1786005814.4507,0.0334,-4.6593,33.2747,-39.6484,78.5055,-69.2308,2.3810,-5.1145,32.6920,-40.5198,77.4383,-68.2913,2.3862,-5.1145,32.6920,-40.5198,77.4383,-68.2913,2.3862,50,-50,0,-250,50,0,0
775,1786005814.4794,1786005814.484,0.03342,-4.6593,33.2747,-40.0000,78.4176,-68.9670,2.3810,-4.9899,32.2361,-40.8279,77.7244,-68.7297,2.2758,-4.9899,32.2361,-40.8279,77.7244,-68.7297,2.2758,0,-50,-150,0,50,0,0
776,1786005814.5128,1786005814.5171,0.03339,-4.6593,33.3626,-40.4396,78.1538,-68.8791,2.3810,-4.7741,32.7960,-39.6443,77.4223,-68.1346,2.4505,-4.7741,32.7960,-39.6443,77.4223,-68.1346,2.4505,0,50,-200,-150,50,0,0
777,1786005814.5462,1786005814.5506,0.03345,-4.8352,33.5385,-39.9121,78.1538,-68.7033,2.3810,-5.5630,34.0341,-40.8166,77.8660,-66.8653,2.4182,-5.5630,34.0341,-40.8166,77.8660,-66.8653,2.4182,-50,50,150,50,50,0,0
778,1786005814.5796,1786005814.5844,0.03338,-4.8352,33.7143,-39.2967,78.1538,-68.5275,2.3810,-4.9381,33.4093,-39.8857,76.6770,-65.7680,2.3817,-4.9381,33.4093,-39.8857,76.6770,-65.7680,2.3817,0,50,200,0,150,0,0
779,1786005814.613,1786005814.6176,0.03339,-4.8352,34.3297,-39.2967,78.1538,-68.0879,2.3810,-5.1889,34.5882,-41.1901,77.2626,-65.4922,2.2371,-5.1889,34.5882,-41.1901,77.2626,-65.4922,2.2371,0,200,50,0,100,0,0
780,1786005814.6464,1786005814.651,0.03339,-4.7473,34.5055,-39.2967,77.7143,-67.0330,2.3810,-5.1676,36.5401,-42.5877,76.4207,-62.0307,2.3712,-5.1676,36.5401,-42.5877,76.4207,-62.0307,2.3712,50,0,0,-100,350,0,0
781,1786005814.6798,1786005814.6845,0.03341,-4.8352,34.7692,-39.2967,77.6264,-66.5055,2.3810,-5.7346,35.4028,-45.0629,77.5476,-63.9749,2.3405,-5.7346,35.4028,-45.0629,77.5476,-63.9749,2.3405,-50,50,0,-50,200,0,0
782,1786005814.7132,1786005814.7178,0.03339,-4.8352,35.9121,-40.0879,77.4505,-65.7143,2.3810,-6.0293,34.9532,-42.4943,76.9755,-65.4744,2.6033,-6.0293,34.9532,-42.4943,76.9755,-65.4744,2.6033,0,350,-150,-100,250,0,0
783,1786005814.7466,1786005814.7512,0.03341,-5.0110,36.6154,-41.3187,77.5385,-64.5714,2.3810,-6.8200,30.5760,-42.9817,78.8783,-64.6429,2.4018,-6.8200,30.5760,-42.9817,78.8783,-64.6429,2.4018,-50,250,-400,-50,350,0,0
784,1786005814.78,1786005814.7847,0.0334,-5.2747,36.7912,-41.6703,77.6264,-64.7473,2.3810,-6.1183,34.0649,-42.1324,77.3064,-63.8772,2.5905,-6.1183,34.0649,-42.1324,77.3064,-63.8772,2.5905,-50,0,-50,50,-100,0,0
785,1786005814.8134,1786005814.818,0.03335,-5.4505,36.6154,-41.6703,77.5385,-65.1868,2.3810,-6.5422,33.6626,-42.0888,76.8691,-64.7178,2.4913,-6.5422,33.6626,-42.0888,76.8691,-64.7178,2.4913,-50,-50,0,-50,-200,0,0
786,1786005814.8468,1786005814.8514,0.03341,-5.6264,36.0879,-41.4066,77.6264,-64.7473,2.3810,-6.0583,34.3330,-40.2828,74.5031,-64.7999,2.5900,-6.0583,34.3330,-40.2828,74.5031,-64.7999,2.5900,-50,-200,150,0,200,0,0
787,1786005814.8801,1786005814.8847,0.03335,-5.8901,36.0879,-41.4066,77.3626,-64.5714,2.3810,-6.0152,30.6058,-40.5922,75.5031,-64.9513,2.5151,-6.0152,30.6058,-40.5922,75.5031,-64.9513,2.5151,-100,0,0,-100,0,0,0
788,1786005814.9135,1786005814.9181,0.03339,-5.8901,36.0879,-40.7912,76.6593,-64.6593,2.3810,-6.4503,32.3210,-39.8644,73.9921,-66.4283,2.5842,-6.4503,32.3210,-39.8644,73.9921,-66.4283,2.5842,0,0,150,-250,-50,0,0
789,1786005814.9469,1786005814.9515,0.03339,-5.8901,36.0879,-40.1758,75.8681,-64.7473,2.3810,-7.2833,31.7966,-44.1665,77.0464,-65.5993,2.4291,-7.2833,31.7966,-44.1665,77.0464,-65.5993,2.4291,0,0,250,-400,-50,0,0
790,1786005814.9804,1786005814.985,0.03348,-5.8901,36.0879,-40.0000,75.2527,-65.2747,2.3810,-6.3611,33.3386,-43.3098,75.4057,-66.0152,2.4256,-6.3611,33.3386,-43.3098,75.4057,-66.0152,2.4256,0,0,50,-200,-250,0,0
791,1786005815.0137,1786005815.0183,0.03332,-5.9780,36.0879,-39.9121,75.5165,-65.6264,2.3810,-6.0725,34.2405,-44.3017,76.2655,-65.2560,2.4007,-6.0725,34.2405,-44.3017,76.2655,-65.2560,2.4007,-50,0,100,100,-200,0,0
792,1786005815.0471,1786005815.0517,0.03338,-6.0659,36.0879,-40.6154,76.1319,-65.5385,2.3810,-7.2836,34.2688,-46.1859,77.7379,-63.9682,2.4401,-7.2836,34.2688,-46.1859,77.7379,-63.9682,2.4401,0,0,-250,250,0,0,0
793,1786005815.0805,1786005815.0851,0.03339,-6.0659,36.0879,-41.4066,76.1319,-65.4505,2.3810,-6.5662,34.5392,-46.2837,77.9139,-65.9649,2.4372,-6.5662,34.5392,-46.2837,77.9139,-65.9649,2.4372,0,0,-300,0,50,0,0
794,1786005815.1139,1786005815.1185,0.03338,-6.1538,36.0879,-42.1978,76.6593,-64.9231,2.3810,-5.4543,34.8118,-45.5580,76.8378,-63.6425,2.4451,-5.4543,34.8118,-45.5580,76.8378,-63.6425,2.4451,-50,0,-350,200,200,0,0
795,1786005815.1473,1786005815.1519,0.03341,-6.2418,36.0879,-43.0769,77.1868,-65.0989,2.3810,-6.7491,33.4484,-45.5468,77.9414,-65.2489,2.3496,-6.7491,33.4484,-45.5468,77.9414,-65.2489,2.3496,-50,0,-350,100,-50,0,0
796,1786005815.1807,1786005815.1852,0.03339,-6.1538,36.0879,-43.2527,77.0110,-65.5385,2.3810,-6.9391,32.9686,-44.4904,77.5105,-65.3264,2.2453,-6.9391,32.9686,-44.4904,77.5105,-65.3264,2.2453,50,0,0,-50,-150,0,0
797,1786005815.2141,1786005815.2186,0.03339,-6.1538,36.0879,-43.3407,77.2747,-65.4505,2.3810,-5.8262,31.8845,-42.1905,76.8852,-67.5177,2.3721,-5.8262,31.8845,-42.1905,76.8852,-67.5177,2.3721,0,0,-50,100,0,0,0
798,1786005815.2475,1786005815.2521,0.03344,-6.2418,36.0879,-43.2527,77.4505,-65.4505,2.3810,-6.2280,30.7826,-40.4116,76.4618,-67.9481,2.4296,-6.2280,30.7826,-40.4116,76.4618,-67.9481,2.4296,-50,0,0,50,0,0,0
799,1786005815.2808,1786005815.2856,0.03332,-6.1538,36.0879,-42.5495,77.3626,-65.8022,2.3810,-6.6045,31.2736,-41.0178,76.8304,-68.7803,2.3331,-6.6045,31.2736,-41.0178,76.8304,-68.7803,2.3331,50,0,200,-50,-200,0,0
800,1786005815.3143,1786005815.4275,0.03344,-6.1538,35.5604,-41.2308,77.0989,-66.7692,2.3810,-6.2606,37.1005,-50.8912,80.2190,-62.3657,1.4887,-6.2606,37.1005,-50.7033,80.2190,-62.3657,1.4887,0,-200,500,-100,-300,0,1
801,1786005815.4286,1786005815.4338,0.11434,-6.0659,35.4725,-40.7033,77.0989,-68.1758,2.3810,-5.0648,39.4642,-49.5512,78.4144,-63.2126,1.5383,-5.0648,39.4642,-49.5512,78.4144,-63.2126,1.5383,0,0,0,0,-50,0,1
802,1786005815.4619,1786005815.4667,0.0333,-6.0659,35.4725,-40.7033,77.0989,-68.2637,2.3148,-4.7786,38.8088,-49.1126,78.5074,-62.8841,1.0192,-4.7786,38.8088,-49.1126,78.5074,-62.8841,1.0192,0,0,0,0,0,0,0
803,1786005815.4953,1786005815.5001,0.03337,-5.9780,35.5604,-41.1429,77.6264,-67.6484,2.0503,-4.1678,37.9755,-52.3577,78.0316,-61.5610,1.0363,-4.1678,37.9755,-51.3187,78.0316,-61.5610,1.0363,0,0,-200,200,100,-100,0
804,1786005815.5286,1786005815.5335,0.03338,-5.6264,37.0549,-43.0769,77.9780,-65.9780,1.7196,-4.3908,38.5534,-51.9196,78.6305,-63.0836,1.0304,-4.3908,38.5534,-51.9196,78.6305,-63.0836,1.0304,150,350,-550,50,500,-150,0
805,1786005815.562,1786005815.5667,0.03339,-5.1868,38.5495,-45.5385,77.9780,-64.1319,1.7196,-4.8402,37.0363,-54.5212,78.6837,-62.1095,1.0205,-4.8402,37.0363,-54.5212,78.6837,-62.1095,1.0205,150,600,-850,0,600,0,0
806,1786005815.5954,1786005815.6,0.03338,-4.6593,39.1648,-47.1209,78.2418,-63.5165,1.6534,-5.4946,38.4455,-54.1803,79.3891,-63.9056,1.1681,-5.4946,38.4455,-54.1803,79.3891,-63.9056,1.1681,200,200,-500,100,350,0,0
807,1786005815.6288,1786005815.6333,0.03339,-4.5714,39.2527,-48.4396,78.5055,-63.6044,1.6534,-4.7922,38.1352,-53.8233,80.5164,-65.3177,1.1075,-4.7922,38.1352,-53.8233,80.5164,-65.3177,1.1075,0,0,-350,50,-100,0,0
808,1786005815.6623,1786005815.667,0.03348,-4.5714,39.0769,-49.9341,78.8571,-63.5165,1.6534,-5.2730,38.5280,-55.6532,81.2839,-64.8013,1.1890,-5.2730,38.5280,-55.6532,81.2839,-64.8013,1.1890,0,-50,-600,100,50,0,0
809,1786005815.6957,1786005815.7004,0.03339,-4.7473,38.9011,-50.8132,79.5604,-64.3956,1.6534,-5.3440,36.4567,-53.6456,81.5137,-67.0430,1.2124,-5.3440,36.4567,-53.6456,81.5137,-67.0430,1.2124,-50,-50,-250,200,-250,0,0
810,1786005815.7291,1786005815.7338,0.03338,-5.0989,38.9890,-51.9560,80.4396,-64.6593,1.6534,-5.8923,37.6555,-54.0244,81.7289,-66.7830,1.2730,-5.8923,37.6555,-54.0244,81.7289,-66.7830,1.2730,-100,50,-300,300,-150,0,0
811,1786005815.7625,1786005815.7672,0.03342,-5.1868,39.0769,-52.4835,80.8791,-64.6593,1.6534,-5.7139,37.0021,-52.4397,80.6919,-66.8300,1.3168,-5.7139,37.0021,-52.4397,80.6919,-66.8300,1.3168,-50,50,-250,100,50,0,0
812,1786005815.7958,1786005815.8005,0.03337,-5.0989,39.0769,-52.4835,81.0549,-65.7143,1.6534,-5.4873,36.9181,-51.9190,79.3503,-65.6112,1.3708,-5.4873,36.9181,-51.9190,79.3503,-65.6112,1.3708,50,0,0,100,-350,0,0
813,1786005815.8293,1786005815.834,0.03347,-5.0989,39.0769,-52.1319,80.8791,-66.1538,1.6534,-5.5933,34.9125,-50.8945,79.8872,-66.0559,1.4072,-5.5933,34.9125,-50.8945,79.8872,-66.0559,1.4072,0,0,0,-50,-250,0,0
814,1786005815.8627,1786005815.867,0.03336,-5.0989,38.9890,-51.6923,80.2637,-65.8901,1.6534,-7.1983,33.6163,-50.2166,79.7802,-65.5074,1.4149,-7.1983,33.6163,-50.2166,79.7802,-65.5074,1.4149,0,-50,200,-250,100,0,0
815,1786005815.896,1786005815.9003,0.03336,-5.0989,38.9890,-51.0769,80.1758,-65.8901,1.6534,-6.8173,32.8871,-48.3414,80.1843,-66.7505,1.4050,-6.8173,32.8871,-48.3414,80.1843,-66.7505,1.4050,0,0,200,-50,0,0,0
816,1786005815.9295,1786005815.934,0.03342,-5.5385,38.7253,-50.1978,80.1758,-65.8901,1.6534,-7.8904,32.4777,-49.4553,80.4915,-66.6590,1.3263,-7.8904,32.4777,-49.4553,80.4915,-66.6590,1.3263,-200,-100,250,0,0,0,0
817,1786005815.9628,1786005815.9675,0.03337,-5.8022,38.4615,-49.3187,80.1758,-66.1538,1.6534,-8.0812,32.4397,-51.6437,80.7475,-64.8432,1.3998,-8.0812,32.4397,-51.6437,80.7475,-64.8432,1.3998,-50,-150,300,0,-100,0,0
818,1786005815.9962,1786005816.001,0.03339,-6.2418,37.9341,-48.6154,80.1758,-66.3297,1.6534,-7.3711,33.8200,-49.2647,80.5449,-64.4181,1.4877,-7.3711,33.8200,-49.2647,80.5449,-64.4181,1.4877,-150,-250,250,0,0,0,0
819,1786005816.0296,1786005816.0344,0.03343,-6.7692,37.6703,-48.8791,80.4396,-65.8901,1.6534,-7.2845,34.7850,-50.9832,79.6008,-64.1148,1.5559,-7.2845,34.7850,-50.9832,79.6008,-64.1148,1.5559,-150,-100,-150,100,100,0,0
820,1786005816.063,1786005816.068,0.03339,-6.8571,37.5824,-49.4066,80.4396,-65.1868,1.6534,-5.9826,34.6782,-48.7501,79.6081,-62.0110,1.5051,-5.9826,34.6782,-48.7501,79.6081,-62.0110,1.5051,-50,-50,-200,0,250,0,0
821,1786005816.0964,1786005816.101,0.0334,-6.8571,37.4945,-49.4066,80.2637,-64.8352,1.6534,-5.2671,37.1468,-51.6187,80.3204,-62.7232,1.2918,-5.2671,37.1468,-51.6187,80.3204,-62.7232,1.2918,0,-50,0,0,100,0,0
822,1786005816.1298,1786005816.1345,0.03341,-6.6813,37.4945,-49.2308,80.0879,-64.0440,1.6534,-5.8463,35.5850,-51.7179,81.4784,-61.3933,1.4525,-5.8463,35.5850,-51.7179,81.4784,-61.3933,1.4525,50,0,100,-50,200,0,0
823,1786005816.1632,1786005816.168,0.0334,-6.2418,37.6703,-48.7033,80.3516,-63.1648,1.6534,-3.9968,37.2775,-50.3890,80.6087,-60.7458,1.3982,-3.9968,37.2775,-50.3890,80.6087,-60.7458,1.3982,100,100,250,50,350,0,0
824,1786005816.1966,1786005816.201,0.03337,-5.8901,38.3736,-48.8791,80.7912,-62.6374,1.6534,-5.1678,38.0150,-51.8073,80.5192,-61.5462,1.3360,-5.1678,38.0150,-51.8073,80.5192,-61.5462,1.3360,200,250,-50,150,200,0,0
825,1786005816.23,1786005816.235,0.0334,-5.4505,38.5495,-49.2308,80.8791,-61.9341,1.6534,-4.4658,36.7578,-53.4998,80.4791,-60.1607,1.4919,-4.4658,36.7578,-53.4998,80.4791,-60.1607,1.4919,150,50,-100,0,250,0,0
826,1786005816.2635,1786005816.268,0.03344,-5.0110,38.6374,-49.3187,80.8791,-61.9341,1.6534,-4.3635,37.7593,-54.0274,81.6221,-59.5998,1.3219,-4.3635,37.7593,-54.0274,81.6221,-59.5998,1.3219,100,0,0,0,0,0,0
827,1786005816.2968,1786005816.3011,0.03337,-4.8352,38.6374,-50.1099,80.8791,-61.4066,1.6534,-4.2199,38.5321,-53.7545,82.4753,-59.0789,1.4326,-4.2199,38.5321,-53.7545,82.4753,-59.0789,1.4326,100,0,-250,0,300,0,0
828,1786005816.3302,1786005816.3344,0.03341,-4.7473,38.7253,-50.9890,81.1429,-60.6154,1.6534,-4.2498,37.9945,-52.3218,80.5653,-59.4575,1.2196,-4.2498,37.9945,-52.3218,80.5653,-59.4575,1.2196,50,0,-250,50,300,0,0
829,1786005816.3637,1786005816.3679,0.03341,-4.6593,39.0769,-51.3407,81.7582,-60.0879,1.6534,-3.6073,39.7022,-55.8868,82.3215,-57.5890,1.3585,-3.6073,39.7022,-55.8868,82.3215,-57.5890,1.3585,50,150,-100,200,150,0,0
830,1786005816.397,1786005816.4017,0.03339,-4.8352,39.1648,-51.3407,81.4945,-60.0000,1.6534,-4.1899,38.9474,-56.0343,81.6485,-61.2143,1.1502,-4.1899,38.9474,-56.0343,81.6485,-61.2143,1.1502,-50,0,0,0,0,0,0
831,1786005816.4305,1786005816.4352,0.03342,-4.6593,39.6923,-51.3407,81.1429,-59.3846,1.6534,-3.8439,39.7446,-58.6229,82.8995,-59.1878,1.3416,-3.8439,39.7446,-58.6229,82.8995,-59.1878,1.3416,50,200,0,-200,100,0,0
832,1786005816.4638,1786005816.4686,0.03336,-4.4835,40.3077,-52.3077,81.5824,-58.5934,1.6534,-4.4473,38.0085,-57.1051,82.5184,-58.9939,1.2257,-4.4473,38.0085,-57.1051,82.5184,-58.9939,1.2257,100,200,-200,150,350,0,0
833,1786005816.4972,1786005816.5018,0.03335,-4.1319,40.5714,-53.7143,82.1099,-59.0330,1.6534,-4.5342,38.2156,-58.1176,82.8940,-59.3416,1.3197,-4.5342,38.2156,-58.1176,82.8940,-59.3416,1.3197,100,100,-500,200,-150,0,0
834,1786005816.5306,1786005816.5352,0.03338,-4.1319,40.3956,-54.5934,82.2857,-59.1209,1.6534,-4.5540,37.7356,-58.0280,82.5891,-59.5639,1.4329,-4.5540,37.7356,-58.0280,82.5891,-59.5639,1.4329,0,-50,-250,100,-50,0,0
835,1786005816.564,1786005816.5684,0.03344,-4.1319,40.1319,-55.1209,82.3736,-59.1209,1.6534,-4.0595,39.9461,-57.8752,82.6604,-59.1065,1.4527,-4.0595,39.9461,-57.8752,82.6604,-59.1065,1.4527,0,-100,-150,0,0,0,0
836,1786005816.5974,1786005816.602,0.03336,-4.3956,40.0440,-55.6484,82.3736,-59.2088,1.6534,-4.3745,39.0195,-57.6820,82.1473,-59.4151,1.8350,-4.3745,39.0195,-57.6820,82.1473,-59.4151,1.8350,-150,0,-200,0,-50,0,0
837,1786005816.6308,1786005816.6356,0.03347,-4.4835,40.3077,-55.7363,82.4615,-59.0330,1.6534,-4.8749,39.8023,-55.7365,82.1675,-58.8554,1.7874,-4.8749,39.8023,-55.7365,82.1675,-58.8554,1.7874,-50,50,0,50,100,0,0
838,1786005816.6642,1786005816.6689,0.03338,-4.5714,40.7473,-55.7363,82.4615,-59.0330,1.6534,-5.7199,36.1229,-55.8187,81.4449,-59.1038,1.4549,-5.7199,36.1229,-55.8187,81.4449,-59.1038,1.4549,0,200,0,0,0,0,0
839,1786005816.6976,1786005816.7023,0.03339,-4.3956,40.8352,-55.5604,82.4615,-59.0330,1.6534,-4.6932,36.7433,-57.0864,81.9704,-57.8601,1.5814,-4.6932,36.7433,-57.0864,81.9704,-57.8601,1.5814,100,0,0,0,0,0,0
840,1786005816.731,1786005816.7357,0.03339,-4.4835,40.7473,-55.2088,82.2857,-59.1209,1.6534,-5.6441,34.5358,-54.9644,82.2596,-57.0957,1.7453,-5.6441,34.5358,-54.9644,82.2596,-57.0957,1.7453,0,0,100,0,0,0,0
841,1786005816.7644,1786005816.7691,0.03342,-4.4835,40.5714,-55.2088,82.2857,-58.7692,1.6534,-5.4610,33.3906,-54.0195,82.7654,-57.2168,1.5275,-5.4610,33.3906,-54.0195,82.7654,-57.2168,1.5275,0,-50,0,0,50,0,0
842,1786005816.7978,1786005816.8024,0.03338,-4.7473,40.1319,-55.2088,82.2857,-57.8901,1.6534,-4.9348,33.4272,-53.0336,82.8961,-57.9240,1.6472,-4.9348,33.4272,-53.0336,82.8961,-57.9240,1.6472,-100,-200,0,0,300,0,0
843,1786005816.8312,1786005816.8358,0.03339,-5.0110,39.1648,-54.2418,82.5495,-57.8901,1.6534,-5.3030,36.6733,-52.2395,81.6173,-58.9049,1.6222,-5.3030,36.6733,-52.2395,81.6173,-58.9049,1.6222,-100,-300,350,100,50,0,0
844,1786005816.8646,1786005816.8692,0.03344,-5.0110,38.5495,-53.2747,82.6374,-57.9780,1.6534,-5.8809,34.2260,-53.2676,81.4835,-55.2485,1.5005,-5.8809,34.2260,-53.2676,81.4835,-55.2485,1.5005,0,-250,250,0,-50,0,0
845,1786005816.898,1786005816.9026,0.03339,-5.0110,38.3736,-52.7473,82.3736,-58.3297,1.6534,-5.3741,36.4653,-53.8792,82.5623,-55.5150,1.5768,-5.3741,36.4653,-53.8792,82.5623,-55.5150,1.5768,0,0,250,-100,-100,0,0
846,1786005816.9314,1786005816.936,0.03337,-5.0110,38.4615,-52.6593,82.0220,-58.2418,1.6534,-4.5193,35.8280,-55.5406,79.8840,-52.9995,1.3935,-4.5193,35.8280,-55.5406,79.8840,-52.9995,1.3935,0,50,0,-150,100,0,0
847,1786005816.9648,1786005816.9696,0.0334,-5.0110,38.5495,-52.6593,82.3736,-56.9231,1.6534,-5.2364,36.7388,-54.1181,80.4568,-53.2646,1.6488,-5.2364,36.7388,-54.1181,80.4568,-53.2646,1.6488,0,50,0,100,450,0,0
848,1786005816.9982,1786005817.0028,0.0334,-4.9231,38.5495,-52.7473,82.3736,-55.3407,1.6534,-4.7332,36.2897,-55.8554,81.3443,-51.4316,1.5647,-4.7332,36.2897,-55.8554,81.3443,-51.4316,1.5647,50,0,0,0,550,0,0
849,1786005817.0316,1786005817.0363,0.03338,-4.9231,38.4615,-53.0989,81.5824,-54.6374,1.6534,-4.6950,36.0251,-57.3644,82.3995,-46.6381,1.7066,-4.6950,36.0251,-57.3644,82.3995,-46.6381,1.7066,0,-50,-100,-300,150,0,0
850,1786005817.065,1786005817.1786,0.03344,-4.8352,38.4615,-53.3626,81.6703,-54.0220,1.6534,-4.3857,41.5602,-59.3781,83.2202,-50.8492,1.3696,-4.3857,41.5602,-59.3781,83.2202,-50.8492,1.3696,50,0,-150,0,100,0,1
851,1786005817.1798,1786005817.1817,0.11484,-4.8352,38.4615,-54.5055,82.2857,-48.3956,1.6534,-4.8270,37.5097,-53.4974,82.2834,-48.6892,1.6543,-4.8270,37.5097,-53.4974,82.2834,-48.6892,1.6543,0,0,0,0,250,0,1
